canonical_name	norm_key	n_runs	n_spellings	spellings	evidence	is_code_like
Zhonghua 11	zh11	5360	2	ZH11|Zhonghua11	curated_common_usage	no
Kitaake	kitaake	62	1	Kitaake	mechanical_normalization	no
Nipponbare	npb	53	2	NPB|Nipponbare	curated_common_usage	no
SK1	sk1	47	1	SK1	curated_common_usage	yes
DN416	dn416	36	1	DN416	mechanical_normalization	yes
DG1	dg1	31	1	DG1	curated_common_usage	yes
Samba Mahsuri	sambamahsuri	28	2	Samba Mahsuri|samba mahsuri	mechanical_normalization	no
NIPB	nipb	27	1	NIPB	mechanical_normalization	no
Taichung Native 1	taichungnative1	25	2	Taichung Native 1 (TN1)|TN1	curated_common_usage	no
93-11	9311	18	3	9311|93-11|9311(Wuhan)	curated_common_usage	yes
DN423	dn423	18	1	DN423	mechanical_normalization	yes
Y58S	y58s	13	2	Y58S|Y58s	curated_common_usage	yes
CY927	cy927	13	1	CY927	mechanical_normalization	yes
Minghui 63	minghui63	12	2	Minghui63|Minghui_63	curated_common_usage	no
Wanli 1	wanli1	12	1	Wanli 1	mechanical_normalization	no
Huanghuazhan	huanghuazhan	11	2	Huanghuazhan|Huang Hua Zhan	curated_common_usage	no
IR64	ir64	10	1	IR64 (IRRI)	curated_common_usage	yes
R900	r900	10	1	R900	mechanical_normalization	yes
Dular	dular	10	1	Dular	mechanical_normalization	no
LIU XU::IRGC 109232-1	liuxuirgc1092321	9	1	LIU XU::IRGC 109232-1	mechanical_normalization	no
Wuyungeng24	wuyungeng24	9	1	Wuyungeng24	mechanical_normalization	no
NDCMP49	ndcmp49	9	1	NDCMP49	mechanical_normalization	no
HCS	hcs	9	1	HCS	mechanical_normalization	no
Jia58	jia58	9	1	Jia58	mechanical_normalization	yes
DV85	dv85	9	1	DV85	mechanical_normalization	yes
N22	n22	8	1	N22	mechanical_normalization	yes
Fuhui838	fuhui838	8	1	Fuhui838	mechanical_normalization	no
BPT-5204	bpt5204	8	2	BPT-5204|BPT 5204	mechanical_normalization	yes
Liangyoupei9	liangyoupei9	8	1	Liangyoupei9	mechanical_normalization	no
Longdao24	longdao24	8	1	Longdao24	mechanical_normalization	no
Wushansimiao	wushansimiao	7	2	Wushansimiao|Wu Shan Si Miao	mechanical_normalization	no
Yihui3551	yihui3551	7	1	Yihui3551	mechanical_normalization	no
SHZ	shz	7	1	SHZ	mechanical_normalization	no
Tetep	tetep	7	1	Tetep	mechanical_normalization	no
PA1	pa1	7	1	PA1	mechanical_normalization	yes
Chunyou84 (CY84)	chunyou84	6	1	Chunyou84 (CY84)	mechanical_normalization	no
Yuetai B	yuetaib	6	3	Yuetai B|YuetaiB|Yuetai_B	mechanical_normalization	no
illmi	illmi	6	1	illmi	mechanical_normalization	no
Huazhan	huazhan	6	2	Huazhan|Hua Zhan	mechanical_normalization	no
KA1	ka1	6	1	KA1	mechanical_normalization	yes
Longliangyou1353	longliangyou1353	5	1	Longliangyou1353	mechanical_normalization	no
Gui630	gui630	5	1	Gui630	mechanical_normalization	yes
D62	d62	5	1	D62	mechanical_normalization	yes
Tumba	tumba	5	1	Tumba	mechanical_normalization	no
Tsipala Menahar	tsipalamenahar	5	1	Tsipala Menahar	mechanical_normalization	no
Nam Roo	namroo	5	1	Nam Roo	mechanical_normalization	no
J4155	j4155	5	1	J4155	mechanical_normalization	yes
II32	ii32	5	1	II32	mechanical_normalization	yes
Guang8	guang8	5	1	Guang8	mechanical_normalization	no
DHX2	dhx2	5	1	DHX2	mechanical_normalization	yes
Mianhui725	mianhui725	5	1	Mianhui725	mechanical_normalization	no
Clonal CY84	clonalcy84	5	1	Clonal CY84	mechanical_normalization	no
02428	02428	5	2	02428|#02428	mechanical_normalization	yes
Kola Joha	kolajoha	4	1	Kola Joha	mechanical_normalization	no
C418	c418	4	2	C418|C 418	mechanical_normalization	yes
Shenglixian	shenglixian	4	1	Shenglixian	mechanical_normalization	no
Zhenshan97	zhenshan97	4	1	Zhenshan97	mechanical_normalization	no
IR50	ir50	4	2	IR50|IR-50	mechanical_normalization	yes
Kitaake Ubi-Xa21	kitaakeubixa21	4	1	Kitaake Ubi-Xa21	mechanical_normalization	no
YSBR1	ysbr1	4	1	YSBR1	mechanical_normalization	yes
CDR22	cdr22	4	1	CDR22	mechanical_normalization	yes
FL478	fl478	4	1	FL478	mechanical_normalization	yes
Dobong	dobong	4	1	Dobong	mechanical_normalization	no
Balilla	balilla	4	1	Balilla	mechanical_normalization	no
Cypress	cypress	4	1	Cypress	mechanical_normalization	no
Swarna	swarna	4	1	Swarna	mechanical_normalization	no
RD31	rd31	4	1	RD31	mechanical_normalization	yes
Clonal Fix	clonalfix	4	1	Clonal Fix	mechanical_normalization	no
Dom	dom	4	1	Dom	mechanical_normalization	no
Cocodrie	cocodrie	3	1	Cocodrie	mechanical_normalization	no
HJX74	hjx74	3	1	HJX74	mechanical_normalization	yes
Yangdao6hao	yangdao6hao	3	1	Yangdao6hao	mechanical_normalization	no
IR30	ir30	3	1	IR30	mechanical_normalization	yes
Shuhui527	shuhui527	3	1	Shuhui527	mechanical_normalization	no
R527	r527	3	1	R527	mechanical_normalization	yes
IRGC 132278	irgc132278	3	1	IRGC 132278	mechanical_normalization	yes
IRGC 128077	irgc128077	3	1	IRGC 128077	mechanical_normalization	yes
IRGC 127742	irgc127742	3	1	IRGC 127742	mechanical_normalization	yes
Hanhui3	hanhui3	3	2	Hanhui3|HANHUI 3	mechanical_normalization	no
91	91	3	1	91	mechanical_normalization	yes
32	32	3	1	32	mechanical_normalization	yes
Guichao2hao	guichao2hao	3	1	Guichao2hao	mechanical_normalization	no
Taipei 309 bombardment event 2	taipei309bombardmentevent2	3	1	Taipei 309 bombardment event 2	mechanical_normalization	no
Taipei 309 bombardment event 6	taipei309bombardmentevent6	3	1	Taipei 309 bombardment event 6	mechanical_normalization	no
Taipei 309 bombardment event 5	taipei309bombardmentevent5	3	1	Taipei 309 bombardment event 5	mechanical_normalization	no
XiangaiB	xiangaib	3	2	XiangaiB|Xiangai B	mechanical_normalization	no
CSSL	cssl	3	1	CSSL	mechanical_normalization	no
Digludao	digludao	3	1	Digludao	mechanical_normalization	no
SuYuNuo	suyunuo	3	1	SuYuNuo	mechanical_normalization	no
Xiushui 134	xiushui134	3	1	Xiushui 134	mechanical_normalization	no
Shuhui548	shuhui548	3	1	Shuhui548	mechanical_normalization	no
IRGC 127652	irgc127652	3	1	IRGC 127652	mechanical_normalization	yes
Hopum	hopum	3	1	Hopum	mechanical_normalization	no
Guangchang13	guangchang13	3	1	Guangchang13	mechanical_normalization	no
Badsabhog	badsabhog	3	1	Badsabhog	mechanical_normalization	no
Taipei 309 bombardment event 3	taipei309bombardmentevent3	3	1	Taipei 309 bombardment event 3	mechanical_normalization	no
Taipei 309 bombardment event 1	taipei309bombardmentevent1	3	1	Taipei 309 bombardment event 1	mechanical_normalization	no
Hybrid	hybrid	3	1	Hybrid	mechanical_normalization	no
Hwayeong	hwayeong	3	1	Hwayeong	mechanical_normalization	no
Taichung Sen 10	taichungsen10	3	2	Taichung Sen 10|Taichung-Sen 10 (TCS10)	mechanical_normalization	no
Carolina Gold Select	carolinagoldselect	3	2	Carolina Gold Select|CarolinaGoldSelect	mechanical_normalization	no
Lijiang Xintuan Hei Gu	lijiangxintuanheigu	3	2	Lijiang Xintuan Hei Gu|Li-Jiang-Xin- Tuan-Hei-Gu	mechanical_normalization	no
Tulaipanji	tulaipanji	3	1	Tulaipanji	mechanical_normalization	no
Taipei 309 bombardment event 4	taipei309bombardmentevent4	3	1	Taipei 309 bombardment event 4	mechanical_normalization	no
Samgwang	samgwang	3	2	Samgwang|samgwang	mechanical_normalization	no
Huangsiguizhan	huangsiguizhan	3	1	Huangsiguizhan	mechanical_normalization	no
Yuzhenxiang	yuzhenxiang	3	1	Yuzhenxiang	mechanical_normalization	no
YF47	yf47	3	1	YF47	mechanical_normalization	yes
Minghui86	minghui86	3	1	Minghui86	mechanical_normalization	no
Hwacheong	hwacheong	3	1	Hwacheong	mechanical_normalization	no
R600	r600	2	1	R600	mechanical_normalization	yes
BIL_sbn	bilsbn	2	1	BIL_sbn	mechanical_normalization	no
B1	b1	2	2	B1|B1 (T0)	mechanical_normalization	yes
Zhefu802	zhefu802	2	1	Zhefu802	mechanical_normalization	no
Yue4A	yue4a	2	1	Yue4A	mechanical_normalization	yes
Yeqinglun	yeqinglun	2	1	Yeqinglun	mechanical_normalization	no
Yangdao4hao	yangdao4hao	2	1	Yangdao4hao	mechanical_normalization	no
Yangdao2hao	yangdao2hao	2	2	Yangdao2hao|Yangdao2hao(Sichuan)	mechanical_normalization	no
ZHONG 413	zhong413	2	2	ZHONG 413|Zhong413	mechanical_normalization	no
Hua Hang 31	huahang31	2	2	Hua Hang 31|Huahang31	mechanical_normalization	no
Guinongzhan	guinongzhan	2	1	Guinongzhan	mechanical_normalization	no
Exiang1hao	exiang1hao	2	1	Exiang1hao	mechanical_normalization	no
Chenghui448	chenghui448	2	1	Chenghui448	mechanical_normalization	no
R-6	r6	2	2	R-6|R6	mechanical_normalization	yes
Nanhui511	nanhui511	2	1	Nanhui511	mechanical_normalization	no
Minhui3301	minhui3301	2	1	Minhui3301	mechanical_normalization	no
Luohong3A	luohong3a	2	1	Luohong3A	mechanical_normalization	no
R225	r225	2	1	R225	mechanical_normalization	yes
Aituogu151	aituogu151	2	1	Aituogu151	mechanical_normalization	no
M-ERV1-3	merv13	2	1	M-ERV1-3	mechanical_normalization	yes
IRGC 125619	irgc125619	2	1	IRGC 125619	mechanical_normalization	yes
YUMEPIRIKA	yumepirika	2	2	YUMEPIRIKA|Yumepirika	mechanical_normalization	no
ZS97	zs97	2	1	ZS97	mechanical_normalization	yes
Basmati1	basmati1	2	1	Basmati1	mechanical_normalization	no
Digu	digu	2	1	Digu	mechanical_normalization	no
Jinhangsimiao	jinhangsimiao	2	1	Jinhangsimiao	mechanical_normalization	no
Bph68S	bph68s	2	1	Bph68S	mechanical_normalization	yes
II-32 B	ii32b	2	2	II-32 B|II-32B	mechanical_normalization	yes
PRATAO	pratao	2	2	PRATAO|Pratao	mechanical_normalization	no
Zhaiyeqing8hao	zhaiyeqing8hao	2	1	Zhaiyeqing8hao	mechanical_normalization	no
Enhui58	enhui58	2	1	Enhui58	mechanical_normalization	no
Ce49	ce49	2	1	Ce49	mechanical_normalization	yes
Yuexiangzhan	yuexiangzhan	2	1	Yuexiangzhan	mechanical_normalization	no
Momi	momi	2	1	Momi	mechanical_normalization	no
2	2	2	1	2	mechanical_normalization	yes
IR1544	ir1544	2	1	IR1544	mechanical_normalization	yes
HopumR	hopumr	2	1	HopumR	mechanical_normalization	no
Kitaake FN4240-S	kitaakefn4240s	2	1	Kitaake FN4240-S	mechanical_normalization	no
Kitaake FN4241-S	kitaakefn4241s	2	1	Kitaake FN4241-S	mechanical_normalization	no
Kitaake FN4183-S	kitaakefn4183s	2	1	Kitaake FN4183-S	mechanical_normalization	no
25	25	2	1	25	mechanical_normalization	yes
1390	1390	2	1	1390	mechanical_normalization	yes
988	988	2	1	988	mechanical_normalization	yes
Huanghuazhan:HM2-S61	huanghuazhanhm2s61	2	1	Huanghuazhan:HM2-S61	mechanical_normalization	no
Huanghuazhan:H-212	huanghuazhanh212	2	1	Huanghuazhan:H-212	mechanical_normalization	no
PB1	pb1	2	1	PB1	mechanical_normalization	yes
Guihuahuang	guihuahuang	2	1	Guihuahuang	mechanical_normalization	no
IR72	ir72	2	1	IR72	mechanical_normalization	yes
Zihui100	zihui100	2	1	Zihui100	mechanical_normalization	no
Zhenzhuai	zhenzhuai	2	1	Zhenzhuai	mechanical_normalization	no
SR35250-2-16-1-2	sr3525021612	2	2	SR35250-2-16-1-2|SR35250-2-16-1-2(2)	mechanical_normalization	yes
33S	33s	2	1	33S	mechanical_normalization	yes
Hanareum	hanareum	2	1	Hanareum	mechanical_normalization	no
Dongjin	dongjin	2	1	Dongjin	mechanical_normalization	no
Nampyeong	nampyeong	2	1	Nampyeong	mechanical_normalization	no
Cheongun	cheongun	2	2	Cheongun|cheongun	mechanical_normalization	no
Borami	borami	2	2	Borami|borami	mechanical_normalization	no
Sindongjin	sindongjin	2	1	Sindongjin	mechanical_normalization	no
9311-2	93112	2	1	9311-2	mechanical_normalization	yes
9311-3	93113	2	1	9311-3	mechanical_normalization	yes
PA64s-3	pa64s3	2	1	PA64s-3	mechanical_normalization	no
Lunhui 422	lunhui422	2	2	Lunhui 422|Lunhui422	mechanical_normalization	no
Hybrid rice 2	hybridrice2	2	1	Hybrid rice 2	mechanical_normalization	no
Hybrid rice 1	hybridrice1	2	1	Hybrid rice 1	mechanical_normalization	no
WA09	wa09	2	1	WA09	mechanical_normalization	yes
S23ZM205	s23zm205	2	1	S23ZM205	mechanical_normalization	no
24HZM876	24hzm876	2	1	24HZM876	mechanical_normalization	no
WA01	wa01	2	1	WA01	mechanical_normalization	yes
Yan Nuo 19	yannuo19	2	2	Yan Nuo 19|Yannuo19	mechanical_normalization	no
20	20	2	1	20	mechanical_normalization	yes
Sangnambatbyeo	sangnambatbyeo	2	2	Sangnambatbyeo|sangnambatbyeo	mechanical_normalization	no
Mogyang	mogyang	2	2	Mogyang|mogyang	mechanical_normalization	no
Jinbo	jinbo	2	2	Jinbo|jinbo	mechanical_normalization	no
110080	110080	2	1	110080	mechanical_normalization	yes
Xiangnuodao	xiangnuodao	2	2	Xiangnuodao|xiangnuodao	mechanical_normalization	no
Tainung sen 20	tainungsen20	2	1	Tainung sen 20	mechanical_normalization	no
16A	16a	2	1	16A	mechanical_normalization	yes
Nantehao	nantehao	2	1	Nantehao	mechanical_normalization	no
Peiai64S	peiai64s	2	1	Peiai64S	mechanical_normalization	no
Kitaake ubi-XA21 FN-231	kitaakeubixa21fn231	2	1	Kitaake ubi-XA21 FN-231	mechanical_normalization	no
Kitaake ubi-XA21 FN-233	kitaakeubixa21fn233	2	1	Kitaake ubi-XA21 FN-233	mechanical_normalization	no
Kitaake ubi-XA21 FN-263	kitaakeubixa21fn263	2	1	Kitaake ubi-XA21 FN-263	mechanical_normalization	no
Kitaake ubi-XA21 FN-264	kitaakeubixa21fn264	2	1	Kitaake ubi-XA21 FN-264	mechanical_normalization	no
Kitaake ubi-XA21 FN-269	kitaakeubixa21fn269	2	1	Kitaake ubi-XA21 FN-269	mechanical_normalization	no
Kitaake ubi-XA21 FN-265	kitaakeubixa21fn265	2	1	Kitaake ubi-XA21 FN-265	mechanical_normalization	no
Kitaake ubi-XA21 FN-272	kitaakeubixa21fn272	2	1	Kitaake ubi-XA21 FN-272	mechanical_normalization	no
Kitaake ubi-XA21 FN-235	kitaakeubixa21fn235	2	1	Kitaake ubi-XA21 FN-235	mechanical_normalization	no
Kitaake ubi-XA21 FN-232	kitaakeubixa21fn232	2	1	Kitaake ubi-XA21 FN-232	mechanical_normalization	no
Kitaake ubi-XA21 FN-273	kitaakeubixa21fn273	2	1	Kitaake ubi-XA21 FN-273	mechanical_normalization	no
Kitaake ubi-XA21 FN-274	kitaakeubixa21fn274	2	1	Kitaake ubi-XA21 FN-274	mechanical_normalization	no
Kitaake ubi-XA21 FN-281	kitaakeubixa21fn281	2	1	Kitaake ubi-XA21 FN-281	mechanical_normalization	no
Kitaake ubi-XA21 FN-287	kitaakeubixa21fn287	2	1	Kitaake ubi-XA21 FN-287	mechanical_normalization	no
Kitaake ubi-XA21 FN-342	kitaakeubixa21fn342	2	1	Kitaake ubi-XA21 FN-342	mechanical_normalization	no
Kitaake ubi-XA21 FN-408	kitaakeubixa21fn408	2	1	Kitaake ubi-XA21 FN-408	mechanical_normalization	no
Kitaake ubi-XA21 FN-409	kitaakeubixa21fn409	2	1	Kitaake ubi-XA21 FN-409	mechanical_normalization	no
Xiangnuo	xiangnuo	2	1	Xiangnuo	mechanical_normalization	no
Qingke	qingke	2	1	Qingke	mechanical_normalization	no
Xiaohuangnuo	xiaohuangnuo	2	1	Xiaohuangnuo	mechanical_normalization	no
Jiegunuo	jiegunuo	2	1	Jiegunuo	mechanical_normalization	no
Kitaake ubi-XA59 FN1497-S	kitaakeubixa59fn1497s	2	1	Kitaake ubi-XA59 FN1497-S	mechanical_normalization	no
Kitaake ubi-XA55 FN1492-S	kitaakeubixa55fn1492s	2	1	Kitaake ubi-XA55 FN1492-S	mechanical_normalization	no
Kitaake ubi-XA62 FN1501-S	kitaakeubixa62fn1501s	2	1	Kitaake ubi-XA62 FN1501-S	mechanical_normalization	no
Kitaake ubi-XA52 FN1488-S	kitaakeubixa52fn1488s	2	1	Kitaake ubi-XA52 FN1488-S	mechanical_normalization	no
Kitaake ubi-XA75 FN1525-S	kitaakeubixa75fn1525s	2	1	Kitaake ubi-XA75 FN1525-S	mechanical_normalization	no
Kitaake ubi-XA96 FN1550-S	kitaakeubixa96fn1550s	2	1	Kitaake ubi-XA96 FN1550-S	mechanical_normalization	no
Chenga	chenga	2	1	Chenga	mechanical_normalization	no
tetraploid of N9	tetraploidofn9	2	1	tetraploid of N9	mechanical_normalization	no
Shuhui498	shuhui498	2	1	Shuhui498	mechanical_normalization	no
Junam	junam	2	1	Junam	mechanical_normalization	no
BASMATI 370	basmati370	2	2	BASMATI 370|Basmati 370	mechanical_normalization	no
Shengyou2hao	shengyou2hao	2	2	Shengyou2hao|Shengyou_2hao	mechanical_normalization	no
Yaxuenuo	yaxuenuo	2	2	Yaxuenuo|yaxuenuo	mechanical_normalization	no
Indica-like/Hwacheong_F2	indicalikehwacheongf2	2	1	Indica-like/Hwacheong_F2	mechanical_normalization	no
US_Nato	usnato	2	2	US_Nato|US_Nato_	mechanical_normalization	no
QingLiuAi	qingliuai	2	2	QingLiuAi|Qingliuai	mechanical_normalization	no
9311-1	93111	2	1	9311-1	mechanical_normalization	yes
Hybrid rice	hybridrice	2	2	Hybrid rice|hybrid rice	mechanical_normalization	no
ZhongHui8006	zhonghui8006	2	2	ZhongHui8006|Zhonghui8006	mechanical_normalization	no
Dongtingwanxian	dongtingwanxian	2	1	Dongtingwanxian	mechanical_normalization	no
Lehui188	lehui188	2	1	Lehui188	mechanical_normalization	no
Jianzhen2hao	jianzhen2hao	2	1	Jianzhen2hao	mechanical_normalization	no
Xiangwanxian17	xiangwanxian17	2	2	Xiangwanxian17|Xiangwanxian_17	mechanical_normalization	no
M-ERV1-1	merv11	2	1	M-ERV1-1	mechanical_normalization	yes
P-RH78-1	prh781	2	1	P-RH78-1	mechanical_normalization	yes
IRGC 117425	irgc117425	2	1	IRGC 117425	mechanical_normalization	yes
IRGC 132424	irgc132424	2	1	IRGC 132424	mechanical_normalization	yes
Jupiter	jupiter	2	1	Jupiter	mechanical_normalization	no
Chuannong1	chuannong1	2	1	Chuannong1	mechanical_normalization	no
Vandana	vandana	2	1	Vandana	mechanical_normalization	no
IR26	ir26	2	1	IR26	mechanical_normalization	yes
114-7-2	11472	2	1	114-7-2	mechanical_normalization	yes
900	900	2	1	900	mechanical_normalization	yes
Huhan3Hao	huhan3hao	2	2	Huhan3Hao|Huhan3hao	mechanical_normalization	no
R288	r288	2	1	R288	mechanical_normalization	yes
Juppa	juppa	2	1	Juppa	mechanical_normalization	no
J.P. 5	jp5	2	2	J.P. 5|JP 5	mechanical_normalization	yes
LUSITANO	lusitano	2	2	LUSITANO|Lusitano	mechanical_normalization	no
Minghui70	minghui70	2	1	Minghui70	mechanical_normalization	no
Kitaake FN4255-S	kitaakefn4255s	2	1	Kitaake FN4255-S	mechanical_normalization	no
Kitaake FN4247-S	kitaakefn4247s	2	1	Kitaake FN4247-S	mechanical_normalization	no
Kitaake FN4187-S	kitaakefn4187s	2	1	Kitaake FN4187-S	mechanical_normalization	no
Kitaake FN4189-S	kitaakefn4189s	2	1	Kitaake FN4189-S	mechanical_normalization	no
Kitaake FN4188-S	kitaakefn4188s	2	1	Kitaake FN4188-S	mechanical_normalization	no
Kitaake FN4190-S	kitaakefn4190s	2	1	Kitaake FN4190-S	mechanical_normalization	no
1128	1128	2	1	1128	mechanical_normalization	yes
11	11	2	1	11	mechanical_normalization	yes
551	551	2	1	551	mechanical_normalization	yes
Hawara Bunar	hawarabunar	2	1	Hawara Bunar	mechanical_normalization	no
Huanghuazhan:HE-47	huanghuazhanhe47	2	1	Huanghuazhan:HE-47	mechanical_normalization	no
Mitak	mitak	2	1	Mitak	mechanical_normalization	no
Chhola Boro (2)::G1-1	chholaborog11	2	2	Chhola Boro (2)::G1-1|Chhola Boro::G1-1	mechanical_normalization	no
Kittake	kittake	2	1	Kittake	mechanical_normalization	no
ADT-43	adt43	2	2	ADT-43|ADT43	mechanical_normalization	yes
CY84	cy84	2	1	CY84	mechanical_normalization	yes
MianHui2009	mianhui2009	2	2	MianHui2009|Mianhui2009	mechanical_normalization	no
NeiHui2539	neihui2539	2	2	NeiHui2539|Neihui2539	mechanical_normalization	no
Taipei 309 bombardment event 8	taipei309bombardmentevent8	2	1	Taipei 309 bombardment event 8	mechanical_normalization	no
Yueguang	yueguang	2	1	Yueguang	mechanical_normalization	no
IR 42	ir42	2	2	IR 42|IR42	mechanical_normalization	yes
Xiangwanxian3hao	xiangwanxian3hao	2	1	Xiangwanxian3hao	mechanical_normalization	no
Guangchangai	guangchangai	2	1	Guangchangai	mechanical_normalization	no
Giho	giho	2	2	Giho|giho	mechanical_normalization	no
1394	1394	2	1	1394	mechanical_normalization	yes
Yuetai A	yuetaia	2	2	Yuetai A|YuetaiA	mechanical_normalization	no
Wuyunjing8	wuyunjing8	2	1	Wuyunjing8	mechanical_normalization	no
whitened leaf	whitenedleaf	2	1	whitened leaf	mechanical_normalization	no
normal leaf	normalleaf	2	1	normal leaf	mechanical_normalization	no
WA04	wa04	2	1	WA04	mechanical_normalization	yes
24HZM877	24hzm877	2	1	24HZM877	mechanical_normalization	no
Nong Xiang 39	nongxiang39	2	2	Nong Xiang 39|Nongxiang39	mechanical_normalization	no
6	6	2	1	6	mechanical_normalization	yes
30	30	2	1	30	mechanical_normalization	yes
Namil	namil	2	2	Namil|namil	mechanical_normalization	no
Jogwang	jogwang	2	2	Jogwang|jogwang	mechanical_normalization	no
R465	r465	2	1	R465	mechanical_normalization	yes
610234	610234	2	1	610234	mechanical_normalization	yes
BALA	bala	2	1	BALA	mechanical_normalization	no
parent2	parent2	2	1	parent2	mechanical_normalization	no
Qingerai	qingerai	2	1	Qingerai	mechanical_normalization	no
IR58025B	ir58025b	2	1	IR58025B	mechanical_normalization	yes
Zhong 9B	zhong9b	2	2	Zhong 9B|Zhong9B	mechanical_normalization	no
Kitaake ubi-XA21 FN-225	kitaakeubixa21fn225	2	1	Kitaake ubi-XA21 FN-225	mechanical_normalization	no
Kitaake ubi-XA21 FN 398-1	kitaakeubixa21fn3981	2	1	Kitaake ubi-XA21 FN 398-1	mechanical_normalization	no
Kitaake ubi-XA21 FN-234	kitaakeubixa21fn234	2	1	Kitaake ubi-XA21 FN-234	mechanical_normalization	no
Kitaake ubi-XA21 FN-275	kitaakeubixa21fn275	2	1	Kitaake ubi-XA21 FN-275	mechanical_normalization	no
Kitaake ubi-XA21 FN-278	kitaakeubixa21fn278	2	1	Kitaake ubi-XA21 FN-278	mechanical_normalization	no
Nampung	nampung	2	1	Nampung	mechanical_normalization	no
898B	898b	2	1	898B	mechanical_normalization	yes
Guangqiuai	guangqiuai	2	1	Guangqiuai	mechanical_normalization	no
Fuhui676	fuhui676	2	1	Fuhui676	mechanical_normalization	no
Ce64	ce64	2	1	Ce64	mechanical_normalization	yes
C815S	c815s	2	1	C815S	mechanical_normalization	yes
Nong Xiang 42	nongxiang42	2	2	Nong Xiang 42|Nongxiang42	mechanical_normalization	no
Lucaihao	lucaihao	2	1	Lucaihao	mechanical_normalization	no
XinanS	xinans	2	1	XinanS	mechanical_normalization	no
Wen229	wen229	2	1	Wen229	mechanical_normalization	yes
Wanhui88	wanhui88	2	1	Wanhui88	mechanical_normalization	no
Te Xian Zhan 25	texianzhan25	2	2	Te Xian Zhan 25|Texianzhan25	mechanical_normalization	no
Shuhui202	shuhui202	2	1	Shuhui202	mechanical_normalization	no
Shengtai1hao	shengtai1hao	2	1	Shengtai1hao	mechanical_normalization	no
Aijiaonante	aijiaonante	2	1	Aijiaonante	mechanical_normalization	no
P-RH78-3	prh783	2	1	P-RH78-3	mechanical_normalization	yes
YASUMURA	yasumura	2	1	YASUMURA	mechanical_normalization	no
FS32	fs32	2	1	FS32	mechanical_normalization	yes
Yixiang1	yixiang1	2	1	Yixiang1	mechanical_normalization	no
Yue He Si Miao	yuehesimiao	2	2	Yue He Si Miao|Yuehesimiao	mechanical_normalization	no
RGD-7S	rgd7s	2	1	RGD-7S	mechanical_normalization	yes
Fuhui673	fuhui673	2	1	Fuhui673	mechanical_normalization	no
ZHONGHAN 209	zhonghan209	2	2	ZHONGHAN 209|Zhonghan209	mechanical_normalization	no
Yahui2115	yahui2115	2	1	Yahui2115	mechanical_normalization	no
Xianghui91269	xianghui91269	2	1	Xianghui91269	mechanical_normalization	no
Bombilla	bombilla	2	1	Bombilla	mechanical_normalization	no
Chuannong422	chuannong422	2	1	Chuannong422	mechanical_normalization	no
Kitaake FN4279-S	kitaakefn4279s	2	1	Kitaake FN4279-S	mechanical_normalization	no
Kitaake FN4325-S	kitaakefn4325s	2	1	Kitaake FN4325-S	mechanical_normalization	no
Kitaake FN4314-S	kitaakefn4314s	2	1	Kitaake FN4314-S	mechanical_normalization	no
Kitaake ubi-XA21 FN1152 -S	kitaakeubixa21fn1152s	2	1	Kitaake ubi-XA21 FN1152 -S	mechanical_normalization	no
Kitaake ubi-XA72 FN1515-S	kitaakeubixa72fn1515s	2	1	Kitaake ubi-XA72 FN1515-S	mechanical_normalization	no
Kitaake ubi-XA64 FN1505-S	kitaakeubixa64fn1505s	2	1	Kitaake ubi-XA64 FN1505-S	mechanical_normalization	no
Kitaake ubi-XA63 FN1504-S	kitaakeubixa63fn1504s	2	1	Kitaake ubi-XA63 FN1504-S	mechanical_normalization	no
86	86	2	1	86	mechanical_normalization	yes
Wild	wild	2	1	Wild	mechanical_normalization	no
RP Bio-226	rpbio226	2	1	RP Bio-226	mechanical_normalization	no
Huangpinuo	huangpinuo	2	1	Huangpinuo	mechanical_normalization	no
Jinyou1hao	jinyou1hao	2	1	Jinyou1hao	mechanical_normalization	no
NERICA 4	nerica4	2	2	NERICA 4|Nerica4	mechanical_normalization	no
MAHSURI	mahsuri	2	2	MAHSURI|Mahsuri	mechanical_normalization	no
Daeripbyeo 1	daeripbyeo1	2	2	Daeripbyeo 1|daeripbyeo1	mechanical_normalization	no
Joan	joan	2	2	Joan|joan	mechanical_normalization	no
Huanghuazhan:H174	huanghuazhanh174	2	1	Huanghuazhan:H174	mechanical_normalization	no
Huanghuazhan:H190	huanghuazhanh190	2	1	Huanghuazhan:H190	mechanical_normalization	no
Hybrid rice 3	hybridrice3	2	1	Hybrid rice 3	mechanical_normalization	no
JR2	jr2	2	1	JR2	mechanical_normalization	yes
A15	a15	2	1	A15	mechanical_normalization	yes
A06	a06	2	1	A06	mechanical_normalization	yes
S23ZM206	s23zm206	2	1	S23ZM206	mechanical_normalization	no
24HZM875	24hzm875	2	1	24HZM875	mechanical_normalization	no
7	7	2	1	7	mechanical_normalization	yes
27	27	2	1	27	mechanical_normalization	yes
Qianlijing	qianlijing	2	1	Qianlijing	mechanical_normalization	no
Cempo Ireng	cempoireng	2	2	Cempo Ireng|Cempo_Ireng	mechanical_normalization	no
Aizizhan	aizizhan	2	1	Aizizhan	mechanical_normalization	no
Xiangzaoxian7hao	xiangzaoxian7hao	2	1	Xiangzaoxian7hao	mechanical_normalization	no
Kitaake ubi-XA21 FN-222	kitaakeubixa21fn222	2	1	Kitaake ubi-XA21 FN-222	mechanical_normalization	no
Kitaake ubi-XA21 FN-226	kitaakeubixa21fn226	2	1	Kitaake ubi-XA21 FN-226	mechanical_normalization	no
Kitaake ubi-XA21 FN-268	kitaakeubixa21fn268	2	1	Kitaake ubi-XA21 FN-268	mechanical_normalization	no
Kitaake ubi-XA21 FN-223	kitaakeubixa21fn223	2	1	Kitaake ubi-XA21 FN-223	mechanical_normalization	no
Kitaake ubi-XA21 FN-236	kitaakeubixa21fn236	2	1	Kitaake ubi-XA21 FN-236	mechanical_normalization	no
Kitaake ubi-XA21 FN-279	kitaakeubixa21fn279	2	1	Kitaake ubi-XA21 FN-279	mechanical_normalization	no
Kitaake ubi-XA21 FN-283	kitaakeubixa21fn283	2	1	Kitaake ubi-XA21 FN-283	mechanical_normalization	no
Kitaake ubi-XA21 FN-290	kitaakeubixa21fn290	2	1	Kitaake ubi-XA21 FN-290	mechanical_normalization	no
Kitaake ubi-XA21 FN-284	kitaakeubixa21fn284	2	1	Kitaake ubi-XA21 FN-284	mechanical_normalization	no
Kitaake ubi-XA21 FN-316	kitaakeubixa21fn316	2	1	Kitaake ubi-XA21 FN-316	mechanical_normalization	no
Kitaake ubi-XA21 FN-314	kitaakeubixa21fn314	2	1	Kitaake ubi-XA21 FN-314	mechanical_normalization	no
Kitaake ubi-XA21 FN-315	kitaakeubixa21fn315	2	1	Kitaake ubi-XA21 FN-315	mechanical_normalization	no
Kitaake ubi-XA21 FN-341	kitaakeubixa21fn341	2	1	Kitaake ubi-XA21 FN-341	mechanical_normalization	no
Kitaake ubi-XA21 FN-410	kitaakeubixa21fn410	2	1	Kitaake ubi-XA21 FN-410	mechanical_normalization	no
Cheongcheong	cheongcheong	2	1	Cheongcheong	mechanical_normalization	no
Takanari	takanari	2	1	Takanari	mechanical_normalization	no
Tongil	tongil	2	1	Tongil	mechanical_normalization	no
HuangxiuzHan	huangxiuzhan	2	2	HuangxiuzHan|Huangxiuzhan	mechanical_normalization	no
Gu154	gu154	2	1	Gu154	mechanical_normalization	yes
203A	203a	2	1	203A	mechanical_normalization	yes
HOSHINOYUME	hoshinoyume	2	1	HOSHINOYUME	mechanical_normalization	no
MIKAWA NISHIKI	mikawanishiki	2	2	MIKAWA NISHIKI|MIKAWANISHIKI	mechanical_normalization	no
Njavara Black variety	njavarablackvariety	2	1	Njavara Black variety	mechanical_normalization	no
Nokyang	nokyang	2	2	Nokyang|nokyang	mechanical_normalization	no
Mogwoo	mogwoo	2	2	Mogwoo|mogwoo	mechanical_normalization	no
Gang46	gang46	2	1	Gang46	mechanical_normalization	yes
Gemdjah Beton	gemdjahbeton	2	1	Gemdjah Beton	mechanical_normalization	no
Kongyu131	kongyu131	2	1	Kongyu131	mechanical_normalization	no
Fu Xiang Zhan	fuxiangzhan	2	2	Fu Xiang Zhan|Fuxiangzhan	mechanical_normalization	no
Chenghui727	chenghui727	2	1	Chenghui727	mechanical_normalization	no
PA64s-2	pa64s2	2	1	PA64s-2	mechanical_normalization	no
79	79	2	1	79	mechanical_normalization	yes
Kitaake ubi-XA56 FN1493-S	kitaakeubixa56fn1493s	2	1	Kitaake ubi-XA56 FN1493-S	mechanical_normalization	no
Kitaake ubi-XA68 FN1509-S	kitaakeubixa68fn1509s	2	1	Kitaake ubi-XA68 FN1509-S	mechanical_normalization	no
Kitaake ubi-XA79 FN1529-S	kitaakeubixa79fn1529s	2	1	Kitaake ubi-XA79 FN1529-S	mechanical_normalization	no
Suijing18	suijing18	2	1	Suijing18	mechanical_normalization	no
tetraploid of 9N	tetraploidof9n	2	1	tetraploid of 9N	mechanical_normalization	no
Huaidao9hao	huaidao9hao	2	2	Huaidao9hao|Huaidao_9hao	mechanical_normalization	no
Cheongdam	cheongdam	2	2	Cheongdam|cheongdam	mechanical_normalization	no
LAC 23	lac23	2	2	LAC 23|LAC23	mechanical_normalization	yes
Taizhongxianxuan2	taizhongxianxuan2	2	1	Taizhongxianxuan2	mechanical_normalization	no
Chengnongshuijing	chengnongshuijing	2	1	Chengnongshuijing	mechanical_normalization	no
9311K	9311k	2	1	9311K	mechanical_normalization	yes
1892S	1892s	2	1	1892S	mechanical_normalization	yes
Hua Si Zhan	huasizhan	2	2	Hua Si Zhan|Huasizhan	mechanical_normalization	no
Huang Li Zhan	huanglizhan	2	2	Huang Li Zhan|HuanglizHan	mechanical_normalization	no
14	14	2	1	14	mechanical_normalization	yes
Hongjinju	hongjinju	2	2	Hongjinju|hongjinju	mechanical_normalization	no
Geonganghongmi	geonganghongmi	2	2	Geonganghongmi|geonganghongmi	mechanical_normalization	no
R4115	r4115	2	1	R4115	mechanical_normalization	yes
Huang-Jin-Ke	huangjinke	2	1	Huang-Jin-Ke	mechanical_normalization	no
Badshabhog	badshabhog	2	1	Badshabhog	mechanical_normalization	no
Shuhui707	shuhui707	2	1	Shuhui707	mechanical_normalization	no
Kitaake ubi-XA21 FN 398-3/4/5	kitaakeubixa21fn398345	2	1	Kitaake ubi-XA21 FN 398-3/4/5	mechanical_normalization	no
Kitaake ubi-XA21 FN-277	kitaakeubixa21fn277	2	1	Kitaake ubi-XA21 FN-277	mechanical_normalization	no
Kitaake ubi-XA21 FN-285	kitaakeubixa21fn285	2	1	Kitaake ubi-XA21 FN-285	mechanical_normalization	no
Kitaake ubi-XA21 FN-289	kitaakeubixa21fn289	2	1	Kitaake ubi-XA21 FN-289	mechanical_normalization	no
Kitaake ubi-XA21 FN-288	kitaakeubixa21fn288	2	1	Kitaake ubi-XA21 FN-288	mechanical_normalization	no
Kitaake ubi-XA21 FN-344	kitaakeubixa21fn344	2	1	Kitaake ubi-XA21 FN-344	mechanical_normalization	no
Daohuaxiang	daohuaxiang	2	1	Daohuaxiang	mechanical_normalization	no
Kitaake ubi-XA87 FN1537-S	kitaakeubixa87fn1537s	2	1	Kitaake ubi-XA87 FN1537-S	mechanical_normalization	no
Xiaobaidao	xiaobaidao	2	2	Xiaobaidao|xiaobaidao	mechanical_normalization	no
TI 17	ti17	2	1	TI 17	mechanical_normalization	yes
Longdao5	longdao5	2	1	Longdao5	mechanical_normalization	no
Minghui	minghui	2	1	Minghui	mechanical_normalization	no
PA64s-1	pa64s1	2	1	PA64s-1	mechanical_normalization	no
Zhen Hui 084	zhenhui084	2	2	Zhen Hui 084|Zhenhui084	mechanical_normalization	no
Ezao6hao	ezao6hao	2	1	Ezao6hao	mechanical_normalization	no
99S	99s	2	1	99S	mechanical_normalization	yes
Luhui17	luhui17	2	1	Luhui17	mechanical_normalization	no
Xiangyaxiangzhan	xiangyaxiangzhan	2	1	Xiangyaxiangzhan	mechanical_normalization	no
BICO BRANCO	bicobranco	2	2	BICO BRANCO|Bico Branco	mechanical_normalization	no
Ninghui21	ninghui21	2	1	Ninghui21	mechanical_normalization	no
24HZM878	24hzm878	2	1	24HZM878	mechanical_normalization	no
Kitaake ubi-XA21 FN-286	kitaakeubixa21fn286	2	1	Kitaake ubi-XA21 FN-286	mechanical_normalization	no
SAMIN0000071-indica	samin0000071indica	1	1	SAMIN0000071-indica	mechanical_normalization	no
Albatros	albatros	1	1	Albatros	mechanical_normalization	no
Ariete	ariete	1	1	Ariete	mechanical_normalization	no
Giza181	giza181	1	1	Giza181	mechanical_normalization	yes
Teti	teti	1	1	Teti	mechanical_normalization	no
Kitaake FN2281	kitaakefn2281	1	1	Kitaake FN2281	mechanical_normalization	no
Kitaake FN2288	kitaakefn2288	1	1	Kitaake FN2288	mechanical_normalization	no
Kitaake FN2290	kitaakefn2290	1	1	Kitaake FN2290	mechanical_normalization	no
Kitaake FN2297	kitaakefn2297	1	1	Kitaake FN2297	mechanical_normalization	no
Kitaake FN2304	kitaakefn2304	1	1	Kitaake FN2304	mechanical_normalization	no
Kitaake FN2314	kitaakefn2314	1	1	Kitaake FN2314	mechanical_normalization	no
Kitaake FN2315	kitaakefn2315	1	1	Kitaake FN2315	mechanical_normalization	no
Kitaake FN2316	kitaakefn2316	1	1	Kitaake FN2316	mechanical_normalization	no
Kitaake FN2323	kitaakefn2323	1	1	Kitaake FN2323	mechanical_normalization	no
Kitaake FN2324	kitaakefn2324	1	1	Kitaake FN2324	mechanical_normalization	no
Kitaake FN2327	kitaakefn2327	1	1	Kitaake FN2327	mechanical_normalization	no
Kitaake FN2334	kitaakefn2334	1	1	Kitaake FN2334	mechanical_normalization	no
Kitaake FN2342	kitaakefn2342	1	1	Kitaake FN2342	mechanical_normalization	no
Kitaake FN2340	kitaakefn2340	1	1	Kitaake FN2340	mechanical_normalization	no
Kitaake FN2338	kitaakefn2338	1	1	Kitaake FN2338	mechanical_normalization	no
Kitaake FN2350	kitaakefn2350	1	1	Kitaake FN2350	mechanical_normalization	no
Kitaake FN2351	kitaakefn2351	1	1	Kitaake FN2351	mechanical_normalization	no
Kitaake FN2375	kitaakefn2375	1	1	Kitaake FN2375	mechanical_normalization	no
Kitaake FN2376	kitaakefn2376	1	1	Kitaake FN2376	mechanical_normalization	no
Kitaake FN2381	kitaakefn2381	1	1	Kitaake FN2381	mechanical_normalization	no
Kitaake FN2385	kitaakefn2385	1	1	Kitaake FN2385	mechanical_normalization	no
US_BoaVista	usboavista	1	1	US_BoaVista	mechanical_normalization	no
US_Pratao	uspratao	1	1	US_Pratao	mechanical_normalization	no
US_318	us318	1	1	US_318	mechanical_normalization	yes
US_NSF_TV_89	usnsftv89	1	1	US_NSF_TV_89	mechanical_normalization	no
US_CS_M3	uscsm3	1	1	US_CS_M3	mechanical_normalization	no
US_Shoemed	usshoemed	1	1	US_Shoemed	mechanical_normalization	no
US_Minghui_63	usminghui63	1	1	US_Minghui_63	mechanical_normalization	no
US_Calrose	uscalrose	1	1	US_Calrose	mechanical_normalization	no
US_Rosemont	usrosemont	1	1	US_Rosemont	mechanical_normalization	no
US_Nova_66	usnova66	1	1	US_Nova_66	mechanical_normalization	no
US_CI9841	usci9841	1	1	US_CI9841	mechanical_normalization	yes
US_Sabine	ussabine	1	1	US_Sabine	mechanical_normalization	no
US_M-401	usm401	1	1	US_M-401	mechanical_normalization	yes
US_TP49	ustp49	1	1	US_TP49	mechanical_normalization	yes
US_Early_Prolific	usearlyprolific	1	1	US_Early_Prolific	mechanical_normalization	no
US_Gulfrose	usgulfrose	1	1	US_Gulfrose	mechanical_normalization	no
US_Deltabelle	usdeltabelle	1	1	US_Deltabelle	mechanical_normalization	no
US_Millie	usmillie	1	1	US_Millie	mechanical_normalization	no
US_Orion	usorion	1	1	US_Orion	mechanical_normalization	no
US_Caffey	uscaffey	1	1	US_Caffey	mechanical_normalization	no
US_Texmont	ustexmont	1	1	US_Texmont	mechanical_normalization	no
US_Caloro	uscaloro	1	1	US_Caloro	mechanical_normalization	no
US_REXORO	usrexoro	1	1	US_REXORO	mechanical_normalization	no
US_Nira	usnira	1	1	US_Nira	mechanical_normalization	no
US_K_65	usk65	1	1	US_K_65	mechanical_normalization	yes
US_Prelude	usprelude	1	1	US_Prelude	mechanical_normalization	no
US_Rico_1	usrico1	1	1	US_Rico_1	mechanical_normalization	no
US_Labelle	uslabelle	1	1	US_Labelle	mechanical_normalization	no
US_M9	usm9	1	1	US_M9	mechanical_normalization	yes
US_Della	usdella	1	1	US_Della	mechanical_normalization	no
US_M205	usm205	1	1	US_M205	mechanical_normalization	yes
US_L202	usl202	1	1	US_L202	mechanical_normalization	yes
B11	b11	1	1	B11	mechanical_normalization	yes
Xuan69S	xuan69s	1	1	Xuan69S	mechanical_normalization	yes
Zhehui7954	zhehui7954	1	1	Zhehui7954	mechanical_normalization	no
Zaoxiang1hao	zaoxiang1hao	1	1	Zaoxiang1hao	mechanical_normalization	no
Z9S	z9s	1	1	Z9S	mechanical_normalization	yes
YunfengS	yunfengs	1	1	YunfengS	mechanical_normalization	no
Yun109A	yun109a	1	1	Yun109A	mechanical_normalization	yes
Yuanhui2hao	yuanhui2hao	1	1	Yuanhui2hao	mechanical_normalization	no
Yu266	yu266	1	1	Yu266	mechanical_normalization	yes
Yongxian69	yongxian69	1	1	Yongxian69	mechanical_normalization	no
Yixiang1A	yixiang1a	1	1	Yixiang1A	mechanical_normalization	no
XinrongA	xinronga	1	1	XinrongA	mechanical_normalization	no
Yihui9hao	yihui9hao	1	1	Yihui9hao	mechanical_normalization	no
Yesizhan	yesizhan	1	1	Yesizhan	mechanical_normalization	no
Xinong1A	xinong1a	1	1	Xinong1A	mechanical_normalization	no
YannongS	yannongs	1	1	YannongS	mechanical_normalization	no
Yanhui888	yanhui888	1	1	Yanhui888	mechanical_normalization	no
Yanhui559	yanhui559	1	1	Yanhui559	mechanical_normalization	no
XinIIA	xiniia	1	1	XinIIA	mechanical_normalization	no
ZR02	zr02	1	1	ZR02	mechanical_normalization	yes
ZhunS	zhuns	1	1	ZhunS	mechanical_normalization	no
Zhongzao35	zhongzao35	1	1	Zhongzao35	mechanical_normalization	no
Zhongzao22	zhongzao22	1	1	Zhongzao22	mechanical_normalization	no
Zhonglianhui950	zhonglianhui950	1	1	Zhonglianhui950	mechanical_normalization	no
Zhonglianhui510	zhonglianhui510	1	1	Zhonglianhui510	mechanical_normalization	no
Zhongjian100	zhongjian100	1	1	Zhongjian100	mechanical_normalization	no
Zhonghui8012	zhonghui8012	1	1	Zhonghui8012	mechanical_normalization	no
Zhong9A	zhong9a	1	1	Zhong9A	mechanical_normalization	no
IR25572-87-3-3	ir255728733	1	1	IR25572-87-3-3	mechanical_normalization	yes
IR24609-4-2-3-1	ir246094231	1	1	IR24609-4-2-3-1	mechanical_normalization	yes
IR19675-34-2-2-3-3A	ir19675342233a	1	1	IR19675-34-2-2-3-3A	mechanical_normalization	yes
IR18348-36-3-3	ir183483633	1	1	IR18348-36-3-3	mechanical_normalization	yes
IR18342-66-2-1	ir183426621	1	1	IR18342-66-2-1	mechanical_normalization	yes
IR18272-27-3-1	ir182722731	1	1	IR18272-27-3-1	mechanical_normalization	yes
IR15795-232-3-3-3-2	ir157952323332	1	1	IR15795-232-3-3-3-2	mechanical_normalization	yes
IR15314-43-2-3-3	ir1531443233	1	1	IR15314-43-2-3-3	mechanical_normalization	yes
IR14497-15-2	ir14497152	1	1	IR14497-15-2	mechanical_normalization	yes
IR13535-64-6-2-3-2	ir13535646232	1	1	IR13535-64-6-2-3-2	mechanical_normalization	yes
IR4422-51-1	ir4422511	1	1	IR4422-51-1	mechanical_normalization	yes
IR2071-77-9-3-5	ir207177935	1	1	IR2071-77-9-3-5	mechanical_normalization	yes
IR841	ir841	1	1	IR841	mechanical_normalization	yes
IR661	ir661	1	1	IR661	mechanical_normalization	yes
IR28-1	ir281	1	1	IR28-1	mechanical_normalization	yes
625	625	1	1	625	mechanical_normalization	yes
Huafeng1A	huafeng1a	1	1	Huafeng1A	mechanical_normalization	no
Hua3234	hua3234	1	1	Hua3234	mechanical_normalization	yes
HongA	honga	1	1	HongA	mechanical_normalization	no
HB569	hb569	1	1	HB569	mechanical_normalization	yes
Guihuazhan	guihuazhan	1	1	Guihuazhan	mechanical_normalization	no
Gui582	gui582	1	1	Gui582	mechanical_normalization	yes
Guangxuan3hao	guangxuan3hao	1	1	Guangxuan3hao	mechanical_normalization	no
Guangjie9hao	guangjie9hao	1	1	Guangjie9hao	mechanical_normalization	no
Guanghui122	guanghui122	1	1	Guanghui122	mechanical_normalization	no
GuangheA	guanghea	1	1	GuangheA	mechanical_normalization	no
Guanger104	guanger104	1	1	Guanger104	mechanical_normalization	no
Ganzaoxian37hao	ganzaoxian37hao	1	1	Ganzaoxian37hao	mechanical_normalization	no
GanxiangB-1	ganxiangb1	1	1	GanxiangB-1	mechanical_normalization	no
Ganwannuo7hao	ganwannuo7hao	1	1	Ganwannuo7hao	mechanical_normalization	no
Gang901A	gang901a	1	1	Gang901A	mechanical_normalization	yes
FuzhenA	fuzhena	1	1	FuzhenA	mechanical_normalization	no
FuyiA	fuyia	1	1	FuyiA	mechanical_normalization	no
Fuhui0724	fuhui0724	1	1	Fuhui0724	mechanical_normalization	no
Fuhui016	fuhui016	1	1	Fuhui016	mechanical_normalization	no
Fu228S	fu228s	1	1	Fu228S	mechanical_normalization	yes
Fengtian1A	fengtian1a	1	1	Fengtian1A	mechanical_normalization	no
Ezhong5hao	ezhong5hao	1	1	Ezhong5hao	mechanical_normalization	no
Ezhong4hao	ezhong4hao	1	1	Ezhong4hao	mechanical_normalization	no
Ezao17	ezao17	1	1	Ezao17	mechanical_normalization	yes
Ewan10hao	ewan10hao	1	1	Ewan10hao	mechanical_normalization	no
Erliuzhaizao	erliuzhaizao	1	1	Erliuzhaizao	mechanical_normalization	no
Erjiunan1haoA	erjiunan1haoa	1	1	Erjiunan1haoA	mechanical_normalization	no
98A	98a	1	1	98A	mechanical_normalization	yes
Cpei211	cpei211	1	1	Cpei211	mechanical_normalization	yes
CHZAVNGSEYU-30	chzavngseyu30	1	1	CHZAVNGSEYU-30	mechanical_normalization	no
Chuannong3A	chuannong3a	1	1	Chuannong3A	mechanical_normalization	no
Chuannong1A	chuannong1a	1	1	Chuannong1A	mechanical_normalization	no
Chuanhui907	chuanhui907	1	1	Chuanhui907	mechanical_normalization	no
Chuangfeng1hao	chuangfeng1hao	1	1	Chuangfeng1hao	mechanical_normalization	no
Chenghui177	chenghui177	1	1	Chenghui177	mechanical_normalization	no
Chengdouai8hao	chengdouai8hao	1	1	Chengdouai8hao	mechanical_normalization	no
Chaoyang1haoA	chaoyang1haoa	1	1	Chaoyang1haoA	mechanical_normalization	no
Changhui121	changhui121	1	1	Changhui121	mechanical_normalization	no
Chang-2	chang2	1	1	Chang-2	mechanical_normalization	no
Cehui33	cehui33	1	1	Cehui33	mechanical_normalization	no
Ce235	ce235	1	1	Ce235	mechanical_normalization	yes
Ce22	ce22	1	1	Ce22	mechanical_normalization	yes
Bing1A	bing1a	1	1	Bing1A	mechanical_normalization	yes
R207	r207	1	1	R207	mechanical_normalization	yes
R198	r198	1	1	R198	mechanical_normalization	yes
R162	r162	1	1	R162	mechanical_normalization	yes
R150	r150	1	1	R150	mechanical_normalization	yes
R143	r143	1	1	R143	mechanical_normalization	yes
R117	r117	1	1	R117	mechanical_normalization	yes
R115	r115	1	1	R115	mechanical_normalization	yes
Aihong9haoA	aihong9haoa	1	1	Aihong9haoA	mechanical_normalization	no
R88-2	r882	1	1	R88-2	mechanical_normalization	yes
R05-1	r051	1	1	R05-1	mechanical_normalization	yes
R-1	r1	1	1	R-1	mechanical_normalization	yes
Quanhui131	quanhui131	1	1	Quanhui131	mechanical_normalization	no
Qiguizhan	qiguizhan	1	1	Qiguizhan	mechanical_normalization	no
Qiannuo1A	qiannuo1a	1	1	Qiannuo1A	mechanical_normalization	no
Nongxiang40	nongxiang40	1	1	Nongxiang40	mechanical_normalization	no
Ningzao517	ningzao517	1	1	Ningzao517	mechanical_normalization	no
Neixiang8A	neixiang8a	1	1	Neixiang8A	mechanical_normalization	no
9771S	9771s	1	1	9771S	mechanical_normalization	yes
8303	8303	1	1	8303	mechanical_normalization	yes
Nanhui183	nanhui183	1	1	Nanhui183	mechanical_normalization	no
Nanhui125	nanhui125	1	1	Nanhui125	mechanical_normalization	no
Miyang23	miyang23	1	1	Miyang23	mechanical_normalization	no
Minnuo580	minnuo580	1	1	Minnuo580	mechanical_normalization	no
Minkezao22	minkezao22	1	1	Minkezao22	mechanical_normalization	no
MingS	mings	1	1	MingS	mechanical_normalization	no
24xuan17	24xuan17	1	1	24xuan17	mechanical_normalization	no
Minghui07	minghui07	1	1	Minghui07	mechanical_normalization	no
Mianhui662	mianhui662	1	1	Mianhui662	mechanical_normalization	no
7017A	7017a	1	1	7017A	mechanical_normalization	yes
Mian7A	mian7a	1	1	Mian7A	mechanical_normalization	yes
Meixiangzhan2hao	meixiangzhan2hao	1	1	Meixiangzhan2hao	mechanical_normalization	no
6185	6185	1	1	6185	mechanical_normalization	yes
Lvhan1hao	lvhan1hao	1	1	Lvhan1hao	mechanical_normalization	no
Lv102S	lv102s	1	1	Lv102S	mechanical_normalization	yes
Luoxiang1A	luoxiang1a	1	1	Luoxiang1A	mechanical_normalization	no
Lunanzao1hao	lunanzao1hao	1	1	Lunanzao1hao	mechanical_normalization	no
Luhui1345	luhui1345	1	1	Luhui1345	mechanical_normalization	no
6044	6044	1	1	6044	mechanical_normalization	yes
Lu98A	lu98a	1	1	Lu98A	mechanical_normalization	yes
LT18	lt18	1	1	LT18	mechanical_normalization	yes
LT16	lt16	1	1	LT16	mechanical_normalization	yes
LT12	lt12	1	1	LT12	mechanical_normalization	yes
LT11	lt11	1	1	LT11	mechanical_normalization	yes
LT10	lt10	1	1	LT10	mechanical_normalization	yes
LT9	lt9	1	1	LT9	mechanical_normalization	yes
LT8	lt8	1	1	LT8	mechanical_normalization	yes
LT7	lt7	1	1	LT7	mechanical_normalization	yes
LT6	lt6	1	1	LT6	mechanical_normalization	yes
Liantangzao	liantangzao	1	1	Liantangzao	mechanical_normalization	no
LanbeiliA	lanbeilia	1	1	LanbeiliA	mechanical_normalization	no
K18B	k18b	1	1	K18B	mechanical_normalization	yes
JinxiangyuA	jinxiangyua	1	1	JinxiangyuA	mechanical_normalization	no
Jin322A	jin322a	1	1	Jin322A	mechanical_normalization	yes
Jin319A	jin319a	1	1	Jin319A	mechanical_normalization	yes
Jin304A	jin304a	1	1	Jin304A	mechanical_normalization	yes
Jin23A	jin23a	1	1	Jin23A	mechanical_normalization	yes
JifengA	jifenga	1	1	JifengA	mechanical_normalization	no
Jiayu253	jiayu253	1	1	Jiayu253	mechanical_normalization	no
Jiayu143	jiayu143	1	1	Jiayu143	mechanical_normalization	no
1161S	1161s	1	1	1161S	mechanical_normalization	yes
Jiafuzhan	jiafuzhan	1	1	Jiafuzhan	mechanical_normalization	no
IR32272-67-3-2-3	ir3227267323	1	1	IR32272-67-3-2-3	mechanical_normalization	yes
IR31805-20-1-3-3	ir3180520133	1	1	IR31805-20-1-3-3	mechanical_normalization	yes
IR29708-113-3-2-2	ir29708113322	1	1	IR29708-113-3-2-2	mechanical_normalization	yes
IR29670-15-2-3	ir296701523	1	1	IR29670-15-2-3	mechanical_normalization	yes
IR27301-62-3	ir27301623	1	1	IR27301-62-3	mechanical_normalization	yes
IR25898-60-2-3	ir258986023	1	1	IR25898-60-2-3	mechanical_normalization	yes
IR25840-83-3-2	ir258408332	1	1	IR25840-83-3-2	mechanical_normalization	yes
Xing2hao	xing2hao	1	1	Xing2hao	mechanical_normalization	no
Xihui952	xihui952	1	1	Xihui952	mechanical_normalization	no
Xiezuo69	xiezuo69	1	1	Xiezuo69	mechanical_normalization	no
XieqingzaoA	xieqingzaoa	1	1	XieqingzaoA	mechanical_normalization	no
Xiangzhongxian1hao	xiangzhongxian1hao	1	1	Xiangzhongxian1hao	mechanical_normalization	no
Xiangzaoxian32hao	xiangzaoxian32hao	1	1	Xiangzaoxian32hao	mechanical_normalization	no
Xiangzaoxian19hao	xiangzaoxian19hao	1	1	Xiangzaoxian19hao	mechanical_normalization	no
XiangxianglhaoA	xiangxianglhaoa	1	1	XiangxianglhaoA	mechanical_normalization	no
Xiangwanxian13hao	xiangwanxian13hao	1	1	Xiangwanxian13hao	mechanical_normalization	no
Xiangwanxian5hao	xiangwanxian5hao	1	1	Xiangwanxian5hao	mechanical_normalization	no
Xiangling628S	xiangling628s	1	1	Xiangling628S	mechanical_normalization	no
Xiangfeng70A	xiangfeng70a	1	1	Xiangfeng70A	mechanical_normalization	no
WW007	ww007	1	1	WW007	mechanical_normalization	yes
WW005	ww005	1	1	WW005	mechanical_normalization	yes
WW003	ww003	1	1	WW003	mechanical_normalization	yes
Wan73A	wan73a	1	1	Wan73A	mechanical_normalization	yes
Wan23A	wan23a	1	1	Wan23A	mechanical_normalization	yes
Tuanjie1hao	tuanjie1hao	1	1	Tuanjie1hao	mechanical_normalization	no
To494	to494	1	1	To494	mechanical_normalization	yes
TN1490	tn1490	1	1	TN1490	mechanical_normalization	yes
TN1466	tn1466	1	1	TN1466	mechanical_normalization	yes
TN1428	tn1428	1	1	TN1428	mechanical_normalization	yes
TN1390	tn1390	1	1	TN1390	mechanical_normalization	yes
TN1236	tn1236	1	1	TN1236	mechanical_normalization	yes
TN1174	tn1174	1	1	TN1174	mechanical_normalization	yes
Tianyuan6S	tianyuan6s	1	1	Tianyuan6S	mechanical_normalization	no
AoR69	aor69	1	1	AoR69	mechanical_normalization	yes
TiananS	tianans	1	1	TiananS	mechanical_normalization	no
Taihui5845	taihui5845	1	1	Taihui5845	mechanical_normalization	no
T109A	t109a	1	1	T109A	mechanical_normalization	yes
T64S	t64s	1	1	T64S	mechanical_normalization	yes
T55A	t55a	1	1	T55A	mechanical_normalization	yes
Suhui728	suhui728	1	1	Suhui728	mechanical_normalization	no
SmpA	smpa	1	1	SmpA	mechanical_normalization	no
Shu21A	shu21a	1	1	Shu21A	mechanical_normalization	yes
Shu9A	shu9a	1	1	Shu9A	mechanical_normalization	yes
Shu8A	shu8a	1	1	Shu8A	mechanical_normalization	yes
Shennong2A	shennong2a	1	1	Shennong2A	mechanical_normalization	no
Shen9A	shen9a	1	1	Shen9A	mechanical_normalization	yes
SE21S	se21s	1	1	SE21S	mechanical_normalization	yes
AnfengA	anfenga	1	1	AnfengA	mechanical_normalization	no
Ribenzhan	ribenzhan	1	1	Ribenzhan	mechanical_normalization	no
R9194	r9194	1	1	R9194	mechanical_normalization	yes
R8007	r8007	1	1	R8007	mechanical_normalization	yes
R5240	r5240	1	1	R5240	mechanical_normalization	yes
R3248	r3248	1	1	R3248	mechanical_normalization	yes
R2010	r2010	1	1	R2010	mechanical_normalization	yes
R1574	r1574	1	1	R1574	mechanical_normalization	yes
R1152	r1152	1	1	R1152	mechanical_normalization	yes
R1008	r1008	1	1	R1008	mechanical_normalization	yes
R1005	r1005	1	1	R1005	mechanical_normalization	yes
R682	r682	1	1	R682	mechanical_normalization	yes
R573	r573	1	1	R573	mechanical_normalization	yes
R344	r344	1	1	R344	mechanical_normalization	yes
P-RH78-4	prh784	1	1	P-RH78-4	mechanical_normalization	yes
Jijing88	jijing88	1	1	Jijing88	mechanical_normalization	no
ERV1-3	erv13	1	1	ERV1-3	mechanical_normalization	yes
YUMEMIZUHO	yumemizuho	1	1	YUMEMIZUHO	mechanical_normalization	no
MANSAKU 9_2	mansaku92	1	1	MANSAKU 9_2	mechanical_normalization	no
D207	d207	1	1	D207	mechanical_normalization	yes
D259	d259	1	1	D259	mechanical_normalization	yes
D214	d214	1	1	D214	mechanical_normalization	yes
Maniki Madhuri Joha	manikimadhurijoha	1	1	Maniki Madhuri Joha	mechanical_normalization	no
Manipur Black Rice	manipurblackrice	1	1	Manipur Black Rice	mechanical_normalization	no
CarolinaGold	carolinagold	1	1	CarolinaGold	mechanical_normalization	no
CL111	cl111	1	1	CL111	mechanical_normalization	yes
CL131	cl131	1	1	CL131	mechanical_normalization	yes
Della2	della2	1	1	Della2	mechanical_normalization	no
Jazzman2	jazzman2	1	1	Jazzman2	mechanical_normalization	no
LM-1	lm1	1	1	LM-1	mechanical_normalization	yes
Mermentau	mermentau	1	1	Mermentau	mechanical_normalization	no
CT18685	ct18685	1	1	CT18685	mechanical_normalization	yes
Esperanza	esperanza	1	1	Esperanza	mechanical_normalization	no
Fanny	fanny	1	1	Fanny	mechanical_normalization	no
Fedearroz50	fedearroz50	1	1	Fedearroz50	mechanical_normalization	no
Oryzica3	oryzica3	1	1	Oryzica3	mechanical_normalization	no
Zafiro	zafiro	1	1	Zafiro	mechanical_normalization	no
NH101-1	nh1011	1	1	NH101-1	mechanical_normalization	yes
NH100-1	nh1001	1	1	NH100-1	mechanical_normalization	yes
NH099-1	nh0991	1	1	NH099-1	mechanical_normalization	yes
NH096-1	nh0961	1	1	NH096-1	mechanical_normalization	yes
NH080-1	nh0801	1	1	NH080-1	mechanical_normalization	yes
NH077-1	nh0771	1	1	NH077-1	mechanical_normalization	yes
NH048-1	nh0481	1	1	NH048-1	mechanical_normalization	yes
NH042-1	nh0421	1	1	NH042-1	mechanical_normalization	yes
NH041-1	nh0411	1	1	NH041-1	mechanical_normalization	yes
NH035-1	nh0351	1	1	NH035-1	mechanical_normalization	yes
NH033-2	nh0332	1	1	NH033-2	mechanical_normalization	yes
NH026-1	nh0261	1	1	NH026-1	mechanical_normalization	yes
NH247-L	nh247l	1	1	NH247-L	mechanical_normalization	yes
NH243-L	nh243l	1	1	NH243-L	mechanical_normalization	yes
NH241	nh241	1	1	NH241	mechanical_normalization	yes
NH238-1	nh2381	1	1	NH238-1	mechanical_normalization	yes
NH237-1	nh2371	1	1	NH237-1	mechanical_normalization	yes
NH231	nh231	1	1	NH231	mechanical_normalization	yes
NH223-1	nh2231	1	1	NH223-1	mechanical_normalization	yes
NH221-1	nh2211	1	1	NH221-1	mechanical_normalization	yes
NH215-1	nh2151	1	1	NH215-1	mechanical_normalization	yes
NH193-1	nh1931	1	1	NH193-1	mechanical_normalization	yes
NH191-1	nh1911	1	1	NH191-1	mechanical_normalization	yes
NH189-1	nh1891	1	1	NH189-1	mechanical_normalization	yes
NH186-1	nh1861	1	1	NH186-1	mechanical_normalization	yes
NH184-1	nh1841	1	1	NH184-1	mechanical_normalization	yes
NH178-1	nh1781	1	1	NH178-1	mechanical_normalization	yes
NH176-1	nh1761	1	1	NH176-1	mechanical_normalization	yes
NH170-1	nh1701	1	1	NH170-1	mechanical_normalization	yes
NH168-1	nh1681	1	1	NH168-1	mechanical_normalization	yes
NH164-1	nh1641	1	1	NH164-1	mechanical_normalization	yes
NH156-1	nh1561	1	1	NH156-1	mechanical_normalization	yes
NH149-1	nh1491	1	1	NH149-1	mechanical_normalization	yes
NH147-1	nh1471	1	1	NH147-1	mechanical_normalization	yes
NH139-1	nh1391	1	1	NH139-1	mechanical_normalization	yes
NH138-1	nh1381	1	1	NH138-1	mechanical_normalization	yes
NH135-1	nh1351	1	1	NH135-1	mechanical_normalization	yes
NH134-1	nh1341	1	1	NH134-1	mechanical_normalization	yes
NH130-1	nh1301	1	1	NH130-1	mechanical_normalization	yes
NH129-1	nh1291	1	1	NH129-1	mechanical_normalization	yes
NH114-1	nh1141	1	1	NH114-1	mechanical_normalization	yes
NH109-1	nh1091	1	1	NH109-1	mechanical_normalization	yes
NH002-1	nh0021	1	1	NH002-1	mechanical_normalization	yes
HopumA	hopuma	1	1	HopumA	mechanical_normalization	no
IRGC_71844	irgc71844	1	1	IRGC_71844	mechanical_normalization	yes
IRGC_60596	irgc60596	1	1	IRGC_60596	mechanical_normalization	yes
IRGC_8115	irgc8115	1	1	IRGC_8115	mechanical_normalization	yes
Dhagad Desi	dhagaddesi	1	1	Dhagad Desi	mechanical_normalization	no
Hualien124	hualien124	1	1	Hualien124	mechanical_normalization	no
Dawennuo	dawennuo	1	1	Dawennuo	mechanical_normalization	no
E45	e45	1	1	E45	mechanical_normalization	yes
Huaye3-4x-G3	huaye34xg3	1	1	Huaye3-4x-G3	mechanical_normalization	no
Huaye3	huaye3	1	1	Huaye3	mechanical_normalization	no
L202	l202	1	1	L202	mechanical_normalization	yes
Luojia9	luojia9	1	1	Luojia9	mechanical_normalization	no
GL84	gl84	1	1	GL84	mechanical_normalization	yes
Nianpingxiangdao	nianpingxiangdao	1	1	Nianpingxiangdao	mechanical_normalization	no
19W71	19w71	1	1	19W71	mechanical_normalization	no
19W56	19w56	1	1	19W56	mechanical_normalization	no
19W55	19w55	1	1	19W55	mechanical_normalization	no
19W34	19w34	1	1	19W34	mechanical_normalization	no
19W16	19w16	1	1	19W16	mechanical_normalization	no
CNG121B	cng121b	1	1	CNG121B	mechanical_normalization	yes
Lili732	lili732	1	1	Lili732	mechanical_normalization	yes
Shuiyuan 55	shuiyuan55	1	1	Shuiyuan 55	mechanical_normalization	no
IR28	ir28	1	1	IR28	mechanical_normalization	yes
Jingliangyou534	jingliangyou534	1	1	Jingliangyou534	mechanical_normalization	no
MaoxiangA	maoxianga	1	1	MaoxiangA	mechanical_normalization	no
Fuhui676_3	fuhui6763	1	1	Fuhui676_3	mechanical_normalization	no
Fuhui639_1	fuhui6391	1	1	Fuhui639_1	mechanical_normalization	no
IAC 5100	iac5100	1	1	IAC 5100	mechanical_normalization	yes
T 2095	t2095	1	1	T 2095	mechanical_normalization	yes
KN 361-1-8-6	kn361186	1	1	KN 361-1-8-6	mechanical_normalization	yes
BICO PRETO	bicopreto	1	1	BICO PRETO	mechanical_normalization	no
NAVOLATO A 71	navolatoa71	1	1	NAVOLATO A 71	mechanical_normalization	no
Mowanggu	mowanggu	1	1	Mowanggu	mechanical_normalization	no
KHAU MEO	khaumeo	1	1	KHAU MEO	mechanical_normalization	no
BPI 9-33	bpi933	1	1	BPI 9-33	mechanical_normalization	yes
IR 442-2-58	ir442258	1	1	IR 442-2-58	mechanical_normalization	yes
BENGUE	bengue	1	1	BENGUE	mechanical_normalization	no
QINGSIZHAN 1	qingsizhan1	1	1	QINGSIZHAN 1	mechanical_normalization	no
DALAI AMAN	dalaiaman	1	1	DALAI AMAN	mechanical_normalization	no
ZHENFU	zhenfu	1	1	ZHENFU	mechanical_normalization	no
JUMALI	jumali	1	1	JUMALI	mechanical_normalization	no
TAITUNG 16	taitung16	1	1	TAITUNG 16	mechanical_normalization	no
WUJIANNEITIANGU	wujianneitiangu	1	1	WUJIANNEITIANGU	mechanical_normalization	no
LVHAN 1	lvhan1	1	1	LVHAN 1	mechanical_normalization	no
HANHUI 15	hanhui15	1	1	HANHUI 15	mechanical_normalization	no
XieqingzaoB	xieqingzaob	1	1	XieqingzaoB	mechanical_normalization	no
11390	11390	1	1	11390	mechanical_normalization	yes
Near_Iso-genic_Lines	nearisogeniclines	1	1	Near_Iso-genic_Lines	mechanical_normalization	no
Chenghui881	chenghui881	1	1	Chenghui881	mechanical_normalization	no
Kanghui63	kanghui63	1	1	Kanghui63	mechanical_normalization	no
99-14	9914	1	1	99-14	mechanical_normalization	yes
R5431	r5431	1	1	R5431	mechanical_normalization	yes
Luhui317	luhui317	1	1	Luhui317	mechanical_normalization	no
Yuenanhongmi	yuenanhongmi	1	1	Yuenanhongmi	mechanical_normalization	no
Hongxiangmi	hongxiangmi	1	1	Hongxiangmi	mechanical_normalization	no
Zixiangmi	zixiangmi	1	1	Zixiangmi	mechanical_normalization	no
Guojisuo1hao	guojisuo1hao	1	1	Guojisuo1hao	mechanical_normalization	no
IR6	ir6	1	1	IR6	mechanical_normalization	yes
Guanghui880	guanghui880	1	1	Guanghui880	mechanical_normalization	no
S112xuan	s112xuan	1	1	S112xuan	mechanical_normalization	no
Wusansimiao	wusansimiao	1	1	Wusansimiao	mechanical_normalization	no
Huarun2hao	huarun2hao	1	1	Huarun2hao	mechanical_normalization	no
Yue4B	yue4b	1	1	Yue4B	mechanical_normalization	yes
WuxiangB	wuxiangb	1	1	WuxiangB	mechanical_normalization	no
32B	32b	1	1	32B	mechanical_normalization	yes
R1128	r1128	1	1	R1128	mechanical_normalization	yes
Jinhui18	jinhui18	1	1	Jinhui18	mechanical_normalization	no
Shuhui881	shuhui881	1	1	Shuhui881	mechanical_normalization	no
Taizhong1hao	taizhong1hao	1	1	Taizhong1hao	mechanical_normalization	no
R287	r287	1	1	R287	mechanical_normalization	yes
Manghui	manghui	1	1	Manghui	mechanical_normalization	no
CMS05_WufengA	cms05wufenga	1	1	CMS05_WufengA	mechanical_normalization	no
CMS03_De5A	cms03de5a	1	1	CMS03_De5A	mechanical_normalization	no
CH1157	ch1157	1	1	CH1157	mechanical_normalization	yes
PC311	pc311	1	1	PC311	mechanical_normalization	yes
Neda	neda	1	1	Neda	mechanical_normalization	no
Niwahutaw Mochi	niwahutawmochi	1	1	Niwahutaw Mochi	mechanical_normalization	no
Yong Chal Byo	yongchalbyo	1	1	Yong Chal Byo	mechanical_normalization	no
Tobura	tobura	1	1	Tobura	mechanical_normalization	no
ECIA76-S89-1	ecia76s891	1	1	ECIA76-S89-1	mechanical_normalization	no
Ak Tokhum	aktokhum	1	1	Ak Tokhum	mechanical_normalization	no
WIR 3039	wir3039	1	1	WIR 3039	mechanical_normalization	yes
KUBANETS 508	kubanets508	1	1	KUBANETS 508	mechanical_normalization	no
Red	red	1	1	Red	mechanical_normalization	no
BLUE STICK	bluestick	1	1	BLUE STICK	mechanical_normalization	no
PD 46	pd46	1	1	PD 46	mechanical_normalization	yes
Won Son Zo No. 11	wonsonzono11	1	1	Won Son Zo No. 11	mechanical_normalization	no
NC 1/536	nc1536	1	1	NC 1/536	mechanical_normalization	yes
Khao Luang	khaoluang	1	1	Khao Luang	mechanical_normalization	no
Ardito	ardito	1	1	Ardito	mechanical_normalization	no
Buphopa	buphopa	1	1	Buphopa	mechanical_normalization	no
UZ ROSZ M38	uzroszm38	1	1	UZ ROSZ M38	mechanical_normalization	no
NORIN 11	norin11	1	1	NORIN 11	mechanical_normalization	no
KRASNODARSKIJ 3352	krasnodarskij3352	1	1	KRASNODARSKIJ 3352	mechanical_normalization	no
Pakkali	pakkali	1	1	Pakkali	mechanical_normalization	no
Italica Carolina	italicacarolina	1	1	Italica Carolina	mechanical_normalization	no
A 36-3	a363	1	1	A 36-3	mechanical_normalization	yes
Sereno	sereno	1	1	Sereno	mechanical_normalization	no
Karabaschak	karabaschak	1	1	Karabaschak	mechanical_normalization	no
Romeno	romeno	1	1	Romeno	mechanical_normalization	no
Jyanak	jyanak	1	1	Jyanak	mechanical_normalization	no
DJ 102	dj102	1	1	DJ 102	mechanical_normalization	yes
Srav Prapay	sravprapay	1	1	Srav Prapay	mechanical_normalization	no
Karayal	karayal	1	1	Karayal	mechanical_normalization	no
Gallawa	gallawa	1	1	Gallawa	mechanical_normalization	no
Egyptian Wild Type	egyptianwildtype	1	1	Egyptian Wild Type	mechanical_normalization	no
4484	4484	1	1	4484	mechanical_normalization	yes
British Honduras Creole	britishhondurascreole	1	1	British Honduras Creole	mechanical_normalization	no
KAUKKYI ANI	kaukkyiani	1	1	KAUKKYI ANI	mechanical_normalization	no
TONO BREA 439	tonobrea439	1	1	TONO BREA 439	mechanical_normalization	no
TAINUNG 45	tainung45	1	1	TAINUNG 45	mechanical_normalization	no
IR 2061-214-2-3	ir206121423	1	1	IR 2061-214-2-3	mechanical_normalization	yes
AKP 4	akp4	1	1	AKP 4	mechanical_normalization	yes
Tranoeup Beykher	tranoeupbeykher	1	1	Tranoeup Beykher	mechanical_normalization	no
IARI 6621	iari6621	1	1	IARI 6621	mechanical_normalization	yes
R 67	r67	1	1	R 67	mechanical_normalization	yes
Criollo Chivacoa 2	criollochivacoa2	1	1	Criollo Chivacoa 2	mechanical_normalization	no
Hanghui570	hanghui570	1	1	Hanghui570	mechanical_normalization	no
Wanlixian	wanlixian	1	1	Wanlixian	mechanical_normalization	no
Taher	taher	1	1	Taher	mechanical_normalization	no
Kian	kian	1	1	Kian	mechanical_normalization	no
Sherpa	sherpa	1	1	Sherpa	mechanical_normalization	no
Kitaake FN4253-S	kitaakefn4253s	1	1	Kitaake FN4253-S	mechanical_normalization	no
Kitaake FN4249-S	kitaakefn4249s	1	1	Kitaake FN4249-S	mechanical_normalization	no
Kitaake FN4260-S	kitaakefn4260s	1	1	Kitaake FN4260-S	mechanical_normalization	no
Kitaake FN4305-S	kitaakefn4305s	1	1	Kitaake FN4305-S	mechanical_normalization	no
632	632	1	1	632	mechanical_normalization	yes
622	622	1	1	622	mechanical_normalization	yes
621	621	1	1	621	mechanical_normalization	yes
612	612	1	1	612	mechanical_normalization	yes
609	609	1	1	609	mechanical_normalization	yes
1264	1264	1	1	1264	mechanical_normalization	yes
1255	1255	1	1	1255	mechanical_normalization	yes
1252	1252	1	1	1252	mechanical_normalization	yes
1245	1245	1	1	1245	mechanical_normalization	yes
1226	1226	1	1	1226	mechanical_normalization	yes
1203	1203	1	1	1203	mechanical_normalization	yes
844	844	1	1	844	mechanical_normalization	yes
837	837	1	1	837	mechanical_normalization	yes
812	812	1	1	812	mechanical_normalization	yes
811	811	1	1	811	mechanical_normalization	yes
798	798	1	1	798	mechanical_normalization	yes
797	797	1	1	797	mechanical_normalization	yes
1108	1108	1	1	1108	mechanical_normalization	yes
762	762	1	1	762	mechanical_normalization	yes
440	440	1	1	440	mechanical_normalization	yes
44	44	1	1	44	mechanical_normalization	yes
436	436	1	1	436	mechanical_normalization	yes
427	427	1	1	427	mechanical_normalization	yes
1449	1449	1	1	1449	mechanical_normalization	yes
1438	1438	1	1	1438	mechanical_normalization	yes
1403	1403	1	1	1403	mechanical_normalization	yes
1395	1395	1	1	1395	mechanical_normalization	yes
1079	1079	1	1	1079	mechanical_normalization	yes
596	596	1	1	596	mechanical_normalization	yes
591	591	1	1	591	mechanical_normalization	yes
585	585	1	1	585	mechanical_normalization	yes
581	581	1	1	581	mechanical_normalization	yes
565	565	1	1	565	mechanical_normalization	yes
561	561	1	1	561	mechanical_normalization	yes
558	558	1	1	558	mechanical_normalization	yes
557	557	1	1	557	mechanical_normalization	yes
556	556	1	1	556	mechanical_normalization	yes
50	50	1	1	50	mechanical_normalization	yes
495	495	1	1	495	mechanical_normalization	yes
491	491	1	1	491	mechanical_normalization	yes
472	472	1	1	472	mechanical_normalization	yes
471	471	1	1	471	mechanical_normalization	yes
470	470	1	1	470	mechanical_normalization	yes
1380	1380	1	1	1380	mechanical_normalization	yes
1373	1373	1	1	1373	mechanical_normalization	yes
1372	1372	1	1	1372	mechanical_normalization	yes
1348	1348	1	1	1348	mechanical_normalization	yes
1044	1044	1	1	1044	mechanical_normalization	yes
1166	1166	1	1	1166	mechanical_normalization	yes
996	996	1	1	996	mechanical_normalization	yes
973	973	1	1	973	mechanical_normalization	yes
941	941	1	1	941	mechanical_normalization	yes
1120	1120	1	1	1120	mechanical_normalization	yes
916	916	1	1	916	mechanical_normalization	yes
897	897	1	1	897	mechanical_normalization	yes
885	885	1	1	885	mechanical_normalization	yes
876	876	1	1	876	mechanical_normalization	yes
730	730	1	1	730	mechanical_normalization	yes
717	717	1	1	717	mechanical_normalization	yes
713	713	1	1	713	mechanical_normalization	yes
700	700	1	1	700	mechanical_normalization	yes
1099	1099	1	1	1099	mechanical_normalization	yes
692	692	1	1	692	mechanical_normalization	yes
1098	1098	1	1	1098	mechanical_normalization	yes
681	681	1	1	681	mechanical_normalization	yes
1305	1305	1	1	1305	mechanical_normalization	yes
547	547	1	1	547	mechanical_normalization	yes
543	543	1	1	543	mechanical_normalization	yes
532	532	1	1	532	mechanical_normalization	yes
530	530	1	1	530	mechanical_normalization	yes
516	516	1	1	516	mechanical_normalization	yes
511	511	1	1	511	mechanical_normalization	yes
1006	1006	1	1	1006	mechanical_normalization	yes
V224_Dongnong9220	v224dongnong9220	1	1	V224_Dongnong9220	mechanical_normalization	no
V218_Dongnong9101	v218dongnong9101	1	1	V218_Dongnong9101	mechanical_normalization	no
V217_Dongnong9008	v217dongnong9008	1	1	V217_Dongnong9008	mechanical_normalization	no
V186_Puyou17	v186puyou17	1	1	V186_Puyou17	mechanical_normalization	no
V019_Guangtouzijian	v019guangtouzijian	1	1	V019_Guangtouzijian	mechanical_normalization	no
V175_Song01-173	v175song01173	1	1	V175_Song01-173	mechanical_normalization	no
V018_Fuguo	v018fuguo	1	1	V018_Fuguo	mechanical_normalization	no
V172_Song02-212	v172song02212	1	1	V172_Song02-212	mechanical_normalization	no
V171_Song98-131	v171song98131	1	1	V171_Song98-131	mechanical_normalization	no
V166_Songgeng6	v166songgeng6	1	1	V166_Songgeng6	mechanical_normalization	no
V162_Songgeng1	v162songgeng1	1	1	V162_Songgeng1	mechanical_normalization	no
V414_Jiahezaozhan	v414jiahezaozhan	1	1	V414_Jiahezaozhan	mechanical_normalization	no
V392_otaebyeo	v392otaebyeo	1	1	V392_otaebyeo	mechanical_normalization	no
V016_Erbaimao	v016erbaimao	1	1	V016_Erbaimao	mechanical_normalization	no
V150_Mudanjiang8	v150mudanjiang8	1	1	V150_Mudanjiang8	mechanical_normalization	no
V142_Longdun102	v142longdun102	1	1	V142_Longdun102	mechanical_normalization	no
V141_Longdun93-389	v141longdun93389	1	1	V141_Longdun93-389	mechanical_normalization	no
V139_Suixiang05-967	v139suixiang05967	1	1	V139_Suixiang05-967	mechanical_normalization	no
V138_Sui93-6165	v138sui936165	1	1	V138_Sui93-6165	mechanical_normalization	no
V137_Sui91-5193	v137sui915193	1	1	V137_Sui91-5193	mechanical_normalization	no
V269_Jigeng106	v269jigeng106	1	1	V269_Jigeng106	mechanical_normalization	no
V267_Jigeng102	v267jigeng102	1	1	V267_Jigeng102	mechanical_normalization	no
V260_Jigeng82	v260jigeng82	1	1	V260_Jigeng82	mechanical_normalization	no
V258_Jigeng77	v258jigeng77	1	1	V258_Jigeng77	mechanical_normalization	no
V251_Gongjiao13	v251gongjiao13	1	1	V251_Gongjiao13	mechanical_normalization	no
V248_Changbai17	v248changbai17	1	1	V248_Changbai17	mechanical_normalization	no
V208_Dongnong4201	v208dongnong4201	1	1	V208_Dongnong4201	mechanical_normalization	no
V206_Dongnong430	v206dongnong430	1	1	V206_Dongnong430	mechanical_normalization	no
V003_ishikari	v003ishikari	1	1	V003_ishikari	mechanical_normalization	no
V202_Dongnong426	v202dongnong426	1	1	V202_Dongnong426	mechanical_normalization	no
V196_Dongnong420	v196dongnong420	1	1	V196_Dongnong420	mechanical_normalization	no
V195_Dongnong419	v195dongnong419	1	1	V195_Dongnong419	mechanical_normalization	no
V193_Dongnong416	v193dongnong416	1	1	V193_Dongnong416	mechanical_normalization	no
V062_Kenjiandao6	v062kenjiandao6	1	1	V062_Kenjiandao6	mechanical_normalization	no
V061_Kenjiandao3	v061kenjiandao3	1	1	V061_Kenjiandao3	mechanical_normalization	no
V007_gengou	v007gengou	1	1	V007_gengou	mechanical_normalization	no
V555_Longgeng31	v555longgeng31	1	1	V555_Longgeng31	mechanical_normalization	no
V055_Kendao8	v055kendao8	1	1	V055_Kendao8	mechanical_normalization	no
V545_Yangeng_5	v545yangeng5	1	1	V545_Yangeng_5	mechanical_normalization	no
V544_Jia_8	v544jia8	1	1	V544_Jia_8	mechanical_normalization	no
V507_Suigeng11	v507suigeng11	1	1	V507_Suigeng11	mechanical_normalization	no
V499_Mudanjiang22	v499mudanjiang22	1	1	V499_Mudanjiang22	mechanical_normalization	no
V498_Mudanjiang21	v498mudanjiang21	1	1	V498_Mudanjiang21	mechanical_normalization	no
V496_Mudanjiang10	v496mudanjiang10	1	1	V496_Mudanjiang10	mechanical_normalization	no
V049_fuchihikari	v049fuchihikari	1	1	V049_fuchihikari	mechanical_normalization	no
V478_Hejiang16	v478hejiang16	1	1	V478_Hejiang16	mechanical_normalization	no
V329_Liaogeng912	v329liaogeng912	1	1	V329_Liaogeng912	mechanical_normalization	no
V323_Dangeng8	v323dangeng8	1	1	V323_Dangeng8	mechanical_normalization	no
V322_Shengeng9	v322shengeng9	1	1	V322_Shengeng9	mechanical_normalization	no
V315_Yan301	v315yan301	1	1	V315_Yan301	mechanical_normalization	no
V312_Tongyu329-3	v312tongyu3293	1	1	V312_Tongyu329-3	mechanical_normalization	no
V304_Tongyu250	v304tongyu250	1	1	V304_Tongyu250	mechanical_normalization	no
V303_Tongyu241	v303tongyu241	1	1	V303_Tongyu241	mechanical_normalization	no
V302_Tongyu211	v302tongyu211	1	1	V302_Tongyu211	mechanical_normalization	no
V295_Songliao1	v295songliao1	1	1	V295_Songliao1	mechanical_normalization	no
V294_99-F-41	v29499f41	1	1	V294_99-F-41	mechanical_normalization	no
V292_Teyou21	v292teyou21	1	1	V292_Teyou21	mechanical_normalization	no
V288_Teyou13	v288teyou13	1	1	V288_Teyou13	mechanical_normalization	no
V286_Pinnuo19	v286pinnuo19	1	1	V286_Pinnuo19	mechanical_normalization	no
V280_Shuangfeng8	v280shuangfeng8	1	1	V280_Shuangfeng8	mechanical_normalization	no
V278_Jifeng28	v278jifeng28	1	1	V278_Jifeng28	mechanical_normalization	no
V274_Xinnian1	v274xinnian1	1	1	V274_Xinnian1	mechanical_normalization	no
V129_Suigeng8	v129suigeng8	1	1	V129_Suigeng8	mechanical_normalization	no
V125_Suigeng4	v125suigeng4	1	1	V125_Suigeng4	mechanical_normalization	no
V013_xiaotiandai_5	v013xiaotiandai5	1	1	V013_xiaotiandai_5	mechanical_normalization	no
V120_Longdao9	v120longdao9	1	1	V120_Longdao9	mechanical_normalization	no
V119_Longdao8	v119longdao8	1	1	V119_Longdao8	mechanical_normalization	no
V118_Longdao7	v118longdao7	1	1	V118_Longdao7	mechanical_normalization	no
V110_Longnuo2	v110longnuo2	1	1	V110_Longnuo2	mechanical_normalization	no
V106_Longsheng01-107	v106longsheng01107	1	1	V106_Longsheng01-107	mechanical_normalization	no
V102_Longjiao04-908	v102longjiao04908	1	1	V102_Longjiao04-908	mechanical_normalization	no
V002_norin_20	v002norin20	1	1	V002_norin_20	mechanical_normalization	no
V089_Longgeng22	v089longgeng22	1	1	V089_Longgeng22	mechanical_normalization	no
V009_xiaobaimao	v009xiaobaimao	1	1	V009_xiaobaimao	mechanical_normalization	no
V080_Longgeng12	v080longgeng12	1	1	V080_Longgeng12	mechanical_normalization	no
V008_laoguangtou	v008laoguangtou	1	1	V008_laoguangtou	mechanical_normalization	no
V384_samchun	v384samchun	1	1	V384_samchun	mechanical_normalization	no
V377_gumoh	v377gumoh	1	1	V377_gumoh	mechanical_normalization	no
V374_pyeongyang	v374pyeongyang	1	1	V374_pyeongyang	mechanical_normalization	no
V038_Qingniantehao	v038qingniantehao	1	1	V038_Qingniantehao	mechanical_normalization	no
V368_tentai	v368tentai	1	1	V368_tentai	mechanical_normalization	no
V364_fukei_144	v364fukei144	1	1	V364_fukei_144	mechanical_normalization	no
V358_yamakata_86	v358yamakata86	1	1	V358_yamakata_86	mechanical_normalization	no
V352_satonouta	v352satonouta	1	1	V352_satonouta	mechanical_normalization	no
V349_isaomochi	v349isaomochi	1	1	V349_isaomochi	mechanical_normalization	no
V337_Liaoyan241	v337liaoyan241	1	1	V337_Liaoyan241	mechanical_normalization	no
V540_Xiushui_124	v540xiushui124	1	1	V540_Xiushui_124	mechanical_normalization	no
V521_Longxiangdao1	v521longxiangdao1	1	1	V521_Longxiangdao1	mechanical_normalization	no
V518_Songgeng15	v518songgeng15	1	1	V518_Songgeng15	mechanical_normalization	no
V516_Songgeng13	v516songgeng13	1	1	V516_Songgeng13	mechanical_normalization	no
V471_Hejiang6	v471hejiang6	1	1	V471_Hejiang6	mechanical_normalization	no
V465_Longgeng32	v465longgeng32	1	1	V465_Longgeng32	mechanical_normalization	no
V047_hamaasahi	v047hamaasahi	1	1	V047_hamaasahi	mechanical_normalization	no
V461_Longgeng10	v461longgeng10	1	1	V461_Longgeng10	mechanical_normalization	no
V453_Kennuo1	v453kennuo1	1	1	V453_Kennuo1	mechanical_normalization	no
V451_Kengeng3	v451kengeng3	1	1	V451_Kengeng3	mechanical_normalization	no
V446_Kendao19	v446kendao19	1	1	V446_Kendao19	mechanical_normalization	no
V443_Kendao15	v443kendao15	1	1	V443_Kendao15	mechanical_normalization	no
V441_Kendao11	v441kendao11	1	1	V441_Kendao11	mechanical_normalization	no
V433_waswaomori	v433waswaomori	1	1	V433_waswaomori	mechanical_normalization	no
V432_xingguo	v432xingguo	1	1	V432_xingguo	mechanical_normalization	no
V431_guoguang	v431guoguang	1	1	V431_guoguang	mechanical_normalization	no
V430_aomori_5	v430aomori5	1	1	V430_aomori_5	mechanical_normalization	no
V425_Ha093-32	v425ha09332	1	1	V425_Ha093-32	mechanical_normalization	no
V424_32021	v42432021	1	1	V424_32021	mechanical_normalization	yes
V025_Hejiang1	v025hejiang1	1	1	V025_Hejiang1	mechanical_normalization	no
V238_Changbai6	v238changbai6	1	1	V238_Changbai6	mechanical_normalization	no
V024_Longxiangdao2	v024longxiangdao2	1	1	V024_Longxiangdao2	mechanical_normalization	no
PN9	pn9	1	1	PN9	mechanical_normalization	yes
PN6	pn6	1	1	PN6	mechanical_normalization	yes
PN34	pn34	1	1	PN34	mechanical_normalization	yes
PN33	pn33	1	1	PN33	mechanical_normalization	yes
PN29	pn29	1	1	PN29	mechanical_normalization	yes
PN3	pn3	1	1	PN3	mechanical_normalization	yes
PN14	pn14	1	1	PN14	mechanical_normalization	yes
Huanghuazhan:HM2-S55	huanghuazhanhm2s55	1	1	Huanghuazhan:HM2-S55	mechanical_normalization	no
Shanyou63	shanyou63	1	1	Shanyou63	mechanical_normalization	no
AP423	ap423	1	1	AP423	mechanical_normalization	yes
MOLOK	molok	1	1	MOLOK	mechanical_normalization	no
Giza14	giza14	1	1	Giza14	mechanical_normalization	yes
FENG-AI-ZAN	fengaizan	1	1	FENG-AI-ZAN	mechanical_normalization	no
ASD18	asd18	1	1	ASD18	mechanical_normalization	yes
Xudao2	xudao2	1	1	Xudao2	mechanical_normalization	no
Dongtingwanxian2	dongtingwanxian2	1	1	Dongtingwanxian2	mechanical_normalization	no
Yanggeng806	yanggeng806	1	1	Yanggeng806	mechanical_normalization	no
Zhengeng232	zhengeng232	1	1	Zhengeng232	mechanical_normalization	no
Jinnanfeng	jinnanfeng	1	1	Jinnanfeng	mechanical_normalization	no
Liming	liming	1	1	Liming	mechanical_normalization	no
Jinkeyou651	jinkeyou651	1	1	Jinkeyou651	mechanical_normalization	no
Sidao8	sidao8	1	1	Sidao8	mechanical_normalization	no
G40871	g40871	1	1	G40871	mechanical_normalization	yes
G40111	g40111	1	1	G40111	mechanical_normalization	yes
G40801	g40801	1	1	G40801	mechanical_normalization	yes
G40731	g40731	1	1	G40731	mechanical_normalization	yes
G40711	g40711	1	1	G40711	mechanical_normalization	yes
G40701	g40701	1	1	G40701	mechanical_normalization	yes
G40661	g40661	1	1	G40661	mechanical_normalization	yes
G40631	g40631	1	1	G40631	mechanical_normalization	yes
G40621	g40621	1	1	G40621	mechanical_normalization	yes
G40242	g40242	1	1	G40242	mechanical_normalization	yes
G42391	g42391	1	1	G42391	mechanical_normalization	yes
G42371	g42371	1	1	G42371	mechanical_normalization	yes
G42361	g42361	1	1	G42361	mechanical_normalization	yes
G42351	g42351	1	1	G42351	mechanical_normalization	yes
G40231	g40231	1	1	G40231	mechanical_normalization	yes
G42191	g42191	1	1	G42191	mechanical_normalization	yes
G42031	g42031	1	1	G42031	mechanical_normalization	yes
G42001	g42001	1	1	G42001	mechanical_normalization	yes
G40581	g40581	1	1	G40581	mechanical_normalization	yes
G40571	g40571	1	1	G40571	mechanical_normalization	yes
G40531	g40531	1	1	G40531	mechanical_normalization	yes
G40521	g40521	1	1	G40521	mechanical_normalization	yes
G40341	g40341	1	1	G40341	mechanical_normalization	yes
G40271	g40271	1	1	G40271	mechanical_normalization	yes
G41721	g41721	1	1	G41721	mechanical_normalization	yes
G41681	g41681	1	1	G41681	mechanical_normalization	yes
G41611	g41611	1	1	G41611	mechanical_normalization	yes
G41191	g41191	1	1	G41191	mechanical_normalization	yes
G41141	g41141	1	1	G41141	mechanical_normalization	yes
G41121	g41121	1	1	G41121	mechanical_normalization	yes
G41051	g41051	1	1	G41051	mechanical_normalization	yes
G41021	g41021	1	1	G41021	mechanical_normalization	yes
G40961	g40961	1	1	G40961	mechanical_normalization	yes
G40951	g40951	1	1	G40951	mechanical_normalization	yes
G41521	g41521	1	1	G41521	mechanical_normalization	yes
G41511	g41511	1	1	G41511	mechanical_normalization	yes
G41481	g41481	1	1	G41481	mechanical_normalization	yes
G41421	g41421	1	1	G41421	mechanical_normalization	yes
G41331	g41331	1	1	G41331	mechanical_normalization	yes
G41271	g41271	1	1	G41271	mechanical_normalization	yes
G40011	g40011	1	1	G40011	mechanical_normalization	yes
Dodeog13	dodeog13	1	1	Dodeog13	mechanical_normalization	no
Dodeog12	dodeog12	1	1	Dodeog12	mechanical_normalization	no
Dodeog1	dodeog1	1	1	Dodeog1	mechanical_normalization	no
Daedong3	daedong3	1	1	Daedong3	mechanical_normalization	no
Gwiseong7	gwiseong7	1	1	Gwiseong7	mechanical_normalization	no
Ganggye 11	ganggye11	1	1	Ganggye 11	mechanical_normalization	no
Gwiseong4	gwiseong4	1	1	Gwiseong4	mechanical_normalization	no
Gwiseong3	gwiseong3	1	1	Gwiseong3	mechanical_normalization	no
Gwiseong2	gwiseong2	1	1	Gwiseong2	mechanical_normalization	no
Gwiseong11	gwiseong11	1	1	Gwiseong11	mechanical_normalization	no
Pyeongang6	pyeongang6	1	1	Pyeongang6	mechanical_normalization	no
Tongcheon3	tongcheon3	1	1	Tongcheon3	mechanical_normalization	no
Wonju5	wonju5	1	1	Wonju5	mechanical_normalization	no
Onseong8	onseong8	1	1	Onseong8	mechanical_normalization	no
Onseong7	onseong7	1	1	Onseong7	mechanical_normalization	no
Onseong6	onseong6	1	1	Onseong6	mechanical_normalization	no
Seoktap7	seoktap7	1	1	Seoktap7	mechanical_normalization	no
Onseong4	onseong4	1	1	Onseong4	mechanical_normalization	no
Onseong14	onseong14	1	1	Onseong14	mechanical_normalization	no
Ganggye 8	ganggye8	1	1	Ganggye 8	mechanical_normalization	no
Yangsan5	yangsan5	1	1	Yangsan5	mechanical_normalization	no
Yangsan1	yangsan1	1	1	Yangsan1	mechanical_normalization	no
Songam 1	songam1	1	1	Songam 1	mechanical_normalization	no
Sepu6	sepu6	1	1	Sepu6	mechanical_normalization	yes
Gajin2	gajin2	1	1	Gajin2	mechanical_normalization	no
Seoktap4	seoktap4	1	1	Seoktap4	mechanical_normalization	no
Byeogseong2	byeogseong2	1	1	Byeogseong2	mechanical_normalization	no
Dodeog8	dodeog8	1	1	Dodeog8	mechanical_normalization	no
Ganggye 3	ganggye3	1	1	Ganggye 3	mechanical_normalization	no
Dodeog6	dodeog6	1	1	Dodeog6	mechanical_normalization	no
Dodeog5	dodeog5	1	1	Dodeog5	mechanical_normalization	no
Dodeog4	dodeog4	1	1	Dodeog4	mechanical_normalization	no
Dodeog18	dodeog18	1	1	Dodeog18	mechanical_normalization	no
Dodeog16	dodeog16	1	1	Dodeog16	mechanical_normalization	no
Gangnyeong7	gangnyeong7	1	1	Gangnyeong7	mechanical_normalization	no
Hoeyang3	hoeyang3	1	1	Hoeyang3	mechanical_normalization	no
Hoeyang2	hoeyang2	1	1	Hoeyang2	mechanical_normalization	no
Hwadae9	hwadae9	1	1	Hwadae9	mechanical_normalization	no
Hwadae7	hwadae7	1	1	Hwadae7	mechanical_normalization	no
Hwadae5	hwadae5	1	1	Hwadae5	mechanical_normalization	no
Hwadae11	hwadae11	1	1	Hwadae11	mechanical_normalization	no
Heocheon2	heocheon2	1	1	Heocheon2	mechanical_normalization	no
SR35250-2-19-3-1	sr3525021931	1	1	SR35250-2-19-3-1	mechanical_normalization	yes
KBRV4	kbrv4	1	1	KBRV4	mechanical_normalization	yes
JKE56-30	jke5630	1	1	JKE56-30	mechanical_normalization	yes
JKE56-12	jke5612	1	1	JKE56-12	mechanical_normalization	yes
JKE56-3	jke563	1	1	JKE56-3	mechanical_normalization	yes
AgKE99-26	agke9926	1	1	AgKE99-26	mechanical_normalization	yes
AgKE99-32	agke9932	1	1	AgKE99-32	mechanical_normalization	yes
DigJas-3	digjas3	1	1	DigJas-3	mechanical_normalization	no
Tog7291	tog7291	1	1	Tog7291	mechanical_normalization	yes
CRI-1-11-15-21	cri1111521	1	1	CRI-1-11-15-21	mechanical_normalization	yes
BETIA	betia	1	1	BETIA	mechanical_normalization	no
ART64-55-1-1-B-B	art645511bb	1	1	ART64-55-1-1-B-B	mechanical_normalization	no
PAGAIYAHAN	pagaiyahan	1	1	PAGAIYAHAN	mechanical_normalization	no
Hualien133	hualien133	1	1	Hualien133	mechanical_normalization	no
043S	043s	1	1	043S	mechanical_normalization	yes
620S	620s	1	1	620S	mechanical_normalization	yes
177S	177s	1	1	177S	mechanical_normalization	yes
86315S	86315s	1	1	86315S	mechanical_normalization	yes
JindaoA6	jindaoa6	1	1	JindaoA6	mechanical_normalization	no
Ya5A	ya5a	1	1	Ya5A	mechanical_normalization	yes
JindaoA18	jindaoa18	1	1	JindaoA18	mechanical_normalization	no
13A51	13a51	1	1	13A51	mechanical_normalization	no
JindaoA1	jindaoa1	1	1	JindaoA1	mechanical_normalization	no
BKOCK2	bkock2	1	1	BKOCK2	mechanical_normalization	no
Ble te lo	bletelo	1	1	Ble te lo	mechanical_normalization	no
Khau Mac Buoc	khaumacbuoc	1	1	Khau Mac Buoc	mechanical_normalization	no
Goryeong 13	goryeong13	1	1	Goryeong 13	mechanical_normalization	no
Cheongpum	cheongpum	1	1	Cheongpum	mechanical_normalization	no
Jonajo	jonajo	1	1	Jonajo	mechanical_normalization	no
Jeonggijosaeng	jeonggijosaeng	1	1	Jeonggijosaeng	mechanical_normalization	no
Mahyangjodo	mahyangjodo	1	1	Mahyangjodo	mechanical_normalization	no
Heugjinju	heugjinju	1	1	Heugjinju	mechanical_normalization	no
Mipum	mipum	1	1	Mipum	mechanical_normalization	no
Sandudo	sandudo	1	1	Sandudo	mechanical_normalization	no
Sanbyeo	sanbyeo	1	1	Sanbyeo	mechanical_normalization	no
Daechan	daechan	1	1	Daechan	mechanical_normalization	no
Chucheong	chucheong	1	1	Chucheong	mechanical_normalization	no
Ilmi	ilmi	1	1	Ilmi	mechanical_normalization	no
Chindeul	chindeul	1	1	Chindeul	mechanical_normalization	no
Nongbaeg	nongbaeg	1	1	Nongbaeg	mechanical_normalization	no
Palgoeng	palgoeng	1	1	Palgoeng	mechanical_normalization	no
Soemeorijijang	soemeorijijang	1	1	Soemeorijijang	mechanical_normalization	no
Seogandodo	seogandodo	1	1	Seogandodo	mechanical_normalization	no
Ssangdujo	ssangdujo	1	1	Ssangdujo	mechanical_normalization	no
Sangdo	sangdo	1	1	Sangdo	mechanical_normalization	no
Mijo	mijo	1	1	Mijo	mechanical_normalization	no
Muando	muando	1	1	Muando	mechanical_normalization	no
Inwol	inwol	1	1	Inwol	mechanical_normalization	no
Wonhwang	wonhwang	1	1	Wonhwang	mechanical_normalization	no
Sangmi	sangmi	1	1	Sangmi	mechanical_normalization	no
Hwaseongbatchal	hwaseongbatchal	1	1	Hwaseongbatchal	mechanical_normalization	no
Sambaegbyeo	sambaegbyeo	1	1	Sambaegbyeo	mechanical_normalization	no
Wonjona	wonjona	1	1	Wonjona	mechanical_normalization	no
Jaeraejongna	jaeraejongna	1	1	Jaeraejongna	mechanical_normalization	no
Okkyung	okkyung	1	1	Okkyung	mechanical_normalization	no
Mollabyeo	mollabyeo	1	1	Mollabyeo	mechanical_normalization	no
Olmutge	olmutge	1	1	Olmutge	mechanical_normalization	no
Nado	nado	1	1	Nado	mechanical_normalization	no
Gujungdo 99	gujungdo99	1	1	Gujungdo 99	mechanical_normalization	no
Taeseong	taeseong	1	1	Taeseong	mechanical_normalization	no
Namwonbyeo	namwonbyeo	1	1	Namwonbyeo	mechanical_normalization	no
Hwajinbyeo	hwajinbyeo	1	1	Hwajinbyeo	mechanical_normalization	no
Ggaebyeo	ggaebyeo	1	1	Ggaebyeo	mechanical_normalization	no
Gaekjujodo	gaekjujodo	1	1	Gaekjujodo	mechanical_normalization	no
Hwangtojo	hwangtojo	1	1	Hwangtojo	mechanical_normalization	no
Pibyeo	pibyeo	1	1	Pibyeo	mechanical_normalization	no
Jinhwa	jinhwa	1	1	Jinhwa	mechanical_normalization	no
Sinunbong 1	sinunbong1	1	1	Sinunbong 1	mechanical_normalization	no
Seoan 1	seoan1	1	1	Seoan 1	mechanical_normalization	no
jaeraejodo	jaeraejodo	1	1	jaeraejodo	mechanical_normalization	no
Nagdong	nagdong	1	1	Nagdong	mechanical_normalization	no
Migwang	migwang	1	1	Migwang	mechanical_normalization	no
Mojodo	mojodo	1	1	Mojodo	mechanical_normalization	no
Heugseol	heugseol	1	1	Heugseol	mechanical_normalization	no
Heugkwang	heugkwang	1	1	Heugkwang	mechanical_normalization	no
Nongan	nongan	1	1	Nongan	mechanical_normalization	no
Namwon 1	namwon1	1	1	Namwon 1	mechanical_normalization	no
Jinheung	jinheung	1	1	Jinheung	mechanical_normalization	no
Kitaake FN2387	kitaakefn2387	1	1	Kitaake FN2387	mechanical_normalization	no
Padi-Arang	padiarang	1	1	Padi-Arang	mechanical_normalization	no
Ma-Zhan	mazhan	1	1	Ma-Zhan	mechanical_normalization	no
Hwang-Mu	hwangmu	1	1	Hwang-Mu	mechanical_normalization	no
Ketan-Ireng2	ketanireng2	1	1	Ketan-Ireng2	mechanical_normalization	no
Kaivari-Samba	kaivarisamba	1	1	Kaivari-Samba	mechanical_normalization	no
Cempo-Turi	cempoturi	1	1	Cempo-Turi	mechanical_normalization	no
Beras-Merah24	berasmerah24	1	1	Beras-Merah24	mechanical_normalization	no
Kum-Kour	kumkour	1	1	Kum-Kour	mechanical_normalization	no
Perurutong-Nb-A	perurutongnba	1	1	Perurutong-Nb-A	mechanical_normalization	no
Ketan-Hitam	ketanhitam	1	1	Ketan-Hitam	mechanical_normalization	no
Yanjing 9967	yanjing9967	1	1	Yanjing 9967	mechanical_normalization	no
Gongzhuling03	gongzhuling03	1	1	Gongzhuling03	mechanical_normalization	no
Yanfeng 47	yanfeng47	1	1	Yanfeng 47	mechanical_normalization	no
Hinohikari	hinohikari	1	1	Hinohikari	mechanical_normalization	no
Hatsuboshi	hatsuboshi	1	1	Hatsuboshi	mechanical_normalization	no
rn802	rn802	1	1	rn802	mechanical_normalization	yes
rn11	rn11	1	1	rn11	mechanical_normalization	yes
rn11x	rn11x	1	1	rn11x	mechanical_normalization	yes
Quannuo669	quannuo669	1	1	Quannuo669	mechanical_normalization	no
Wuyunuo4189	wuyunuo4189	1	1	Wuyunuo4189	mechanical_normalization	no
Zhenzhunuo	zhenzhunuo	1	1	Zhenzhunuo	mechanical_normalization	no
Yufengnuo446	yufengnuo446	1	1	Yufengnuo446	mechanical_normalization	no
Yangjingnuo3	yangjingnuo3	1	1	Yangjingnuo3	mechanical_normalization	no
Wuxiangnuo9106	wuxiangnuo9106	1	1	Wuxiangnuo9106	mechanical_normalization	no
Ningxiangnuo	ningxiangnuo	1	1	Ningxiangnuo	mechanical_normalization	no
Henuo215	henuo215	1	1	Henuo215	mechanical_normalization	no
Guangnuo	guangnuo	1	1	Guangnuo	mechanical_normalization	no
Chunjiangnuo6	chunjiangnuo6	1	1	Chunjiangnuo6	mechanical_normalization	no
Nanjingxiangnuo	nanjingxiangnuo	1	1	Nanjingxiangnuo	mechanical_normalization	no
Yijingnuo7	yijingnuo7	1	1	Yijingnuo7	mechanical_normalization	no
Xiyunuo	xiyunuo	1	1	Xiyunuo	mechanical_normalization	no
Cungunuo	cungunuo	1	1	Cungunuo	mechanical_normalization	no
Zhedaxiangxuenuo	zhedaxiangxuenuo	1	1	Zhedaxiangxuenuo	mechanical_normalization	no
Tainuo163	tainuo163	1	1	Tainuo163	mechanical_normalization	no
Huaijingnuo20	huaijingnuo20	1	1	Huaijingnuo20	mechanical_normalization	no
Zhennuo9713	zhennuo9713	1	1	Zhennuo9713	mechanical_normalization	no
Zhen2036	zhen2036	1	1	Zhen2036	mechanical_normalization	yes
Yannuo326	yannuo326	1	1	Yannuo326	mechanical_normalization	no
Wannuo1	wannuo1	1	1	Wannuo1	mechanical_normalization	no
Xiannuo201	xiannuo201	1	1	Xiannuo201	mechanical_normalization	no
Shaonuo20-240	shaonuo20240	1	1	Shaonuo20-240	mechanical_normalization	no
Hybrid rice 7	hybridrice7	1	1	Hybrid rice 7	mechanical_normalization	no
Hybrid rice 5	hybridrice5	1	1	Hybrid rice 5	mechanical_normalization	no
Huruan1212	huruan1212	1	1	Huruan1212	mechanical_normalization	no
1384	1384	1	1	1384	mechanical_normalization	yes
Liaoxing1	liaoxing1	1	1	Liaoxing1	mechanical_normalization	no
Huhan41	huhan41	1	1	Huhan41	mechanical_normalization	no
SAGCX054	sagcx054	1	1	SAGCX054	mechanical_normalization	no
Yan Geng Ruan Yu1	yangengruanyu1	1	1	Yan Geng Ruan Yu1	mechanical_normalization	no
Qian Hong 9479	qianhong9479	1	1	Qian Hong 9479	mechanical_normalization	no
Tai Wan Zi Nuo	taiwanzinuo	1	1	Tai Wan Zi Nuo	mechanical_normalization	no
Wdr48	wdr48	1	1	Wdr48	mechanical_normalization	yes
Xiang Xue Nuo	xiangxuenuo	1	1	Xiang Xue Nuo	mechanical_normalization	no
Xiang Wan Xian 11Xuan	xiangwanxian11xuan	1	1	Xiang Wan Xian 11Xuan	mechanical_normalization	no
Zao Xian Shuang Gui	zaoxianshuanggui	1	1	Zao Xian Shuang Gui	mechanical_normalization	no
Zhuang Hong Gong Mi	zhuanghonggongmi	1	1	Zhuang Hong Gong Mi	mechanical_normalization	no
Xiao Li Xian	xiaolixian	1	1	Xiao Li Xian	mechanical_normalization	no
Jun Xie	junxie	1	1	Jun Xie	mechanical_normalization	no
Si Zhen 7	sizhen7	1	1	Si Zhen 7	mechanical_normalization	no
P393	p393	1	1	P393	mechanical_normalization	yes
H256-76-1-1-1	h25676111	1	1	H256-76-1-1-1	mechanical_normalization	yes
Jin Dao 272	jindao272	1	1	Jin Dao 272	mechanical_normalization	no
Jia Shao 1	jiashao1	1	1	Jia Shao 1	mechanical_normalization	no
Zheng Long 5	zhenglong5	1	1	Zheng Long 5	mechanical_normalization	no
Zhou9413	zhou9413	1	1	Zhou9413	mechanical_normalization	yes
Jun Lian Zao	junlianzao	1	1	Jun Lian Zao	mechanical_normalization	no
San Yuan 93	sanyuan93	1	1	San Yuan 93	mechanical_normalization	no
Xi Nong 969	xinong969	1	1	Xi Nong 969	mechanical_normalization	no
Lin Dao 18-11	lindao1811	1	1	Lin Dao 18-11	mechanical_normalization	no
Run Nong 6372	runnong6372	1	1	Run Nong 6372	mechanical_normalization	no
Da Niang 309	daniang309	1	1	Da Niang 309	mechanical_normalization	no
Ai Gan Nuo Dao	aigannuodao	1	1	Ai Gan Nuo Dao	mechanical_normalization	no
Yan Nuo 655	yannuo655	1	1	Yan Nuo 655	mechanical_normalization	no
Hui Nong Zao 1	huinongzao1	1	1	Hui Nong Zao 1	mechanical_normalization	no
Tian Yu Dao 1	tianyudao1	1	1	Tian Yu Dao 1	mechanical_normalization	no
Gui Fu 3	guifu3	1	1	Gui Fu 3	mechanical_normalization	no
Chuan Hui 802	chuanhui802	1	1	Chuan Hui 802	mechanical_normalization	no
Guang You 7289	guangyou7289	1	1	Guang You 7289	mechanical_normalization	no
Dong Fu 114	dongfu114	1	1	Dong Fu 114	mechanical_normalization	no
Hui Geng Xiang 1	huigengxiang1	1	1	Hui Geng Xiang 1	mechanical_normalization	no
Yan Geng 237	yangeng237	1	1	Yan Geng 237	mechanical_normalization	no
Tong Yu 337	tongyu337	1	1	Tong Yu 337	mechanical_normalization	no
Wu Yu Geng 35	wuyugeng35	1	1	Wu Yu Geng 35	mechanical_normalization	no
Jx6	jx6	1	1	Jx6	mechanical_normalization	yes
Xin Xiang Geng 1	xinxianggeng1	1	1	Xin Xiang Geng 1	mechanical_normalization	no
Ji Xiang Geng 2	jixianggeng2	1	1	Ji Xiang Geng 2	mechanical_normalization	no
Han Hui 2	hanhui2	1	1	Han Hui 2	mechanical_normalization	no
Gui Hui 051	guihui051	1	1	Gui Hui 051	mechanical_normalization	no
Nan Shang S19B327	nanshangs19b327	1	1	Nan Shang S19B327	mechanical_normalization	no
Su Shang S17B64	sushangs17b64	1	1	Su Shang S17B64	mechanical_normalization	no
Xia Dao 1	xiadao1	1	1	Xia Dao 1	mechanical_normalization	no
Liao Geng 1540	liaogeng1540	1	1	Liao Geng 1540	mechanical_normalization	no
Long Quan Nuo	longquannuo	1	1	Long Quan Nuo	mechanical_normalization	no
Dian Chao 7	dianchao7	1	1	Dian Chao 7	mechanical_normalization	no
Bo Luo Xing An 7	boluoxingan7	1	1	Bo Luo Xing An 7	mechanical_normalization	no
Bai Xuan 1	baixuan1	1	1	Bai Xuan 1	mechanical_normalization	no
Lin You 2	linyou2	1	1	Lin You 2	mechanical_normalization	no
Yun Jeng 3	yunjeng3	1	1	Yun Jeng 3	mechanical_normalization	no
Xiu Geng 34	xiugeng34	1	1	Xiu Geng 34	mechanical_normalization	no
Triomphe Du Maroc	triomphedumaroc	1	1	Triomphe Du Maroc	mechanical_normalization	no
Gan Ju 1	ganju1	1	1	Gan Ju 1	mechanical_normalization	no
Zhong Xiang Huang Zhan	zhongxianghuangzhan	1	1	Zhong Xiang Huang Zhan	mechanical_normalization	no
Bai Guo Nuo	baiguonuo	1	1	Bai Guo Nuo	mechanical_normalization	no
Qian Shan Xue Hua Nuo	qianshanxuehuanuo	1	1	Qian Shan Xue Hua Nuo	mechanical_normalization	no
Zhu Xiang Li Si	zhuxianglisi	1	1	Zhu Xiang Li Si	mechanical_normalization	no
Ke Xiang 1	kexiang1	1	1	Ke Xiang 1	mechanical_normalization	no
Feng Lai Si Miao	fenglaisimiao	1	1	Feng Lai Si Miao	mechanical_normalization	no
Jini Xiang Zhan	jinixiangzhan	1	1	Jini Xiang Zhan	mechanical_normalization	no
Mu Dan Jiang 35	mudanjiang35	1	1	Mu Dan Jiang 35	mechanical_normalization	no
Maudamani	maudamani	1	1	Maudamani	mechanical_normalization	no
DRR Dhan 48	drrdhan48	1	1	DRR Dhan 48	mechanical_normalization	no
Induced haploid 3	inducedhaploid3	1	1	Induced haploid 3	mechanical_normalization	no
Induced haploid 1	inducedhaploid1	1	1	Induced haploid 1	mechanical_normalization	no
Wukejing7375	wukejing7375	1	1	Wukejing7375	mechanical_normalization	no
31	31	1	1	31	mechanical_normalization	yes
23	23	1	1	23	mechanical_normalization	yes
18	18	1	1	18	mechanical_normalization	yes
1	1	1	1	1	mechanical_normalization	yes
seopyeong	seopyeong	1	1	seopyeong	mechanical_normalization	no
seomyeong	seomyeong	1	1	seomyeong	mechanical_normalization	no
odae	odae	1	1	odae	mechanical_normalization	no
jungwonbyeo	jungwonbyeo	1	1	jungwonbyeo	mechanical_normalization	no
joeunheukmi	joeunheukmi	1	1	joeunheukmi	mechanical_normalization	no
jinseolchal	jinseolchal	1	1	jinseolchal	mechanical_normalization	no
Injwa24	injwa24	1	1	Injwa24	mechanical_normalization	no
Ilpumbyeo	ilpumbyeo	1	1	Ilpumbyeo	mechanical_normalization	no
hyangmibyeo1	hyangmibyeo1	1	1	hyangmibyeo1	mechanical_normalization	no
hangaru	hangaru	1	1	hangaru	mechanical_normalization	no
hangangchal1	hangangchal1	1	1	hangangchal1	mechanical_normalization	no
hanareumchal	hanareumchal	1	1	hanareumchal	mechanical_normalization	no
Hamyeong1-1	hamyeong11	1	1	Hamyeong1-1	mechanical_normalization	no
gangbaek	gangbaek	1	1	gangbaek	mechanical_normalization	no
dapyeong	dapyeong	1	1	dapyeong	mechanical_normalization	no
dacheong	dacheong	1	1	dacheong	mechanical_normalization	no
chamdongjin	chamdongjin	1	1	chamdongjin	mechanical_normalization	no
esmeralda-langatabiki	esmeraldalangatabiki	1	1	esmeralda-langatabiki	mechanical_normalization	no
katan	katan	1	1	katan	mechanical_normalization	no
pende-fisi	pendefisi	1	1	pende-fisi	mechanical_normalization	no
dahuangdao	dahuangdao	1	1	dahuangdao	mechanical_normalization	no
xiangzhinuo	xiangzhinuo	1	1	xiangzhinuo	mechanical_normalization	no
heizhong1	heizhong1	1	1	heizhong1	mechanical_normalization	no
xiaohongdao4	xiaohongdao4	1	1	xiaohongdao4	mechanical_normalization	no
xiaohongdao2	xiaohongdao2	1	1	xiaohongdao2	mechanical_normalization	no
putaoqing2	putaoqing2	1	1	putaoqing2	mechanical_normalization	no
luoshuangqing1	luoshuangqing1	1	1	luoshuangqing1	mechanical_normalization	no
taihuqing2	taihuqing2	1	1	taihuqing2	mechanical_normalization	no
hongkenuo3	hongkenuo3	1	1	hongkenuo3	mechanical_normalization	no
baixiangjing	baixiangjing	1	1	baixiangjing	mechanical_normalization	no
yedao2	yedao2	1	1	yedao2	mechanical_normalization	no
fenghuangdao	fenghuangdao	1	1	fenghuangdao	mechanical_normalization	no
lutouhong1	lutouhong1	1	1	lutouhong1	mechanical_normalization	no
baikedao1	baikedao1	1	1	baikedao1	mechanical_normalization	no
fengjingdao	fengjingdao	1	1	fengjingdao	mechanical_normalization	no
taihuqing1	taihuqing1	1	1	taihuqing1	mechanical_normalization	no
luhuabai2	luhuabai2	1	1	luhuabai2	mechanical_normalization	no
yangdao1	yangdao1	1	1	yangdao1	mechanical_normalization	no
huangkezaonianri	huangkezaonianri	1	1	huangkezaonianri	mechanical_normalization	no
ARC 14950::IRGC 41833-1	arc14950irgc418331	1	1	ARC 14950::IRGC 41833-1	mechanical_normalization	no
AUS 464::IRGC 29242-1	aus464irgc292421	1	1	AUS 464::IRGC 29242-1	mechanical_normalization	no
AUS 323::IRGC 29110-1	aus323irgc291101	1	1	AUS 323::IRGC 29110-1	mechanical_normalization	no
AUS 180::IRGC 29010-1	aus180irgc290101	1	1	AUS 180::IRGC 29010-1	mechanical_normalization	no
T26::IRGC 117903-1	t26irgc1179031	1	1	T26::IRGC 117903-1	mechanical_normalization	no
RAJ MUNDO::IRGC 87010-1	rajmundoirgc870101	1	1	RAJ MUNDO::IRGC 87010-1	mechanical_normalization	no
ARC 7325::IRGC 12366-1	arc7325irgc123661	1	1	ARC 7325::IRGC 12366-1	mechanical_normalization	no
SANHUANGZHAN NO 2::IRGC 117277-2	sanhuangzhanno2irgc1172772	1	1	SANHUANGZHAN NO 2::IRGC 117277-2	mechanical_normalization	no
IRATOM 24::G1-1	iratom24g11	1	1	IRATOM 24::G1-1	mechanical_normalization	no
KALOSHAITA::IRGC 25878-1	kaloshaitairgc258781	1	1	KALOSHAITA::IRGC 25878-1	mechanical_normalization	no
AUS 125::IRGC 28979-1	aus125irgc289791	1	1	AUS 125::IRGC 28979-1	mechanical_normalization	no
AUS 77::IRGC 28940-1	aus77irgc289401	1	1	AUS 77::IRGC 28940-1	mechanical_normalization	no
AUS 29::IRGC 28892-1	aus29irgc288921	1	1	AUS 29::IRGC 28892-1	mechanical_normalization	no
CHANDRA MUKHI::IRGC 34880-1	chandramukhiirgc348801	1	1	CHANDRA MUKHI::IRGC 34880-1	mechanical_normalization	no
KAL BURI::IRGC 31588-1	kalburiirgc315881	1	1	KAL BURI::IRGC 31588-1	mechanical_normalization	no
KALIBORO 704::IRGC 29368-1	kaliboro704irgc293681	1	1	KALIBORO 704::IRGC 29368-1	mechanical_normalization	no
KALIBORO 138-2::IRGC 29361-1	kaliboro1382irgc293611	1	1	KALIBORO 138-2::IRGC 29361-1	mechanical_normalization	no
AUS 462::IRGC 29240-1	aus462irgc292401	1	1	AUS 462::IRGC 29240-1	mechanical_normalization	no
LALI BORO::IRGC 78395-1	laliboroirgc783951	1	1	LALI BORO::IRGC 78395-1	mechanical_normalization	no
DJ 29::IRGC 76316-1	dj29irgc763161	1	1	DJ 29::IRGC 76316-1	mechanical_normalization	no
NP 97::GSOR 311207-G1	np97gsor311207g1	1	1	NP 97::GSOR 311207-G1	mechanical_normalization	no
IARI 6621::GSOR 311046-G1	iari6621gsor311046g1	1	1	IARI 6621::GSOR 311046-G1	mechanical_normalization	no
SOA MUKHI::IRGC 35158-1	soamukhiirgc351581	1	1	SOA MUKHI::IRGC 35158-1	mechanical_normalization	no
ARC 5959::IRGC 12160-1	arc5959irgc121601	1	1	ARC 5959::IRGC 12160-1	mechanical_normalization	no
Gul Tepi::G1-1	gultepig11	1	1	Gul Tepi::G1-1	mechanical_normalization	no
em253	em253	1	1	em253	mechanical_normalization	yes
em254	em254	1	1	em254	mechanical_normalization	yes
em263	em263	1	1	em263	mechanical_normalization	yes
em265	em265	1	1	em265	mechanical_normalization	yes
IR34	ir34	1	1	IR34	mechanical_normalization	yes
em064	em064	1	1	em064	mechanical_normalization	yes
em071	em071	1	1	em071	mechanical_normalization	yes
em076	em076	1	1	em076	mechanical_normalization	yes
em079	em079	1	1	em079	mechanical_normalization	yes
em083	em083	1	1	em083	mechanical_normalization	yes
em091	em091	1	1	em091	mechanical_normalization	yes
em099	em099	1	1	em099	mechanical_normalization	yes
em104	em104	1	1	em104	mechanical_normalization	yes
em110	em110	1	1	em110	mechanical_normalization	yes
em113	em113	1	1	em113	mechanical_normalization	yes
em117	em117	1	1	em117	mechanical_normalization	yes
em230	em230	1	1	em230	mechanical_normalization	yes
em232	em232	1	1	em232	mechanical_normalization	yes
em239	em239	1	1	em239	mechanical_normalization	yes
em276	em276	1	1	em276	mechanical_normalization	yes
em151	em151	1	1	em151	mechanical_normalization	yes
em162	em162	1	1	em162	mechanical_normalization	yes
em167	em167	1	1	em167	mechanical_normalization	yes
em169	em169	1	1	em169	mechanical_normalization	yes
em171	em171	1	1	em171	mechanical_normalization	yes
em207	em207	1	1	em207	mechanical_normalization	yes
em209	em209	1	1	em209	mechanical_normalization	yes
em212	em212	1	1	em212	mechanical_normalization	yes
em215	em215	1	1	em215	mechanical_normalization	yes
em123	em123	1	1	em123	mechanical_normalization	yes
em132	em132	1	1	em132	mechanical_normalization	yes
em285	em285	1	1	em285	mechanical_normalization	yes
em137	em137	1	1	em137	mechanical_normalization	yes
em142	em142	1	1	em142	mechanical_normalization	yes
em189	em189	1	1	em189	mechanical_normalization	yes
em195	em195	1	1	em195	mechanical_normalization	yes
em200	em200	1	1	em200	mechanical_normalization	yes
em292	em292	1	1	em292	mechanical_normalization	yes
T9N_100	t9n100	1	1	T9N_100	mechanical_normalization	no
T9N_93	t9n93	1	1	T9N_93	mechanical_normalization	no
T9N_91	t9n91	1	1	T9N_91	mechanical_normalization	no
T9N_10	t9n10	1	1	T9N_10	mechanical_normalization	no
T9N_87	t9n87	1	1	T9N_87	mechanical_normalization	no
T9N_86	t9n86	1	1	T9N_86	mechanical_normalization	no
T9N_79	t9n79	1	1	T9N_79	mechanical_normalization	no
DN9_38	dn938	1	1	DN9_38	mechanical_normalization	yes
DN9_35	dn935	1	1	DN9_35	mechanical_normalization	yes
DN9_34	dn934	1	1	DN9_34	mechanical_normalization	yes
DN9_2	dn92	1	1	DN9_2	mechanical_normalization	yes
DN9_27	dn927	1	1	DN9_27	mechanical_normalization	yes
DN9_134	dn9134	1	1	DN9_134	mechanical_normalization	yes
D9N_21	d9n21	1	1	D9N_21	mechanical_normalization	no
D9N_15	d9n15	1	1	D9N_15	mechanical_normalization	no
D9N_14	d9n14	1	1	D9N_14	mechanical_normalization	no
D9N_114	d9n114	1	1	D9N_114	mechanical_normalization	no
D9N_113	d9n113	1	1	D9N_113	mechanical_normalization	no
T9N_8	t9n8	1	1	T9N_8	mechanical_normalization	no
T9N_68	t9n68	1	1	T9N_68	mechanical_normalization	no
T9N_67	t9n67	1	1	T9N_67	mechanical_normalization	no
T9N_7	t9n7	1	1	T9N_7	mechanical_normalization	no
NN99_S1_9	nn99s19	1	1	NN99_S1_9	mechanical_normalization	no
NN99_S1_7	nn99s17	1	1	NN99_S1_7	mechanical_normalization	no
NN99_S1_6	nn99s16	1	1	NN99_S1_6	mechanical_normalization	no
T9N_49	t9n49	1	1	T9N_49	mechanical_normalization	no
NN99_S1_32	nn99s132	1	1	NN99_S1_32	mechanical_normalization	no
NN99_S1_30	nn99s130	1	1	NN99_S1_30	mechanical_normalization	no
DN9_94	dn994	1	1	DN9_94	mechanical_normalization	yes
DN9_88	dn988	1	1	DN9_88	mechanical_normalization	yes
DN9_85	dn985	1	1	DN9_85	mechanical_normalization	yes
DN9_80	dn980	1	1	DN9_80	mechanical_normalization	yes
DN9_7	dn97	1	1	DN9_7	mechanical_normalization	yes
DN9_78	dn978	1	1	DN9_78	mechanical_normalization	yes
DN9_70	dn970	1	1	DN9_70	mechanical_normalization	yes
DN9_131	dn9131	1	1	DN9_131	mechanical_normalization	yes
DN9_130	dn9130	1	1	DN9_130	mechanical_normalization	yes
DN9_127	dn9127	1	1	DN9_127	mechanical_normalization	yes
DN9_120	dn9120	1	1	DN9_120	mechanical_normalization	yes
DN9_119	dn9119	1	1	DN9_119	mechanical_normalization	yes
DN9_116	dn9116	1	1	DN9_116	mechanical_normalization	yes
T9N_32	t9n32	1	1	T9N_32	mechanical_normalization	no
DN9_114	dn9114	1	1	DN9_114	mechanical_normalization	yes
D9N_112	d9n112	1	1	D9N_112	mechanical_normalization	no
D9N_101	d9n101	1	1	D9N_101	mechanical_normalization	no
D9N_100	d9n100	1	1	D9N_100	mechanical_normalization	no
TN9_102	tn9102	1	1	TN9_102	mechanical_normalization	yes
TN9_100	tn9100	1	1	TN9_100	mechanical_normalization	yes
TN9_97	tn997	1	1	TN9_97	mechanical_normalization	yes
TN9_89	tn989	1	1	TN9_89	mechanical_normalization	yes
TN9_88	tn988	1	1	TN9_88	mechanical_normalization	yes
TN9_86	tn986	1	1	TN9_86	mechanical_normalization	yes
NN99_S1_23	nn99s123	1	1	NN99_S1_23	mechanical_normalization	no
NN99_S1_17	nn99s117	1	1	NN99_S1_17	mechanical_normalization	no
NN99_S1_16	nn99s116	1	1	NN99_S1_16	mechanical_normalization	no
NN99_S1_15	nn99s115	1	1	NN99_S1_15	mechanical_normalization	no
NN99_S1_14	nn99s114	1	1	NN99_S1_14	mechanical_normalization	no
NN99_S1_12	nn99s112	1	1	NN99_S1_12	mechanical_normalization	no
NN99_S1_10	nn99s110	1	1	NN99_S1_10	mechanical_normalization	no
DN9_4	dn94	1	1	DN9_4	mechanical_normalization	yes
DN9_42	dn942	1	1	DN9_42	mechanical_normalization	yes
DN9_3	dn93	1	1	DN9_3	mechanical_normalization	yes
DN9_39	dn939	1	1	DN9_39	mechanical_normalization	yes
DN9_101	dn9101	1	1	DN9_101	mechanical_normalization	yes
DN9_100	dn9100	1	1	DN9_100	mechanical_normalization	yes
D9N_99	d9n99	1	1	D9N_99	mechanical_normalization	no
D9N_97	d9n97	1	1	D9N_97	mechanical_normalization	no
D9N_96	d9n96	1	1	D9N_96	mechanical_normalization	no
D9N_92	d9n92	1	1	D9N_92	mechanical_normalization	no
D9N_82	d9n82	1	1	D9N_82	mechanical_normalization	no
D9N_78	d9n78	1	1	D9N_78	mechanical_normalization	no
D9N_76	d9n76	1	1	D9N_76	mechanical_normalization	no
TN9_83	tn983	1	1	TN9_83	mechanical_normalization	yes
TN9_82	tn982	1	1	TN9_82	mechanical_normalization	yes
TN9_79	tn979	1	1	TN9_79	mechanical_normalization	yes
TN9_70	tn970	1	1	TN9_70	mechanical_normalization	yes
TN9_68	tn968	1	1	TN9_68	mechanical_normalization	yes
TN9_67	tn967	1	1	TN9_67	mechanical_normalization	yes
TN9_57	tn957	1	1	TN9_57	mechanical_normalization	yes
99NN_S1_30	99nns130	1	1	99NN_S1_30	mechanical_normalization	no
99NN_S1_11	99nns111	1	1	99NN_S1_11	mechanical_normalization	no
99NN_S1_10	99nns110	1	1	99NN_S1_10	mechanical_normalization	no
T9N_43	t9n43	1	1	T9N_43	mechanical_normalization	no
DN9_9	dn99	1	1	DN9_9	mechanical_normalization	yes
DN9_97	dn997	1	1	DN9_97	mechanical_normalization	yes
D9N_69	d9n69	1	1	D9N_69	mechanical_normalization	no
D9N_67	d9n67	1	1	D9N_67	mechanical_normalization	no
D9N_54	d9n54	1	1	D9N_54	mechanical_normalization	no
D9N_48	d9n48	1	1	D9N_48	mechanical_normalization	no
D9N_42	d9n42	1	1	D9N_42	mechanical_normalization	no
TN9_54	tn954	1	1	TN9_54	mechanical_normalization	yes
TN9_53	tn953	1	1	TN9_53	mechanical_normalization	yes
TN9_47	tn947	1	1	TN9_47	mechanical_normalization	yes
TN9_39	tn939	1	1	TN9_39	mechanical_normalization	yes
TN9_37	tn937	1	1	TN9_37	mechanical_normalization	yes
TN9_33	tn933	1	1	TN9_33	mechanical_normalization	yes
TN9_25	tn925	1	1	TN9_25	mechanical_normalization	yes
TN9_21	tn921	1	1	TN9_21	mechanical_normalization	yes
TN9_10	tn910	1	1	TN9_10	mechanical_normalization	yes
TN9_5	tn95	1	1	TN9_5	mechanical_normalization	yes
T9N_2	t9n2	1	1	T9N_2	mechanical_normalization	no
166 S_OS	166sos	1	1	166 S_OS	mechanical_normalization	no
DFF-L_OS	dfflos	1	1	DFF-L_OS	mechanical_normalization	no
DFF-E_OS	dffeos	1	1	DFF-E_OS	mechanical_normalization	no
F2 purple	f2purple	1	1	F2 purple	mechanical_normalization	no
F2 green	f2green	1	1	F2 green	mechanical_normalization	no
Shishoubaimao	shishoubaimao	1	1	Shishoubaimao	mechanical_normalization	no
Haploid1-3	haploid13	1	1	Haploid1-3	mechanical_normalization	no
Clonal T2-2	clonalt22	1	1	Clonal T2-2	mechanical_normalization	no
Clonal T2-1	clonalt21	1	1	Clonal T2-1	mechanical_normalization	no
Chunyou84 F2-1	chunyou84f21	1	1	Chunyou84 F2-1	mechanical_normalization	no
H5	h5	1	1	H5	mechanical_normalization	yes
L4	l4	1	1	L4	mechanical_normalization	yes
L11	l11	1	1	L11	mechanical_normalization	yes
L12	l12	1	1	L12	mechanical_normalization	yes
L15	l15	1	1	L15	mechanical_normalization	yes
Kitaake FN2682-S	kitaakefn2682s	1	1	Kitaake FN2682-S	mechanical_normalization	no
Kitaake FN2729-S	kitaakefn2729s	1	1	Kitaake FN2729-S	mechanical_normalization	no
Kitaake FN2687-S	kitaakefn2687s	1	1	Kitaake FN2687-S	mechanical_normalization	no
Kitaake FN2536-S_5-A08	kitaakefn2536s5a08	1	1	Kitaake FN2536-S_5-A08	mechanical_normalization	no
Kitaake FN2418_3-B03	kitaakefn24183b03	1	1	Kitaake FN2418_3-B03	mechanical_normalization	no
Kitaake FN2560-S_5-C05	kitaakefn2560s5c05	1	1	Kitaake FN2560-S_5-C05	mechanical_normalization	no
Kitaake FN2557-S_5-C02	kitaakefn2557s5c02	1	1	Kitaake FN2557-S_5-C02	mechanical_normalization	no
Kitaake FN2688-S_4-E07	kitaakefn2688s4e07	1	1	Kitaake FN2688-S_4-E07	mechanical_normalization	no
Kitaake FN3126-S	kitaakefn3126s	1	1	Kitaake FN3126-S	mechanical_normalization	no
Kitaake FN3145-S	kitaakefn3145s	1	1	Kitaake FN3145-S	mechanical_normalization	no
Kitaake FN3094-S	kitaakefn3094s	1	1	Kitaake FN3094-S	mechanical_normalization	no
Kitaake FN2568-S_5-C11	kitaakefn2568s5c11	1	1	Kitaake FN2568-S_5-C11	mechanical_normalization	no
Kitaake FN3150-S	kitaakefn3150s	1	1	Kitaake FN3150-S	mechanical_normalization	no
Kitaake FN2714-S	kitaakefn2714s	1	1	Kitaake FN2714-S	mechanical_normalization	no
Kitaake FN3164-S	kitaakefn3164s	1	1	Kitaake FN3164-S	mechanical_normalization	no
Kitaake FN3172-S	kitaakefn3172s	1	1	Kitaake FN3172-S	mechanical_normalization	no
Kitaake FN3178-S	kitaakefn3178s	1	1	Kitaake FN3178-S	mechanical_normalization	no
Kitaake FN3185-S	kitaakefn3185s	1	1	Kitaake FN3185-S	mechanical_normalization	no
LalatMAS	lalatmas	1	1	LalatMAS	mechanical_normalization	no
Jyothi	jyothi	1	1	Jyothi	mechanical_normalization	no
IW-Ponni	iwponni	1	1	IW-Ponni	mechanical_normalization	no
CO-53	co53	1	1	CO-53	mechanical_normalization	yes
CO-43	co43	1	1	CO-43	mechanical_normalization	yes
C927	c927	1	1	C927	mechanical_normalization	yes
BW black	bwblack	1	1	BW black	mechanical_normalization	no
Minghui2088	minghui2088	1	1	Minghui2088	mechanical_normalization	no
R238	r238	1	1	R238	mechanical_normalization	yes
Kuoyedao	kuoyedao	1	1	Kuoyedao	mechanical_normalization	no
Dianrui409B	dianrui409b	1	1	Dianrui409B	mechanical_normalization	no
Jinnante43B	jinnante43b	1	1	Jinnante43B	mechanical_normalization	no
Meijiading2	meijiading2	1	1	Meijiading2	mechanical_normalization	no
Meijiagao2	meijiagao2	1	1	Meijiagao2	mechanical_normalization	no
ApoC1-2_T1	apoc12t1	1	1	ApoC1-2_T1	mechanical_normalization	no
ApoC1-1-2_T2	apoc112t2	1	1	ApoC1-1-2_T2	mechanical_normalization	no
ApoC1-1_T1	apoc11t1	1	1	ApoC1-1_T1	mechanical_normalization	no
Kitaake ubi-XA21 FN-261	kitaakeubixa21fn261	1	1	Kitaake ubi-XA21 FN-261	mechanical_normalization	no
Kitaake ubi-XA21 FN-243	kitaakeubixa21fn243	1	1	Kitaake ubi-XA21 FN-243	mechanical_normalization	no
Kitaake ubi-XA21 FN-248	kitaakeubixa21fn248	1	1	Kitaake ubi-XA21 FN-248	mechanical_normalization	no
Kitaake ubi-XA21 FN-246	kitaakeubixa21fn246	1	1	Kitaake ubi-XA21 FN-246	mechanical_normalization	no
Kitaake ubi-XA21 FN-292	kitaakeubixa21fn292	1	1	Kitaake ubi-XA21 FN-292	mechanical_normalization	no
Kitaake ubi-XA21 FN-300	kitaakeubixa21fn300	1	1	Kitaake ubi-XA21 FN-300	mechanical_normalization	no
Kitaake ubi-XA21 FN-306	kitaakeubixa21fn306	1	1	Kitaake ubi-XA21 FN-306	mechanical_normalization	no
Kitaake ubi-XA21 FN-304	kitaakeubixa21fn304	1	1	Kitaake ubi-XA21 FN-304	mechanical_normalization	no
Kitaake ubi-XA21 FN-333	kitaakeubixa21fn333	1	1	Kitaake ubi-XA21 FN-333	mechanical_normalization	no
Kitaake ubi-XA21 FN-311	kitaakeubixa21fn311	1	1	Kitaake ubi-XA21 FN-311	mechanical_normalization	no
Kitaake ubi-XA21 FN-330	kitaakeubixa21fn330	1	1	Kitaake ubi-XA21 FN-330	mechanical_normalization	no
Kitaake ubi-XA21 FN-325	kitaakeubixa21fn325	1	1	Kitaake ubi-XA21 FN-325	mechanical_normalization	no
Kitaake ubi-XA21 FN-349	kitaakeubixa21fn349	1	1	Kitaake ubi-XA21 FN-349	mechanical_normalization	no
Kitaake ubi-XA21 FN-359	kitaakeubixa21fn359	1	1	Kitaake ubi-XA21 FN-359	mechanical_normalization	no
Kitaake ubi-XA21 FN-370	kitaakeubixa21fn370	1	1	Kitaake ubi-XA21 FN-370	mechanical_normalization	no
Kitaake ubi-XA21 FN-364	kitaakeubixa21fn364	1	1	Kitaake ubi-XA21 FN-364	mechanical_normalization	no
Kitaake ubi-XA21 FN-390	kitaakeubixa21fn390	1	1	Kitaake ubi-XA21 FN-390	mechanical_normalization	no
Kitaake ubi-XA21 FN-397	kitaakeubixa21fn397	1	1	Kitaake ubi-XA21 FN-397	mechanical_normalization	no
Kitaake ubi-XA21 FN-403	kitaakeubixa21fn403	1	1	Kitaake ubi-XA21 FN-403	mechanical_normalization	no
Kitaake ubi-XA21 703-4	kitaakeubixa217034	1	1	Kitaake ubi-XA21 703-4	mechanical_normalization	no
kitaake FN753-S	kitaakefn753s	1	1	kitaake FN753-S	mechanical_normalization	no
kitaake FN755-S	kitaakefn755s	1	1	kitaake FN755-S	mechanical_normalization	no
kitaake FN758-S	kitaakefn758s	1	1	kitaake FN758-S	mechanical_normalization	no
kitaake FN760-S	kitaakefn760s	1	1	kitaake FN760-S	mechanical_normalization	no
kitaake FN763-S	kitaakefn763s	1	1	kitaake FN763-S	mechanical_normalization	no
kitaake FN782-S	kitaakefn782s	1	1	kitaake FN782-S	mechanical_normalization	no
kitaake FN770-S	kitaakefn770s	1	1	kitaake FN770-S	mechanical_normalization	no
kitaake FN784-S	kitaakefn784s	1	1	kitaake FN784-S	mechanical_normalization	no
kitaake FN791-S	kitaakefn791s	1	1	kitaake FN791-S	mechanical_normalization	no
kitaake FN795-S	kitaakefn795s	1	1	kitaake FN795-S	mechanical_normalization	no
kitaake FN813-S	kitaakefn813s	1	1	kitaake FN813-S	mechanical_normalization	no
kitaake FN838-S	kitaakefn838s	1	1	kitaake FN838-S	mechanical_normalization	no
kitaake FN845-S	kitaakefn845s	1	1	kitaake FN845-S	mechanical_normalization	no
kitaake FN852-S	kitaakefn852s	1	1	kitaake FN852-S	mechanical_normalization	no
Kitaake Ubi-Xa21 FN868-S	kitaakeubixa21fn868s	1	1	Kitaake Ubi-Xa21 FN868-S	mechanical_normalization	no
Kitaake Ubi-Xa21 FN877-S	kitaakeubixa21fn877s	1	1	Kitaake Ubi-Xa21 FN877-S	mechanical_normalization	no
Kitaake Ubi-Xa21 FN872-S	kitaakeubixa21fn872s	1	1	Kitaake Ubi-Xa21 FN872-S	mechanical_normalization	no
Kitaake Ubi-Xa21 FN870-S	kitaakeubixa21fn870s	1	1	Kitaake Ubi-Xa21 FN870-S	mechanical_normalization	no
Kitaake Ubi-Xa21 FN875-S	kitaakeubixa21fn875s	1	1	Kitaake Ubi-Xa21 FN875-S	mechanical_normalization	no
Kitaake Ubi-Xa21 FN878-S	kitaakeubixa21fn878s	1	1	Kitaake Ubi-Xa21 FN878-S	mechanical_normalization	no
Kitaake Ubi-Xa21 FN867-S	kitaakeubixa21fn867s	1	1	Kitaake Ubi-Xa21 FN867-S	mechanical_normalization	no
Kitaake Ubi-Xa21 FN893-S	kitaakeubixa21fn893s	1	1	Kitaake Ubi-Xa21 FN893-S	mechanical_normalization	no
Kitaake Ubi-Xa21 FN896-S	kitaakeubixa21fn896s	1	1	Kitaake Ubi-Xa21 FN896-S	mechanical_normalization	no
Kitaake Ubi-Xa21 FN897-S	kitaakeubixa21fn897s	1	1	Kitaake Ubi-Xa21 FN897-S	mechanical_normalization	no
Kitaake Ubi-Xa21 FN903-S	kitaakeubixa21fn903s	1	1	Kitaake Ubi-Xa21 FN903-S	mechanical_normalization	no
Kitaake Ubi-Xa21 FN900-S	kitaakeubixa21fn900s	1	1	Kitaake Ubi-Xa21 FN900-S	mechanical_normalization	no
Kitaake Ubi-Xa21 FN886-S	kitaakeubixa21fn886s	1	1	Kitaake Ubi-Xa21 FN886-S	mechanical_normalization	no
Kitaake Ubi-Xa21 FN892-S	kitaakeubixa21fn892s	1	1	Kitaake Ubi-Xa21 FN892-S	mechanical_normalization	no
Kitaake Ubi-Xa21 FN911-S	kitaakeubixa21fn911s	1	1	Kitaake Ubi-Xa21 FN911-S	mechanical_normalization	no
Kitaake Ubi-Xa21 FN910-S	kitaakeubixa21fn910s	1	1	Kitaake Ubi-Xa21 FN910-S	mechanical_normalization	no
Kitaake Ubi-Xa21 FN924-S	kitaakeubixa21fn924s	1	1	Kitaake Ubi-Xa21 FN924-S	mechanical_normalization	no
Kitaake Ubi-Xa21 FN936-S	kitaakeubixa21fn936s	1	1	Kitaake Ubi-Xa21 FN936-S	mechanical_normalization	no
Kitaake Ubi-Xa21 FN932-S	kitaakeubixa21fn932s	1	1	Kitaake Ubi-Xa21 FN932-S	mechanical_normalization	no
Kitaake Ubi-Xa21 FN947-S	kitaakeubixa21fn947s	1	1	Kitaake Ubi-Xa21 FN947-S	mechanical_normalization	no
Kitaake Ubi-Xa21 FN946-S	kitaakeubixa21fn946s	1	1	Kitaake Ubi-Xa21 FN946-S	mechanical_normalization	no
Kitaake Ubi-Xa21 FN869-S	kitaakeubixa21fn869s	1	1	Kitaake Ubi-Xa21 FN869-S	mechanical_normalization	no
ubi-XA21 FN1003-S	ubixa21fn1003s	1	1	ubi-XA21 FN1003-S	mechanical_normalization	no
ubi-XA21 FN1014-S	ubixa21fn1014s	1	1	ubi-XA21 FN1014-S	mechanical_normalization	no
ubi-XA21 FN1029-S	ubixa21fn1029s	1	1	ubi-XA21 FN1029-S	mechanical_normalization	no
ubi-XA21 FN1038-S	ubixa21fn1038s	1	1	ubi-XA21 FN1038-S	mechanical_normalization	no
ubi-XA21 FN1040-S	ubixa21fn1040s	1	1	ubi-XA21 FN1040-S	mechanical_normalization	no
ubi-XA21 FN1047-S	ubixa21fn1047s	1	1	ubi-XA21 FN1047-S	mechanical_normalization	no
ubi-XA21 FN1048-S	ubixa21fn1048s	1	1	ubi-XA21 FN1048-S	mechanical_normalization	no
ubi-XA21 FN1271-S	ubixa21fn1271s	1	1	ubi-XA21 FN1271-S	mechanical_normalization	no
ubi-XA21 FN1050-S	ubixa21fn1050s	1	1	ubi-XA21 FN1050-S	mechanical_normalization	no
ubi-XA21 FN1258-S	ubixa21fn1258s	1	1	ubi-XA21 FN1258-S	mechanical_normalization	no
ubi-XA21 FN1278-S	ubixa21fn1278s	1	1	ubi-XA21 FN1278-S	mechanical_normalization	no
ubi-XA21 FN1282-S	ubixa21fn1282s	1	1	ubi-XA21 FN1282-S	mechanical_normalization	no
ubi-XA21 FN1277-S	ubixa21fn1277s	1	1	ubi-XA21 FN1277-S	mechanical_normalization	no
ubi-XA21 FN1279-S	ubixa21fn1279s	1	1	ubi-XA21 FN1279-S	mechanical_normalization	no
ubi-XA21 FN1285-S	ubixa21fn1285s	1	1	ubi-XA21 FN1285-S	mechanical_normalization	no
ubi-XA21 FN1293-S	ubixa21fn1293s	1	1	ubi-XA21 FN1293-S	mechanical_normalization	no
ubi-XA21 BAI-lesP-10	ubixa21bailesp10	1	1	ubi-XA21 BAI-lesP-10	mechanical_normalization	no
ubi-XA21 FN3311-S	ubixa21fn3311s	1	1	ubi-XA21 FN3311-S	mechanical_normalization	no
ubi-XA21 FN579-S	ubixa21fn579s	1	1	ubi-XA21 FN579-S	mechanical_normalization	no
ubi-XA21 FN1053-S	ubixa21fn1053s	1	1	ubi-XA21 FN1053-S	mechanical_normalization	no
ubi-XA21 FN1057-S	ubixa21fn1057s	1	1	ubi-XA21 FN1057-S	mechanical_normalization	no
ubi-XA21 FN1067-S	ubixa21fn1067s	1	1	ubi-XA21 FN1067-S	mechanical_normalization	no
ubi-XA21 FN1075-S	ubixa21fn1075s	1	1	ubi-XA21 FN1075-S	mechanical_normalization	no
ubi-XA21 FN1071-S	ubixa21fn1071s	1	1	ubi-XA21 FN1071-S	mechanical_normalization	no
ubi-XA21 FN1114-S	ubixa21fn1114s	1	1	ubi-XA21 FN1114-S	mechanical_normalization	no
ubi-XA21 FN1309-S	ubixa21fn1309s	1	1	ubi-XA21 FN1309-S	mechanical_normalization	no
ubi-XA21 FN1301-S	ubixa21fn1301s	1	1	ubi-XA21 FN1301-S	mechanical_normalization	no
ubi-XA21 FN1319-S	ubixa21fn1319s	1	1	ubi-XA21 FN1319-S	mechanical_normalization	no
ubi-XA21 FN1318-S	ubixa21fn1318s	1	1	ubi-XA21 FN1318-S	mechanical_normalization	no
ubi-XA21 FN1322-S	ubixa21fn1322s	1	1	ubi-XA21 FN1322-S	mechanical_normalization	no
ubi-XA21 FN1323-S	ubixa21fn1323s	1	1	ubi-XA21 FN1323-S	mechanical_normalization	no
ubi-XA21 FN1339-S	ubixa21fn1339s	1	1	ubi-XA21 FN1339-S	mechanical_normalization	no
ubi-XA21 FN1338-S	ubixa21fn1338s	1	1	ubi-XA21 FN1338-S	mechanical_normalization	no
ubi-XA21 FN1346-S	ubixa21fn1346s	1	1	ubi-XA21 FN1346-S	mechanical_normalization	no
Kitaake ubi-XA21 FN1216-S	kitaakeubixa21fn1216s	1	1	Kitaake ubi-XA21 FN1216-S	mechanical_normalization	no
Kitaake ubi-XA21 FN1217-S	kitaakeubixa21fn1217s	1	1	Kitaake ubi-XA21 FN1217-S	mechanical_normalization	no
Kitaake ubi-XA21 FN1220-S	kitaakeubixa21fn1220s	1	1	Kitaake ubi-XA21 FN1220-S	mechanical_normalization	no
Kitaake ubi-XA21 FN1233-S	kitaakeubixa21fn1233s	1	1	Kitaake ubi-XA21 FN1233-S	mechanical_normalization	no
Kitaake ubi-XA21 FN1222-S	kitaakeubixa21fn1222s	1	1	Kitaake ubi-XA21 FN1222-S	mechanical_normalization	no
Kitaake ubi-XA21 FN1251-S	kitaakeubixa21fn1251s	1	1	Kitaake ubi-XA21 FN1251-S	mechanical_normalization	no
Kitaake ubi-XA21 FN1239-S	kitaakeubixa21fn1239s	1	1	Kitaake ubi-XA21 FN1239-S	mechanical_normalization	no
Kitaake ubi-XA21 FN242-S	kitaakeubixa21fn242s	1	1	Kitaake ubi-XA21 FN242-S	mechanical_normalization	no
Kitaake ubi-XA21 FN389-S	kitaakeubixa21fn389s	1	1	Kitaake ubi-XA21 FN389-S	mechanical_normalization	no
Kitaake ubi-XA21 FN410-S	kitaakeubixa21fn410s	1	1	Kitaake ubi-XA21 FN410-S	mechanical_normalization	no
Kitaake ubi-XA21 FN411-S	kitaakeubixa21fn411s	1	1	Kitaake ubi-XA21 FN411-S	mechanical_normalization	no
Kitaake ubi-XA21 FN570-S	kitaakeubixa21fn570s	1	1	Kitaake ubi-XA21 FN570-S	mechanical_normalization	no
Kitaake ubi-XA21 FN565-S	kitaakeubixa21fn565s	1	1	Kitaake ubi-XA21 FN565-S	mechanical_normalization	no
Kitaake ubi-XA21 FN571-S	kitaakeubixa21fn571s	1	1	Kitaake ubi-XA21 FN571-S	mechanical_normalization	no
Kitaake ubi-XA21 FN576-S	kitaakeubixa21fn576s	1	1	Kitaake ubi-XA21 FN576-S	mechanical_normalization	no
Kitaake ubi-XA21 FN587 -S	kitaakeubixa21fn587s	1	1	Kitaake ubi-XA21 FN587 -S	mechanical_normalization	no
Kitaake ubi-XA21 FN590 -S	kitaakeubixa21fn590s	1	1	Kitaake ubi-XA21 FN590 -S	mechanical_normalization	no
Kitaake ubi-XA21 FN591 -S	kitaakeubixa21fn591s	1	1	Kitaake ubi-XA21 FN591 -S	mechanical_normalization	no
Kitaake ubi-XA21 FN596 -S	kitaakeubixa21fn596s	1	1	Kitaake ubi-XA21 FN596 -S	mechanical_normalization	no
Kitaake ubi-XA21 FN1121 -S	kitaakeubixa21fn1121s	1	1	Kitaake ubi-XA21 FN1121 -S	mechanical_normalization	no
Qianlima	qianlima	1	1	Qianlima	mechanical_normalization	no
Kitaake ubi-XA21 FN1122 -S	kitaakeubixa21fn1122s	1	1	Kitaake ubi-XA21 FN1122 -S	mechanical_normalization	no
Kitaake ubi-XA21 FN1134 -S	kitaakeubixa21fn1134s	1	1	Kitaake ubi-XA21 FN1134 -S	mechanical_normalization	no
Haoanhuang	haoanhuang	1	1	Haoanhuang	mechanical_normalization	no
Heigu 1	heigu1	1	1	Heigu 1	mechanical_normalization	no
Menglagu	menglagu	1	1	Menglagu	mechanical_normalization	no
Heigu 2	heigu2	1	1	Heigu 2	mechanical_normalization	no
Wahuigu	wahuigu	1	1	Wahuigu	mechanical_normalization	no
Bajiaonuo	bajiaonuo	1	1	Bajiaonuo	mechanical_normalization	no
Huinuo	huinuo	1	1	Huinuo	mechanical_normalization	no
Changmaogu 1	changmaogu1	1	1	Changmaogu 1	mechanical_normalization	no
Ainuogu	ainuogu	1	1	Ainuogu	mechanical_normalization	no
Huangsinuogu	huangsinuogu	1	1	Huangsinuogu	mechanical_normalization	no
Xiaohongdiao	xiaohongdiao	1	1	Xiaohongdiao	mechanical_normalization	no
Luxigu	luxigu	1	1	Luxigu	mechanical_normalization	no
Shilixiang	shilixiang	1	1	Shilixiang	mechanical_normalization	no
Ganbo 4	ganbo4	1	1	Ganbo 4	mechanical_normalization	no
Yuelianggu	yuelianggu	1	1	Yuelianggu	mechanical_normalization	no
Xiaomizao	xiaomizao	1	1	Xiaomizao	mechanical_normalization	no
Baihexiaomagu	baihexiaomagu	1	1	Baihexiaomagu	mechanical_normalization	no
Huangkenuo 2	huangkenuo2	1	1	Huangkenuo 2	mechanical_normalization	no
Nuogu 2	nuogu2	1	1	Nuogu 2	mechanical_normalization	no
Baigu	baigu	1	1	Baigu	mechanical_normalization	no
Nuomi	nuomi	1	1	Nuomi	mechanical_normalization	no
Dahuangnuo	dahuangnuo	1	1	Dahuangnuo	mechanical_normalization	no
Bainuogu	bainuogu	1	1	Bainuogu	mechanical_normalization	no
Kitaake ubi-XA21 CW-631-3-1	kitaakeubixa21cw63131	1	1	Kitaake ubi-XA21 CW-631-3-1	mechanical_normalization	no
Kitaake ubi-XA21 FN1363-S	kitaakeubixa21fn1363s	1	1	Kitaake ubi-XA21 FN1363-S	mechanical_normalization	no
Kitaake ubi-XA21 FN1366-S	kitaakeubixa21fn1366s	1	1	Kitaake ubi-XA21 FN1366-S	mechanical_normalization	no
Kitaake ubi-XA21 FN1376-S	kitaakeubixa21fn1376s	1	1	Kitaake ubi-XA21 FN1376-S	mechanical_normalization	no
Kitaake ubi-XA21 FN1372-S	kitaakeubixa21fn1372s	1	1	Kitaake ubi-XA21 FN1372-S	mechanical_normalization	no
Kitaake ubi-XA21 FN1394-S	kitaakeubixa21fn1394s	1	1	Kitaake ubi-XA21 FN1394-S	mechanical_normalization	no
Kitaake ubi-XA21 FN1405-S	kitaakeubixa21fn1405s	1	1	Kitaake ubi-XA21 FN1405-S	mechanical_normalization	no
Kitaake ubi-XA21 FN1384-S	kitaakeubixa21fn1384s	1	1	Kitaake ubi-XA21 FN1384-S	mechanical_normalization	no
Kitaake ubi-XA21 FN1429-S	kitaakeubixa21fn1429s	1	1	Kitaake ubi-XA21 FN1429-S	mechanical_normalization	no
Kitaake ubi-XA21 FN1381-S	kitaakeubixa21fn1381s	1	1	Kitaake ubi-XA21 FN1381-S	mechanical_normalization	no
Kitaake ubi-XA21 FN1368-S	kitaakeubixa21fn1368s	1	1	Kitaake ubi-XA21 FN1368-S	mechanical_normalization	no
Kitaake ubi-XA21 FN1430-S	kitaakeubixa21fn1430s	1	1	Kitaake ubi-XA21 FN1430-S	mechanical_normalization	no
Kitaake ubi-XA21 FN1433-S	kitaakeubixa21fn1433s	1	1	Kitaake ubi-XA21 FN1433-S	mechanical_normalization	no
Kitaake ubi-XA21 FN1436-S	kitaakeubixa21fn1436s	1	1	Kitaake ubi-XA21 FN1436-S	mechanical_normalization	no
Kitaake ubi-XA21 FN2572-S	kitaakeubixa21fn2572s	1	1	Kitaake ubi-XA21 FN2572-S	mechanical_normalization	no
Kitaake ubi-XA23 FN1371-S	kitaakeubixa23fn1371s	1	1	Kitaake ubi-XA23 FN1371-S	mechanical_normalization	no
Kitaake ubi-XA40 FN1475-S	kitaakeubixa40fn1475s	1	1	Kitaake ubi-XA40 FN1475-S	mechanical_normalization	no
Kitaake ubi-XA21 FN1367-S	kitaakeubixa21fn1367s	1	1	Kitaake ubi-XA21 FN1367-S	mechanical_normalization	no
Kitaake ubi-XA48 FN1484-S	kitaakeubixa48fn1484s	1	1	Kitaake ubi-XA48 FN1484-S	mechanical_normalization	no
Kitaake ubi-XA42 FN1477-S	kitaakeubixa42fn1477s	1	1	Kitaake ubi-XA42 FN1477-S	mechanical_normalization	no
Kitaake ubi-XA29 FN1407-S	kitaakeubixa29fn1407s	1	1	Kitaake ubi-XA29 FN1407-S	mechanical_normalization	no
Kitaake ubi-XA65 FN1506-S	kitaakeubixa65fn1506s	1	1	Kitaake ubi-XA65 FN1506-S	mechanical_normalization	no
Kitaake ubi-XA84 FN1534-S	kitaakeubixa84fn1534s	1	1	Kitaake ubi-XA84 FN1534-S	mechanical_normalization	no
Kitaake ubi-XA95 FN1549-S	kitaakeubixa95fn1549s	1	1	Kitaake ubi-XA95 FN1549-S	mechanical_normalization	no
Kitaake ubi-XA89 FN1540-S	kitaakeubixa89fn1540s	1	1	Kitaake ubi-XA89 FN1540-S	mechanical_normalization	no
Kitaake ubi-XA92 FN1545-S	kitaakeubixa92fn1545s	1	1	Kitaake ubi-XA92 FN1545-S	mechanical_normalization	no
Kitaake ubi-XA83 FN1533-S	kitaakeubixa83fn1533s	1	1	Kitaake ubi-XA83 FN1533-S	mechanical_normalization	no
Kitaake ubi-XA85 FN1535-S	kitaakeubixa85fn1535s	1	1	Kitaake ubi-XA85 FN1535-S	mechanical_normalization	no
Kitaake ubi-XA97 FN1551-S	kitaakeubixa97fn1551s	1	1	Kitaake ubi-XA97 FN1551-S	mechanical_normalization	no
Kitaake ubi-XA99 FN1554-S	kitaakeubixa99fn1554s	1	1	Kitaake ubi-XA99 FN1554-S	mechanical_normalization	no
Kitaake FN1470 -S	kitaakefn1470s	1	1	Kitaake FN1470 -S	mechanical_normalization	no
Kitaake ubi-XA110 FN1570-S	kitaakeubixa110fn1570s	1	1	Kitaake ubi-XA110 FN1570-S	mechanical_normalization	no
Kitaake FN1583 -S	kitaakefn1583s	1	1	Kitaake FN1583 -S	mechanical_normalization	no
Kitaake FN1615 -S	kitaakefn1615s	1	1	Kitaake FN1615 -S	mechanical_normalization	no
Kitaake FN1579 -S	kitaakefn1579s	1	1	Kitaake FN1579 -S	mechanical_normalization	no
Kitaake FN1600 -S	kitaakefn1600s	1	1	Kitaake FN1600 -S	mechanical_normalization	no
Kitaake FN1606 -S	kitaakefn1606s	1	1	Kitaake FN1606 -S	mechanical_normalization	no
Kitaake FN1630 -S	kitaakefn1630s	1	1	Kitaake FN1630 -S	mechanical_normalization	no
Kitaake FN1640 -S	kitaakefn1640s	1	1	Kitaake FN1640 -S	mechanical_normalization	no
Kitaake FN1619 -S	kitaakefn1619s	1	1	Kitaake FN1619 -S	mechanical_normalization	no
Kitaake FN1634 -S	kitaakefn1634s	1	1	Kitaake FN1634 -S	mechanical_normalization	no
Kitaake FN1648 -S	kitaakefn1648s	1	1	Kitaake FN1648 -S	mechanical_normalization	no
Kitaake FN1645 -S	kitaakefn1645s	1	1	Kitaake FN1645 -S	mechanical_normalization	no
Kitaake FN1651 -S	kitaakefn1651s	1	1	Kitaake FN1651 -S	mechanical_normalization	no
Kitaake FN1665 -S	kitaakefn1665s	1	1	Kitaake FN1665 -S	mechanical_normalization	no
Kitaake FN1662 -S	kitaakefn1662s	1	1	Kitaake FN1662 -S	mechanical_normalization	no
Kitaake FN1661 -S	kitaakefn1661s	1	1	Kitaake FN1661 -S	mechanical_normalization	no
Kitaake ubi-XA21 FN1396-S	kitaakeubixa21fn1396s	1	1	Kitaake ubi-XA21 FN1396-S	mechanical_normalization	no
Kitaake FN1985-S	kitaakefn1985s	1	1	Kitaake FN1985-S	mechanical_normalization	no
Kitaake FN1982-S	kitaakefn1982s	1	1	Kitaake FN1982-S	mechanical_normalization	no
Kitaake FN1990-S	kitaakefn1990s	1	1	Kitaake FN1990-S	mechanical_normalization	no
Kitaake FN1994-S	kitaakefn1994s	1	1	Kitaake FN1994-S	mechanical_normalization	no
Kitaake FN1997-S	kitaakefn1997s	1	1	Kitaake FN1997-S	mechanical_normalization	no
Kitaake FN2001-S	kitaakefn2001s	1	1	Kitaake FN2001-S	mechanical_normalization	no
Kitaake FN2021-S	kitaakefn2021s	1	1	Kitaake FN2021-S	mechanical_normalization	no
Kitaake FN2024-S	kitaakefn2024s	1	1	Kitaake FN2024-S	mechanical_normalization	no
Kitaake FN2046-S	kitaakefn2046s	1	1	Kitaake FN2046-S	mechanical_normalization	no
Kitaake FN2042-S	kitaakefn2042s	1	1	Kitaake FN2042-S	mechanical_normalization	no
Kitaake FN2055-S	kitaakefn2055s	1	1	Kitaake FN2055-S	mechanical_normalization	no
Kitaake FN2065-S	kitaakefn2065s	1	1	Kitaake FN2065-S	mechanical_normalization	no
Kitaake FN2089-S	kitaakefn2089s	1	1	Kitaake FN2089-S	mechanical_normalization	no
Kitaake FN2086-S	kitaakefn2086s	1	1	Kitaake FN2086-S	mechanical_normalization	no
Kitaake FN2119-S	kitaakefn2119s	1	1	Kitaake FN2119-S	mechanical_normalization	no
Kitaake FN2126-S	kitaakefn2126s	1	1	Kitaake FN2126-S	mechanical_normalization	no
Kitaake FN2124-S	kitaakefn2124s	1	1	Kitaake FN2124-S	mechanical_normalization	no
Kitaake FN2149-S	kitaakefn2149s	1	1	Kitaake FN2149-S	mechanical_normalization	no
Kitaake FN2151-S	kitaakefn2151s	1	1	Kitaake FN2151-S	mechanical_normalization	no
Kitaake FN2157-S	kitaakefn2157s	1	1	Kitaake FN2157-S	mechanical_normalization	no
Kitaake FN2164-S	kitaakefn2164s	1	1	Kitaake FN2164-S	mechanical_normalization	no
Kitaake FN2174-S	kitaakefn2174s	1	1	Kitaake FN2174-S	mechanical_normalization	no
Kitaake FN2177-S	kitaakefn2177s	1	1	Kitaake FN2177-S	mechanical_normalization	no
Kitaake FN1698-S	kitaakefn1698s	1	1	Kitaake FN1698-S	mechanical_normalization	no
Kitaake FN185-2/3/4	kitaakefn185234	1	1	Kitaake FN185-2/3/4	mechanical_normalization	no
cultivated_rice_124	cultivatedrice124	1	1	cultivated_rice_124	mechanical_normalization	no
cultivated_rice_113	cultivatedrice113	1	1	cultivated_rice_113	mechanical_normalization	no
cultivated_rice_120	cultivatedrice120	1	1	cultivated_rice_120	mechanical_normalization	no
Nipponbare and 93-11 RIL33	nipponbareand9311ril33	1	1	Nipponbare and 93-11 RIL33	mechanical_normalization	no
Nipponbare and 93-11 RIL9	nipponbareand9311ril9	1	1	Nipponbare and 93-11 RIL9	mechanical_normalization	no
Nipponbare and 93-11 RIL7	nipponbareand9311ril7	1	1	Nipponbare and 93-11 RIL7	mechanical_normalization	no
Nipponbare and 93-11 RIL8	nipponbareand9311ril8	1	1	Nipponbare and 93-11 RIL8	mechanical_normalization	no
Nipponbare and 93-11 RIL4	nipponbareand9311ril4	1	1	Nipponbare and 93-11 RIL4	mechanical_normalization	no
Nipponbare and 93-11 RIL49	nipponbareand9311ril49	1	1	Nipponbare and 93-11 RIL49	mechanical_normalization	no
Nipponbare and 93-11 RIL41	nipponbareand9311ril41	1	1	Nipponbare and 93-11 RIL41	mechanical_normalization	no
Nipponbare and 93-11 RIL45	nipponbareand9311ril45	1	1	Nipponbare and 93-11 RIL45	mechanical_normalization	no
Nipponbare and 93-11 RIL28	nipponbareand9311ril28	1	1	Nipponbare and 93-11 RIL28	mechanical_normalization	no
Nipponbare and 93-11 RIL24	nipponbareand9311ril24	1	1	Nipponbare and 93-11 RIL24	mechanical_normalization	no
Nipponbare and 93-11 RIL51	nipponbareand9311ril51	1	1	Nipponbare and 93-11 RIL51	mechanical_normalization	no
Xiushui 110	xiushui110	1	1	Xiushui 110	mechanical_normalization	no
Trenasse	trenasse	1	1	Trenasse	mechanical_normalization	no
C84	c84	1	1	C84	mechanical_normalization	yes
mtl-DH1	mtldh1	1	1	mtl-DH1	mechanical_normalization	no
H2-F6	h2f6	1	1	H2-F6	mechanical_normalization	no
HT_11_1	ht111	1	1	HT_11_1	mechanical_normalization	yes
HT_11_2	ht112	1	1	HT_11_2	mechanical_normalization	yes
HT_4_2	ht42	1	1	HT_4_2	mechanical_normalization	yes
HT_10_5	ht105	1	1	HT_10_5	mechanical_normalization	yes
DW-7	dw7	1	1	DW-7	mechanical_normalization	yes
BTH_31_10	bth3110	1	1	BTH_31_10	mechanical_normalization	yes
GH-3	gh3	1	1	GH-3	mechanical_normalization	yes
GW-2	gw2	1	1	GW-2	mechanical_normalization	yes
GW-1	gw1	1	1	GW-1	mechanical_normalization	yes
BTH_31_3	bth313	1	1	BTH_31_3	mechanical_normalization	yes
HT_10_2	ht102	1	1	HT_10_2	mechanical_normalization	yes
LYP9_F2_22	lyp9f222	1	1	LYP9_F2_22	mechanical_normalization	no
NLR 33892	nlr33892	1	1	NLR 33892	mechanical_normalization	yes
SAGCLZ-037	sagclz037	1	1	SAGCLZ-037	mechanical_normalization	no
SAGCLZ-105	sagclz105	1	1	SAGCLZ-105	mechanical_normalization	no
SAGCLZ-106	sagclz106	1	1	SAGCLZ-106	mechanical_normalization	no
SAGCLZ-109	sagclz109	1	1	SAGCLZ-109	mechanical_normalization	no
SAGCLZ-113	sagclz113	1	1	SAGCLZ-113	mechanical_normalization	no
SAGCLZ-028	sagclz028	1	1	SAGCLZ-028	mechanical_normalization	no
SAGCLZ-011	sagclz011	1	1	SAGCLZ-011	mechanical_normalization	no
SAGCLZ-005	sagclz005	1	1	SAGCLZ-005	mechanical_normalization	no
SAGCLZ-004	sagclz004	1	1	SAGCLZ-004	mechanical_normalization	no
SAGCLZ-008	sagclz008	1	1	SAGCLZ-008	mechanical_normalization	no
SAGCLZ-006	sagclz006	1	1	SAGCLZ-006	mechanical_normalization	no
SAGCLZ-099	sagclz099	1	1	SAGCLZ-099	mechanical_normalization	no
SAGCLZ-102	sagclz102	1	1	SAGCLZ-102	mechanical_normalization	no
SAGCLZ-104	sagclz104	1	1	SAGCLZ-104	mechanical_normalization	no
SAGCLZ-019	sagclz019	1	1	SAGCLZ-019	mechanical_normalization	no
SAGCLZ-091	sagclz091	1	1	SAGCLZ-091	mechanical_normalization	no
SAGCLZ-089	sagclz089	1	1	SAGCLZ-089	mechanical_normalization	no
SAGCLZ-093	sagclz093	1	1	SAGCLZ-093	mechanical_normalization	no
SAGCLZ-094	sagclz094	1	1	SAGCLZ-094	mechanical_normalization	no
SAGCLZ-115	sagclz115	1	1	SAGCLZ-115	mechanical_normalization	no
SAGCLZ-083	sagclz083	1	1	SAGCLZ-083	mechanical_normalization	no
SAGCLZ-080	sagclz080	1	1	SAGCLZ-080	mechanical_normalization	no
SAGCLZ-078	sagclz078	1	1	SAGCLZ-078	mechanical_normalization	no
SAGCLZ-075	sagclz075	1	1	SAGCLZ-075	mechanical_normalization	no
SAGCLZ-066	sagclz066	1	1	SAGCLZ-066	mechanical_normalization	no
SAGCLZ-072	sagclz072	1	1	SAGCLZ-072	mechanical_normalization	no
SAGCLZ-060	sagclz060	1	1	SAGCLZ-060	mechanical_normalization	no
SAGCLZ-059	sagclz059	1	1	SAGCLZ-059	mechanical_normalization	no
SAGCLZ-056	sagclz056	1	1	SAGCLZ-056	mechanical_normalization	no
SAGCLZ-063	sagclz063	1	1	SAGCLZ-063	mechanical_normalization	no
SAGCLZ-049	sagclz049	1	1	SAGCLZ-049	mechanical_normalization	no
SAGCLZ-052	sagclz052	1	1	SAGCLZ-052	mechanical_normalization	no
SAGCLZ-045	sagclz045	1	1	SAGCLZ-045	mechanical_normalization	no
Guang lu ai4	guangluai4	1	1	Guang lu ai4	mechanical_normalization	no
Kitaake FN2390	kitaakefn2390	1	1	Kitaake FN2390	mechanical_normalization	no
Kitaake FN2395	kitaakefn2395	1	1	Kitaake FN2395	mechanical_normalization	no
Kitaake FN2410	kitaakefn2410	1	1	Kitaake FN2410	mechanical_normalization	no
Kitaake FN2415	kitaakefn2415	1	1	Kitaake FN2415	mechanical_normalization	no
Kitaake FN2433	kitaakefn2433	1	1	Kitaake FN2433	mechanical_normalization	no
Kitaake FN2436	kitaakefn2436	1	1	Kitaake FN2436	mechanical_normalization	no
Kitaake FN2438	kitaakefn2438	1	1	Kitaake FN2438	mechanical_normalization	no
Kitaake FN2446	kitaakefn2446	1	1	Kitaake FN2446	mechanical_normalization	no
Kitaake FN2456	kitaakefn2456	1	1	Kitaake FN2456	mechanical_normalization	no
Kitaake FN2457	kitaakefn2457	1	1	Kitaake FN2457	mechanical_normalization	no
Kitaake FN2464	kitaakefn2464	1	1	Kitaake FN2464	mechanical_normalization	no
Kitaake FN2468	kitaakefn2468	1	1	Kitaake FN2468	mechanical_normalization	no
Kitaake FN2470	kitaakefn2470	1	1	Kitaake FN2470	mechanical_normalization	no
Kitaake FN2473	kitaakefn2473	1	1	Kitaake FN2473	mechanical_normalization	no
Kitaake FN2477	kitaakefn2477	1	1	Kitaake FN2477	mechanical_normalization	no
Kitaake FN2494	kitaakefn2494	1	1	Kitaake FN2494	mechanical_normalization	no
Kitaake FN2496	kitaakefn2496	1	1	Kitaake FN2496	mechanical_normalization	no
Kitaake FN2497	kitaakefn2497	1	1	Kitaake FN2497	mechanical_normalization	no
Kitaake Kitaake	kitaakekitaake	1	1	Kitaake Kitaake	mechanical_normalization	no
Dijiaowujian	dijiaowujian	1	1	Dijiaowujian	mechanical_normalization	no
Simiao	simiao	1	1	Simiao	mechanical_normalization	no
Hongjiaozhan	hongjiaozhan	1	1	Hongjiaozhan	mechanical_normalization	no
Dongzhengwuyunjing_21	dongzhengwuyunjing21	1	1	Dongzhengwuyunjing_21	mechanical_normalization	no
GUNDIL_PUTIH	gundilputih	1	1	GUNDIL_PUTIH	mechanical_normalization	no
Hainanxian_R	hainanxianr	1	1	Hainanxian_R	mechanical_normalization	no
Sihao_4330	sihao4330	1	1	Sihao_4330	mechanical_normalization	no
Sujing_353	sujing353	1	1	Sujing_353	mechanical_normalization	no
Yujing_6hao	yujing6hao	1	1	Yujing_6hao	mechanical_normalization	no
863B	863b	1	1	863B	mechanical_normalization	yes
Sihao_4082	sihao4082	1	1	Sihao_4082	mechanical_normalization	no
Sihao_4141	sihao4141	1	1	Sihao_4141	mechanical_normalization	no
Sihao_4041	sihao4041	1	1	Sihao_4041	mechanical_normalization	no
Sihao_4029	sihao4029	1	1	Sihao_4029	mechanical_normalization	no
Shentai_B	shentaib	1	1	Shentai_B	mechanical_normalization	no
Niaw_Ma-dan	niawmadan	1	1	Niaw_Ma-dan	mechanical_normalization	no
Mailaihong	mailaihong	1	1	Mailaihong	mechanical_normalization	no
Kendao_19	kendao19	1	1	Kendao_19	mechanical_normalization	no
Longdao_14hao	longdao14hao	1	1	Longdao_14hao	mechanical_normalization	no
Longdao_6hao	longdao6hao	1	1	Longdao_6hao	mechanical_normalization	no
Longdao_5hao	longdao5hao	1	1	Longdao_5hao	mechanical_normalization	no
RT61	rt61	1	1	RT61	mechanical_normalization	yes
RODJOLELE	rodjolele	1	1	RODJOLELE	mechanical_normalization	no
Qiyunuo_10hao	qiyunuo10hao	1	1	Qiyunuo_10hao	mechanical_normalization	no
Qimiaoxiang_2hao	qimiaoxiang2hao	1	1	Qimiaoxiang_2hao	mechanical_normalization	no
Qing_7	qing7	1	1	Qing_7	mechanical_normalization	yes
Nongxiang_25	nongxiang25	1	1	Nongxiang_25	mechanical_normalization	no
Ningjinghui_237	ningjinghui237	1	1	Ningjinghui_237	mechanical_normalization	no
Longjing_25	longjing25	1	1	Longjing_25	mechanical_normalization	no
Longdun_106	longdun106	1	1	Longdun_106	mechanical_normalization	no
Yuedao_37	yuedao37	1	1	Yuedao_37	mechanical_normalization	no
Yuedao_48	yuedao48	1	1	Yuedao_48	mechanical_normalization	no
Huaidao_8hao	huaidao8hao	1	1	Huaidao_8hao	mechanical_normalization	no
Jiangpuchangliheimidao	jiangpuchangliheimidao	1	1	Jiangpuchangliheimidao	mechanical_normalization	no
Jianongnuo_2hao	jianongnuo2hao	1	1	Jianongnuo_2hao	mechanical_normalization	no
Yagnfujing_8hao	yagnfujing8hao	1	1	Yagnfujing_8hao	mechanical_normalization	no
Cbao	cbao	1	1	Cbao	mechanical_normalization	no
Xiepihuang	xiepihuang	1	1	Xiepihuang	mechanical_normalization	no
Xudao_3hao	xudao3hao	1	1	Xudao_3hao	mechanical_normalization	no
ARC 7229	arc7229	1	1	ARC 7229	mechanical_normalization	yes
Karasukara-Surankasu	karasukarasurankasu	1	1	Karasukara-Surankasu	mechanical_normalization	no
Davao	davao	1	1	Davao	mechanical_normalization	no
Dhola Aman (Lowland Aman)	dholaaman	1	1	Dhola Aman (Lowland Aman)	mechanical_normalization	no
Canela de Ferro	caneladeferro	1	1	Canela de Ferro	mechanical_normalization	no
Sintane Diofor	sintanediofor	1	1	Sintane Diofor	mechanical_normalization	no
Chitraj (DA 23)	chitraj	1	1	Chitraj (DA 23)	mechanical_normalization	no
Amarelo	amarelo	1	1	Amarelo	mechanical_normalization	no
P 660	p660	1	1	P 660	mechanical_normalization	yes
L3-T5-8	l3t58	1	1	L3-T5-8	mechanical_normalization	no
SB_Bulk	sbbulk	1	1	SB_Bulk	mechanical_normalization	no
Kitaake FN3229-S	kitaakefn3229s	1	1	Kitaake FN3229-S	mechanical_normalization	no
Kitaake FN3215-S	kitaakefn3215s	1	1	Kitaake FN3215-S	mechanical_normalization	no
Kitaake FN3253-S	kitaakefn3253s	1	1	Kitaake FN3253-S	mechanical_normalization	no
Kitaake FN3239-S	kitaakefn3239s	1	1	Kitaake FN3239-S	mechanical_normalization	no
Kitaake FN3263-S	kitaakefn3263s	1	1	Kitaake FN3263-S	mechanical_normalization	no
Kitaake NxM	kitaakenxm	1	1	Kitaake NxM	mechanical_normalization	no
Kitaake FN3233-S	kitaakefn3233s	1	1	Kitaake FN3233-S	mechanical_normalization	no
Kitaake FN3250-S	kitaakefn3250s	1	1	Kitaake FN3250-S	mechanical_normalization	no
Kitaake FN3174-S	kitaakefn3174s	1	1	Kitaake FN3174-S	mechanical_normalization	no
Kitaake FN3278-S	kitaakefn3278s	1	1	Kitaake FN3278-S	mechanical_normalization	no
Kitaake FN3256-S	kitaakefn3256s	1	1	Kitaake FN3256-S	mechanical_normalization	no
Kitaake FN3262-S	kitaakefn3262s	1	1	Kitaake FN3262-S	mechanical_normalization	no
Kitaake FN3177-S	kitaakefn3177s	1	1	Kitaake FN3177-S	mechanical_normalization	no
Kitaake FN3208-S	kitaakefn3208s	1	1	Kitaake FN3208-S	mechanical_normalization	no
Kitaake FN3199-S	kitaakefn3199s	1	1	Kitaake FN3199-S	mechanical_normalization	no
Kitaake FN3248-S	kitaakefn3248s	1	1	Kitaake FN3248-S	mechanical_normalization	no
Kitaake FN4394-S	kitaakefn4394s	1	1	Kitaake FN4394-S	mechanical_normalization	no
Kitaake FN4392-S	kitaakefn4392s	1	1	Kitaake FN4392-S	mechanical_normalization	no
Kitaake FN4397-S	kitaakefn4397s	1	1	Kitaake FN4397-S	mechanical_normalization	no
Kitaake FN4398-S	kitaakefn4398s	1	1	Kitaake FN4398-S	mechanical_normalization	no
Kitaake FN4412-S	kitaakefn4412s	1	1	Kitaake FN4412-S	mechanical_normalization	no
Kitaake FN4372-S	kitaakefn4372s	1	1	Kitaake FN4372-S	mechanical_normalization	no
Kitaake FN4445-S	kitaakefn4445s	1	1	Kitaake FN4445-S	mechanical_normalization	no
Kitaake FN4448-S	kitaakefn4448s	1	1	Kitaake FN4448-S	mechanical_normalization	no
Kitaake FN4440-S	kitaakefn4440s	1	1	Kitaake FN4440-S	mechanical_normalization	no
Kitaake FN4458-S	kitaakefn4458s	1	1	Kitaake FN4458-S	mechanical_normalization	no
Kitaake FN4425-S	kitaakefn4425s	1	1	Kitaake FN4425-S	mechanical_normalization	no
Kitaake FN4545-S	kitaakefn4545s	1	1	Kitaake FN4545-S	mechanical_normalization	no
Kitaake FN4475-S	kitaakefn4475s	1	1	Kitaake FN4475-S	mechanical_normalization	no
Kitaake FN4478-S	kitaakefn4478s	1	1	Kitaake FN4478-S	mechanical_normalization	no
Kitaake FN4490-S	kitaakefn4490s	1	1	Kitaake FN4490-S	mechanical_normalization	no
Kitaake FN4514-S	kitaakefn4514s	1	1	Kitaake FN4514-S	mechanical_normalization	no
Kitaake FN4590-2-S	kitaakefn45902s	1	1	Kitaake FN4590-2-S	mechanical_normalization	no
Kitaake FN4604-2-S	kitaakefn46042s	1	1	Kitaake FN4604-2-S	mechanical_normalization	no
Kitaake FN4526-S	kitaakefn4526s	1	1	Kitaake FN4526-S	mechanical_normalization	no
Kitaake FN4540-S	kitaakefn4540s	1	1	Kitaake FN4540-S	mechanical_normalization	no
Kitaake FN4518-S	kitaakefn4518s	1	1	Kitaake FN4518-S	mechanical_normalization	no
Kitaake FN4562-S	kitaakefn4562s	1	1	Kitaake FN4562-S	mechanical_normalization	no
Kitaake FN4577-S	kitaakefn4577s	1	1	Kitaake FN4577-S	mechanical_normalization	no
Kitaake FN4564-S	kitaakefn4564s	1	1	Kitaake FN4564-S	mechanical_normalization	no
Kitaake FN4549-S	kitaakefn4549s	1	1	Kitaake FN4549-S	mechanical_normalization	no
Kitaake FN4575-S	kitaakefn4575s	1	1	Kitaake FN4575-S	mechanical_normalization	no
Kitaake FN4576-S	kitaakefn4576s	1	1	Kitaake FN4576-S	mechanical_normalization	no
Kitaake FN4716-S	kitaakefn4716s	1	1	Kitaake FN4716-S	mechanical_normalization	no
Kitaake FN4745-S	kitaakefn4745s	1	1	Kitaake FN4745-S	mechanical_normalization	no
Kitaake FN4773-S	kitaakefn4773s	1	1	Kitaake FN4773-S	mechanical_normalization	no
Kitaake FN4847-S	kitaakefn4847s	1	1	Kitaake FN4847-S	mechanical_normalization	no
Kitaake FN4578-S	kitaakefn4578s	1	1	Kitaake FN4578-S	mechanical_normalization	no
Kitaake FN4603-S	kitaakefn4603s	1	1	Kitaake FN4603-S	mechanical_normalization	no
Kitaake FN4427-S	kitaakefn4427s	1	1	Kitaake FN4427-S	mechanical_normalization	no
Kitaake FN4482-S	kitaakefn4482s	1	1	Kitaake FN4482-S	mechanical_normalization	no
Kitaake FN4492-S	kitaakefn4492s	1	1	Kitaake FN4492-S	mechanical_normalization	no
Kitaake FN3016-S	kitaakefn3016s	1	1	Kitaake FN3016-S	mechanical_normalization	no
Kitaake FN2893-S	kitaakefn2893s	1	1	Kitaake FN2893-S	mechanical_normalization	no
Kitaake FN2760-S	kitaakefn2760s	1	1	Kitaake FN2760-S	mechanical_normalization	no
Kitaake FN2976-S	kitaakefn2976s	1	1	Kitaake FN2976-S	mechanical_normalization	no
Kitaake FN2986-S	kitaakefn2986s	1	1	Kitaake FN2986-S	mechanical_normalization	no
Kitaake FN2994-S	kitaakefn2994s	1	1	Kitaake FN2994-S	mechanical_normalization	no
Kitaake FN2904-S	kitaakefn2904s	1	1	Kitaake FN2904-S	mechanical_normalization	no
Kitaake FN2917-S	kitaakefn2917s	1	1	Kitaake FN2917-S	mechanical_normalization	no
Kitaake FN3019-S	kitaakefn3019s	1	1	Kitaake FN3019-S	mechanical_normalization	no
Kitaake FN2958-S	kitaakefn2958s	1	1	Kitaake FN2958-S	mechanical_normalization	no
Kitaake FN2947-S	kitaakefn2947s	1	1	Kitaake FN2947-S	mechanical_normalization	no
Nanatsuboshi	nanatsuboshi	1	1	Nanatsuboshi	mechanical_normalization	no
Nourin No. 15	nourinno15	1	1	Nourin No. 15	mechanical_normalization	no
Shimahikari	shimahikari	1	1	Shimahikari	mechanical_normalization	no
RIKUU 20-1	rikuu201	1	1	RIKUU 20-1	mechanical_normalization	no
OOBA 2	ooba2	1	1	OOBA 2	mechanical_normalization	yes
MUBOU AIKOKU 3	mubouaikoku3	1	1	MUBOU AIKOKU 3	mechanical_normalization	no
Hongxiang 1	hongxiang1	1	1	Hongxiang 1	mechanical_normalization	no
Huaye rice	huayerice	1	1	Huaye rice	mechanical_normalization	no
DN2318	dn2318	1	1	DN2318	mechanical_normalization	yes
Black glutinous 1	blackglutinous1	1	1	Black glutinous 1	mechanical_normalization	no
Long jing 1	longjing1	1	1	Long jing 1	mechanical_normalization	no
Long Japonica 29	longjaponica29	1	1	Long Japonica 29	mechanical_normalization	no
Mudanjiang 8	mudanjiang8	1	1	Mudanjiang 8	mechanical_normalization	no
Xiaogu rice	xiaogurice	1	1	Xiaogu rice	mechanical_normalization	no
EB139	eb139	1	1	EB139	mechanical_normalization	yes
Hongkemi	hongkemi	1	1	Hongkemi	mechanical_normalization	no
Yongmi	yongmi	1	1	Yongmi	mechanical_normalization	no
DN2306	dn2306	1	1	DN2306	mechanical_normalization	yes
Black Pearl	blackpearl	1	1	Black Pearl	mechanical_normalization	no
DN2323	dn2323	1	1	DN2323	mechanical_normalization	yes
DN2304	dn2304	1	1	DN2304	mechanical_normalization	yes
Yuanchao	yuanchao	1	1	Yuanchao	mechanical_normalization	no
Junjiangxiang 2	junjiangxiang2	1	1	Junjiangxiang 2	mechanical_normalization	no
KYCN3	kycn3	1	1	KYCN3	mechanical_normalization	yes
NG718	ng718	1	1	NG718	mechanical_normalization	yes
DN2314	dn2314	1	1	DN2314	mechanical_normalization	yes
Pusa Basmati 1121	pusabasmati1121	1	1	Pusa Basmati 1121	mechanical_normalization	no
Arborio	arborio	1	1	Arborio	mechanical_normalization	no
Arelate	arelate	1	1	Arelate	mechanical_normalization	no
Gageron	gageron	1	1	Gageron	mechanical_normalization	no
Kitaake FN2285	kitaakefn2285	1	1	Kitaake FN2285	mechanical_normalization	no
Kitaake FN2292	kitaakefn2292	1	1	Kitaake FN2292	mechanical_normalization	no
Kitaake FN2300	kitaakefn2300	1	1	Kitaake FN2300	mechanical_normalization	no
Kitaake FN2299	kitaakefn2299	1	1	Kitaake FN2299	mechanical_normalization	no
Kitaake FN2312	kitaakefn2312	1	1	Kitaake FN2312	mechanical_normalization	no
Kitaake FN2313	kitaakefn2313	1	1	Kitaake FN2313	mechanical_normalization	no
Kitaake FN2325	kitaakefn2325	1	1	Kitaake FN2325	mechanical_normalization	no
Kitaake FN2339	kitaakefn2339	1	1	Kitaake FN2339	mechanical_normalization	no
Kitaake FN2349	kitaakefn2349	1	1	Kitaake FN2349	mechanical_normalization	no
Kitaake FN2344	kitaakefn2344	1	1	Kitaake FN2344	mechanical_normalization	no
Kitaake FN2355	kitaakefn2355	1	1	Kitaake FN2355	mechanical_normalization	no
Kitaake FN2358	kitaakefn2358	1	1	Kitaake FN2358	mechanical_normalization	no
Kitaake FN2364	kitaakefn2364	1	1	Kitaake FN2364	mechanical_normalization	no
Kitaake FN2361	kitaakefn2361	1	1	Kitaake FN2361	mechanical_normalization	no
Kitaake FN2377	kitaakefn2377	1	1	Kitaake FN2377	mechanical_normalization	no
Kitaake FN2329	kitaakefn2329	1	1	Kitaake FN2329	mechanical_normalization	no
US_NSF_TV107	usnsftv107	1	1	US_NSF_TV107	mechanical_normalization	no
US_Upland	usupland	1	1	US_Upland	mechanical_normalization	no
US_SLO17	usslo17	1	1	US_SLO17	mechanical_normalization	no
US_Early_Wataribune	usearlywataribune	1	1	US_Early_Wataribune	mechanical_normalization	no
US_NSFTV_199	usnsftv199	1	1	US_NSFTV_199	mechanical_normalization	no
US_PI312777	uspi312777	1	1	US_PI312777	mechanical_normalization	yes
US_Drew	usdrew	1	1	US_Drew	mechanical_normalization	no
US_Cybonnet	uscybonnet	1	1	US_Cybonnet	mechanical_normalization	no
US_Bluebelle	usbluebelle	1	1	US_Bluebelle	mechanical_normalization	no
US_Starbonnet	usstarbonnet	1	1	US_Starbonnet	mechanical_normalization	no
US_Neptune	usneptune	1	1	US_Neptune	mechanical_normalization	no
US_CI9570	usci9570	1	1	US_CI9570	mechanical_normalization	yes
US_Sunbonnet	ussunbonnet	1	1	US_Sunbonnet	mechanical_normalization	no
US_Jacinto	usjacinto	1	1	US_Jacinto	mechanical_normalization	no
US_M-301	usm301	1	1	US_M-301	mechanical_normalization	yes
US_Katy	uskaty	1	1	US_Katy	mechanical_normalization	no
US_Brazos	usbrazos	1	1	US_Brazos	mechanical_normalization	no
US_Vegold	usvegold	1	1	US_Vegold	mechanical_normalization	no
US_STG06L-35-061	usstg06l35061	1	1	US_STG06L-35-061	mechanical_normalization	no
US_Maybelle	usmaybelle	1	1	US_Maybelle	mechanical_normalization	no
US_Taggart	ustaggart	1	1	US_Taggart	mechanical_normalization	no
US_Jodon	usjodon	1	1	US_Jodon	mechanical_normalization	no
US_Banks	usbanks	1	1	US_Banks	mechanical_normalization	no
US_Pirogue	uspirogue	1	1	US_Pirogue	mechanical_normalization	no
US_Newrex	usnewrex	1	1	US_Newrex	mechanical_normalization	no
US_Early_-Farmbuster-	usearlyfarmbuster	1	1	US_Early_-Farmbuster-	mechanical_normalization	no
US_DAWN	usdawn	1	1	US_DAWN	mechanical_normalization	no
US_Dellrose	usdellrose	1	1	US_Dellrose	mechanical_normalization	no
US_Calpearl	uscalpearl	1	1	US_Calpearl	mechanical_normalization	no
US_M7	usm7	1	1	US_M7	mechanical_normalization	yes
US_M202	usm202	1	1	US_M202	mechanical_normalization	yes
US_Kinastano	uskinastano	1	1	US_Kinastano	mechanical_normalization	no
US_Baldo	usbaldo	1	1	US_Baldo	mechanical_normalization	no
US_TEBONNET	ustebonnet	1	1	US_TEBONNET	mechanical_normalization	no
US_Mars	usmars	1	1	US_Mars	mechanical_normalization	no
US_CI9556	usci9556	1	1	US_CI9556	mechanical_normalization	yes
US_Lebonnet	uslebonnet	1	1	US_Lebonnet	mechanical_normalization	no
US_71Cr_5038	us71cr5038	1	1	US_71Cr_5038	mechanical_normalization	no
US_Newbonnet	usnewbonnet	1	1	US_Newbonnet	mechanical_normalization	no
US_A301	usa301	1	1	US_A301	mechanical_normalization	yes
Zhenshan97A	zhenshan97a	1	1	Zhenshan97A	mechanical_normalization	no
Zhenlong13	zhenlong13	1	1	Zhenlong13	mechanical_normalization	no
Xuan10-19	xuan1019	1	1	Xuan10-19	mechanical_normalization	yes
Yujing91	yujing91	1	1	Yujing91	mechanical_normalization	no
Yuelizhan	yuelizhan	1	1	Yuelizhan	mechanical_normalization	no
Yuejingsimiao2hao	yuejingsimiao2hao	1	1	Yuejingsimiao2hao	mechanical_normalization	no
Yuehui9802	yuehui9802	1	1	Yuehui9802	mechanical_normalization	no
Yuefengzhan	yuefengzhan	1	1	Yuefengzhan	mechanical_normalization	no
YuanfengA	yuanfenga	1	1	YuanfengA	mechanical_normalization	no
YuanboS	yuanbos	1	1	YuanboS	mechanical_normalization	no
Yihui3003	yihui3003	1	1	Yihui3003	mechanical_normalization	no
YhuanongA	yhuanonga	1	1	YhuanongA	mechanical_normalization	no
Yan582S	yan582s	1	1	Yan582S	mechanical_normalization	yes
Zhuxuan63-8S	zhuxuan638s	1	1	Zhuxuan63-8S	mechanical_normalization	no
Zhongzao31	zhongzao31	1	1	Zhongzao31	mechanical_normalization	no
Zhongyouzao5hao	zhongyouzao5hao	1	1	Zhongyouzao5hao	mechanical_normalization	no
Zhongxiang1hao	zhongxiang1hao	1	1	Zhongxiang1hao	mechanical_normalization	no
Y18S	y18s	1	1	Y18S	mechanical_normalization	yes
Zhong2A	zhong2a	1	1	Zhong2A	mechanical_normalization	no
Zhi4	zhi4	1	1	Zhi4	mechanical_normalization	yes
Zhenyou1hao	zhenyou1hao	1	1	Zhenyou1hao	mechanical_normalization	no
IR21845-90-3Msp3aA	ir21845903msp3aa	1	1	IR21845-90-3Msp3aA	mechanical_normalization	no
IR21817-50-2	ir21817502	1	1	IR21817-50-2	mechanical_normalization	yes
IR19392-115-3	ir193921153	1	1	IR19392-115-3	mechanical_normalization	yes
IR18272-1-1-3	ir18272113	1	1	IR18272-1-1-3	mechanical_normalization	yes
885S	885s	1	1	885S	mechanical_normalization	yes
IR9859-6-3-3	ir9859633	1	1	IR9859-6-3-3	mechanical_normalization	yes
IR2863-6-3	ir286363	1	1	IR2863-6-3	mechanical_normalization	yes
832A	832a	1	1	832A	mechanical_normalization	yes
IR2546-58-1	ir2546581	1	1	IR2546-58-1	mechanical_normalization	yes
IR2070-178-2-3	ir207017823	1	1	IR2070-178-2-3	mechanical_normalization	yes
IR2055	ir2055	1	1	IR2055	mechanical_normalization	yes
IR665	ir665	1	1	IR665	mechanical_normalization	yes
IR26-2	ir262	1	1	IR26-2	mechanical_normalization	yes
Huangchaozhan	huangchaozhan	1	1	Huangchaozhan	mechanical_normalization	no
Huahui118	huahui118	1	1	Huahui118	mechanical_normalization	no
Hua1201S	hua1201s	1	1	Hua1201S	mechanical_normalization	yes
607A	607a	1	1	607A	mechanical_normalization	yes
Hua68S	hua68s	1	1	Hua68S	mechanical_normalization	yes
HR1128	hr1128	1	1	HR1128	mechanical_normalization	yes
Hongyun33	hongyun33	1	1	Hongyun33	mechanical_normalization	no
Hongnan	hongnan	1	1	Hongnan	mechanical_normalization	no
Henongsimiao	henongsimiao	1	1	Henongsimiao	mechanical_normalization	no
HD9802S	hd9802s	1	1	HD9802S	mechanical_normalization	yes
Hanhui3hao	hanhui3hao	1	1	Hanhui3hao	mechanical_normalization	no
403	403	1	1	403	mechanical_normalization	yes
H52	h52	1	1	H52	mechanical_normalization	yes
Guifu3hao	guifu3hao	1	1	Guifu3hao	mechanical_normalization	no
Guifengxiang306A	guifengxiang306a	1	1	Guifengxiang306A	mechanical_normalization	no
Guichao13	guichao13	1	1	Guichao13	mechanical_normalization	no
Gui1025	gui1025	1	1	Gui1025	mechanical_normalization	yes
Gui649	gui649	1	1	Gui649	mechanical_normalization	yes
Gui44	gui44	1	1	Gui44	mechanical_normalization	yes
Guangtang69A	guangtang69a	1	1	Guangtang69A	mechanical_normalization	no
GuanglugenA	guanglugena	1	1	GuanglugenA	mechanical_normalization	no
360S	360s	1	1	360S	mechanical_normalization	yes
278-4-1-1A	278411a	1	1	278-4-1-1A	mechanical_normalization	yes
Guang23A	guang23a	1	1	Guang23A	mechanical_normalization	no
Ganzaoxian55hao	ganzaoxian55hao	1	1	Ganzaoxian55hao	mechanical_normalization	no
Gangxiang1A	gangxiang1a	1	1	Gangxiang1A	mechanical_normalization	no
Fuyu1haoA	fuyu1haoa	1	1	Fuyu1haoA	mechanical_normalization	no
Fuhui5138	fuhui5138	1	1	Fuhui5138	mechanical_normalization	no
Fuhui2098	fuhui2098	1	1	Fuhui2098	mechanical_normalization	no
FengyuanA	fengyuana	1	1	FengyuanA	mechanical_normalization	no
Fengsizhan	fengsizhan	1	1	Fengsizhan	mechanical_normalization	no
Feihui6hao	feihui6hao	1	1	Feihui6hao	mechanical_normalization	no
119	119	1	1	119	mechanical_normalization	yes
14HS049	14hs049	1	1	14HS049	mechanical_normalization	no
Erjiuqing	erjiuqing	1	1	Erjiuqing	mechanical_normalization	no
Erjiunan1hao	erjiunan1hao	1	1	Erjiunan1hao	mechanical_normalization	no
Erjiuai4haoA	erjiuai4haoa	1	1	Erjiuai4haoA	mechanical_normalization	no
Enuo9hao	enuo9hao	1	1	Enuo9hao	mechanical_normalization	no
Dxiang286A	dxiang286a	1	1	Dxiang286A	mechanical_normalization	no
Dongnan201	dongnan201	1	1	Dongnan201	mechanical_normalization	no
Dehui923	dehui923	1	1	Dehui923	mechanical_normalization	no
De1B	de1b	1	1	De1B	mechanical_normalization	yes
Dalixiang15	dalixiang15	1	1	Dalixiang15	mechanical_normalization	no
Chuanzuo6A	chuanzuo6a	1	1	Chuanzuo6A	mechanical_normalization	no
ChuanxiangB	chuanxiangb	1	1	ChuanxiangB	mechanical_normalization	no
85-24	8524	1	1	85-24	mechanical_normalization	yes
Chuannong2A	chuannong2a	1	1	Chuannong2A	mechanical_normalization	no
Chuanhanghui907	chuanhanghui907	1	1	Chuanhanghui907	mechanical_normalization	no
Chuang5S	chuang5s	1	1	Chuang5S	mechanical_normalization	no
Chuan106A	chuan106a	1	1	Chuan106A	mechanical_normalization	no
ChenhongA	chenhonga	1	1	ChenhongA	mechanical_normalization	no
75P12	75p12	1	1	75P12	mechanical_normalization	no
Chenghui149	chenghui149	1	1	Chenghui149	mechanical_normalization	no
Chaoyang1hao	chaoyang1hao	1	1	Chaoyang1hao	mechanical_normalization	no
ChanghuiT025	changhuit025	1	1	ChanghuiT025	mechanical_normalization	no
Chang-7	chang7	1	1	Chang-7	mechanical_normalization	no
Chang-1	chang1	1	1	Chang-1	mechanical_normalization	no
Ce258	ce258	1	1	Ce258	mechanical_normalization	yes
Ce253	ce253	1	1	Ce253	mechanical_normalization	yes
BoIIIA	boiiia	1	1	BoIIIA	mechanical_normalization	no
BoIIA	boiia	1	1	BoIIA	mechanical_normalization	no
BoA	boa	1	1	BoA	mechanical_normalization	no
Bing4114	bing4114	1	1	Bing4114	mechanical_normalization	yes
03S	03s	1	1	03S	mechanical_normalization	yes
R183	r183	1	1	R183	mechanical_normalization	yes
Aifu9hao	aifu9hao	1	1	Aifu9hao	mechanical_normalization	no
R10	r10	1	1	R10	mechanical_normalization	yes
500594	500594	1	1	500594	mechanical_normalization	yes
Quanhui039	quanhui039	1	1	Quanhui039	mechanical_normalization	no
QuanfengA	quanfenga	1	1	QuanfengA	mechanical_normalization	no
Qingxiaojinzao	qingxiaojinzao	1	1	Qingxiaojinzao	mechanical_normalization	no
Qingsan61	qingsan61	1	1	Qingsan61	mechanical_normalization	no
79106	79106	1	1	79106	mechanical_normalization	yes
Qhui108	qhui108	1	1	Qhui108	mechanical_normalization	yes
Q4A	q4a	1	1	Q4A	mechanical_normalization	yes
Pinghui141	pinghui141	1	1	Pinghui141	mechanical_normalization	no
Peidi	peidi	1	1	Peidi	mechanical_normalization	no
Nongxiang41	nongxiang41	1	1	Nongxiang41	mechanical_normalization	no
Neizhong152	neizhong152	1	1	Neizhong152	mechanical_normalization	no
Neixiang7A	neixiang7a	1	1	Neixiang7A	mechanical_normalization	no
Neixiang3A	neixiang3a	1	1	Neixiang3A	mechanical_normalization	no
Neixiang2A	neixiang2a	1	1	Neixiang2A	mechanical_normalization	no
Nanhui1659	nanhui1659	1	1	Nanhui1659	mechanical_normalization	no
Nanhui009	nanhui009	1	1	Nanhui009	mechanical_normalization	no
N95076S	n95076s	1	1	N95076S	mechanical_normalization	yes
N632S	n632s	1	1	N632S	mechanical_normalization	yes
Minghui77	minghui77	1	1	Minghui77	mechanical_normalization	no
Minghui73	minghui73	1	1	Minghui73	mechanical_normalization	no
Mianhui501	mianhui501	1	1	Mianhui501	mechanical_normalization	no
Mianhui146	mianhui146	1	1	Mianhui146	mechanical_normalization	no
MengS-1	mengs1	1	1	MengS-1	mechanical_normalization	no
MeiA	meia	1	1	MeiA	mechanical_normalization	no
Lvdao24	lvdao24	1	1	Lvdao24	mechanical_normalization	no
Luoma	luoma	1	1	Luoma	mechanical_normalization	no
Luohong4A	luohong4a	1	1	Luohong4A	mechanical_normalization	no
Lu18S	lu18s	1	1	Lu18S	mechanical_normalization	yes
LT21	lt21	1	1	LT21	mechanical_normalization	yes
LT20	lt20	1	1	LT20	mechanical_normalization	yes
LT17	lt17	1	1	LT17	mechanical_normalization	yes
5450	5450	1	1	5450	mechanical_normalization	yes
LT15	lt15	1	1	LT15	mechanical_normalization	yes
Longxiang634B	longxiang634b	1	1	Longxiang634B	mechanical_normalization	no
LongtepuA	longtepua	1	1	LongtepuA	mechanical_normalization	no
Longke638S	longke638s	1	1	Longke638S	mechanical_normalization	no
Ling27A	ling27a	1	1	Ling27A	mechanical_normalization	yes
Kejiexuan17	kejiexuan17	1	1	Kejiexuan17	mechanical_normalization	no
K22B	k22b	1	1	K22B	mechanical_normalization	yes
Jinzao6hao	jinzao6hao	1	1	Jinzao6hao	mechanical_normalization	no
Jinwan3hao	jinwan3hao	1	1	Jinwan3hao	mechanical_normalization	no
JinnanteA	jinnantea	1	1	JinnanteA	mechanical_normalization	no
Jinnante43A	jinnante43a	1	1	Jinnante43A	mechanical_normalization	no
Jing1B	jing1b	1	1	Jing1B	mechanical_normalization	yes
Jiazao1hao	jiazao1hao	1	1	Jiazao1hao	mechanical_normalization	no
Jiayu948	jiayu948	1	1	Jiayu948	mechanical_normalization	no
Jiayu280	jiayu280	1	1	Jiayu280	mechanical_normalization	no
Jiaxing8hao	jiaxing8hao	1	1	Jiaxing8hao	mechanical_normalization	no
JianS-2	jians2	1	1	JianS-2	mechanical_normalization	no
JianS-1	jians1	1	1	JianS-1	mechanical_normalization	no
Jiangyu1S	jiangyu1s	1	1	Jiangyu1S	mechanical_normalization	no
Jianghangsimiao	jianghangsimiao	1	1	Jianghangsimiao	mechanical_normalization	no
1154	1154	1	1	1154	mechanical_normalization	yes
IR34631-6-1-3	ir34631613	1	1	IR34631-6-1-3	mechanical_normalization	yes
IR32307-45-2-3-2	ir3230745232	1	1	IR32307-45-2-3-2	mechanical_normalization	yes
IR31906-67-1-1-2-2	ir31906671122	1	1	IR31906-67-1-1-2-2	mechanical_normalization	yes
IR29725-63-3-3-2	ir2972563332	1	1	IR29725-63-3-3-2	mechanical_normalization	yes
IR27300-124-2	ir273001242	1	1	IR27300-124-2	mechanical_normalization	yes
1126	1126	1	1	1126	mechanical_normalization	yes
Xiangzaoxian24hao	xiangzaoxian24hao	1	1	Xiangzaoxian24hao	mechanical_normalization	no
Xiangzaonuo1hao	xiangzaonuo1hao	1	1	Xiangzaonuo1hao	mechanical_normalization	no
Xiangwanxian13	xiangwanxian13	1	1	Xiangwanxian13	mechanical_normalization	no
Xiangwanxian10hao	xiangwanxian10hao	1	1	Xiangwanxian10hao	mechanical_normalization	no
Xiangwanxian9hao	xiangwanxian9hao	1	1	Xiangwanxian9hao	mechanical_normalization	no
Xianghui299	xianghui299	1	1	Xianghui299	mechanical_normalization	no
Xianghui227	xianghui227	1	1	Xianghui227	mechanical_normalization	no
Xiangaizao9hao	xiangaizao9hao	1	1	Xiangaizao9hao	mechanical_normalization	no
Xiangaizao8hao	xiangaizao8hao	1	1	Xiangaizao8hao	mechanical_normalization	no
Xiangaizao7hao	xiangaizao7hao	1	1	Xiangaizao7hao	mechanical_normalization	no
WW006	ww006	1	1	WW006	mechanical_normalization	yes
Baohongxuan	baohongxuan	1	1	Baohongxuan	mechanical_normalization	no
WW001	ww001	1	1	WW001	mechanical_normalization	yes
WufengA	wufenga	1	1	WufengA	mechanical_normalization	no
Wenxuanqing	wenxuanqing	1	1	Wenxuanqing	mechanical_normalization	no
WAxingIIFengA	waxingiifenga	1	1	WAxingIIFengA	mechanical_normalization	no
Wandao141	wandao141	1	1	Wandao141	mechanical_normalization	no
Wan8A	wan8a	1	1	Wan8A	mechanical_normalization	yes
W9593S	w9593s	1	1	W9593S	mechanical_normalization	yes
To463-1	to4631	1	1	To463-1	mechanical_normalization	yes
TN1498	tn1498	1	1	TN1498	mechanical_normalization	yes
TN1396	tn1396	1	1	TN1396	mechanical_normalization	yes
TFI15	tfi15	1	1	TFI15	mechanical_normalization	yes
AoR18	aor18	1	1	AoR18	mechanical_normalization	yes
T51	t51	1	1	T51	mechanical_normalization	yes
T25	t25	1	1	T25	mechanical_normalization	yes
Shuhui137	shuhui137	1	1	Shuhui137	mechanical_normalization	no
ShuangqingA	shuangqinga	1	1	ShuangqingA	mechanical_normalization	no
Shuanggui36	shuanggui36	1	1	Shuanggui36	mechanical_normalization	no
Shuanggui1hao	shuanggui1hao	1	1	Shuanggui1hao	mechanical_normalization	no
Shiji137	shiji137	1	1	Shiji137	mechanical_normalization	no
Shennong4A-Q4A	shennong4aq4a	1	1	Shennong4A-Q4A	mechanical_normalization	no
AnnongS-1	annongs1	1	1	AnnongS-1	mechanical_normalization	no
R9918	r9918	1	1	R9918	mechanical_normalization	yes
AlianyuanzaoA	alianyuanzaoa	1	1	AlianyuanzaoA	mechanical_normalization	no
R8117	r8117	1	1	R8117	mechanical_normalization	yes
R5128	r5128	1	1	R5128	mechanical_normalization	yes
R3700	r3700	1	1	R3700	mechanical_normalization	yes
R3301	r3301	1	1	R3301	mechanical_normalization	yes
R1826	r1826	1	1	R1826	mechanical_normalization	yes
R1222	r1222	1	1	R1222	mechanical_normalization	yes
Ainanzao1hao	ainanzao1hao	1	1	Ainanzao1hao	mechanical_normalization	no
R901	r901	1	1	R901	mechanical_normalization	yes
Aimeizao3hAo	aimeizao3hao	1	1	Aimeizao3hAo	mechanical_normalization	no
R507	r507	1	1	R507	mechanical_normalization	yes
R361	r361	1	1	R361	mechanical_normalization	yes
R320	r320	1	1	R320	mechanical_normalization	yes
R298	r298	1	1	R298	mechanical_normalization	yes
R228	r228	1	1	R228	mechanical_normalization	yes
IRGC 127564	irgc127564	1	1	IRGC 127564	mechanical_normalization	yes
M-ERV1-2	merv12	1	1	M-ERV1-2	mechanical_normalization	yes
BOZU 1	bozu1	1	1	BOZU 1	mechanical_normalization	yes
D196	d196	1	1	D196	mechanical_normalization	yes
D282	d282	1	1	D282	mechanical_normalization	yes
D255	d255	1	1	D255	mechanical_normalization	yes
D218	d218	1	1	D218	mechanical_normalization	yes
Keteki Joha	ketekijoha	1	1	Keteki Joha	mechanical_normalization	no
CL152	cl152	1	1	CL152	mechanical_normalization	yes
CMS08A	cms08a	1	1	CMS08A	mechanical_normalization	yes
Cypress2	cypress2	1	1	Cypress2	mechanical_normalization	no
IAC600	iac600	1	1	IAC600	mechanical_normalization	yes
Camponi	camponi	1	1	Camponi	mechanical_normalization	no
CT21375-F4-43-1	ct21375f4431	1	1	CT21375-F4-43-1	mechanical_normalization	no
Fedearroz174	fedearroz174	1	1	Fedearroz174	mechanical_normalization	no
Fedearroz2000	fedearroz2000	1	1	Fedearroz2000	mechanical_normalization	no
IRGA424	irga424	1	1	IRGA424	mechanical_normalization	yes
L2825-CA	l2825ca	1	1	L2825-CA	mechanical_normalization	no
Parao	parao	1	1	Parao	mechanical_normalization	no
Pionero2010FL	pionero2010fl	1	1	Pionero2010FL	mechanical_normalization	no
Teqing(TQ)	teqing	1	1	Teqing(TQ)	mechanical_normalization	no
NH107-1	nh1071	1	1	NH107-1	mechanical_normalization	yes
NH010-1	nh0101	1	1	NH010-1	mechanical_normalization	yes
NH092-1	nh0921	1	1	NH092-1	mechanical_normalization	yes
NH075-1	nh0751	1	1	NH075-1	mechanical_normalization	yes
NH069-1	nh0691	1	1	NH069-1	mechanical_normalization	yes
NH067-1R	nh0671r	1	1	NH067-1R	mechanical_normalization	yes
NH007-2	nh0072	1	1	NH007-2	mechanical_normalization	yes
NH065-1	nh0651	1	1	NH065-1	mechanical_normalization	yes
NH063-1	nh0631	1	1	NH063-1	mechanical_normalization	yes
NH058-1	nh0581	1	1	NH058-1	mechanical_normalization	yes
NH054-1	nh0541	1	1	NH054-1	mechanical_normalization	yes
NH051-1	nh0511	1	1	NH051-1	mechanical_normalization	yes
NH046-1	nh0461	1	1	NH046-1	mechanical_normalization	yes
NH034-1	nh0341	1	1	NH034-1	mechanical_normalization	yes
NH029-1	nh0291	1	1	NH029-1	mechanical_normalization	yes
NH236-1	nh2361	1	1	NH236-1	mechanical_normalization	yes
NH229	nh229	1	1	NH229	mechanical_normalization	yes
NH226-1	nh2261	1	1	NH226-1	mechanical_normalization	yes
NH003-1	nh0031	1	1	NH003-1	mechanical_normalization	yes
NH211-1	nh2111	1	1	NH211-1	mechanical_normalization	yes
NH207-1	nh2071	1	1	NH207-1	mechanical_normalization	yes
NH021-1	nh0211	1	1	NH021-1	mechanical_normalization	yes
NH194-1	nh1941	1	1	NH194-1	mechanical_normalization	yes
NH192-1	nh1921	1	1	NH192-1	mechanical_normalization	yes
NH182-1	nh1821	1	1	NH182-1	mechanical_normalization	yes
NH158-1	nh1581	1	1	NH158-1	mechanical_normalization	yes
NH157-1	nh1571	1	1	NH157-1	mechanical_normalization	yes
NH153-1	nh1531	1	1	NH153-1	mechanical_normalization	yes
NH144-1	nh1441	1	1	NH144-1	mechanical_normalization	yes
NH143-1	nh1431	1	1	NH143-1	mechanical_normalization	yes
NH141-1	nh1411	1	1	NH141-1	mechanical_normalization	yes
NH014-1	nh0141	1	1	NH014-1	mechanical_normalization	yes
NH125-1	nh1251	1	1	NH125-1	mechanical_normalization	yes
NH120-1	nh1201	1	1	NH120-1	mechanical_normalization	yes
IRGC_23362	irgc23362	1	1	IRGC_23362	mechanical_normalization	yes
IRGC_23359	irgc23359	1	1	IRGC_23359	mechanical_normalization	yes
IRGC_60589	irgc60589	1	1	IRGC_60589	mechanical_normalization	yes
Ai-Tzu-Chung	aitzuchung	1	1	Ai-Tzu-Chung	mechanical_normalization	no
E24	e24	1	1	E24	mechanical_normalization	yes
Fuhui636	fuhui636	1	1	Fuhui636	mechanical_normalization	no
Fuhui639	fuhui639	1	1	Fuhui639	mechanical_normalization	no
Yunhui290	yunhui290	1	1	Yunhui290	mechanical_normalization	no
19W70	19w70	1	1	19W70	mechanical_normalization	no
19W63	19w63	1	1	19W63	mechanical_normalization	no
8g05	8g05	1	1	8g05	mechanical_normalization	no
19W54	19w54	1	1	19W54	mechanical_normalization	no
19W48	19w48	1	1	19W48	mechanical_normalization	no
19W43	19w43	1	1	19W43	mechanical_normalization	no
19W38	19w38	1	1	19W38	mechanical_normalization	no
8g04	8g04	1	1	8g04	mechanical_normalization	no
19W35	19w35	1	1	19W35	mechanical_normalization	no
19W28	19w28	1	1	19W28	mechanical_normalization	no
19W26	19w26	1	1	19W26	mechanical_normalization	no
19W24	19w24	1	1	19W24	mechanical_normalization	no
19W20	19w20	1	1	19W20	mechanical_normalization	no
19W14	19w14	1	1	19W14	mechanical_normalization	no
19W01	19w01	1	1	19W01	mechanical_normalization	no
Fan1	fan1	1	1	Fan1	mechanical_normalization	yes
IR65482-4-136-2-2-8	ir654824136228	1	1	IR65482-4-136-2-2-8	mechanical_normalization	yes
CNG933B	cng933b	1	1	CNG933B	mechanical_normalization	yes
CNG523B	cng523b	1	1	CNG523B	mechanical_normalization	yes
CNG15B	cng15b	1	1	CNG15B	mechanical_normalization	yes
R366	r366	1	1	R366	mechanical_normalization	yes
R713	r713	1	1	R713	mechanical_normalization	yes
Fuhui676_2	fuhui6762	1	1	Fuhui676_2	mechanical_normalization	no
Fuhui696_1	fuhui6961	1	1	Fuhui696_1	mechanical_normalization	no
Silewah	silewah	1	1	Silewah	mechanical_normalization	no
DINALAGA	dinalaga	1	1	DINALAGA	mechanical_normalization	no
MILT 1444	milt1444	1	1	MILT 1444	mechanical_normalization	yes
BAYUENUO	bayuenuo	1	1	BAYUENUO	mechanical_normalization	no
IR 75942-9	ir759429	1	1	IR 75942-9	mechanical_normalization	yes
HANDAO 3	handao3	1	1	HANDAO 3	mechanical_normalization	no
MONOLAYA	monolaya	1	1	MONOLAYA	mechanical_normalization	no
JINHUANGZHAN	jinhuangzhan	1	1	JINHUANGZHAN	mechanical_normalization	no
SML 81B	sml81b	1	1	SML 81B	mechanical_normalization	yes
LIANGGUOZAO	liangguozao	1	1	LIANGGUOZAO	mechanical_normalization	no
PR 403	pr403	1	1	PR 403	mechanical_normalization	yes
KEQING 3	keqing3	1	1	KEQING 3	mechanical_normalization	no
RIKUTO NORIN 21	rikutonorin21	1	1	RIKUTO NORIN 21	mechanical_normalization	no
IR 66417-18-1-1-1	ir6641718111	1	1	IR 66417-18-1-1-1	mechanical_normalization	yes
R752	r752	1	1	R752	mechanical_normalization	yes
13494	13494	1	1	13494	mechanical_normalization	yes
Xianghong	xianghong	1	1	Xianghong	mechanical_normalization	no
Feng9	feng9	1	1	Feng9	mechanical_normalization	yes
Duohui1hao	duohui1hao	1	1	Duohui1hao	mechanical_normalization	no
Heiguomi	heiguomi	1	1	Heiguomi	mechanical_normalization	no
DYheidao	dyheidao	1	1	DYheidao	mechanical_normalization	no
Ezao11hao	ezao11hao	1	1	Ezao11hao	mechanical_normalization	no
Forbiprotife	forbiprotife	1	1	Forbiprotife	mechanical_normalization	no
Miyang83	miyang83	1	1	Miyang83	mechanical_normalization	no
Guanghui380	guanghui380	1	1	Guanghui380	mechanical_normalization	no
Zaoyou143	zaoyou143	1	1	Zaoyou143	mechanical_normalization	no
Changzinuo	changzinuo	1	1	Changzinuo	mechanical_normalization	no
Lvxiang3hao	lvxiang3hao	1	1	Lvxiang3hao	mechanical_normalization	no
Chenghui3203	chenghui3203	1	1	Chenghui3203	mechanical_normalization	no
IR38	ir38	1	1	IR38	mechanical_normalization	yes
BoB	bob	1	1	BoB	mechanical_normalization	no
Xinong1R	xinong1r	1	1	Xinong1R	mechanical_normalization	no
CBB23	cbb23	1	1	CBB23	mechanical_normalization	yes
Zhenguiai	zhenguiai	1	1	Zhenguiai	mechanical_normalization	no
Zhenghui084	zhenghui084	1	1	Zhenghui084	mechanical_normalization	no
CMS17_Lu56S	cms17lu56s	1	1	CMS17_Lu56S	mechanical_normalization	no
CMS12_D1716A	cms12d1716a	1	1	CMS12_D1716A	mechanical_normalization	no
6078	6078	1	1	6078	mechanical_normalization	yes
CMS10_618A	cms10618a	1	1	CMS10_618A	mechanical_normalization	yes
Zimidao	zimidao	1	1	Zimidao	mechanical_normalization	no
Grassy	grassy	1	1	Grassy	mechanical_normalization	no
Kin Shan Zim	kinshanzim	1	1	Kin Shan Zim	mechanical_normalization	no
Toga	toga	1	1	Toga	mechanical_normalization	no
HB-6-2	hb62	1	1	HB-6-2	mechanical_normalization	yes
TCHAMPA	tchampa	1	1	TCHAMPA	mechanical_normalization	no
BKN 6987-68-14	bkn69876814	1	1	BKN 6987-68-14	mechanical_normalization	yes
Quinimpol	quinimpol	1	1	Quinimpol	mechanical_normalization	no
Nam Dawk Mai	namdawkmai	1	1	Nam Dawk Mai	mechanical_normalization	no
PATNAI 6	patnai6	1	1	PATNAI 6	mechanical_normalization	no
Thang 10	thang10	1	1	Thang 10	mechanical_normalization	no
Ai Chueh Ta Pai Ku	aichuehtapaiku	1	1	Ai Chueh Ta Pai Ku	mechanical_normalization	no
Doble Carolina	doblecarolina	1	1	Doble Carolina	mechanical_normalization	no
CSORNUJ	csornuj	1	1	CSORNUJ	mechanical_normalization	no
RD 218	rd218	1	1	RD 218	mechanical_normalization	yes
Khao Phoi	khaophoi	1	1	Khao Phoi	mechanical_normalization	no
Pergonil 15	pergonil15	1	1	Pergonil 15	mechanical_normalization	no
KRASNODARSKIJ 424	krasnodarskij424	1	1	KRASNODARSKIJ 424	mechanical_normalization	no
E B Gopher	ebgopher	1	1	E B Gopher	mechanical_normalization	no
WAB462-10-3-1	wab4621031	1	1	WAB462-10-3-1	mechanical_normalization	yes
THAVALU	thavalu	1	1	THAVALU	mechanical_normalization	no
Magoti	magoti	1	1	Magoti	mechanical_normalization	no
Heo Trang	heotrang	1	1	Heo Trang	mechanical_normalization	no
Coppocina	coppocina	1	1	Coppocina	mechanical_normalization	no
WIR 911	wir911	1	1	WIR 911	mechanical_normalization	yes
CAROLINO 164	carolino164	1	1	CAROLINO 164	mechanical_normalization	no
Padi Tarab Arab	paditarabarab	1	1	Padi Tarab Arab	mechanical_normalization	no
SL 22-620	sl22620	1	1	SL 22-620	mechanical_normalization	yes
DNJ 121	dnj121	1	1	DNJ 121	mechanical_normalization	yes
DJ 24	dj24	1	1	DJ 24	mechanical_normalization	yes
Ittikulama	ittikulama	1	1	Ittikulama	mechanical_normalization	no
KECHENGNUO NO. 4	kechengnuono4	1	1	KECHENGNUO NO. 4	mechanical_normalization	no
CO 13	co13	1	1	CO 13	mechanical_normalization	yes
Tauli	tauli	1	1	Tauli	mechanical_normalization	no
Secano do Brazil	secanodobrazil	1	1	Secano do Brazil	mechanical_normalization	no
Sapundali Local	sapundalilocal	1	1	Sapundali Local	mechanical_normalization	no
SORNAVARI	sornavari	1	1	SORNAVARI	mechanical_normalization	no
Shui Ya Jien	shuiyajien	1	1	Shui Ya Jien	mechanical_normalization	no
WC 4443	wc4443	1	1	WC 4443	mechanical_normalization	yes
Chenghui047	chenghui047	1	1	Chenghui047	mechanical_normalization	no
Zhongnong-4	zhongnong4	1	1	Zhongnong-4	mechanical_normalization	no
Caravela	caravela	1	1	Caravela	mechanical_normalization	no
Carnaroli	carnaroli	1	1	Carnaroli	mechanical_normalization	no
Elettra	elettra	1	1	Elettra	mechanical_normalization	no
JSendra	jsendra	1	1	JSendra	mechanical_normalization	no
SuperBasmati	superbasmati	1	1	SuperBasmati	mechanical_normalization	no
Kitaake FN4275-S	kitaakefn4275s	1	1	Kitaake FN4275-S	mechanical_normalization	no
Kitaake FN4258-S	kitaakefn4258s	1	1	Kitaake FN4258-S	mechanical_normalization	no
Kitaake FN4304-S	kitaakefn4304s	1	1	Kitaake FN4304-S	mechanical_normalization	no
1096	1096	1	1	1096	mechanical_normalization	yes
650	650	1	1	650	mechanical_normalization	yes
634	634	1	1	634	mechanical_normalization	yes
616	616	1	1	616	mechanical_normalization	yes
611	611	1	1	611	mechanical_normalization	yes
1280	1280	1	1	1280	mechanical_normalization	yes
1272	1272	1	1	1272	mechanical_normalization	yes
1268	1268	1	1	1268	mechanical_normalization	yes
1031	1031	1	1	1031	mechanical_normalization	yes
1257	1257	1	1	1257	mechanical_normalization	yes
1251	1251	1	1	1251	mechanical_normalization	yes
846	846	1	1	846	mechanical_normalization	yes
1113	1113	1	1	1113	mechanical_normalization	yes
810	810	1	1	810	mechanical_normalization	yes
801	801	1	1	801	mechanical_normalization	yes
423	423	1	1	423	mechanical_normalization	yes
414	414	1	1	414	mechanical_normalization	yes
37	37	1	1	37	mechanical_normalization	yes
1431	1431	1	1	1431	mechanical_normalization	yes
1420	1420	1	1	1420	mechanical_normalization	yes
1416	1416	1	1	1416	mechanical_normalization	yes
1048	1048	1	1	1048	mechanical_normalization	yes
1399	1399	1	1	1399	mechanical_normalization	yes
592	592	1	1	592	mechanical_normalization	yes
588	588	1	1	588	mechanical_normalization	yes
571	571	1	1	571	mechanical_normalization	yes
1074	1074	1	1	1074	mechanical_normalization	yes
564	564	1	1	564	mechanical_normalization	yes
555	555	1	1	555	mechanical_normalization	yes
493	493	1	1	493	mechanical_normalization	yes
464	464	1	1	464	mechanical_normalization	yes
463	463	1	1	463	mechanical_normalization	yes
461	461	1	1	461	mechanical_normalization	yes
453	453	1	1	453	mechanical_normalization	yes
450	450	1	1	450	mechanical_normalization	yes
447	447	1	1	447	mechanical_normalization	yes
446	446	1	1	446	mechanical_normalization	yes
1388	1388	1	1	1388	mechanical_normalization	yes
1362	1362	1	1	1362	mechanical_normalization	yes
1350	1350	1	1	1350	mechanical_normalization	yes
1320	1320	1	1	1320	mechanical_normalization	yes
1173	1173	1	1	1173	mechanical_normalization	yes
1168	1168	1	1	1168	mechanical_normalization	yes
1165	1165	1	1	1165	mechanical_normalization	yes
1158	1158	1	1	1158	mechanical_normalization	yes
1147	1147	1	1	1147	mechanical_normalization	yes
1135	1135	1	1	1135	mechanical_normalization	yes
953	953	1	1	953	mechanical_normalization	yes
949	949	1	1	949	mechanical_normalization	yes
942	942	1	1	942	mechanical_normalization	yes
933	933	1	1	933	mechanical_normalization	yes
919	919	1	1	919	mechanical_normalization	yes
908	908	1	1	908	mechanical_normalization	yes
904	904	1	1	904	mechanical_normalization	yes
903	903	1	1	903	mechanical_normalization	yes
896	896	1	1	896	mechanical_normalization	yes
888	888	1	1	888	mechanical_normalization	yes
883	883	1	1	883	mechanical_normalization	yes
1117	1117	1	1	1117	mechanical_normalization	yes
871	871	1	1	871	mechanical_normalization	yes
87	87	1	1	87	mechanical_normalization	yes
731	731	1	1	731	mechanical_normalization	yes
704	704	1	1	704	mechanical_normalization	yes
690	690	1	1	690	mechanical_normalization	yes
689	689	1	1	689	mechanical_normalization	yes
688	688	1	1	688	mechanical_normalization	yes
683	683	1	1	683	mechanical_normalization	yes
682	682	1	1	682	mechanical_normalization	yes
1286	1286	1	1	1286	mechanical_normalization	yes
553	553	1	1	553	mechanical_normalization	yes
549	549	1	1	549	mechanical_normalization	yes
548	548	1	1	548	mechanical_normalization	yes
541	541	1	1	541	mechanical_normalization	yes
539	539	1	1	539	mechanical_normalization	yes
1069	1069	1	1	1069	mechanical_normalization	yes
536	536	1	1	536	mechanical_normalization	yes
527	527	1	1	527	mechanical_normalization	yes
525	525	1	1	525	mechanical_normalization	yes
1068	1068	1	1	1068	mechanical_normalization	yes
519	519	1	1	519	mechanical_normalization	yes
509	509	1	1	509	mechanical_normalization	yes
1310	1310	1	1	1310	mechanical_normalization	yes
V227_TijinxMu230	v227tijinxmu230	1	1	V227_TijinxMu230	mechanical_normalization	no
V023_Longjiangguangtou	v023longjiangguangtou	1	1	V023_Longjiangguangtou	mechanical_normalization	no
V181_Wuyoudao3	v181wuyoudao3	1	1	V181_Wuyoudao3	mechanical_normalization	no
V179_Yinyou	v179yinyou	1	1	V179_Yinyou	mechanical_normalization	no
V178_Mu02-1319	v178mu021319	1	1	V178_Mu02-1319	mechanical_normalization	no
V170_Song5123	v170song5123	1	1	V170_Song5123	mechanical_normalization	no
V160_Mu05-1601	v160mu051601	1	1	V160_Mu05-1601	mechanical_normalization	no
V100_Longhua00-485	v100longhua00485	1	1	V100_Longhua00-485	mechanical_normalization	no
V417_09-1454	v417091454	1	1	V417_09-1454	mechanical_normalization	yes
V415_Daobei47	v415daobei47	1	1	V415_Daobei47	mechanical_normalization	no
V409_jinboo_15	v409jinboo15	1	1	V409_jinboo_15	mechanical_normalization	no
V005_kairiao_hokkaidao	v005kairiaohokkaidao	1	1	V005_kairiao_hokkaidao	mechanical_normalization	no
V396_woonzang	v396woonzang	1	1	V396_woonzang	mechanical_normalization	no
V393_ohbong	v393ohbong	1	1	V393_ohbong	mechanical_normalization	no
V158_Mu04-1325	v158mu041325	1	1	V158_Mu04-1325	mechanical_normalization	no
V157_Mudanjiang30	v157mudanjiang30	1	1	V157_Mudanjiang30	mechanical_normalization	no
V155_Mudanjiang28	v155mudanjiang28	1	1	V155_Mudanjiang28	mechanical_normalization	no
V154_Mudanjiang27	v154mudanjiang27	1	1	V154_Mudanjiang27	mechanical_normalization	no
V143_Longdun104	v143longdun104	1	1	V143_Longdun104	mechanical_normalization	no
V015_Qishiertianhuanjia	v015qishiertianhuanjia	1	1	V015_Qishiertianhuanjia	mechanical_normalization	no
V140_Suinuo05-721	v140suinuo05721	1	1	V140_Suinuo05-721	mechanical_normalization	no
V134_Sui02-6173	v134sui026173	1	1	V134_Sui02-6173	mechanical_normalization	no
V132_Sui5348	v132sui5348	1	1	V132_Sui5348	mechanical_normalization	no
V268_Jigeng105	v268jigeng105	1	1	V268_Jigeng105	mechanical_normalization	no
V264_Jigeng87	v264jigeng87	1	1	V264_Jigeng87	mechanical_normalization	no
V257_Jigeng74	v257jigeng74	1	1	V257_Jigeng74	mechanical_normalization	no
V245_Changbai14	v245changbai14	1	1	V245_Changbai14	mechanical_normalization	no
V022_Xiaohongmao	v022xiaohongmao	1	1	V022_Xiaohongmao	mechanical_normalization	no
V207_4227_Fushiguang	v2074227fushiguang	1	1	V207_4227_Fushiguang	mechanical_normalization	no
V199_Dongnong423	v199dongnong423	1	1	V199_Dongnong423	mechanical_normalization	no
V198_Dongnong422	v198dongnong422	1	1	V198_Dongnong422	mechanical_normalization	no
V197_Dongnong421	v197dongnong421	1	1	V197_Dongnong421	mechanical_normalization	no
V194_Dongnong418	v194dongnong418	1	1	V194_Dongnong418	mechanical_normalization	no
V192_Dongnong415	v192dongnong415	1	1	V192_Dongnong415	mechanical_normalization	no
V190_Sasanishiki	v190sasanishiki	1	1	V190_Sasanishiki	mechanical_normalization	no
V068_Kendao07-1630	v068kendao071630	1	1	V068_Kendao07-1630	mechanical_normalization	no
V063_Kenjiandao13	v063kenjiandao13	1	1	V063_Kenjiandao13	mechanical_normalization	no
V060_Kendao21	v060kendao21	1	1	V060_Kendao21	mechanical_normalization	no
V059_Kendao20	v059kendao20	1	1	V059_Kendao20	mechanical_normalization	no
V057_Kendao12	v057kendao12	1	1	V057_Kendao12	mechanical_normalization	no
V558_Zhonglonggeng1	v558zhonglonggeng1	1	1	V558_Zhonglonggeng1	mechanical_normalization	no
V006_hongmaodaozi	v006hongmaodaozi	1	1	V006_hongmaodaozi	mechanical_normalization	no
V503_Mudanjiang31	v503mudanjiang31	1	1	V503_Mudanjiang31	mechanical_normalization	no
V501_Mudanjiang24	v501mudanjiang24	1	1	V501_Mudanjiang24	mechanical_normalization	no
V490_Munian2	v490munian2	1	1	V490_Munian2	mechanical_normalization	no
V488_Longdun107	v488longdun107	1	1	V488_Longdun107	mechanical_normalization	no
V485_Lianhui1	v485lianhui1	1	1	V485_Lianhui1	mechanical_normalization	no
V484_Hegeng1	v484hegeng1	1	1	V484_Hegeng1	mechanical_normalization	no
V481_sanjiang1	v481sanjiang1	1	1	V481_sanjiang1	mechanical_normalization	no
V480_Hejiang21	v480hejiang21	1	1	V480_Hejiang21	mechanical_normalization	no
V331_Liaoxing10	v331liaoxing10	1	1	V331_Liaoxing10	mechanical_normalization	no
V330_Liaoxing6	v330liaoxing6	1	1	V330_Liaoxing6	mechanical_normalization	no
V324_Dan137	v324dan137	1	1	V324_Dan137	mechanical_normalization	no
V033_Taiyang3	v033taiyang3	1	1	V033_Taiyang3	mechanical_normalization	no
V320_Yangeng19	v320yangeng19	1	1	V320_Yangeng19	mechanical_normalization	no
V317_Yan401	v317yan401	1	1	V317_Yan401	mechanical_normalization	no
V307_Tongyu316	v307tongyu316	1	1	V307_Tongyu316	mechanical_normalization	no
V306_Tongyu313	v306tongyu313	1	1	V306_Tongyu313	mechanical_normalization	no
V031_Mudanjiang2	v031mudanjiang2	1	1	V031_Mudanjiang2	mechanical_normalization	no
V004_hoklaidao	v004hoklaidao	1	1	V004_hoklaidao	mechanical_normalization	no
V301_Tongyu139	v301tongyu139	1	1	V301_Tongyu139	mechanical_normalization	no
V298_Nongda19	v298nongda19	1	1	V298_Nongda19	mechanical_normalization	no
V296_Songliao2	v296songliao2	1	1	V296_Songliao2	mechanical_normalization	no
V293_Tenian2	v293tenian2	1	1	V293_Tenian2	mechanical_normalization	no
V287_Teyou12	v287teyou12	1	1	V287_Teyou12	mechanical_normalization	no
V284_Fengyou305	v284fengyou305	1	1	V284_Fengyou305	mechanical_normalization	no
V283_Fengyou301	v283fengyou301	1	1	V283_Fengyou301	mechanical_normalization	no
V029_Hejiang18	v029hejiang18	1	1	V029_Hejiang18	mechanical_normalization	no
V279_Jiheigeng	v279jiheigeng	1	1	V279_Jiheigeng	mechanical_normalization	no
V275_Jiaonian1	v275jiaonian1	1	1	V275_Jiaonian1	mechanical_normalization	no
V126_Suigeng5	v126suigeng5	1	1	V126_Suigeng5	mechanical_normalization	no
V124_Suigeng3	v124suigeng3	1	1	V124_Suigeng3	mechanical_normalization	no
V121_Beidao1	v121beidao1	1	1	V121_Beidao1	mechanical_normalization	no
V105_Longsheng01-028-2	v105longsheng010282	1	1	V105_Longsheng01-028-2	mechanical_normalization	no
V103_Longjiao06-192	v103longjiao06192	1	1	V103_Longjiao06-192	mechanical_normalization	no
V001_Bouzu_5	v001bouzu5	1	1	V001_Bouzu_5	mechanical_normalization	no
V095_Longgeng28	v095longgeng28	1	1	V095_Longgeng28	mechanical_normalization	no
V093_Longgeng26	v093longgeng26	1	1	V093_Longgeng26	mechanical_normalization	no
V078_Longgeng10	v078longgeng10	1	1	V078_Longgeng10	mechanical_normalization	no
V073_Kenxi013	v073kenxi013	1	1	V073_Kenxi013	mechanical_normalization	no
V387_sangju	v387sangju	1	1	V387_sangju	mechanical_normalization	no
V380_mananbyeo	v380mananbyeo	1	1	V380_mananbyeo	mechanical_normalization	no
V375_hamnam_23	v375hamnam23	1	1	V375_hamnam_23	mechanical_normalization	no
V372_hitomebore	v372hitomebore	1	1	V372_hitomebore	mechanical_normalization	no
V366_fukei_180	v366fukei180	1	1	V366_fukei_180	mechanical_normalization	no
V037_Heigeng2	v037heigeng2	1	1	V037_Heigeng2	mechanical_normalization	no
V355_akitakomachi	v355akitakomachi	1	1	V355_akitakomachi	mechanical_normalization	no
V347_shimahikari	v347shimahikari	1	1	V347_shimahikari	mechanical_normalization	no
V344_Shenxiangnuo	v344shenxiangnuo	1	1	V344_Shenxiangnuo	mechanical_normalization	no
V343_Shennong129	v343shennong129	1	1	V343_Shennong129	mechanical_normalization	no
V341_Qianchonglang	v341qianchonglang	1	1	V341_Qianchonglang	mechanical_normalization	no
V340_Liaoyannuo	v340liaoyannuo	1	1	V340_Liaoyannuo	mechanical_normalization	no
V334_Liaoyou7	v334liaoyou7	1	1	V334_Liaoyou7	mechanical_normalization	no
V054_Hei0201	v054hei0201	1	1	V054_Hei0201	mechanical_normalization	no
V534_Yannian1	v534yannian1	1	1	V534_Yannian1	mechanical_normalization	no
V053_Hei0200	v053hei0200	1	1	V053_Hei0200	mechanical_normalization	no
V529_Zhonglongdao1	v529zhonglongdao1	1	1	V529_Zhonglongdao1	mechanical_normalization	no
V528_Beidao5	v528beidao5	1	1	V528_Beidao5	mechanical_normalization	no
V515_Songgeng12	v515songgeng12	1	1	V515_Songgeng12	mechanical_normalization	no
V512_Songgeng8	v512songgeng8	1	1	V512_Songgeng8	mechanical_normalization	no
V475_Hejiang13	v475hejiang13	1	1	V475_Hejiang13	mechanical_normalization	no
V466_Longlian1	v466longlian1	1	1	V466_Longlian1	mechanical_normalization	no
V459_Longgeng6	v459longgeng6	1	1	V459_Longgeng6	mechanical_normalization	no
V046_yukimochi	v046yukimochi	1	1	V046_yukimochi	mechanical_normalization	no
V442_Kendao13	v442kendao13	1	1	V442_Kendao13	mechanical_normalization	no
V439_Heigeng8	v439heigeng8	1	1	V439_Heigeng8	mechanical_normalization	no
V422_41894	v42241894	1	1	V422_41894	mechanical_normalization	yes
V241_Changbai10	v241changbai10	1	1	V241_Changbai10	mechanical_normalization	no
V234_Jiudao8	v234jiudao8	1	1	V234_Jiudao8	mechanical_normalization	no
V231_Changxuan10	v231changxuan10	1	1	V231_Changxuan10	mechanical_normalization	no
V230_Chang005	v230chang005	1	1	V230_Chang005	mechanical_normalization	no
PN8	pn8	1	1	PN8	mechanical_normalization	yes
PN37	pn37	1	1	PN37	mechanical_normalization	yes
PN35	pn35	1	1	PN35	mechanical_normalization	yes
PN31	pn31	1	1	PN31	mechanical_normalization	yes
PN28	pn28	1	1	PN28	mechanical_normalization	yes
PN23	pn23	1	1	PN23	mechanical_normalization	yes
PN22	pn22	1	1	PN22	mechanical_normalization	yes
PN21	pn21	1	1	PN21	mechanical_normalization	yes
PN20	pn20	1	1	PN20	mechanical_normalization	yes
PN19	pn19	1	1	PN19	mechanical_normalization	yes
PN17	pn17	1	1	PN17	mechanical_normalization	yes
PN12	pn12	1	1	PN12	mechanical_normalization	yes
PN2	pn2	1	1	PN2	mechanical_normalization	yes
PN1	pn1	1	1	PN1	mechanical_normalization	yes
NMR 151	nmr151	1	1	NMR 151	mechanical_normalization	yes
Ketan-Ireng3	ketanireng3	1	1	Ketan-Ireng3	mechanical_normalization	no
Periavelai-Red-Rice	periavelairedrice	1	1	Periavelai-Red-Rice	mechanical_normalization	no
Masuran	masuran	1	1	Masuran	mechanical_normalization	no
Nar-B-Upland	narbupland	1	1	Nar-B-Upland	mechanical_normalization	no
Red42	red42	1	1	Red42	mechanical_normalization	yes
Beni-Denia	benidenia	1	1	Beni-Denia	mechanical_normalization	no
Chakhao	chakhao	1	1	Chakhao	mechanical_normalization	no
Ketan-Ireng1	ketanireng1	1	1	Ketan-Ireng1	mechanical_normalization	no
Niaw-Dam	niawdam	1	1	Niaw-Dam	mechanical_normalization	no
Khao-Gam-Niaw	khaogamniaw	1	1	Khao-Gam-Niaw	mechanical_normalization	no
Pulut-Arang	pulutarang	1	1	Pulut-Arang	mechanical_normalization	no
Ketan-Adang	ketanadang	1	1	Ketan-Adang	mechanical_normalization	no
ART64-31-1-1-B-B	art643111bb	1	1	ART64-31-1-1-B-B	mechanical_normalization	no
SR35250-2-19-1-2	sr3525021912	1	1	SR35250-2-19-1-2	mechanical_normalization	yes
SR34053(#5-52)-1-4-2-10-1-2	sr340531421012	1	1	SR34053(#5-52)-1-4-2-10-1-2	mechanical_normalization	yes
SR34054-1-21-2-1-1-3	sr340541212113	1	1	SR34054-1-21-2-1-1-3	mechanical_normalization	yes
SR35266-2-18-2-1	sr3526621821	1	1	SR35266-2-18-2-1	mechanical_normalization	yes
Toxx 3377	toxx3377	1	1	Toxx 3377	mechanical_normalization	yes
NERICA 8	nerica8	1	1	NERICA 8	mechanical_normalization	no
AGRA-CRI-LOL-1-7	agracrilol17	1	1	AGRA-CRI-LOL-1-7	mechanical_normalization	no
WAB 2101-WAC4-1-TGR1-WAT3-5-TGR2	wab2101wac41tgr1wat35tgr2	1	1	WAB 2101-WAC4-1-TGR1-WAT3-5-TGR2	mechanical_normalization	no
AGRA-CRI-LOL-2-7	agracrilol27	1	1	AGRA-CRI-LOL-2-7	mechanical_normalization	no
Ex- Baika	exbaika	1	1	Ex- Baika	mechanical_normalization	no
KBR10	kbr10	1	1	KBR10	mechanical_normalization	yes
FKR62N	fkr62n	1	1	FKR62N	mechanical_normalization	yes
AgKE99-56	agke9956	1	1	AgKE99-56	mechanical_normalization	yes
DigJas-78	digjas78	1	1	DigJas-78	mechanical_normalization	no
ART108-2-1-1-B-B	art108211bb	1	1	ART108-2-1-1-B-B	mechanical_normalization	no
Togo Marshal	togomarshal	1	1	Togo Marshal	mechanical_normalization	no
ART100-56-1-1-B-B	art1005611bb	1	1	ART100-56-1-1-B-B	mechanical_normalization	no
CRI-Kantinka	crikantinka	1	1	CRI-Kantinka	mechanical_normalization	no
CRI-Enapa	crienapa	1	1	CRI-Enapa	mechanical_normalization	no
CRI-Emopa	criemopa	1	1	CRI-Emopa	mechanical_normalization	no
CRI-AGRA	criagra	1	1	CRI-AGRA	mechanical_normalization	no
CRI-1-21-5-12	cri121512	1	1	CRI-1-21-5-12	mechanical_normalization	yes
ART93-112-1-1-B-B	art9311211bb	1	1	ART93-112-1-1-B-B	mechanical_normalization	no
ARICA 3	arica3	1	1	ARICA 3	mechanical_normalization	no
JindaoR24	jindaor24	1	1	JindaoR24	mechanical_normalization	no
039S	039s	1	1	039S	mechanical_normalization	yes
8045A	8045a	1	1	8045A	mechanical_normalization	yes
Quan5A	quan5a	1	1	Quan5A	mechanical_normalization	yes
JindaoA12	jindaoa12	1	1	JindaoA12	mechanical_normalization	no
13A97	13a97	1	1	13A97	mechanical_normalization	no
NMR 152	nmr152	1	1	NMR 152	mechanical_normalization	yes
MTU 18::IRGC 660-1	mtu18irgc6601	1	1	MTU 18::IRGC 660-1	mechanical_normalization	no
AUS 440::IRGC 29222-1	aus440irgc292221	1	1	AUS 440::IRGC 29222-1	mechanical_normalization	no
AUS 152::IRGC 28995-1	aus152irgc289951	1	1	AUS 152::IRGC 28995-1	mechanical_normalization	no
ARC 10303::GSOR 311639-G1	arc10303gsor311639g1	1	1	ARC 10303::GSOR 311639-G1	mechanical_normalization	no
P 79::GSOR 310380-G1	p79gsor310380g1	1	1	P 79::GSOR 310380-G1	mechanical_normalization	no
CHENGRI 1::IRGC 77227-1	chengri1irgc772271	1	1	CHENGRI 1::IRGC 77227-1	mechanical_normalization	no
AUS 93::IRGC 28955-1	aus93irgc289551	1	1	AUS 93::IRGC 28955-1	mechanical_normalization	no
EARLY SUTARSAR 39::IRGC 6255-1	earlysutarsar39irgc62551	1	1	EARLY SUTARSAR 39::IRGC 6255-1	mechanical_normalization	no
BOWALIA 2::IRGC 27538-1	bowalia2irgc275381	1	1	BOWALIA 2::IRGC 27538-1	mechanical_normalization	no
AS 2::IRGC 16320-1	as2irgc163201	1	1	AS 2::IRGC 16320-1	mechanical_normalization	no
RAYADA::IRGC 117283-4	rayadairgc1172834	1	1	RAYADA::IRGC 117283-4	mechanical_normalization	no
Sada Boro::G1-1	sadaborog11	1	1	Sada Boro::G1-1	mechanical_normalization	no
Deshi Boro::G1-1	deshiborog11	1	1	Deshi Boro::G1-1	mechanical_normalization	no
AUS KUSHI::IRGC 66688-1	auskushiirgc666881	1	1	AUS KUSHI::IRGC 66688-1	mechanical_normalization	no
BIR CONA::IRGC 53480-1	birconairgc534801	1	1	BIR CONA::IRGC 53480-1	mechanical_normalization	no
CHINGER::IRGC 52107-1	chingerirgc521071	1	1	CHINGER::IRGC 52107-1	mechanical_normalization	no
Bawoi::G1-1	bawoig11	1	1	Bawoi::G1-1	mechanical_normalization	no
AUS 364::IRGC 29151-1	aus364irgc291511	1	1	AUS 364::IRGC 29151-1	mechanical_normalization	no
ADT-56	adt56	1	1	ADT-56	mechanical_normalization	yes
ADT53	adt53	1	1	ADT53	mechanical_normalization	yes
ADT-39	adt39	1	1	ADT-39	mechanical_normalization	yes
TKM-13	tkm13	1	1	TKM-13	mechanical_normalization	yes
ADT-38	adt38	1	1	ADT-38	mechanical_normalization	yes
Cr-1009	cr1009	1	1	Cr-1009	mechanical_normalization	yes
CO-52	co52	1	1	CO-52	mechanical_normalization	yes
ADT-37	adt37	1	1	ADT-37	mechanical_normalization	yes
Kitaake FN1575 -S	kitaakefn1575s	1	1	Kitaake FN1575 -S	mechanical_normalization	no
Kitaake FN1610 -S	kitaakefn1610s	1	1	Kitaake FN1610 -S	mechanical_normalization	no
Kitaake FN1585 -S	kitaakefn1585s	1	1	Kitaake FN1585 -S	mechanical_normalization	no
Kitaake FN1625 -S	kitaakefn1625s	1	1	Kitaake FN1625 -S	mechanical_normalization	no
Kitaake FN1586 -S	kitaakefn1586s	1	1	Kitaake FN1586 -S	mechanical_normalization	no
Kitaake FN1624 -S	kitaakefn1624s	1	1	Kitaake FN1624 -S	mechanical_normalization	no
Kitaake FN1627 -S	kitaakefn1627s	1	1	Kitaake FN1627 -S	mechanical_normalization	no
Kitaake FN1647 -S	kitaakefn1647s	1	1	Kitaake FN1647 -S	mechanical_normalization	no
Kitaake FN1652 -S	kitaakefn1652s	1	1	Kitaake FN1652 -S	mechanical_normalization	no
Kitaake FN1136-19 -S	kitaakefn113619s	1	1	Kitaake FN1136-19 -S	mechanical_normalization	no
Kitaake FN1981-S	kitaakefn1981s	1	1	Kitaake FN1981-S	mechanical_normalization	no
Kitaake FN1984-S	kitaakefn1984s	1	1	Kitaake FN1984-S	mechanical_normalization	no
Kitaake FN1998-S	kitaakefn1998s	1	1	Kitaake FN1998-S	mechanical_normalization	no
Kitaake FN2009-S	kitaakefn2009s	1	1	Kitaake FN2009-S	mechanical_normalization	no
Kitaake FN2007-S	kitaakefn2007s	1	1	Kitaake FN2007-S	mechanical_normalization	no
Kitaake FN2052-S	kitaakefn2052s	1	1	Kitaake FN2052-S	mechanical_normalization	no
Kitaake FN2103-S	kitaakefn2103s	1	1	Kitaake FN2103-S	mechanical_normalization	no
Kitaake FN2104-S	kitaakefn2104s	1	1	Kitaake FN2104-S	mechanical_normalization	no
Kitaake FN2117-S	kitaakefn2117s	1	1	Kitaake FN2117-S	mechanical_normalization	no
Kitaake FN2116-S	kitaakefn2116s	1	1	Kitaake FN2116-S	mechanical_normalization	no
Kitaake FN2121-S	kitaakefn2121s	1	1	Kitaake FN2121-S	mechanical_normalization	no
Kitaake FN2122-S	kitaakefn2122s	1	1	Kitaake FN2122-S	mechanical_normalization	no
Kitaake FN2130-S	kitaakefn2130s	1	1	Kitaake FN2130-S	mechanical_normalization	no
Kitaake FN2141-S	kitaakefn2141s	1	1	Kitaake FN2141-S	mechanical_normalization	no
Kitaake FN2140-S	kitaakefn2140s	1	1	Kitaake FN2140-S	mechanical_normalization	no
Kitaake FN2138-S	kitaakefn2138s	1	1	Kitaake FN2138-S	mechanical_normalization	no
Kitaake FN2172-S	kitaakefn2172s	1	1	Kitaake FN2172-S	mechanical_normalization	no
Kitaake FN2175-S	kitaakefn2175s	1	1	Kitaake FN2175-S	mechanical_normalization	no
Kitaake FN2171-S	kitaakefn2171s	1	1	Kitaake FN2171-S	mechanical_normalization	no
Kitaake FN2169-S	kitaakefn2169s	1	1	Kitaake FN2169-S	mechanical_normalization	no
Kitaake FN2179-S	kitaakefn2179s	1	1	Kitaake FN2179-S	mechanical_normalization	no
Kalonunia	kalonunia	1	1	Kalonunia	mechanical_normalization	no
cultivated_rice_106	cultivatedrice106	1	1	cultivated_rice_106	mechanical_normalization	no
cultivated_rice_128	cultivatedrice128	1	1	cultivated_rice_128	mechanical_normalization	no
cultivated_rice_111	cultivatedrice111	1	1	cultivated_rice_111	mechanical_normalization	no
cultivated_rice_117	cultivatedrice117	1	1	cultivated_rice_117	mechanical_normalization	no
cultivated_rice_119	cultivatedrice119	1	1	cultivated_rice_119	mechanical_normalization	no
Ningjing16	ningjing16	1	1	Ningjing16	mechanical_normalization	no
Gaya	gaya	1	1	Gaya	mechanical_normalization	no
Nipponbare and 93-11 RIL16	nipponbareand9311ril16	1	1	Nipponbare and 93-11 RIL16	mechanical_normalization	no
Nipponbare and 93-11 RIL13	nipponbareand9311ril13	1	1	Nipponbare and 93-11 RIL13	mechanical_normalization	no
Nipponbare and 93-11 RIL14	nipponbareand9311ril14	1	1	Nipponbare and 93-11 RIL14	mechanical_normalization	no
Nipponbare and 93-11 RIL11	nipponbareand9311ril11	1	1	Nipponbare and 93-11 RIL11	mechanical_normalization	no
Nipponbare and 93-11 RIL32	nipponbareand9311ril32	1	1	Nipponbare and 93-11 RIL32	mechanical_normalization	no
Nipponbare and 93-11 RIL20	nipponbareand9311ril20	1	1	Nipponbare and 93-11 RIL20	mechanical_normalization	no
Nipponbare and 93-11 RIL3	nipponbareand9311ril3	1	1	Nipponbare and 93-11 RIL3	mechanical_normalization	no
Nipponbare and 93-11 RIL1	nipponbareand9311ril1	1	1	Nipponbare and 93-11 RIL1	mechanical_normalization	no
Nipponbare and 93-11 RIL50	nipponbareand9311ril50	1	1	Nipponbare and 93-11 RIL50	mechanical_normalization	no
Nipponbare and 93-11 RIL43	nipponbareand9311ril43	1	1	Nipponbare and 93-11 RIL43	mechanical_normalization	no
Nipponbare and 93-11 RIL48	nipponbareand9311ril48	1	1	Nipponbare and 93-11 RIL48	mechanical_normalization	no
Nipponbare and 93-11 RIL30	nipponbareand9311ril30	1	1	Nipponbare and 93-11 RIL30	mechanical_normalization	no
Nipponbare and 93-11 RIL26	nipponbareand9311ril26	1	1	Nipponbare and 93-11 RIL26	mechanical_normalization	no
Nipponbare and 93-11 RIL25	nipponbareand9311ril25	1	1	Nipponbare and 93-11 RIL25	mechanical_normalization	no
Nipponbare and 93-11 RIL22	nipponbareand9311ril22	1	1	Nipponbare and 93-11 RIL22	mechanical_normalization	no
Nipponbare and 93-11 RIL37	nipponbareand9311ril37	1	1	Nipponbare and 93-11 RIL37	mechanical_normalization	no
Sugandha Samba	sugandhasamba	1	1	Sugandha Samba	mechanical_normalization	no
BTH_31_9	bth319	1	1	BTH_31_9	mechanical_normalization	yes
BTH_31_7	bth317	1	1	BTH_31_7	mechanical_normalization	yes
DZ-12	dz12	1	1	DZ-12	mechanical_normalization	yes
HT_10_1	ht101	1	1	HT_10_1	mechanical_normalization	yes
GH-6	gh6	1	1	GH-6	mechanical_normalization	yes
H4-F6	h4f6	1	1	H4-F6	mechanical_normalization	no
H6-F6	h6f6	1	1	H6-F6	mechanical_normalization	no
HT_4_3	ht43	1	1	HT_4_3	mechanical_normalization	yes
HT_4_4	ht44	1	1	HT_4_4	mechanical_normalization	yes
HT_7_5	ht75	1	1	HT_7_5	mechanical_normalization	yes
HT_7_3	ht73	1	1	HT_7_3	mechanical_normalization	yes
HT_4_6	ht46	1	1	HT_4_6	mechanical_normalization	yes
F2_GW_LowBulk_BPT5204xMTU3626	f2gwlowbulkbpt5204xmtu3626	1	1	F2_GW_LowBulk_BPT5204xMTU3626	mechanical_normalization	no
HB_GN_F2_BPT5204XNLR-33892	hbgnf2bpt5204xnlr33892	1	1	HB_GN_F2_BPT5204XNLR-33892	mechanical_normalization	no
Clonal-Fix-Diploid1	clonalfixdiploid1	1	1	Clonal-Fix-Diploid1	mechanical_normalization	no
Kabotsumame	kabotsumame	1	1	Kabotsumame	mechanical_normalization	no
Tangengenrankatsu	tangengenrankatsu	1	1	Tangengenrankatsu	mechanical_normalization	no
rice 425	rice425	1	1	rice 425	mechanical_normalization	yes
R02	r02	1	1	R02	mechanical_normalization	yes
R03	r03	1	1	R03	mechanical_normalization	yes
R04	r04	1	1	R04	mechanical_normalization	yes
alkali tolerance rice	alkalitolerancerice	1	1	alkali tolerance rice	mechanical_normalization	no
SAGCLZ-041	sagclz041	1	1	SAGCLZ-041	mechanical_normalization	no
SAGCLZ-112	sagclz112	1	1	SAGCLZ-112	mechanical_normalization	no
SAGCLZ-025	sagclz025	1	1	SAGCLZ-025	mechanical_normalization	no
SAGCLZ-010	sagclz010	1	1	SAGCLZ-010	mechanical_normalization	no
SAGCLZ-007	sagclz007	1	1	SAGCLZ-007	mechanical_normalization	no
SAGCLZ-103	sagclz103	1	1	SAGCLZ-103	mechanical_normalization	no
SAGCLZ-021	sagclz021	1	1	SAGCLZ-021	mechanical_normalization	no
SAGCLZ-016	sagclz016	1	1	SAGCLZ-016	mechanical_normalization	no
SAGCLZ-020	sagclz020	1	1	SAGCLZ-020	mechanical_normalization	no
SAGCLZ-088	sagclz088	1	1	SAGCLZ-088	mechanical_normalization	no
SAGCLZ-073	sagclz073	1	1	SAGCLZ-073	mechanical_normalization	no
SAGCLZ-070	sagclz070	1	1	SAGCLZ-070	mechanical_normalization	no
SAGCLZ-062	sagclz062	1	1	SAGCLZ-062	mechanical_normalization	no
SAGCLZ-058	sagclz058	1	1	SAGCLZ-058	mechanical_normalization	no
SAGCLZ-064	sagclz064	1	1	SAGCLZ-064	mechanical_normalization	no
SAGCLZ-054	sagclz054	1	1	SAGCLZ-054	mechanical_normalization	no
SAGCLZ-036	sagclz036	1	1	SAGCLZ-036	mechanical_normalization	no
Kitaake FN2401	kitaakefn2401	1	1	Kitaake FN2401	mechanical_normalization	no
Kitaake FN2388	kitaakefn2388	1	1	Kitaake FN2388	mechanical_normalization	no
Kitaake FN2404	kitaakefn2404	1	1	Kitaake FN2404	mechanical_normalization	no
Kitaake FN2412	kitaakefn2412	1	1	Kitaake FN2412	mechanical_normalization	no
Kitaake FN2407	kitaakefn2407	1	1	Kitaake FN2407	mechanical_normalization	no
Kitaake FN2417	kitaakefn2417	1	1	Kitaake FN2417	mechanical_normalization	no
Kitaake FN2420	kitaakefn2420	1	1	Kitaake FN2420	mechanical_normalization	no
Kitaake FN2424	kitaakefn2424	1	1	Kitaake FN2424	mechanical_normalization	no
Kitaake FN2439	kitaakefn2439	1	1	Kitaake FN2439	mechanical_normalization	no
Kitaake FN2441	kitaakefn2441	1	1	Kitaake FN2441	mechanical_normalization	no
Kitaake FN2449	kitaakefn2449	1	1	Kitaake FN2449	mechanical_normalization	no
Kitaake FN2459	kitaakefn2459	1	1	Kitaake FN2459	mechanical_normalization	no
Kitaake FN2462	kitaakefn2462	1	1	Kitaake FN2462	mechanical_normalization	no
Kitaake FN2460	kitaakefn2460	1	1	Kitaake FN2460	mechanical_normalization	no
Kitaake FN2465	kitaakefn2465	1	1	Kitaake FN2465	mechanical_normalization	no
Kitaake FN2471	kitaakefn2471	1	1	Kitaake FN2471	mechanical_normalization	no
Kitaake FN2475	kitaakefn2475	1	1	Kitaake FN2475	mechanical_normalization	no
Kitaake FN2478	kitaakefn2478	1	1	Kitaake FN2478	mechanical_normalization	no
Kitaake FN2481	kitaakefn2481	1	1	Kitaake FN2481	mechanical_normalization	no
Kitaake FN2487	kitaakefn2487	1	1	Kitaake FN2487	mechanical_normalization	no
Hanmadao	hanmadao	1	1	Hanmadao	mechanical_normalization	no
Ganxiang	ganxiang	1	1	Ganxiang	mechanical_normalization	no
Rato Basmati	ratobasmati	1	1	Rato Basmati	mechanical_normalization	no
Zhonglongjing_2hao	zhonglongjing2hao	1	1	Zhonglongjing_2hao	mechanical_normalization	no
Hongmangshajing	hongmangshajing	1	1	Hongmangshajing	mechanical_normalization	no
Ebusinuodao	ebusinuodao	1	1	Ebusinuodao	mechanical_normalization	no
Wuyunjing_21hao	wuyunjing21hao	1	1	Wuyunjing_21hao	mechanical_normalization	no
Wanhuandao	wanhuandao	1	1	Wanhuandao	mechanical_normalization	no
Wanjingnuo	wanjingnuo	1	1	Wanjingnuo	mechanical_normalization	no
Zhengdao_10hao	zhengdao10hao	1	1	Zhengdao_10hao	mechanical_normalization	no
Suwujing	suwujing	1	1	Suwujing	mechanical_normalization	no
Songjing_10	songjing10	1	1	Songjing_10	mechanical_normalization	no
Zajiaohaigu	zajiaohaigu	1	1	Zajiaohaigu	mechanical_normalization	no
Baoxintaihuqing	baoxintaihuqing	1	1	Baoxintaihuqing	mechanical_normalization	no
ARIAS	arias	1	1	ARIAS	mechanical_normalization	no
9522B	9522b	1	1	9522B	mechanical_normalization	yes
Sihao_4081	sihao4081	1	1	Sihao_4081	mechanical_normalization	no
Shenlenuo	shenlenuo	1	1	Shenlenuo	mechanical_normalization	no
Nannongjing_004	nannongjing004	1	1	Nannongjing_004	mechanical_normalization	no
Luohanhuang	luohanhuang	1	1	Luohanhuang	mechanical_normalization	no
Ludao	ludao	1	1	Ludao	mechanical_normalization	no
Lianjing_2hao	lianjing2hao	1	1	Lianjing_2hao	mechanical_normalization	no
Longdao_19	longdao19	1	1	Longdao_19	mechanical_normalization	no
Longdao_18	longdao18	1	1	Longdao_18	mechanical_normalization	no
Shengtangqing	shengtangqing	1	1	Shengtangqing	mechanical_normalization	no
Shengdao_14	shengdao14	1	1	Shengdao_14	mechanical_normalization	no
Nonglinnuo_4hao	nonglinnuo4hao	1	1	Nonglinnuo_4hao	mechanical_normalization	no
Longjing_22	longjing22	1	1	Longjing_22	mechanical_normalization	no
Longjing_28	longjing28	1	1	Longjing_28	mechanical_normalization	no
Yuedao_50	yuedao50	1	1	Yuedao_50	mechanical_normalization	no
Huifeng_2	huifeng2	1	1	Huifeng_2	mechanical_normalization	no
Huaidao_11hao	huaidao11hao	1	1	Huaidao_11hao	mechanical_normalization	no
Huajing_6hao	huajing6hao	1	1	Huajing_6hao	mechanical_normalization	no
Yuedao_13	yuedao13	1	1	Yuedao_13	mechanical_normalization	no
Yuedao_108	yuedao108	1	1	Yuedao_108	mechanical_normalization	no
IL38	il38	1	1	IL38	mechanical_normalization	yes
Jindao_1007	jindao1007	1	1	Jindao_1007	mechanical_normalization	no
Yandao_6hao	yandao6hao	1	1	Yandao_6hao	mechanical_normalization	no
Yangguang_200	yangguang200	1	1	Yangguang_200	mechanical_normalization	no
Yanjing_9hao	yanjing9hao	1	1	Yanjing_9hao	mechanical_normalization	no
Dongzheng_1640	dongzheng1640	1	1	Dongzheng_1640	mechanical_normalization	no
Dongnong_430	dongnong430	1	1	Dongnong_430	mechanical_normalization	no
Chuan_6xian	chuan6xian	1	1	Chuan_6xian	mechanical_normalization	no
Chuan_5xian	chuan5xian	1	1	Chuan_5xian	mechanical_normalization	no
Chiguhong	chiguhong	1	1	Chiguhong	mechanical_normalization	no
CO 18	co18	1	1	CO 18	mechanical_normalization	yes
IR 29	ir29	1	1	IR 29	mechanical_normalization	yes
Aswina	aswina	1	1	Aswina	mechanical_normalization	no
Moroberekan	moroberekan	1	1	Moroberekan	mechanical_normalization	no
IR 64-21	ir6421	1	1	IR 64-21	mechanical_normalization	yes
Rathuwee	rathuwee	1	1	Rathuwee	mechanical_normalization	no
Pa-Tou-Hung	patouhung	1	1	Pa-Tou-Hung	mechanical_normalization	no
Nona Bokra	nonabokra	1	1	Nona Bokra	mechanical_normalization	no
IR 58	ir58	1	1	IR 58	mechanical_normalization	yes
Hasawi	hasawi	1	1	Hasawi	mechanical_normalization	no
TKM9	tkm9	1	1	TKM9	mechanical_normalization	yes
RH78-3	rh783	1	1	RH78-3	mechanical_normalization	yes
RH78-1	rh781	1	1	RH78-1	mechanical_normalization	yes
ASD16	asd16	1	1	ASD16	mechanical_normalization	yes
Nep Lun	neplun	1	1	Nep Lun	mechanical_normalization	no
OM6377	om6377	1	1	OM6377	mechanical_normalization	yes
LB	lb	1	1	LB	mechanical_normalization	no
CB12132	cb12132	1	1	CB12132	mechanical_normalization	yes
OM1706	om1706	1	1	OM1706	mechanical_normalization	yes
MR185	mr185	1	1	MR185	mechanical_normalization	yes
YUE-XIANG-ZAN	yuexiangzan	1	1	YUE-XIANG-ZAN	mechanical_normalization	no
Guihuahuang2	guihuahuang2	1	1	Guihuahuang2	mechanical_normalization	no
PSB RC28	psbrc28	1	1	PSB RC28	mechanical_normalization	no
PR 106	pr106	1	1	PR 106	mechanical_normalization	yes
Teqingxuanhui	teqingxuanhui	1	1	Teqingxuanhui	mechanical_normalization	no
Yanggeng4227	yanggeng4227	1	1	Yanggeng4227	mechanical_normalization	no
Hanyou3	hanyou3	1	1	Hanyou3	mechanical_normalization	no
Nongkeng57	nongkeng57	1	1	Nongkeng57	mechanical_normalization	no
G40641	g40641	1	1	G40641	mechanical_normalization	yes
G40091	g40091	1	1	G40091	mechanical_normalization	yes
G42241	g42241	1	1	G42241	mechanical_normalization	yes
G42051	g42051	1	1	G42051	mechanical_normalization	yes
G41991	g41991	1	1	G41991	mechanical_normalization	yes
G41911	g41911	1	1	G41911	mechanical_normalization	yes
G40541	g40541	1	1	G40541	mechanical_normalization	yes
G40501	g40501	1	1	G40501	mechanical_normalization	yes
G40481	g40481	1	1	G40481	mechanical_normalization	yes
G40431	g40431	1	1	G40431	mechanical_normalization	yes
G40041	g40041	1	1	G40041	mechanical_normalization	yes
G40291	g40291	1	1	G40291	mechanical_normalization	yes
G41901	g41901	1	1	G41901	mechanical_normalization	yes
G41891	g41891	1	1	G41891	mechanical_normalization	yes
G41871	g41871	1	1	G41871	mechanical_normalization	yes
G41861	g41861	1	1	G41861	mechanical_normalization	yes
G41791	g41791	1	1	G41791	mechanical_normalization	yes
G41771	g41771	1	1	G41771	mechanical_normalization	yes
G41761	g41761	1	1	G41761	mechanical_normalization	yes
G41571	g41571	1	1	G41571	mechanical_normalization	yes
G41201	g41201	1	1	G41201	mechanical_normalization	yes
G41161	g41161	1	1	G41161	mechanical_normalization	yes
G40131	g40131	1	1	G40131	mechanical_normalization	yes
G40121	g40121	1	1	G40121	mechanical_normalization	yes
G41541	g41541	1	1	G41541	mechanical_normalization	yes
G41431	g41431	1	1	G41431	mechanical_normalization	yes
G40171	g40171	1	1	G40171	mechanical_normalization	yes
G41391	g41391	1	1	G41391	mechanical_normalization	yes
G41322	g41322	1	1	G41322	mechanical_normalization	yes
G41311	g41311	1	1	G41311	mechanical_normalization	yes
G41301	g41301	1	1	G41301	mechanical_normalization	yes
Pihyeon2	pihyeon2	1	1	Pihyeon2	mechanical_normalization	no
Ganggye 2	ganggye2	1	1	Ganggye 2	mechanical_normalization	no
Dodeog10	dodeog10	1	1	Dodeog10	mechanical_normalization	no
Daegwan3	daegwan3	1	1	Daegwan3	mechanical_normalization	no
Gwiseong6	gwiseong6	1	1	Gwiseong6	mechanical_normalization	no
Gwiseong5	gwiseong5	1	1	Gwiseong5	mechanical_normalization	no
Gwiseong12	gwiseong12	1	1	Gwiseong12	mechanical_normalization	no
Pihyeon1	pihyeon1	1	1	Pihyeon1	mechanical_normalization	no
Pyeongang9	pyeongang9	1	1	Pyeongang9	mechanical_normalization	no
Pyeongang12	pyeongang12	1	1	Pyeongang12	mechanical_normalization	no
Cheolwon2	cheolwon2	1	1	Cheolwon2	mechanical_normalization	no
Wonju4	wonju4	1	1	Wonju4	mechanical_normalization	no
Wonju1	wonju1	1	1	Wonju1	mechanical_normalization	no
Onseong9	onseong9	1	1	Onseong9	mechanical_normalization	no
Seoktap6	seoktap6	1	1	Seoktap6	mechanical_normalization	no
Onseong3	onseong3	1	1	Onseong3	mechanical_normalization	no
Yeonsan1	yeonsan1	1	1	Yeonsan1	mechanical_normalization	no
Yangsan8	yangsan8	1	1	Yangsan8	mechanical_normalization	no
Yangsan7	yangsan7	1	1	Yangsan7	mechanical_normalization	no
Sosan1	sosan1	1	1	Sosan1	mechanical_normalization	no
Sepu4	sepu4	1	1	Sepu4	mechanical_normalization	yes
Sepu11	sepu11	1	1	Sepu11	mechanical_normalization	yes
Ganggye 6	ganggye6	1	1	Ganggye 6	mechanical_normalization	no
Seoktap2	seoktap2	1	1	Seoktap2	mechanical_normalization	no
Seoheung 1	seoheung1	1	1	Seoheung 1	mechanical_normalization	no
Bughan2	bughan2	1	1	Bughan2	mechanical_normalization	no
Byeogseong4	byeogseong4	1	1	Byeogseong4	mechanical_normalization	no
Byeogseong1	byeogseong1	1	1	Byeogseong1	mechanical_normalization	no
LimHeung 1	limheung1	1	1	LimHeung 1	mechanical_normalization	no
Ryongcheon 1	ryongcheon1	1	1	Ryongcheon 1	mechanical_normalization	no
Kwaksan 3	kwaksan3	1	1	Kwaksan 3	mechanical_normalization	no
Kwaksan 2	kwaksan2	1	1	Kwaksan 2	mechanical_normalization	no
Kwaksan 1	kwaksan1	1	1	Kwaksan 1	mechanical_normalization	no
Gangnyeong6	gangnyeong6	1	1	Gangnyeong6	mechanical_normalization	no
Hwadae3	hwadae3	1	1	Hwadae3	mechanical_normalization	no
Gangnyeong4	gangnyeong4	1	1	Gangnyeong4	mechanical_normalization	no
Hwadae1	hwadae1	1	1	Hwadae1	mechanical_normalization	no
Heocheon4	heocheon4	1	1	Heocheon4	mechanical_normalization	no
cultivar3	cultivar3	1	1	cultivar3	mechanical_normalization	no
Dasan	dasan	1	1	Dasan	mechanical_normalization	no
Sangju 48	sangju48	1	1	Sangju 48	mechanical_normalization	no
Jongjobaekjo	jongjobaekjo	1	1	Jongjobaekjo	mechanical_normalization	no
Ddangbyeo	ddangbyeo	1	1	Ddangbyeo	mechanical_normalization	no
Orido	orido	1	1	Orido	mechanical_normalization	no
Yeolsulbyeo	yeolsulbyeo	1	1	Yeolsulbyeo	mechanical_normalization	no
Goami	goami	1	1	Goami	mechanical_normalization	no
Gangchan	gangchan	1	1	Gangchan	mechanical_normalization	no
Dongbo	dongbo	1	1	Dongbo	mechanical_normalization	no
Hanareum 2	hanareum2	1	1	Hanareum 2	mechanical_normalization	no
Yeongnam	yeongnam	1	1	Yeongnam	mechanical_normalization	no
Yeosubyeo	yeosubyeo	1	1	Yeosubyeo	mechanical_normalization	no
Soebenchigi	soebenchigi	1	1	Soebenchigi	mechanical_normalization	no
Sodujo	sodujo	1	1	Sodujo	mechanical_normalization	no
Seoksanjo	seoksanjo	1	1	Seoksanjo	mechanical_normalization	no
Ssangbong	ssangbong	1	1	Ssangbong	mechanical_normalization	no
Samgyungjo	samgyungjo	1	1	Samgyungjo	mechanical_normalization	no
Aranghyangchal	aranghyangchal	1	1	Aranghyangchal	mechanical_normalization	no
Haepyeong	haepyeong	1	1	Haepyeong	mechanical_normalization	no
Hyangnambyeo	hyangnambyeo	1	1	Hyangnambyeo	mechanical_normalization	no
Cheongho	cheongho	1	1	Cheongho	mechanical_normalization	no
Palgong	palgong	1	1	Palgong	mechanical_normalization	no
Homina	homina	1	1	Homina	mechanical_normalization	no
Nokdudo	nokdudo	1	1	Nokdudo	mechanical_normalization	no
Yuljojo	yuljojo	1	1	Yuljojo	mechanical_normalization	no
Baekgokna	baekgokna	1	1	Baekgokna	mechanical_normalization	no
Cheonggunbyeo	cheonggunbyeo	1	1	Cheonggunbyeo	mechanical_normalization	no
Mojo	mojo	1	1	Mojo	mechanical_normalization	no
Mamakong	mamakong	1	1	Mamakong	mechanical_normalization	no
Neuseubyeo	neuseubyeo	1	1	Neuseubyeo	mechanical_normalization	no
Unmi	unmi	1	1	Unmi	mechanical_normalization	no
Obongbyeo	obongbyeo	1	1	Obongbyeo	mechanical_normalization	no
Unbongbyeo	unbongbyeo	1	1	Unbongbyeo	mechanical_normalization	no
Pochoenjangmangmebyeo	pochoenjangmangmebyeo	1	1	Pochoenjangmangmebyeo	mechanical_normalization	no
Pyeongyang	pyeongyang	1	1	Pyeongyang	mechanical_normalization	no
Dorip	dorip	1	1	Dorip	mechanical_normalization	no
Galsaeksyare	galsaeksyare	1	1	Galsaeksyare	mechanical_normalization	no
Pyeongbuk 4	pyeongbuk4	1	1	Pyeongbuk 4	mechanical_normalization	no
Paldado	paldado	1	1	Paldado	mechanical_normalization	no
Choibuji	choibuji	1	1	Choibuji	mechanical_normalization	no
Chanarak 76	chanarak76	1	1	Chanarak 76	mechanical_normalization	no
Sintohuegmi	sintohuegmi	1	1	Sintohuegmi	mechanical_normalization	no
Odaebyeo	odaebyeo	1	1	Odaebyeo	mechanical_normalization	no
Junamjosaeng	junamjosaeng	1	1	Junamjosaeng	mechanical_normalization	no
Jinmi	jinmi	1	1	Jinmi	mechanical_normalization	no
Jinbu	jinbu	1	1	Jinbu	mechanical_normalization	no
Hyangnam	hyangnam	1	1	Hyangnam	mechanical_normalization	no
Hyangmi 1	hyangmi1	1	1	Hyangmi 1	mechanical_normalization	no
Hwanggeumnuri	hwanggeumnuri	1	1	Hwanggeumnuri	mechanical_normalization	no
Hwanggeumnodeul	hwanggeumnodeul	1	1	Hwanggeumnodeul	mechanical_normalization	no
Samnam	samnam	1	1	Samnam	mechanical_normalization	no
Joryeong	joryeong	1	1	Joryeong	mechanical_normalization	no
Wuyugen 24	wuyugen24	1	1	Wuyugen 24	mechanical_normalization	no
Yumetsukushi	yumetsukushi	1	1	Yumetsukushi	mechanical_normalization	no
S-201	s201	1	1	S-201	mechanical_normalization	yes
Taichung 16	taichung16	1	1	Taichung 16	mechanical_normalization	no
Taipei 309	taipei309	1	1	Taipei 309	mechanical_normalization	no
Homarenishiki	homarenishiki	1	1	Homarenishiki	mechanical_normalization	no
Zhongzuo 321	zhongzuo321	1	1	Zhongzuo 321	mechanical_normalization	no
Yunjing 20	yunjing20	1	1	Yunjing 20	mechanical_normalization	no
Fukunishiki	fukunishiki	1	1	Fukunishiki	mechanical_normalization	no
Gongzhuling07	gongzhuling07	1	1	Gongzhuling07	mechanical_normalization	no
Gongzhuling06	gongzhuling06	1	1	Gongzhuling06	mechanical_normalization	no
Hua 99115	hua99115	1	1	Hua 99115	mechanical_normalization	yes
Zhongzuo 9936	zhongzuo9936	1	1	Zhongzuo 9936	mechanical_normalization	no
Kantou 51	kantou51	1	1	Kantou 51	mechanical_normalization	no
Mineasahi	mineasahi	1	1	Mineasahi	mechanical_normalization	no
KoshijiWase	koshijiwase	1	1	KoshijiWase	mechanical_normalization	no
J23	j23	1	1	J23	mechanical_normalization	yes
jg818	jg818	1	1	jg818	mechanical_normalization	yes
hg5x	hg5x	1	1	hg5x	mechanical_normalization	yes
Wuyunuo99-25	wuyunuo9925	1	1	Wuyunuo99-25	mechanical_normalization	no
Zhennuo6195	zhennuo6195	1	1	Zhennuo6195	mechanical_normalization	no
Ningnuo20923	ningnuo20923	1	1	Ningnuo20923	mechanical_normalization	no
Huixiangnuo101	huixiangnuo101	1	1	Huixiangnuo101	mechanical_normalization	no
Guangmingnuo2	guangmingnuo2	1	1	Guangmingnuo2	mechanical_normalization	no
Ningnuo20911	ningnuo20911	1	1	Ningnuo20911	mechanical_normalization	no
Tongnuo20	tongnuo20	1	1	Tongnuo20	mechanical_normalization	no
Yannuo93207	yannuo93207	1	1	Yannuo93207	mechanical_normalization	no
YN10	yn10	1	1	YN10	mechanical_normalization	yes
Zaodao5	zaodao5	1	1	Zaodao5	mechanical_normalization	no
Nanjingnuo2	nanjingnuo2	1	1	Nanjingnuo2	mechanical_normalization	no
NH106	nh106	1	1	NH106	mechanical_normalization	yes
Zhenuo182	zhenuo182	1	1	Zhenuo182	mechanical_normalization	no
Zhangyunuo2	zhangyunuo2	1	1	Zhangyunuo2	mechanical_normalization	no
Yandao93015	yandao93015	1	1	Yandao93015	mechanical_normalization	no
Huainuo0628	huainuo0628	1	1	Huainuo0628	mechanical_normalization	no
Zhennuo2	zhennuo2	1	1	Zhennuo2	mechanical_normalization	no
Yannuo17	yannuo17	1	1	Yannuo17	mechanical_normalization	no
Heinuo	heinuo	1	1	Heinuo	mechanical_normalization	no
Yangjing9188	yangjing9188	1	1	Yangjing9188	mechanical_normalization	no
Wan16-102	wan16102	1	1	Wan16-102	mechanical_normalization	yes
1392	1392	1	1	1392	mechanical_normalization	yes
P2	p2	1	1	P2	mechanical_normalization	yes
ACM20001	acm20001	1	1	ACM20001	mechanical_normalization	yes
SAGC80	sagc80	1	1	SAGC80	mechanical_normalization	yes
Huhan1517	huhan1517	1	1	Huhan1517	mechanical_normalization	no
Qian R44-620	qianr44620	1	1	Qian R44-620	mechanical_normalization	no
Jing Xuan 365	jingxuan365	1	1	Jing Xuan 365	mechanical_normalization	no
Ji Nong Da 604	jinongda604	1	1	Ji Nong Da 604	mechanical_normalization	no
Tox 3445-14-2-3-2	tox344514232	1	1	Tox 3445-14-2-3-2	mechanical_normalization	yes
Os 6 (Wc 10296)	os6	1	1	Os 6 (Wc 10296)	mechanical_normalization	yes
Ai Fu 9	aifu9	1	1	Ai Fu 9	mechanical_normalization	yes
Pan Geng 37	pangeng37	1	1	Pan Geng 37	mechanical_normalization	no
Zhi 6	zhi6	1	1	Zhi 6	mechanical_normalization	yes
Liao Geng 2112	liaogeng2112	1	1	Liao Geng 2112	mechanical_normalization	no
Ning Zao 910	ningzao910	1	1	Ning Zao 910	mechanical_normalization	no
Lonh Fei 10	lonhfei10	1	1	Lonh Fei 10	mechanical_normalization	no
Yang Geng 708	yanggeng708	1	1	Yang Geng 708	mechanical_normalization	no
Han Dao 306	handao306	1	1	Han Dao 306	mechanical_normalization	no
Hei Da G195	heidag195	1	1	Hei Da G195	mechanical_normalization	no
Zheng Dao 1732	zhengdao1732	1	1	Zheng Dao 1732	mechanical_normalization	no
Xi Nong 919	xinong919	1	1	Xi Nong 919	mechanical_normalization	no
Chuan Xiang You 156	chuanxiangyou156	1	1	Chuan Xiang You 156	mechanical_normalization	no
Zao Qi Xuan	zaoqixuan	1	1	Zao Qi Xuan	mechanical_normalization	no
Bai Yu Geng	baiyugeng	1	1	Bai Yu Geng	mechanical_normalization	no
Song Liao 05-3	songliao053	1	1	Song Liao 05-3	mechanical_normalization	no
Cheng Hui 5018	chenghui5018	1	1	Cheng Hui 5018	mechanical_normalization	no
R319	r319	1	1	R319	mechanical_normalization	yes
Cai Hui Xian Nuo	caihuixiannuo	1	1	Cai Hui Xian Nuo	mechanical_normalization	no
Feng Shan Si Miao	fengshansimiao	1	1	Feng Shan Si Miao	mechanical_normalization	no
Bin Dao K1	bindaok1	1	1	Bin Dao K1	mechanical_normalization	no
Jin Yuan 88	jinyuan88	1	1	Jin Yuan 88	mechanical_normalization	no
Chang Bai 5	changbai5	1	1	Chang Bai 5	mechanical_normalization	no
Sui Geng 26	suigeng26	1	1	Sui Geng 26	mechanical_normalization	no
Chang Geng 730	changgeng730	1	1	Chang Geng 730	mechanical_normalization	no
Ning Xi 14	ningxi14	1	1	Ning Xi 14	mechanical_normalization	no
Fan 953	fan953	1	1	Fan 953	mechanical_normalization	yes
Ir 22082-41-2	ir22082412	1	1	Ir 22082-41-2	mechanical_normalization	yes
R128	r128	1	1	R128	mechanical_normalization	yes
Long Dao 25	longdao25	1	1	Long Dao 25	mechanical_normalization	no
Jing Gui Zhan	jingguizhan	1	1	Jing Gui Zhan	mechanical_normalization	no
Yue Nan Chang Li	yuenanchangli	1	1	Yue Nan Chang Li	mechanical_normalization	no
Ban Na 9	banna9	1	1	Ban Na 9	mechanical_normalization	no
Li Geng13-1	ligeng131	1	1	Li Geng13-1	mechanical_normalization	no
Zhong Ke 804 BJ	zhongke804bj	1	1	Zhong Ke 804 BJ	mechanical_normalization	no
Sundensis	sundensis	1	1	Sundensis	mechanical_normalization	no
Jin Nong	jinnong	1	1	Jin Nong	mechanical_normalization	no
Gan Xiang Zhan 1	ganxiangzhan1	1	1	Gan Xiang Zhan 1	mechanical_normalization	no
Xiang Jin 138	xiangjin138	1	1	Xiang Jin 138	mechanical_normalization	no
Gui Feng Xiang Zhan	guifengxiangzhan	1	1	Gui Feng Xiang Zhan	mechanical_normalization	no
San Jiang 6	sanjiang6	1	1	San Jiang 6	mechanical_normalization	no
T Pool	tpool	1	1	T Pool	mechanical_normalization	no
PhougakT	phougakt	1	1	PhougakT	mechanical_normalization	no
ISMS	isms	1	1	ISMS	mechanical_normalization	no
Zixiangnuo	zixiangnuo	1	1	Zixiangnuo	mechanical_normalization	no
10	10	1	1	10	mechanical_normalization	yes
33	33	1	1	33	mechanical_normalization	yes
4	4	1	1	4	mechanical_normalization	yes
13	13	1	1	13	mechanical_normalization	yes
yeongdeogbyeo	yeongdeogbyeo	1	1	yeongdeogbyeo	mechanical_normalization	no
yechan	yechan	1	1	yechan	mechanical_normalization	no
samgangbyeo	samgangbyeo	1	1	samgangbyeo	mechanical_normalization	no
PBR	pbr	1	1	PBR	mechanical_normalization	no
nampungbyeo	nampungbyeo	1	1	nampungbyeo	mechanical_normalization	no
my298bb	my298bb	1	1	my298bb	mechanical_normalization	no
manmi	manmi	1	1	manmi	mechanical_normalization	no
joryeongbyeo	joryeongbyeo	1	1	joryeongbyeo	mechanical_normalization	no
jinmibyeo	jinmibyeo	1	1	jinmibyeo	mechanical_normalization	no
Hongseong1	hongseong1	1	1	Hongseong1	mechanical_normalization	no
anmi	anmi	1	1	anmi	mechanical_normalization	no
gogeum1	gogeum1	1	1	gogeum1	mechanical_normalization	no
cheongcheongbyeo	cheongcheongbyeo	1	1	cheongcheongbyeo	mechanical_normalization	no
buyeo9	buyeo9	1	1	buyeo9	mechanical_normalization	no
YW3129	yw3129	1	1	YW3129	mechanical_normalization	yes
yongmunbyeo	yongmunbyeo	1	1	yongmunbyeo	mechanical_normalization	no
amimyeon	amimyeon	1	1	amimyeon	mechanical_normalization	no
watra-alisi	watraalisi	1	1	watra-alisi	mechanical_normalization	no
dima	dima	1	1	dima	mechanical_normalization	no
changshuheimi	changshuheimi	1	1	changshuheimi	mechanical_normalization	no
hongmangxiangjingnuo1	hongmangxiangjingnuo1	1	1	hongmangxiangjingnuo1	mechanical_normalization	no
xiangjingnuo2	xiangjingnuo2	1	1	xiangjingnuo2	mechanical_normalization	no
hongmangnuo1	hongmangnuo1	1	1	hongmangnuo1	mechanical_normalization	no
jigengdao	jigengdao	1	1	jigengdao	mechanical_normalization	no
niumaohuang2	niumaohuang2	1	1	niumaohuang2	mechanical_normalization	no
laolaihong3	laolaihong3	1	1	laolaihong3	mechanical_normalization	no
xiaohongdao3	xiaohongdao3	1	1	xiaohongdao3	mechanical_normalization	no
ailzhong	ailzhong	1	1	ailzhong	mechanical_normalization	no
luoshuangqing2	luoshuangqing2	1	1	luoshuangqing2	mechanical_normalization	no
baigedao2	baigedao2	1	1	baigedao2	mechanical_normalization	no
hongxujing	hongxujing	1	1	hongxujing	mechanical_normalization	no
baodao (glutinous)	baodao	1	1	baodao (glutinous)	mechanical_normalization	no
tietouhong1	tietouhong1	1	1	tietouhong1	mechanical_normalization	no
zaonuodao	zaonuodao	1	1	zaonuodao	mechanical_normalization	no
yishixing2	yishixing2	1	1	yishixing2	mechanical_normalization	no
yishixing1	yishixing1	1	1	yishixing1	mechanical_normalization	no
laohuangdao2	laohuangdao2	1	1	laohuangdao2	mechanical_normalization	no
xiaohuangdao2	xiaohuangdao2	1	1	xiaohuangdao2	mechanical_normalization	no
261	261	1	1	261	mechanical_normalization	yes
314	314	1	1	314	mechanical_normalization	yes
jiangxinuo	jiangxinuo	1	1	jiangxinuo	mechanical_normalization	no
xichainuo2	xichainuo2	1	1	xichainuo2	mechanical_normalization	no
xiaohuangdao1	xiaohuangdao1	1	1	xiaohuangdao1	mechanical_normalization	no
em256	em256	1	1	em256	mechanical_normalization	yes
em266	em266	1	1	em266	mechanical_normalization	yes
DA5	da5	1	1	DA5	mechanical_normalization	yes
em066	em066	1	1	em066	mechanical_normalization	yes
em072	em072	1	1	em072	mechanical_normalization	yes
em073	em073	1	1	em073	mechanical_normalization	yes
em274	em274	1	1	em274	mechanical_normalization	yes
em095	em095	1	1	em095	mechanical_normalization	yes
em097	em097	1	1	em097	mechanical_normalization	yes
em100	em100	1	1	em100	mechanical_normalization	yes
em283	em283	1	1	em283	mechanical_normalization	yes
em116	em116	1	1	em116	mechanical_normalization	yes
em227	em227	1	1	em227	mechanical_normalization	yes
em234	em234	1	1	em234	mechanical_normalization	yes
em238	em238	1	1	em238	mechanical_normalization	yes
em240	em240	1	1	em240	mechanical_normalization	yes
em296	em296	1	1	em296	mechanical_normalization	yes
em243	em243	1	1	em243	mechanical_normalization	yes
em247	em247	1	1	em247	mechanical_normalization	yes
em050	em050	1	1	em050	mechanical_normalization	yes
em287	em287	1	1	em287	mechanical_normalization	yes
em166	em166	1	1	em166	mechanical_normalization	yes
em208	em208	1	1	em208	mechanical_normalization	yes
em211	em211	1	1	em211	mechanical_normalization	yes
em213	em213	1	1	em213	mechanical_normalization	yes
em214	em214	1	1	em214	mechanical_normalization	yes
em118	em118	1	1	em118	mechanical_normalization	yes
em122	em122	1	1	em122	mechanical_normalization	yes
em128	em128	1	1	em128	mechanical_normalization	yes
em129	em129	1	1	em129	mechanical_normalization	yes
em130	em130	1	1	em130	mechanical_normalization	yes
em131	em131	1	1	em131	mechanical_normalization	yes
em143	em143	1	1	em143	mechanical_normalization	yes
em146	em146	1	1	em146	mechanical_normalization	yes
em177	em177	1	1	em177	mechanical_normalization	yes
em184	em184	1	1	em184	mechanical_normalization	yes
em190	em190	1	1	em190	mechanical_normalization	yes
em192	em192	1	1	em192	mechanical_normalization	yes
em193	em193	1	1	em193	mechanical_normalization	yes
em194	em194	1	1	em194	mechanical_normalization	yes
em199	em199	1	1	em199	mechanical_normalization	yes
em301	em301	1	1	em301	mechanical_normalization	yes
T9N_83	t9n83	1	1	T9N_83	mechanical_normalization	no
T9N_9	t9n9	1	1	T9N_9	mechanical_normalization	no
T9N_73	t9n73	1	1	T9N_73	mechanical_normalization	no
DN9_37	dn937	1	1	DN9_37	mechanical_normalization	yes
DN9_28	dn928	1	1	DN9_28	mechanical_normalization	yes
T9N_35	t9n35	1	1	T9N_35	mechanical_normalization	no
DN9_20	dn920	1	1	DN9_20	mechanical_normalization	yes
DN9_19	dn919	1	1	DN9_19	mechanical_normalization	yes
DN9_14	dn914	1	1	DN9_14	mechanical_normalization	yes
D9N_19	d9n19	1	1	D9N_19	mechanical_normalization	no
D9N_124	d9n124	1	1	D9N_124	mechanical_normalization	no
D9N_123	d9n123	1	1	D9N_123	mechanical_normalization	no
D9N_121	d9n121	1	1	D9N_121	mechanical_normalization	no
D9N_118	d9n118	1	1	D9N_118	mechanical_normalization	no
D9N_115	d9n115	1	1	D9N_115	mechanical_normalization	no
T9N_66	t9n66	1	1	T9N_66	mechanical_normalization	no
T9N_60	t9n60	1	1	T9N_60	mechanical_normalization	no
T9N_58	t9n58	1	1	T9N_58	mechanical_normalization	no
T9N_51	t9n51	1	1	T9N_51	mechanical_normalization	no
NN99_S1_5	nn99s15	1	1	NN99_S1_5	mechanical_normalization	no
NN99_S1_35	nn99s135	1	1	NN99_S1_35	mechanical_normalization	no
NN99_S1_34	nn99s134	1	1	NN99_S1_34	mechanical_normalization	no
NN99_S1_2	nn99s12	1	1	NN99_S1_2	mechanical_normalization	no
NN99_S1_29	nn99s129	1	1	NN99_S1_29	mechanical_normalization	no
DN9_95	dn995	1	1	DN9_95	mechanical_normalization	yes
DN9_90	dn990	1	1	DN9_90	mechanical_normalization	yes
DN9_87	dn987	1	1	DN9_87	mechanical_normalization	yes
DN9_81	dn981	1	1	DN9_81	mechanical_normalization	yes
DN9_72	dn972	1	1	DN9_72	mechanical_normalization	yes
DN9_132	dn9132	1	1	DN9_132	mechanical_normalization	yes
DN9_128	dn9128	1	1	DN9_128	mechanical_normalization	yes
DN9_125	dn9125	1	1	DN9_125	mechanical_normalization	yes
DN9_118	dn9118	1	1	DN9_118	mechanical_normalization	yes
DN9_108	dn9108	1	1	DN9_108	mechanical_normalization	yes
D9N_110	d9n110	1	1	D9N_110	mechanical_normalization	no
D9N_104	d9n104	1	1	D9N_104	mechanical_normalization	no
T9N_3	t9n3	1	1	T9N_3	mechanical_normalization	no
T9N_48	t9n48	1	1	T9N_48	mechanical_normalization	no
NN99_S1_22	nn99s122	1	1	NN99_S1_22	mechanical_normalization	no
NN99_S1_21	nn99s121	1	1	NN99_S1_21	mechanical_normalization	no
NN99_S1_18	nn99s118	1	1	NN99_S1_18	mechanical_normalization	no
T9N_47	t9n47	1	1	T9N_47	mechanical_normalization	no
NN99_S1_11	nn99s111	1	1	NN99_S1_11	mechanical_normalization	no
99NN_S1_9	99nns19	1	1	99NN_S1_9	mechanical_normalization	no
99NN_S1_5	99nns15	1	1	99NN_S1_5	mechanical_normalization	no
99NN_S1_4	99nns14	1	1	99NN_S1_4	mechanical_normalization	no
99NN_S1_3	99nns13	1	1	99NN_S1_3	mechanical_normalization	no
DN9_5	dn95	1	1	DN9_5	mechanical_normalization	yes
DN9_59	dn959	1	1	DN9_59	mechanical_normalization	yes
DN9_55	dn955	1	1	DN9_55	mechanical_normalization	yes
DN9_53	dn953	1	1	DN9_53	mechanical_normalization	yes
DN9_50	dn950	1	1	DN9_50	mechanical_normalization	yes
DN9_43	dn943	1	1	DN9_43	mechanical_normalization	yes
T9N_37	t9n37	1	1	T9N_37	mechanical_normalization	no
T9N_4	t9n4	1	1	T9N_4	mechanical_normalization	no
D9N_93	d9n93	1	1	D9N_93	mechanical_normalization	no
D9N_7	d9n7	1	1	D9N_7	mechanical_normalization	no
D9N_75	d9n75	1	1	D9N_75	mechanical_normalization	no
TN9_84	tn984	1	1	TN9_84	mechanical_normalization	yes
T9N_19	t9n19	1	1	T9N_19	mechanical_normalization	no
TN9_80	tn980	1	1	TN9_80	mechanical_normalization	yes
TN9_77	tn977	1	1	TN9_77	mechanical_normalization	yes
TN9_69	tn969	1	1	TN9_69	mechanical_normalization	yes
TN9_63	tn963	1	1	TN9_63	mechanical_normalization	yes
TN9_61	tn961	1	1	TN9_61	mechanical_normalization	yes
99NN_S1_28	99nns128	1	1	99NN_S1_28	mechanical_normalization	no
99NN_S1_24	99nns124	1	1	99NN_S1_24	mechanical_normalization	no
99NN_S1_1	99nns11	1	1	99NN_S1_1	mechanical_normalization	no
T9N_44	t9n44	1	1	T9N_44	mechanical_normalization	no
99NN_S1_14	99nns114	1	1	99NN_S1_14	mechanical_normalization	no
99NN_S1_13	99nns113	1	1	99NN_S1_13	mechanical_normalization	no
DN9_96	dn996	1	1	DN9_96	mechanical_normalization	yes
D9N_71	d9n71	1	1	D9N_71	mechanical_normalization	no
D9N_63	d9n63	1	1	D9N_63	mechanical_normalization	no
D9N_62	d9n62	1	1	D9N_62	mechanical_normalization	no
T9N_27	t9n27	1	1	T9N_27	mechanical_normalization	no
D9N_58	d9n58	1	1	D9N_58	mechanical_normalization	no
D9N_49	d9n49	1	1	D9N_49	mechanical_normalization	no
D9N_45	d9n45	1	1	D9N_45	mechanical_normalization	no
D9N_43	d9n43	1	1	D9N_43	mechanical_normalization	no
D9N_41	d9n41	1	1	D9N_41	mechanical_normalization	no
TN9_43	tn943	1	1	TN9_43	mechanical_normalization	yes
TN9_40	tn940	1	1	TN9_40	mechanical_normalization	yes
TN9_38	tn938	1	1	TN9_38	mechanical_normalization	yes
TN9_34	tn934	1	1	TN9_34	mechanical_normalization	yes
T9N_14	t9n14	1	1	T9N_14	mechanical_normalization	no
TN9_29	tn929	1	1	TN9_29	mechanical_normalization	yes
TN9_24	tn924	1	1	TN9_24	mechanical_normalization	yes
TN9_18	tn918	1	1	TN9_18	mechanical_normalization	yes
TN9_15	tn915	1	1	TN9_15	mechanical_normalization	yes
TN9_14	tn914	1	1	TN9_14	mechanical_normalization	yes
TN9_12	tn912	1	1	TN9_12	mechanical_normalization	yes
TN9_6	tn96	1	1	TN9_6	mechanical_normalization	yes
TN9_2	tn92	1	1	TN9_2	mechanical_normalization	yes
148S	148s	1	1	148S	mechanical_normalization	yes
HTGW	htgw	1	1	HTGW	mechanical_normalization	no
Chinnar-20	chinnar20	1	1	Chinnar-20	mechanical_normalization	no
JN100	jn100	1	1	JN100	mechanical_normalization	yes
Yamuna	yamuna	1	1	Yamuna	mechanical_normalization	no
Clonal T1-2	clonalt12	1	1	Clonal T1-2	mechanical_normalization	no
Clonal T1-1	clonalt11	1	1	Clonal T1-1	mechanical_normalization	no
H18	h18	1	1	H18	mechanical_normalization	yes
PTT	ptt	1	1	PTT	mechanical_normalization	no
L14	l14	1	1	L14	mechanical_normalization	yes
H21	h21	1	1	H21	mechanical_normalization	yes
L3	l3	1	1	L3	mechanical_normalization	yes
Hugeng137	hugeng137	1	1	Hugeng137	mechanical_normalization	no
CY84 F2	cy84f2	1	1	CY84 F2	mechanical_normalization	no
Kitaake FN2753-S	kitaakefn2753s	1	1	Kitaake FN2753-S	mechanical_normalization	no
Kitaake FN2715-S	kitaakefn2715s	1	1	Kitaake FN2715-S	mechanical_normalization	no
Kitaake FN2666-S	kitaakefn2666s	1	1	Kitaake FN2666-S	mechanical_normalization	no
Kitaake FN2734-S	kitaakefn2734s	1	1	Kitaake FN2734-S	mechanical_normalization	no
Kitaake FN2482_3-F10	kitaakefn24823f10	1	1	Kitaake FN2482_3-F10	mechanical_normalization	no
Kitaake FN2561-S_5-C06	kitaakefn2561s5c06	1	1	Kitaake FN2561-S_5-C06	mechanical_normalization	no
Kitaake FN2581-S_5-D08	kitaakefn2581s5d08	1	1	Kitaake FN2581-S_5-D08	mechanical_normalization	no
Kitaake FN2591-S_5-E02	kitaakefn2591s5e02	1	1	Kitaake FN2591-S_5-E02	mechanical_normalization	no
Kitaake FN2607-S_5-F02	kitaakefn2607s5f02	1	1	Kitaake FN2607-S_5-F02	mechanical_normalization	no
Kitaake FN2730-S_4-G09	kitaakefn2730s4g09	1	1	Kitaake FN2730-S_4-G09	mechanical_normalization	no
Kitaake FN2608-S_5-F03	kitaakefn2608s5f03	1	1	Kitaake FN2608-S_5-F03	mechanical_normalization	no
Kitaake FN3114-S	kitaakefn3114s	1	1	Kitaake FN3114-S	mechanical_normalization	no
Kitaake FN3155-S	kitaakefn3155s	1	1	Kitaake FN3155-S	mechanical_normalization	no
Kitaake FN3134-S	kitaakefn3134s	1	1	Kitaake FN3134-S	mechanical_normalization	no
Kitaake FN3182-S	kitaakefn3182s	1	1	Kitaake FN3182-S	mechanical_normalization	no
BW white	bwwhite	1	1	BW white	mechanical_normalization	no
Kitaake ubi-XA21 701-3	kitaakeubixa217013	1	1	Kitaake ubi-XA21 701-3	mechanical_normalization	no
Huanan15	huanan15	1	1	Huanan15	mechanical_normalization	no
Chaoyangzao18	chaoyangzao18	1	1	Chaoyangzao18	mechanical_normalization	no
Fengqingai	fengqingai	1	1	Fengqingai	mechanical_normalization	no
Fengaizhang1hao	fengaizhang1hao	1	1	Fengaizhang1hao	mechanical_normalization	no
Huangxinzhan	huangxinzhan	1	1	Huangxinzhan	mechanical_normalization	no
R727	r727	1	1	R727	mechanical_normalization	yes
3301R	3301r	1	1	3301R	mechanical_normalization	yes
R1318	r1318	1	1	R1318	mechanical_normalization	yes
Jiabala	jiabala	1	1	Jiabala	mechanical_normalization	no
Huke3hao	huke3hao	1	1	Huke3hao	mechanical_normalization	no
Heidou4hao	heidou4hao	1	1	Heidou4hao	mechanical_normalization	no
Nanjing11	nanjing11	1	1	Nanjing11	mechanical_normalization	no
Xiang5	xiang5	1	1	Xiang5	mechanical_normalization	no
ApoC2_T1	apoc2t1	1	1	ApoC2_T1	mechanical_normalization	no
Kitaake ubi-XA21 FN-252	kitaakeubixa21fn252	1	1	Kitaake ubi-XA21 FN-252	mechanical_normalization	no
Kitaake ubi-XA21 FN-251	kitaakeubixa21fn251	1	1	Kitaake ubi-XA21 FN-251	mechanical_normalization	no
Kitaake ubi-XA21 FN-250	kitaakeubixa21fn250	1	1	Kitaake ubi-XA21 FN-250	mechanical_normalization	no
Kitaake ubi-XA21 FN-227	kitaakeubixa21fn227	1	1	Kitaake ubi-XA21 FN-227	mechanical_normalization	no
Kitaake ubi-XA21 FN-245	kitaakeubixa21fn245	1	1	Kitaake ubi-XA21 FN-245	mechanical_normalization	no
Kitaake ubi-XA21 FN-237	kitaakeubixa21fn237	1	1	Kitaake ubi-XA21 FN-237	mechanical_normalization	no
Kitaake ubi-XA21 FN-296	kitaakeubixa21fn296	1	1	Kitaake ubi-XA21 FN-296	mechanical_normalization	no
Kitaake ubi-XA21 FN-294	kitaakeubixa21fn294	1	1	Kitaake ubi-XA21 FN-294	mechanical_normalization	no
Kitaake ubi-XA21 FN-307	kitaakeubixa21fn307	1	1	Kitaake ubi-XA21 FN-307	mechanical_normalization	no
Kitaake ubi-XA21 FN-338	kitaakeubixa21fn338	1	1	Kitaake ubi-XA21 FN-338	mechanical_normalization	no
Kitaake ubi-XA21 FN-365	kitaakeubixa21fn365	1	1	Kitaake ubi-XA21 FN-365	mechanical_normalization	no
Kitaake ubi-XA21 FN-346	kitaakeubixa21fn346	1	1	Kitaake ubi-XA21 FN-346	mechanical_normalization	no
Kitaake ubi-XA21 FN-361	kitaakeubixa21fn361	1	1	Kitaake ubi-XA21 FN-361	mechanical_normalization	no
Kitaake ubi-XA21 FN-353	kitaakeubixa21fn353	1	1	Kitaake ubi-XA21 FN-353	mechanical_normalization	no
Kitaake ubi-XA21 FN-406	kitaakeubixa21fn406	1	1	Kitaake ubi-XA21 FN-406	mechanical_normalization	no
Kitaake ubi-XA21 FN-407	kitaakeubixa21fn407	1	1	Kitaake ubi-XA21 FN-407	mechanical_normalization	no
Kitaake ubi-XA21 FN-393	kitaakeubixa21fn393	1	1	Kitaake ubi-XA21 FN-393	mechanical_normalization	no
Kitaake ubi-XA21 FN-396	kitaakeubixa21fn396	1	1	Kitaake ubi-XA21 FN-396	mechanical_normalization	no
Kitaake ubi-XA21 FN-405	kitaakeubixa21fn405	1	1	Kitaake ubi-XA21 FN-405	mechanical_normalization	no
Kitaake ubi-XA21 FN-400	kitaakeubixa21fn400	1	1	Kitaake ubi-XA21 FN-400	mechanical_normalization	no
Kitaake ubi-XA21 FN-404	kitaakeubixa21fn404	1	1	Kitaake ubi-XA21 FN-404	mechanical_normalization	no
kitaake FN757-S	kitaakefn757s	1	1	kitaake FN757-S	mechanical_normalization	no
kitaake FN764-S	kitaakefn764s	1	1	kitaake FN764-S	mechanical_normalization	no
kitaake FN772-S	kitaakefn772s	1	1	kitaake FN772-S	mechanical_normalization	no
kitaake FN777-S	kitaakefn777s	1	1	kitaake FN777-S	mechanical_normalization	no
kitaake FN786-S	kitaakefn786s	1	1	kitaake FN786-S	mechanical_normalization	no
kitaake FN778-S	kitaakefn778s	1	1	kitaake FN778-S	mechanical_normalization	no
kitaake FN798-S	kitaakefn798s	1	1	kitaake FN798-S	mechanical_normalization	no
kitaake FN810-S	kitaakefn810s	1	1	kitaake FN810-S	mechanical_normalization	no
kitaake FN819-S	kitaakefn819s	1	1	kitaake FN819-S	mechanical_normalization	no
kitaake FN825-S	kitaakefn825s	1	1	kitaake FN825-S	mechanical_normalization	no
kitaake FN829-S	kitaakefn829s	1	1	kitaake FN829-S	mechanical_normalization	no
kitaake FN850-S	kitaakefn850s	1	1	kitaake FN850-S	mechanical_normalization	no
kitaake FN832-S	kitaakefn832s	1	1	kitaake FN832-S	mechanical_normalization	no
kitaake FN835-S	kitaakefn835s	1	1	kitaake FN835-S	mechanical_normalization	no
kitaake FN836-S	kitaakefn836s	1	1	kitaake FN836-S	mechanical_normalization	no
kitaake FN833-S	kitaakefn833s	1	1	kitaake FN833-S	mechanical_normalization	no
kitaake FN853-S	kitaakefn853s	1	1	kitaake FN853-S	mechanical_normalization	no
kitaake FN856-S	kitaakefn856s	1	1	kitaake FN856-S	mechanical_normalization	no
kitaake FN790-S	kitaakefn790s	1	1	kitaake FN790-S	mechanical_normalization	no
Kitaake Ubi-Xa21 FN861-S	kitaakeubixa21fn861s	1	1	Kitaake Ubi-Xa21 FN861-S	mechanical_normalization	no
Kitaake Ubi-Xa21 FN863-S	kitaakeubixa21fn863s	1	1	Kitaake Ubi-Xa21 FN863-S	mechanical_normalization	no
Kitaake Ubi-Xa21 FN865-S	kitaakeubixa21fn865s	1	1	Kitaake Ubi-Xa21 FN865-S	mechanical_normalization	no
Kitaake Ubi-Xa21 FN898-S	kitaakeubixa21fn898s	1	1	Kitaake Ubi-Xa21 FN898-S	mechanical_normalization	no
Kitaake Ubi-Xa21 FN902-S	kitaakeubixa21fn902s	1	1	Kitaake Ubi-Xa21 FN902-S	mechanical_normalization	no
Kitaake Ubi-Xa21 FN912-S	kitaakeubixa21fn912s	1	1	Kitaake Ubi-Xa21 FN912-S	mechanical_normalization	no
Kitaake Ubi-Xa21 FN915-S	kitaakeubixa21fn915s	1	1	Kitaake Ubi-Xa21 FN915-S	mechanical_normalization	no
Kitaake Ubi-Xa21 FN914-S	kitaakeubixa21fn914s	1	1	Kitaake Ubi-Xa21 FN914-S	mechanical_normalization	no
Kitaake Ubi-Xa21 FN925-S	kitaakeubixa21fn925s	1	1	Kitaake Ubi-Xa21 FN925-S	mechanical_normalization	no
Kitaake Ubi-Xa21 FN917-S	kitaakeubixa21fn917s	1	1	Kitaake Ubi-Xa21 FN917-S	mechanical_normalization	no
Kitaake Ubi-Xa21 FN923-S	kitaakeubixa21fn923s	1	1	Kitaake Ubi-Xa21 FN923-S	mechanical_normalization	no
Kitaake Ubi-Xa21 FN934-S	kitaakeubixa21fn934s	1	1	Kitaake Ubi-Xa21 FN934-S	mechanical_normalization	no
Kitaake Ubi-Xa21 FN937-S	kitaakeubixa21fn937s	1	1	Kitaake Ubi-Xa21 FN937-S	mechanical_normalization	no
Kitaake Ubi-Xa21 FN935-S	kitaakeubixa21fn935s	1	1	Kitaake Ubi-Xa21 FN935-S	mechanical_normalization	no
Kitaake Ubi-Xa21 FN949-S	kitaakeubixa21fn949s	1	1	Kitaake Ubi-Xa21 FN949-S	mechanical_normalization	no
Kitaake Ubi-Xa21 FN945-S	kitaakeubixa21fn945s	1	1	Kitaake Ubi-Xa21 FN945-S	mechanical_normalization	no
ubi-XA21 FN999-S	ubixa21fn999s	1	1	ubi-XA21 FN999-S	mechanical_normalization	no
ubi-XA21 FN584-S	ubixa21fn584s	1	1	ubi-XA21 FN584-S	mechanical_normalization	no
ubi-XA21 FN1002-S	ubixa21fn1002s	1	1	ubi-XA21 FN1002-S	mechanical_normalization	no
ubi-XA21 FN1007-S	ubixa21fn1007s	1	1	ubi-XA21 FN1007-S	mechanical_normalization	no
ubi-XA21 FN1015-S	ubixa21fn1015s	1	1	ubi-XA21 FN1015-S	mechanical_normalization	no
ubi-XA21 FN1024-S	ubixa21fn1024s	1	1	ubi-XA21 FN1024-S	mechanical_normalization	no
ubi-XA21 FN1027-S	ubixa21fn1027s	1	1	ubi-XA21 FN1027-S	mechanical_normalization	no
ubi-XA21 FN1025-S	ubixa21fn1025s	1	1	ubi-XA21 FN1025-S	mechanical_normalization	no
ubi-XA21 FN1033-S	ubixa21fn1033s	1	1	ubi-XA21 FN1033-S	mechanical_normalization	no
ubi-XA21 FN1036-S	ubixa21fn1036s	1	1	ubi-XA21 FN1036-S	mechanical_normalization	no
ubi-XA21 FN1032-S	ubixa21fn1032s	1	1	ubi-XA21 FN1032-S	mechanical_normalization	no
ubi-XA21 FN1043-S	ubixa21fn1043s	1	1	ubi-XA21 FN1043-S	mechanical_normalization	no
ubi-XA21 FN1255-S	ubixa21fn1255s	1	1	ubi-XA21 FN1255-S	mechanical_normalization	no
Kitaake FN2284	kitaakefn2284	1	1	Kitaake FN2284	mechanical_normalization	no
Kitaake FN2282	kitaakefn2282	1	1	Kitaake FN2282	mechanical_normalization	no
Kitaake FN2291	kitaakefn2291	1	1	Kitaake FN2291	mechanical_normalization	no
Kitaake FN2296	kitaakefn2296	1	1	Kitaake FN2296	mechanical_normalization	no
Kitaake FN2301	kitaakefn2301	1	1	Kitaake FN2301	mechanical_normalization	no
Kitaake FN2298	kitaakefn2298	1	1	Kitaake FN2298	mechanical_normalization	no
Kitaake FN2309	kitaakefn2309	1	1	Kitaake FN2309	mechanical_normalization	no
Kitaake FN2308	kitaakefn2308	1	1	Kitaake FN2308	mechanical_normalization	no
Kitaake FN2311	kitaakefn2311	1	1	Kitaake FN2311	mechanical_normalization	no
Kitaake FN2317	kitaakefn2317	1	1	Kitaake FN2317	mechanical_normalization	no
Kitaake FN2318	kitaakefn2318	1	1	Kitaake FN2318	mechanical_normalization	no
BHA1115	bha1115	1	1	BHA1115	mechanical_normalization	yes
Tong88-7	tong887	1	1	Tong88-7	mechanical_normalization	yes
US_CHINESE	uschinese	1	1	US_CHINESE	mechanical_normalization	no
US_PR304	uspr304	1	1	US_PR304	mechanical_normalization	yes
US_IguapeCateto	usiguapecateto	1	1	US_IguapeCateto	mechanical_normalization	no
US_KOSHIHIKARI	uskoshihikari	1	1	US_KOSHIHIKARI	mechanical_normalization	no
US_C101A51	usc101a51	1	1	US_C101A51	mechanical_normalization	no
US_CI9453	usci9453	1	1	US_CI9453	mechanical_normalization	yes
US_M5	usm5	1	1	US_M5	mechanical_normalization	yes
US_Bluebonnet	usbluebonnet	1	1	US_Bluebonnet	mechanical_normalization	no
US_Kaybonnet	uskaybonnet	1	1	US_Kaybonnet	mechanical_normalization	no
US_TORO	ustoro	1	1	US_TORO	mechanical_normalization	no
US_Medark	usmedark	1	1	US_Medark	mechanical_normalization	no
US_Rex	usrex	1	1	US_Rex	mechanical_normalization	no
US_Colorado	uscolorado	1	1	US_Colorado	mechanical_normalization	no
US_Century_Patna_231	uscenturypatna231	1	1	US_Century_Patna_231	mechanical_normalization	no
US_Melrose	usmelrose	1	1	US_Melrose	mechanical_normalization	no
US_Leah	usleah	1	1	US_Leah	mechanical_normalization	no
US_M-102	usm102	1	1	US_M-102	mechanical_normalization	yes
US_Edith	usedith	1	1	US_Edith	mechanical_normalization	no
US_BLUEBONNET_50	usbluebonnet50	1	1	US_BLUEBONNET_50	mechanical_normalization	no
US_Pecos	uspecos	1	1	US_Pecos	mechanical_normalization	no
US_Calrose_76	uscalrose76	1	1	US_Calrose_76	mechanical_normalization	no
US_M201	usm201	1	1	US_M201	mechanical_normalization	yes
US_WC-6	uswc6	1	1	US_WC-6	mechanical_normalization	yes
US_PI245717	uspi245717	1	1	US_PI245717	mechanical_normalization	yes
US_Jojutla	usjojutla	1	1	US_Jojutla	mechanical_normalization	no
US_Short_Strawed_Starbonnet	usshortstrawedstarbonnet	1	1	US_Short_Strawed_Starbonnet	mechanical_normalization	no
US_Nova	usnova	1	1	US_Nova	mechanical_normalization	no
US_Arkrose	usarkrose	1	1	US_Arkrose	mechanical_normalization	no
B10	b10	1	1	B10	mechanical_normalization	yes
B9	b9	1	1	B9	mechanical_normalization	yes
AGR-297	agr297	1	1	AGR-297	mechanical_normalization	yes
XinhuaS	xinhuas	1	1	XinhuaS	mechanical_normalization	no
XingguangS	xingguangs	1	1	XingguangS	mechanical_normalization	no
ZhenkeA	zhenkea	1	1	ZhenkeA	mechanical_normalization	no
Zhe733	zhe733	1	1	Zhe733	mechanical_normalization	yes
Zaohuijing49	zaohuijing49	1	1	Zaohuijing49	mechanical_normalization	no
ZaofengB	zaofengb	1	1	ZaofengB	mechanical_normalization	no
Yunruan15A	yunruan15a	1	1	Yunruan15A	mechanical_normalization	no
Yunnuo1A	yunnuo1a	1	1	Yunnuo1A	mechanical_normalization	no
Xiufengzhan5hao	xiufengzhan5hao	1	1	Xiufengzhan5hao	mechanical_normalization	no
XiuA	xiua	1	1	XiuA	mechanical_normalization	no
Yuehui9113	yuehui9113	1	1	Yuehui9113	mechanical_normalization	no
Yuchi231-8	yuchi2318	1	1	Yuchi231-8	mechanical_normalization	no
Yongxian15	yongxian15	1	1	Yongxian15	mechanical_normalization	no
Yihui1577	yihui1577	1	1	Yihui1577	mechanical_normalization	no
Yanghui336	yanghui336	1	1	Yanghui336	mechanical_normalization	no
Yanghui332	yanghui332	1	1	Yanghui332	mechanical_normalization	no
Yangfunuo4hao	yangfunuo4hao	1	1	Yangfunuo4hao	mechanical_normalization	no
Zhu712S	zhu712s	1	1	Zhu712S	mechanical_normalization	yes
Zhongzu3hao	zhongzu3hao	1	1	Zhongzu3hao	mechanical_normalization	no
Zhongjiazao32	zhongjiazao32	1	1	Zhongjiazao32	mechanical_normalization	no
Zhonghui8015	zhonghui8015	1	1	Zhonghui8015	mechanical_normalization	no
ZhongbaiA	zhongbaia	1	1	ZhongbaiA	mechanical_normalization	no
Zhong3A	zhong3a	1	1	Zhong3A	mechanical_normalization	no
Zhenzhuai11	zhenzhuai11	1	1	Zhenzhuai11	mechanical_normalization	no
IR21931-78-2-2	ir219317822	1	1	IR21931-78-2-2	mechanical_normalization	yes
IR21841-97-3-3	ir218419733	1	1	IR21841-97-3-3	mechanical_normalization	yes
IR18272-13-2	ir18272132	1	1	IR18272-13-2	mechanical_normalization	yes
IR9828-91-2-3	ir98289123	1	1	IR9828-91-2-3	mechanical_normalization	yes
IR4422-480-2-3-3	ir4422480233	1	1	IR4422-480-2-3-3	mechanical_normalization	yes
IR24-2	ir242	1	1	IR24-2	mechanical_normalization	yes
IET2080	iet2080	1	1	IET2080	mechanical_normalization	yes
628S	628s	1	1	628S	mechanical_normalization	yes
Huayu4127S	huayu4127s	1	1	Huayu4127S	mechanical_normalization	no
Hua7620	hua7620	1	1	Hua7620	mechanical_normalization	yes
Hua1903	hua1903	1	1	Hua1903	mechanical_normalization	yes
HeyeguangxuanzaoA	heyeguangxuanzaoa	1	1	HeyeguangxuanzaoA	mechanical_normalization	no
H947	h947	1	1	H947	mechanical_normalization	yes
H819	h819	1	1	H819	mechanical_normalization	yes
15-64A	1564a	1	1	15-64A	mechanical_normalization	yes
Guifeng105A	guifeng105a	1	1	Guifeng105A	mechanical_normalization	no
Guangzhan63-4S	guangzhan634s	1	1	Guangzhan63-4S	mechanical_normalization	no
GuangmoS	guangmos	1	1	GuangmoS	mechanical_normalization	no
Guangkang13A	guangkang13a	1	1	Guangkang13A	mechanical_normalization	no
Guanghui128	guanghui128	1	1	Guanghui128	mechanical_normalization	no
Guangdong223A	guangdong223a	1	1	Guangdong223A	mechanical_normalization	no
Guang8B	guang8b	1	1	Guang8B	mechanical_normalization	no
Gu34	gu34	1	1	Gu34	mechanical_normalization	yes
272S	272s	1	1	272S	mechanical_normalization	yes
Ganzaoxian49hao	ganzaoxian49hao	1	1	Ganzaoxian49hao	mechanical_normalization	no
236S	236s	1	1	236S	mechanical_normalization	yes
Ganwanxian30	ganwanxian30	1	1	Ganwanxian30	mechanical_normalization	no
Ganwanxian14hao	ganwanxian14hao	1	1	Ganwanxian14hao	mechanical_normalization	no
233	233	1	1	233	mechanical_normalization	yes
G2480A	g2480a	1	1	G2480A	mechanical_normalization	yes
FulongS2	fulongs2	1	1	FulongS2	mechanical_normalization	no
Fuhui9802	fuhui9802	1	1	Fuhui9802	mechanical_normalization	no
Fuhui9801	fuhui9801	1	1	Fuhui9801	mechanical_normalization	no
Fuhui9303	fuhui9303	1	1	Fuhui9303	mechanical_normalization	no
Fuhui964	fuhui964	1	1	Fuhui964	mechanical_normalization	no
Fuhui838S	fuhui838s	1	1	Fuhui838S	mechanical_normalization	no
Feigai122	feigai122	1	1	Feigai122	mechanical_normalization	no
Fei11	fei11	1	1	Fei11	mechanical_normalization	yes
Ezao7hao	ezao7hao	1	1	Ezao7hao	mechanical_normalization	no
103A	103a	1	1	103A	mechanical_normalization	yes
Erjiufeng	erjiufeng	1	1	Erjiufeng	mechanical_normalization	no
E164	e164	1	1	E164	mechanical_normalization	yes
Duoxiyihao	duoxiyihao	1	1	Duoxiyihao	mechanical_normalization	no
Dianxian34A	dianxian34a	1	1	Dianxian34A	mechanical_normalization	no
Dexiang074A	dexiang074a	1	1	Dexiang074A	mechanical_normalization	no
Dehui3485	dehui3485	1	1	Dehui3485	mechanical_normalization	no
D62A	d62a	1	1	D62A	mechanical_normalization	yes
Colomlia	colomlia	1	1	Colomlia	mechanical_normalization	no
Chuanxiang29A	chuanxiang29a	1	1	Chuanxiang29A	mechanical_normalization	no
Chenghui425	chenghui425	1	1	Chenghui425	mechanical_normalization	no
Changhui871	changhui871	1	1	Changhui871	mechanical_normalization	no
Changhui851	changhui851	1	1	Changhui851	mechanical_normalization	no
Changhui117	changhui117	1	1	Changhui117	mechanical_normalization	no
ChangfengB	changfengb	1	1	ChangfengB	mechanical_normalization	no
Changfei22A	changfei22a	1	1	Changfei22A	mechanical_normalization	no
71-72A	7172a	1	1	71-72A	mechanical_normalization	yes
66S	66s	1	1	66S	mechanical_normalization	yes
47-104	47104	1	1	47-104	mechanical_normalization	yes
002-8A	0028a	1	1	002-8A	mechanical_normalization	yes
R210	r210	1	1	R210	mechanical_normalization	yes
R191	r191	1	1	R191	mechanical_normalization	yes
R90	r90	1	1	R90	mechanical_normalization	yes
R66	r66	1	1	R66	mechanical_normalization	yes
R13	r13	1	1	R13	mechanical_normalization	yes
QingmazaoA	qingmazaoa	1	1	QingmazaoA	mechanical_normalization	no
Qiguizao25	qiguizao25	1	1	Qiguizao25	mechanical_normalization	no
Qianhui1388	qianhui1388	1	1	Qianhui1388	mechanical_normalization	no
Qianhui104	qianhui104	1	1	Qianhui104	mechanical_normalization	no
Qhui28	qhui28	1	1	Qhui28	mechanical_normalization	yes
Q431	q431	1	1	Q431	mechanical_normalization	yes
Q6A	q6a	1	1	Q6A	mechanical_normalization	yes
78130	78130	1	1	78130	mechanical_normalization	yes
Q1A	q1a	1	1	Q1A	mechanical_normalization	yes
Pinghui2hao	pinghui2hao	1	1	Pinghui2hao	mechanical_normalization	no
50058	50058	1	1	50058	mechanical_normalization	yes
Neihui94-11	neihui9411	1	1	Neihui94-11	mechanical_normalization	no
NanzaoA	nanzaoa	1	1	NanzaoA	mechanical_normalization	no
Nansha060	nansha060	1	1	Nansha060	mechanical_normalization	no
Nanjing16	nanjing16	1	1	Nanjing16	mechanical_normalization	no
Nanjing1hao	nanjing1hao	1	1	Nanjing1hao	mechanical_normalization	no
Nanhuifu819	nanhuifu819	1	1	Nanhuifu819	mechanical_normalization	no
Nanhui445	nanhui445	1	1	Nanhui445	mechanical_normalization	no
Nanbaozao	nanbaozao	1	1	Nanbaozao	mechanical_normalization	no
Nan25	nan25	1	1	Nan25	mechanical_normalization	yes
N175	n175	1	1	N175	mechanical_normalization	yes
Muquanzhong	muquanzhong	1	1	Muquanzhong	mechanical_normalization	no
Miyang70	miyang70	1	1	Miyang70	mechanical_normalization	no
Mingxiang10S	mingxiang10s	1	1	Mingxiang10S	mechanical_normalization	no
Minghui1259	minghui1259	1	1	Minghui1259	mechanical_normalization	no
Mian5A	mian5a	1	1	Mian5A	mechanical_normalization	yes
Mabazhan	mabazhan	1	1	Mabazhan	mechanical_normalization	no
LvminS	lvmins	1	1	LvminS	mechanical_normalization	no
Lushuang1011	lushuang1011	1	1	Lushuang1011	mechanical_normalization	no
LuhuiH103	luhuih103	1	1	LuhuiH103	mechanical_normalization	no
Luhui615	luhui615	1	1	Luhui615	mechanical_normalization	no
Luhui602	luhui602	1	1	Luhui602	mechanical_normalization	no
LT1	lt1	1	1	LT1	mechanical_normalization	yes
Liyuanzhan2hao	liyuanzhan2hao	1	1	Liyuanzhan2hao	mechanical_normalization	no
Liyuanzhan1hao	liyuanzhan1hao	1	1	Liyuanzhan1hao	mechanical_normalization	no
Liuxiangzhan	liuxiangzhan	1	1	Liuxiangzhan	mechanical_normalization	no
LiufuA	liufua	1	1	LiufuA	mechanical_normalization	no
Ling30A	ling30a	1	1	Ling30A	mechanical_normalization	yes
Kefuhong2hao	kefuhong2hao	1	1	Kefuhong2hao	mechanical_normalization	no
Ke113A	ke113a	1	1	Ke113A	mechanical_normalization	yes
Kang201S	kang201s	1	1	Kang201S	mechanical_normalization	yes
K4806	k4806	1	1	K4806	mechanical_normalization	yes
K169	k169	1	1	K169	mechanical_normalization	yes
2888	2888	1	1	2888	mechanical_normalization	yes
JinshanS-2	jinshans2	1	1	JinshanS-2	mechanical_normalization	no
Jingfu1A	jingfu1a	1	1	Jingfu1A	mechanical_normalization	no
Jing3A	jing3a	1	1	Jing3A	mechanical_normalization	yes
1312A	1312a	1	1	1312A	mechanical_normalization	yes
Jiayu293	jiayu293	1	1	Jiayu293	mechanical_normalization	no
Jiayu164	jiayu164	1	1	Jiayu164	mechanical_normalization	no
Jiayu60	jiayu60	1	1	Jiayu60	mechanical_normalization	no
Jianglin9A	jianglin9a	1	1	Jianglin9A	mechanical_normalization	no
Ji2A	ji2a	1	1	Ji2A	mechanical_normalization	yes
IR46829A	ir46829a	1	1	IR46829A	mechanical_normalization	yes
IR32876-54-2-2-2	ir3287654222	1	1	IR32876-54-2-2-2	mechanical_normalization	yes
1130	1130	1	1	1130	mechanical_normalization	yes
IR25924-92-1-3	ir259249213	1	1	IR25924-92-1-3	mechanical_normalization	yes
IR25621-135-1-1	ir2562113511	1	1	IR25621-135-1-1	mechanical_normalization	yes
XinerS	xiners	1	1	XinerS	mechanical_normalization	no
Xihui18hao	xihui18hao	1	1	Xihui18hao	mechanical_normalization	no
Xiangzaoxian44hao	xiangzaoxian44hao	1	1	Xiangzaoxian44hao	mechanical_normalization	no
Xiangzaoxian42hao	xiangzaoxian42hao	1	1	Xiangzaoxian42hao	mechanical_normalization	no
Xiangzaoxian25hao	xiangzaoxian25hao	1	1	Xiangzaoxian25hao	mechanical_normalization	no
Xiangzaoxian13	xiangzaoxian13	1	1	Xiangzaoxian13	mechanical_normalization	no
Xiangzao143	xiangzao143	1	1	Xiangzao143	mechanical_normalization	no
Xiangxiang2haoA	xiangxiang2haoa	1	1	Xiangxiang2haoA	mechanical_normalization	no
Xiangwanxian12hao	xiangwanxian12hao	1	1	Xiangwanxian12hao	mechanical_normalization	no
Xiangwanxian6hao	xiangwanxian6hao	1	1	Xiangwanxian6hao	mechanical_normalization	no
Xiangaizao3hao	xiangaizao3hao	1	1	Xiangaizao3hao	mechanical_normalization	no
XiangaiA	xiangaia	1	1	XiangaiA	mechanical_normalization	no
Xianfeng1hao	xianfeng1hao	1	1	Xianfeng1hao	mechanical_normalization	no
X07S	x07s	1	1	X07S	mechanical_normalization	yes
WW002	ww002	1	1	WW002	mechanical_normalization	yes
WR001	wr001	1	1	WR001	mechanical_normalization	yes
WAxingfengzhenA	waxingfengzhena	1	1	WAxingfengzhenA	mechanical_normalization	no
WanjinA	wanjina	1	1	WanjinA	mechanical_normalization	no
WangS	wangs	1	1	WangS	mechanical_normalization	no
To498	to498	1	1	To498	mechanical_normalization	yes
To496	to496	1	1	To496	mechanical_normalization	yes
To435	to435	1	1	To435	mechanical_normalization	yes
TN1512	tn1512	1	1	TN1512	mechanical_normalization	yes
TN1510	tn1510	1	1	TN1510	mechanical_normalization	yes
AoR200	aor200	1	1	AoR200	mechanical_normalization	yes
TN1448	tn1448	1	1	TN1448	mechanical_normalization	yes
TN1364	tn1364	1	1	TN1364	mechanical_normalization	yes
TN1358	tn1358	1	1	TN1358	mechanical_normalization	yes
TianfengA	tianfenga	1	1	TianfengA	mechanical_normalization	no
Texianzhan13	texianzhan13	1	1	Texianzhan13	mechanical_normalization	no
TanyinzaoxianA	tanyinzaoxiana	1	1	TanyinzaoxianA	mechanical_normalization	no
TannongS	tannongs	1	1	TannongS	mechanical_normalization	no
Taizhongyu29A	taizhongyu29a	1	1	Taizhongyu29A	mechanical_normalization	no
Tai3S	tai3s	1	1	Tai3S	mechanical_normalization	yes
Tai3A	tai3a	1	1	Tai3A	mechanical_normalization	yes
Tai1S	tai1s	1	1	Tai1S	mechanical_normalization	yes
AofuA	aofua	1	1	AofuA	mechanical_normalization	no
Shuhui361	shuhui361	1	1	Shuhui361	mechanical_normalization	no
Shuhui203	shuhui203	1	1	Shuhui203	mechanical_normalization	no
Shenqi	shenqi	1	1	Shenqi	mechanical_normalization	no
Shennong2A-Q2A	shennong2aq2a	1	1	Shennong2A-Q2A	mechanical_normalization	no
Shen08S	shen08s	1	1	Shen08S	mechanical_normalization	yes
S2876-S1-39-1-3	s2876s13913	1	1	S2876-S1-39-1-3	mechanical_normalization	no
RuanhuaA	ruanhuaa	1	1	RuanhuaA	mechanical_normalization	no
Rong18A	rong18a	1	1	Rong18A	mechanical_normalization	yes
R9516	r9516	1	1	R9516	mechanical_normalization	yes
R8387	r8387	1	1	R8387	mechanical_normalization	yes
033S	033s	1	1	033S	mechanical_normalization	yes
R2329	r2329	1	1	R2329	mechanical_normalization	yes
R1964	r1964	1	1	R1964	mechanical_normalization	yes
R1813	r1813	1	1	R1813	mechanical_normalization	yes
R1148	r1148	1	1	R1148	mechanical_normalization	yes
R1078	r1078	1	1	R1078	mechanical_normalization	yes
R987	r987	1	1	R987	mechanical_normalization	yes
R963	r963	1	1	R963	mechanical_normalization	yes
R947	r947	1	1	R947	mechanical_normalization	yes
R898	r898	1	1	R898	mechanical_normalization	yes
R706	r706	1	1	R706	mechanical_normalization	yes
R687	r687	1	1	R687	mechanical_normalization	yes
R644	r644	1	1	R644	mechanical_normalization	yes
R618	r618	1	1	R618	mechanical_normalization	yes
R508	r508	1	1	R508	mechanical_normalization	yes
R501	r501	1	1	R501	mechanical_normalization	yes
R402	r402	1	1	R402	mechanical_normalization	yes
R306	r306	1	1	R306	mechanical_normalization	yes
ERV1-1	erv11	1	1	ERV1-1	mechanical_normalization	yes
V2	v2	1	1	V2	mechanical_normalization	yes
FUSAKOGANE	fusakogane	1	1	FUSAKOGANE	mechanical_normalization	no
IYOSENGOKU 3	iyosengoku3	1	1	IYOSENGOKU 3	mechanical_normalization	no
OBA	oba	1	1	OBA	mechanical_normalization	no
D148	d148	1	1	D148	mechanical_normalization	yes
D139	d139	1	1	D139	mechanical_normalization	yes
D104	d104	1	1	D104	mechanical_normalization	yes
D283	d283	1	1	D283	mechanical_normalization	yes
D260	d260	1	1	D260	mechanical_normalization	yes
D257	d257	1	1	D257	mechanical_normalization	yes
D254	d254	1	1	D254	mechanical_normalization	yes
D230	d230	1	1	D230	mechanical_normalization	yes
D213	d213	1	1	D213	mechanical_normalization	yes
D1	d1	1	1	D1	mechanical_normalization	yes
Chakhao Amubi	chakhaoamubi	1	1	Chakhao Amubi	mechanical_normalization	no
Bowman	bowman	1	1	Bowman	mechanical_normalization	no
Catahoula	catahoula	1	1	Catahoula	mechanical_normalization	no
CL261	cl261	1	1	CL261	mechanical_normalization	yes
CMS08B	cms08b	1	1	CMS08B	mechanical_normalization	yes
Lagrue3	lagrue3	1	1	Lagrue3	mechanical_normalization	no
175-1-127	1751127	1	1	175-1-127	mechanical_normalization	yes
OryzicaLlanos5	oryzicallanos5	1	1	OryzicaLlanos5	mechanical_normalization	no
NH098-1	nh0981	1	1	NH098-1	mechanical_normalization	yes
NH093-1	nh0931	1	1	NH093-1	mechanical_normalization	yes
NH089-1	nh0891	1	1	NH089-1	mechanical_normalization	yes
NH084-1	nh0841	1	1	NH084-1	mechanical_normalization	yes
NH082-1	nh0821	1	1	NH082-1	mechanical_normalization	yes
NH008-1	nh0081	1	1	NH008-1	mechanical_normalization	yes
NH074-1	nh0741	1	1	NH074-1	mechanical_normalization	yes
NH061-1	nh0611	1	1	NH061-1	mechanical_normalization	yes
NH057-1	nh0571	1	1	NH057-1	mechanical_normalization	yes
NH006-1	nh0061	1	1	NH006-1	mechanical_normalization	yes
NH055-1	nh0551	1	1	NH055-1	mechanical_normalization	yes
NH047-1	nh0471	1	1	NH047-1	mechanical_normalization	yes
NH005-1	nh0051	1	1	NH005-1	mechanical_normalization	yes
NH044-1	nh0441	1	1	NH044-1	mechanical_normalization	yes
NH040-1	nh0401	1	1	NH040-1	mechanical_normalization	yes
NH242	nh242	1	1	NH242	mechanical_normalization	yes
NH025-2	nh0252	1	1	NH025-2	mechanical_normalization	yes
NH227-L	nh227l	1	1	NH227-L	mechanical_normalization	yes
NH024-1R	nh0241r	1	1	NH024-1R	mechanical_normalization	yes
NH224-1	nh2241	1	1	NH224-1	mechanical_normalization	yes
NH222-1	nh2221	1	1	NH222-1	mechanical_normalization	yes
NH220-1	nh2201	1	1	NH220-1	mechanical_normalization	yes
NH219-1	nh2191	1	1	NH219-1	mechanical_normalization	yes
NH213-1	nh2131	1	1	NH213-1	mechanical_normalization	yes
NH212-1	nh2121	1	1	NH212-1	mechanical_normalization	yes
NH187-1	nh1871	1	1	NH187-1	mechanical_normalization	yes
NH018-1	nh0181	1	1	NH018-1	mechanical_normalization	yes
NH179-1	nh1791	1	1	NH179-1	mechanical_normalization	yes
NH177-1	nh1771	1	1	NH177-1	mechanical_normalization	yes
NH162-1	nh1621	1	1	NH162-1	mechanical_normalization	yes
NH152-1	nh1521	1	1	NH152-1	mechanical_normalization	yes
NH151-1	nh1511	1	1	NH151-1	mechanical_normalization	yes
NH146-1	nh1461	1	1	NH146-1	mechanical_normalization	yes
NH133-1	nh1331	1	1	NH133-1	mechanical_normalization	yes
NH131-1	nh1311	1	1	NH131-1	mechanical_normalization	yes
NH123-1	nh1231	1	1	NH123-1	mechanical_normalization	yes
NH012-1	nh0121	1	1	NH012-1	mechanical_normalization	yes
NH118-1	nh1181	1	1	NH118-1	mechanical_normalization	yes
NH117-1	nh1171	1	1	NH117-1	mechanical_normalization	yes
NH116-1	nh1161	1	1	NH116-1	mechanical_normalization	yes
NH112-1	nh1121	1	1	NH112-1	mechanical_normalization	yes
NH011-1	nh0111	1	1	NH011-1	mechanical_normalization	yes
NH001-1	nh0011	1	1	NH001-1	mechanical_normalization	yes
DV86	dv86	1	1	DV86	mechanical_normalization	yes
IRGC_60590	irgc60590	1	1	IRGC_60590	mechanical_normalization	yes
Hua-Lou	hualou	1	1	Hua-Lou	mechanical_normalization	no
Ti-Chueh-Liu-Chou	tichuehliuchou	1	1	Ti-Chueh-Liu-Chou	mechanical_normalization	no
Ti-Chueh-Hua-Lou	tichuehhualou	1	1	Ti-Chueh-Hua-Lou	mechanical_normalization	no
Tainung Sen 22	tainungsen22	1	1	Tainung Sen 22	mechanical_normalization	no
Wu-Ko	wuko	1	1	Wu-Ko	mechanical_normalization	no
Ti-Chueh-Wu-Ko	tichuehwuko	1	1	Ti-Chueh-Wu-Ko	mechanical_normalization	no
AP	ap	1	1	AP	mechanical_normalization	no
Huaye3-4x-G2	huaye34xg2	1	1	Huaye3-4x-G2	mechanical_normalization	no
Wuxuenuo	wuxuenuo	1	1	Wuxuenuo	mechanical_normalization	no
Fuhui636_1	fuhui6361	1	1	Fuhui636_1	mechanical_normalization	no
Luojia6	luojia6	1	1	Luojia6	mechanical_normalization	no
Neihui9802	neihui9802	1	1	Neihui9802	mechanical_normalization	no
B5	b5	1	1	B5	mechanical_normalization	yes
Huahangsimiao	huahangsimiao	1	1	Huahangsimiao	mechanical_normalization	no
Qisiyinzhan	qisiyinzhan	1	1	Qisiyinzhan	mechanical_normalization	no
Xinhuazhan	xinhuazhan	1	1	Xinhuazhan	mechanical_normalization	no
Jinhuang 1	jinhuang1	1	1	Jinhuang 1	mechanical_normalization	no
IR48	ir48	1	1	IR48	mechanical_normalization	yes
R7-2	r72	1	1	R7-2	mechanical_normalization	yes
19W75	19w75	1	1	19W75	mechanical_normalization	no
19W50	19w50	1	1	19W50	mechanical_normalization	no
19W19	19w19	1	1	19W19	mechanical_normalization	no
19W05	19w05	1	1	19W05	mechanical_normalization	no
CNG322B	cng322b	1	1	CNG322B	mechanical_normalization	yes
CNG823B	cng823b	1	1	CNG823B	mechanical_normalization	yes
IR77674-3B-8-2-2-8-3-AJY2	ir776743b82283ajy2	1	1	IR77674-3B-8-2-2-8-3-AJY2	mechanical_normalization	no
IR65482-17-511-5-7-B	ir654821751157b	1	1	IR65482-17-511-5-7-B	mechanical_normalization	yes
Fuhui676_1	fuhui6761	1	1	Fuhui676_1	mechanical_normalization	no
ZHAXIMA	zhaxima	1	1	ZHAXIMA	mechanical_normalization	no
MIFOR 6-2	mifor62	1	1	MIFOR 6-2	mechanical_normalization	no
LAMBAYEQUE 1	lambayeque1	1	1	LAMBAYEQUE 1	mechanical_normalization	no
WANHANDAO	wanhandao	1	1	WANHANDAO	mechanical_normalization	no
IGUAPE CATETO	iguapecateto	1	1	IGUAPE CATETO	mechanical_normalization	no
PR 325	pr325	1	1	PR 325	mechanical_normalization	yes
GANLANGU	ganlangu	1	1	GANLANGU	mechanical_normalization	no
NORIN 24	norin24	1	1	NORIN 24	mechanical_normalization	no
DT001	dt001	1	1	DT001	mechanical_normalization	yes
CICA 4	cica4	1	1	CICA 4	mechanical_normalization	yes
IR 10781-75-3-2-2	ir1078175322	1	1	IR 10781-75-3-2-2	mechanical_normalization	yes
ITA 141	ita141	1	1	ITA 141	mechanical_normalization	yes
DAYEZAO	dayezao	1	1	DAYEZAO	mechanical_normalization	no
IPEACO 162	ipeaco162	1	1	IPEACO 162	mechanical_normalization	no
TODOROKIWASE	todorokiwase	1	1	TODOROKIWASE	mechanical_normalization	no
R458	r458	1	1	R458	mechanical_normalization	yes
HefengzhanB	hefengzhanb	1	1	HefengzhanB	mechanical_normalization	no
Haodali	haodali	1	1	Haodali	mechanical_normalization	no
Siev khaw	sievkhaw	1	1	Siev khaw	mechanical_normalization	no
Nam mak	nammak	1	1	Nam mak	mechanical_normalization	no
IRAT 109	irat109	1	1	IRAT 109	mechanical_normalization	yes
Zaohui49	zaohui49	1	1	Zaohui49	mechanical_normalization	no
Luohui69	luohui69	1	1	Luohui69	mechanical_normalization	no
Hongguomi	hongguomi	1	1	Hongguomi	mechanical_normalization	no
Ewan13hao	ewan13hao	1	1	Ewan13hao	mechanical_normalization	no
Yanghei3hao	yanghei3hao	1	1	Yanghei3hao	mechanical_normalization	no
Ewan17B	ewan17b	1	1	Ewan17B	mechanical_normalization	yes
R-Zh	rzh	1	1	R-Zh	mechanical_normalization	no
Luhui63	luhui63	1	1	Luhui63	mechanical_normalization	no
Bataixiangzhan	bataixiangzhan	1	1	Bataixiangzhan	mechanical_normalization	no
CTB	ctb	1	1	CTB	mechanical_normalization	no
Jin23B	jin23b	1	1	Jin23B	mechanical_normalization	yes
Jinhui10	jinhui10	1	1	Jinhui10	mechanical_normalization	no
Shuhui162	shuhui162	1	1	Shuhui162	mechanical_normalization	no
299R	299r	1	1	299R	mechanical_normalization	yes
C101LAC	c101lac	1	1	C101LAC	mechanical_normalization	no
CMS16_JingxiangA	cms16jingxianga	1	1	CMS16_JingxiangA	mechanical_normalization	no
CMS13_Luohong4A	cms13luohong4a	1	1	CMS13_Luohong4A	mechanical_normalization	no
CMS14_Guangzhan63_4S	cms14guangzhan634s	1	1	CMS14_Guangzhan63_4S	mechanical_normalization	no
CMS06_JinfengA	cms06jinfenga	1	1	CMS06_JinfengA	mechanical_normalization	no
CMS01_TaixiangA	cms01taixianga	1	1	CMS01_TaixiangA	mechanical_normalization	no
YS21	ys21	1	1	YS21	mechanical_normalization	yes
CMS21_Jingxiang1A	cms21jingxiang1a	1	1	CMS21_Jingxiang1A	mechanical_normalization	no
CMS20_111A	cms20111a	1	1	CMS20_111A	mechanical_normalization	yes
Tamanishiki	tamanishiki	1	1	Tamanishiki	mechanical_normalization	no
WC 3532	wc3532	1	1	WC 3532	mechanical_normalization	yes
BHIM DHAN	bhimdhan	1	1	BHIM DHAN	mechanical_normalization	no
Bakiella 1	bakiella1	1	1	Bakiella 1	mechanical_normalization	no
IR 9660-48-1-1-2	ir966048112	1	1	IR 9660-48-1-1-2	mechanical_normalization	yes
LEAH	leah	1	1	LEAH	mechanical_normalization	no
K8C-263-3	k8c2633	1	1	K8C-263-3	mechanical_normalization	no
Acheh	acheh	1	1	Acheh	mechanical_normalization	no
TJ	tj	1	1	TJ	mechanical_normalization	no
Sipirasikkam	sipirasikkam	1	1	Sipirasikkam	mechanical_normalization	no
Vary Tarva Osla	varytarvaosla	1	1	Vary Tarva Osla	mechanical_normalization	no
17-9-4	1794	1	1	17-9-4	mechanical_normalization	yes
R 75	r75	1	1	R 75	mechanical_normalization	yes
WC 10253	wc10253	1	1	WC 10253	mechanical_normalization	yes
Pa Boup	paboup	1	1	Pa Boup	mechanical_normalization	no
SOC NAU	socnau	1	1	SOC NAU	mechanical_normalization	no
Fujisaka 5	fujisaka5	1	1	Fujisaka 5	mechanical_normalization	no
Simpor	simpor	1	1	Simpor	mechanical_normalization	no
ARC 10633	arc10633	1	1	ARC 10633	mechanical_normalization	yes
Nahng Sawn	nahngsawn	1	1	Nahng Sawn	mechanical_normalization	no
Hi Muke	himuke	1	1	Hi Muke	mechanical_normalization	no
81B/25	81b25	1	1	81B/25	mechanical_normalization	no
Tia Bura	tiabura	1	1	Tia Bura	mechanical_normalization	no
Spin Mere	spinmere	1	1	Spin Mere	mechanical_normalization	no
UZ ROS 7-13	uzros713	1	1	UZ ROS 7-13	mechanical_normalization	no
Santhi 990	santhi990	1	1	Santhi 990	mechanical_normalization	no
C.B. II	cbii	1	1	C.B. II	mechanical_normalization	no
A 5	a5	1	1	A 5	mechanical_normalization	yes
CHUNJIANGZAO NO. 1	chunjiangzaono1	1	1	CHUNJIANGZAO NO. 1	mechanical_normalization	no
CNTLR80076-44-1-1-1	cntlr8007644111	1	1	CNTLR80076-44-1-1-1	mechanical_normalization	no
Celiaj	celiaj	1	1	Celiaj	mechanical_normalization	no
UZ ROS 59	uzros59	1	1	UZ ROS 59	mechanical_normalization	no
Shimla Early	shimlaearly	1	1	Shimla Early	mechanical_normalization	no
Saraya	saraya	1	1	Saraya	mechanical_normalization	no
99216	99216	1	1	99216	mechanical_normalization	yes
Pitai	pitai	1	1	Pitai	mechanical_normalization	no
Tarom Mahalli	tarommahalli	1	1	Tarom Mahalli	mechanical_normalization	no
ubi-XA21 FN1262-S	ubixa21fn1262s	1	1	ubi-XA21 FN1262-S	mechanical_normalization	no
ubi-XA21 FN1256-S	ubixa21fn1256s	1	1	ubi-XA21 FN1256-S	mechanical_normalization	no
ubi-XA21 FN1254-S	ubixa21fn1254s	1	1	ubi-XA21 FN1254-S	mechanical_normalization	no
ubi-XA21 FN1264-S	ubixa21fn1264s	1	1	ubi-XA21 FN1264-S	mechanical_normalization	no
ubi-XA21 FN1273-S	ubixa21fn1273s	1	1	ubi-XA21 FN1273-S	mechanical_normalization	no
ubi-XA21 FN1280-S	ubixa21fn1280s	1	1	ubi-XA21 FN1280-S	mechanical_normalization	no
ubi-XA21 FN1287-S	ubixa21fn1287s	1	1	ubi-XA21 FN1287-S	mechanical_normalization	no
ubi-XA21 FN1065-S	ubixa21fn1065s	1	1	ubi-XA21 FN1065-S	mechanical_normalization	no
ubi-XA21 FN1094-S	ubixa21fn1094s	1	1	ubi-XA21 FN1094-S	mechanical_normalization	no
ubi-XA21 FN1070-S	ubixa21fn1070s	1	1	ubi-XA21 FN1070-S	mechanical_normalization	no
ubi-XA21 FN1079-S	ubixa21fn1079s	1	1	ubi-XA21 FN1079-S	mechanical_normalization	no
ubi-XA21 FN1074-S	ubixa21fn1074s	1	1	ubi-XA21 FN1074-S	mechanical_normalization	no
ubi-XA21 FN1102-S	ubixa21fn1102s	1	1	ubi-XA21 FN1102-S	mechanical_normalization	no
ubi-XA21 FN1103-S	ubixa21fn1103s	1	1	ubi-XA21 FN1103-S	mechanical_normalization	no
ubi-XA21 FN1097-S	ubixa21fn1097s	1	1	ubi-XA21 FN1097-S	mechanical_normalization	no
ubi-XA21 FN1089-S	ubixa21fn1089s	1	1	ubi-XA21 FN1089-S	mechanical_normalization	no
ubi-XA21 FN1112-S	ubixa21fn1112s	1	1	ubi-XA21 FN1112-S	mechanical_normalization	no
ubi-XA21 FN1117-S	ubixa21fn1117s	1	1	ubi-XA21 FN1117-S	mechanical_normalization	no
ubi-XA21 FN1302-S	ubixa21fn1302s	1	1	ubi-XA21 FN1302-S	mechanical_normalization	no
ubi-XA21 FN1310-S	ubixa21fn1310s	1	1	ubi-XA21 FN1310-S	mechanical_normalization	no
ubi-XA21 FN1313-S	ubixa21fn1313s	1	1	ubi-XA21 FN1313-S	mechanical_normalization	no
ubi-XA21 FN1334-S	ubixa21fn1334s	1	1	ubi-XA21 FN1334-S	mechanical_normalization	no
ubi-XA21 FN1332-S	ubixa21fn1332s	1	1	ubi-XA21 FN1332-S	mechanical_normalization	no
Kitaake ubi-XA21 FN1154-S	kitaakeubixa21fn1154s	1	1	Kitaake ubi-XA21 FN1154-S	mechanical_normalization	no
Kitaake ubi-XA21 FN1156-S	kitaakeubixa21fn1156s	1	1	Kitaake ubi-XA21 FN1156-S	mechanical_normalization	no
Kitaake FN4302-S	kitaakefn4302s	1	1	Kitaake FN4302-S	mechanical_normalization	no
Kitaake ubi-XA21 FN1173-S	kitaakeubixa21fn1173s	1	1	Kitaake ubi-XA21 FN1173-S	mechanical_normalization	no
Kitaake ubi-XA21 FN1179-S	kitaakeubixa21fn1179s	1	1	Kitaake ubi-XA21 FN1179-S	mechanical_normalization	no
Kitaake FN4300-S	kitaakefn4300s	1	1	Kitaake FN4300-S	mechanical_normalization	no
Kitaake ubi-XA21 FN1186-S	kitaakeubixa21fn1186s	1	1	Kitaake ubi-XA21 FN1186-S	mechanical_normalization	no
Kitaake ubi-XA21 FN1200-S	kitaakeubixa21fn1200s	1	1	Kitaake ubi-XA21 FN1200-S	mechanical_normalization	no
Kitaake ubi-XA21 FN1190-S	kitaakeubixa21fn1190s	1	1	Kitaake ubi-XA21 FN1190-S	mechanical_normalization	no
Kitaake ubi-XA21 FN1197-S	kitaakeubixa21fn1197s	1	1	Kitaake ubi-XA21 FN1197-S	mechanical_normalization	no
Kitaake ubi-XA21 FN1211-S	kitaakeubixa21fn1211s	1	1	Kitaake ubi-XA21 FN1211-S	mechanical_normalization	no
Kitaake FN4344-S	kitaakefn4344s	1	1	Kitaake FN4344-S	mechanical_normalization	no
Kitaake FN4311-S	kitaakefn4311s	1	1	Kitaake FN4311-S	mechanical_normalization	no
Kitaake ubi-XA21 FN1196-S	kitaakeubixa21fn1196s	1	1	Kitaake ubi-XA21 FN1196-S	mechanical_normalization	no
Kitaake ubi-XA21 FN1213-S	kitaakeubixa21fn1213s	1	1	Kitaake ubi-XA21 FN1213-S	mechanical_normalization	no
Kitaake ubi-XA21 FN1229-S	kitaakeubixa21fn1229s	1	1	Kitaake ubi-XA21 FN1229-S	mechanical_normalization	no
Kitaake ubi-XA21 FN1228-S	kitaakeubixa21fn1228s	1	1	Kitaake ubi-XA21 FN1228-S	mechanical_normalization	no
Kitaake ubi-XA21 FN1227-S	kitaakeubixa21fn1227s	1	1	Kitaake ubi-XA21 FN1227-S	mechanical_normalization	no
Kitaake ubi-XA21 FN1236-S	kitaakeubixa21fn1236s	1	1	Kitaake ubi-XA21 FN1236-S	mechanical_normalization	no
Kitaake ubi-XA21 FN1234-S	kitaakeubixa21fn1234s	1	1	Kitaake ubi-XA21 FN1234-S	mechanical_normalization	no
ubi-XA21 FN1327-S	ubixa21fn1327s	1	1	ubi-XA21 FN1327-S	mechanical_normalization	no
Kitaake ubi-XA21 FN267-S	kitaakeubixa21fn267s	1	1	Kitaake ubi-XA21 FN267-S	mechanical_normalization	no
BasmatiTypeIII	basmatitypeiii	1	1	BasmatiTypeIII	mechanical_normalization	no
Kitaake ubi-XA21 FN355-S	kitaakeubixa21fn355s	1	1	Kitaake ubi-XA21 FN355-S	mechanical_normalization	no
CL28	cl28	1	1	CL28	mechanical_normalization	yes
Giza177	giza177	1	1	Giza177	mechanical_normalization	yes
Ronaldo	ronaldo	1	1	Ronaldo	mechanical_normalization	no
Kitaake ubi-XA21 FN369-S	kitaakeubixa21fn369s	1	1	Kitaake ubi-XA21 FN369-S	mechanical_normalization	no
Kitaake ubi-XA21 FN404-S	kitaakeubixa21fn404s	1	1	Kitaake ubi-XA21 FN404-S	mechanical_normalization	no
Ulisse	ulisse	1	1	Ulisse	mechanical_normalization	no
Kitaake ubi-XA21 FN399-S	kitaakeubixa21fn399s	1	1	Kitaake ubi-XA21 FN399-S	mechanical_normalization	no
Kitaake ubi-XA21 FN406-S	kitaakeubixa21fn406s	1	1	Kitaake ubi-XA21 FN406-S	mechanical_normalization	no
Kitaake ubi-XA21 FN559-S	kitaakeubixa21fn559s	1	1	Kitaake ubi-XA21 FN559-S	mechanical_normalization	no
Kitaake ubi-XA21 FN395-S	kitaakeubixa21fn395s	1	1	Kitaake ubi-XA21 FN395-S	mechanical_normalization	no
Kitaake ubi-XA21 FN560-S	kitaakeubixa21fn560s	1	1	Kitaake ubi-XA21 FN560-S	mechanical_normalization	no
Kitaake ubi-XA21 FN555-S	kitaakeubixa21fn555s	1	1	Kitaake ubi-XA21 FN555-S	mechanical_normalization	no
Kitaake ubi-XA21 FN566-S	kitaakeubixa21fn566s	1	1	Kitaake ubi-XA21 FN566-S	mechanical_normalization	no
Kitaake ubi-XA21 FN573-S	kitaakeubixa21fn573s	1	1	Kitaake ubi-XA21 FN573-S	mechanical_normalization	no
Kitaake ubi-XA21 FN593 -S	kitaakeubixa21fn593s	1	1	Kitaake ubi-XA21 FN593 -S	mechanical_normalization	no
Kitaake ubi-XA21 FN597 -S	kitaakeubixa21fn597s	1	1	Kitaake ubi-XA21 FN597 -S	mechanical_normalization	no
Kitaake ubi-XA21 FN594 -S	kitaakeubixa21fn594s	1	1	Kitaake ubi-XA21 FN594 -S	mechanical_normalization	no
Kitaake ubi-XA21 FN1123 -S	kitaakeubixa21fn1123s	1	1	Kitaake ubi-XA21 FN1123 -S	mechanical_normalization	no
Kitaake ubi-XA21 FN1128 -S	kitaakeubixa21fn1128s	1	1	Kitaake ubi-XA21 FN1128 -S	mechanical_normalization	no
Kitaake ubi-XA21 FN1131 -S	kitaakeubixa21fn1131s	1	1	Kitaake ubi-XA21 FN1131 -S	mechanical_normalization	no
Kitaake ubi-XA21 FN1133 -S	kitaakeubixa21fn1133s	1	1	Kitaake ubi-XA21 FN1133 -S	mechanical_normalization	no
Kitaake ubi-XA21 FN1140 -S	kitaakeubixa21fn1140s	1	1	Kitaake ubi-XA21 FN1140 -S	mechanical_normalization	no
Kitaake ubi-XA21 FN1135 -S	kitaakeubixa21fn1135s	1	1	Kitaake ubi-XA21 FN1135 -S	mechanical_normalization	no
Egarao	egarao	1	1	Egarao	mechanical_normalization	no
Chuanghonggu	chuanghonggu	1	1	Chuanghonggu	mechanical_normalization	no
Shiming	shiming	1	1	Shiming	mechanical_normalization	no
Honggu 1	honggu1	1	1	Honggu 1	mechanical_normalization	no
Mazhagu	mazhagu	1	1	Mazhagu	mechanical_normalization	no
Maxian	maxian	1	1	Maxian	mechanical_normalization	no
Chashannuo	chashannuo	1	1	Chashannuo	mechanical_normalization	no
Danasuogu	danasuogu	1	1	Danasuogu	mechanical_normalization	no
Taibei 8	taibei8	1	1	Taibei 8	mechanical_normalization	no
Shiyuenuo	shiyuenuo	1	1	Shiyuenuo	mechanical_normalization	no
Manpixianghongnuomi	manpixianghongnuomi	1	1	Manpixianghongnuomi	mechanical_normalization	no
667	667	1	1	667	mechanical_normalization	yes
Zulugu	zulugu	1	1	Zulugu	mechanical_normalization	no
659	659	1	1	659	mechanical_normalization	yes
Laoxianggu	laoxianggu	1	1	Laoxianggu	mechanical_normalization	no
653	653	1	1	653	mechanical_normalization	yes
643	643	1	1	643	mechanical_normalization	yes
Qingkouzinuo	qingkouzinuo	1	1	Qingkouzinuo	mechanical_normalization	no
1089	1089	1	1	1089	mechanical_normalization	yes
633	633	1	1	633	mechanical_normalization	yes
Xiaobaigu	xiaobaigu	1	1	Xiaobaigu	mechanical_normalization	no
62	62	1	1	62	mechanical_normalization	yes
608	608	1	1	608	mechanical_normalization	yes
Haoanlai	haoanlai	1	1	Haoanlai	mechanical_normalization	no
1281	1281	1	1	1281	mechanical_normalization	yes
1275	1275	1	1	1275	mechanical_normalization	yes
Shuainuo	shuainuo	1	1	Shuainuo	mechanical_normalization	no
1270	1270	1	1	1270	mechanical_normalization	yes
Erbainuo	erbainuo	1	1	Erbainuo	mechanical_normalization	no
1254	1254	1	1	1254	mechanical_normalization	yes
Kitaake ubi-XA21 FN1356-S	kitaakeubixa21fn1356s	1	1	Kitaake ubi-XA21 FN1356-S	mechanical_normalization	no
1234	1234	1	1	1234	mechanical_normalization	yes
Kitaake ubi-XA21 FN1382-S	kitaakeubixa21fn1382s	1	1	Kitaake ubi-XA21 FN1382-S	mechanical_normalization	no
1216	1216	1	1	1216	mechanical_normalization	yes
Kitaake ubi-XA21 FN1412-S	kitaakeubixa21fn1412s	1	1	Kitaake ubi-XA21 FN1412-S	mechanical_normalization	no
1214	1214	1	1	1214	mechanical_normalization	yes
Kitaake ubi-XA21 FN1400-S	kitaakeubixa21fn1400s	1	1	Kitaake ubi-XA21 FN1400-S	mechanical_normalization	no
847	847	1	1	847	mechanical_normalization	yes
Kitaake ubi-XA21 FN1416-S	kitaakeubixa21fn1416s	1	1	Kitaake ubi-XA21 FN1416-S	mechanical_normalization	no
1114	1114	1	1	1114	mechanical_normalization	yes
Kitaake ubi-XA21 FN1435-S	kitaakeubixa21fn1435s	1	1	Kitaake ubi-XA21 FN1435-S	mechanical_normalization	no
831	831	1	1	831	mechanical_normalization	yes
Kitaake ubi-XA21 FN1426-S	kitaakeubixa21fn1426s	1	1	Kitaake ubi-XA21 FN1426-S	mechanical_normalization	no
787	787	1	1	787	mechanical_normalization	yes
Kitaake ubi-XA21 FN1380-S	kitaakeubixa21fn1380s	1	1	Kitaake ubi-XA21 FN1380-S	mechanical_normalization	no
773	773	1	1	773	mechanical_normalization	yes
Kitaake ubi-XA21 FN1385-S	kitaakeubixa21fn1385s	1	1	Kitaake ubi-XA21 FN1385-S	mechanical_normalization	no
442	442	1	1	442	mechanical_normalization	yes
441	441	1	1	441	mechanical_normalization	yes
Kitaake ubi-XA21 FN1444-S	kitaakeubixa21fn1444s	1	1	Kitaake ubi-XA21 FN1444-S	mechanical_normalization	no
425	425	1	1	425	mechanical_normalization	yes
Kitaake ubi-XA21 FN1455-S	kitaakeubixa21fn1455s	1	1	Kitaake ubi-XA21 FN1455-S	mechanical_normalization	no
Kitaake ubi-XA21 FN1463-S	kitaakeubixa21fn1463s	1	1	Kitaake ubi-XA21 FN1463-S	mechanical_normalization	no
1436	1436	1	1	1436	mechanical_normalization	yes
Kitaake ubi-XA21 FN1459-S	kitaakeubixa21fn1459s	1	1	Kitaake ubi-XA21 FN1459-S	mechanical_normalization	no
1400	1400	1	1	1400	mechanical_normalization	yes
Kitaake ubi-XA21 FN1451-S	kitaakeubixa21fn1451s	1	1	Kitaake ubi-XA21 FN1451-S	mechanical_normalization	no
Kitaake ubi-XA21 FN1465-S	kitaakeubixa21fn1465s	1	1	Kitaake ubi-XA21 FN1465-S	mechanical_normalization	no
60	60	1	1	60	mechanical_normalization	yes
589	589	1	1	589	mechanical_normalization	yes
58	58	1	1	58	mechanical_normalization	yes
Kitaake ubi-XA61 FN1499-S	kitaakeubixa61fn1499s	1	1	Kitaake ubi-XA61 FN1499-S	mechanical_normalization	no
572	572	1	1	572	mechanical_normalization	yes
56	56	1	1	56	mechanical_normalization	yes
502	502	1	1	502	mechanical_normalization	yes
500	500	1	1	500	mechanical_normalization	yes
489	489	1	1	489	mechanical_normalization	yes
480	480	1	1	480	mechanical_normalization	yes
Kitaake ubi-XA82 FN1532-S	kitaakeubixa82fn1532s	1	1	Kitaake ubi-XA82 FN1532-S	mechanical_normalization	no
468	468	1	1	468	mechanical_normalization	yes
Kitaake ubi-XA88 FN1538-S	kitaakeubixa88fn1538s	1	1	Kitaake ubi-XA88 FN1538-S	mechanical_normalization	no
1364	1364	1	1	1364	mechanical_normalization	yes
1342	1342	1	1	1342	mechanical_normalization	yes
1325	1325	1	1	1325	mechanical_normalization	yes
Kitaake ubi-XA90 FN1541-S	kitaakeubixa90fn1541s	1	1	Kitaake ubi-XA90 FN1541-S	mechanical_normalization	no
1313	1313	1	1	1313	mechanical_normalization	yes
Kitaake ubi-XA102 FN1557-S	kitaakeubixa102fn1557s	1	1	Kitaake ubi-XA102 FN1557-S	mechanical_normalization	no
Kitaake FN1450 -S	kitaakefn1450s	1	1	Kitaake FN1450 -S	mechanical_normalization	no
1148	1148	1	1	1148	mechanical_normalization	yes
989	989	1	1	989	mechanical_normalization	yes
Kitaake ubi-XA101 FN1556-S	kitaakeubixa101fn1556s	1	1	Kitaake ubi-XA101 FN1556-S	mechanical_normalization	no
Kitaake FN1522 -S	kitaakefn1522s	1	1	Kitaake FN1522 -S	mechanical_normalization	no
954	954	1	1	954	mechanical_normalization	yes
932	932	1	1	932	mechanical_normalization	yes
Kitaake FN1052BCF2-34	kitaakefn1052bcf234	1	1	Kitaake FN1052BCF2-34	mechanical_normalization	no
929	929	1	1	929	mechanical_normalization	yes
924	924	1	1	924	mechanical_normalization	yes
Kitaake FN3273-S	kitaakefn3273s	1	1	Kitaake FN3273-S	mechanical_normalization	no
912	912	1	1	912	mechanical_normalization	yes
Kitaake FN3222-S	kitaakefn3222s	1	1	Kitaake FN3222-S	mechanical_normalization	no
905	905	1	1	905	mechanical_normalization	yes
899	899	1	1	899	mechanical_normalization	yes
Kitaake FN3203-S	kitaakefn3203s	1	1	Kitaake FN3203-S	mechanical_normalization	no
893	893	1	1	893	mechanical_normalization	yes
Kitaake FN2669-S	kitaakefn2669s	1	1	Kitaake FN2669-S	mechanical_normalization	no
880	880	1	1	880	mechanical_normalization	yes
Kitaake FN3243-S	kitaakefn3243s	1	1	Kitaake FN3243-S	mechanical_normalization	no
Kitaake FN3151-S	kitaakefn3151s	1	1	Kitaake FN3151-S	mechanical_normalization	no
859	859	1	1	859	mechanical_normalization	yes
Kitaake FN3242-S	kitaakefn3242s	1	1	Kitaake FN3242-S	mechanical_normalization	no
854	854	1	1	854	mechanical_normalization	yes
Kitaake FN3234-S	kitaakefn3234s	1	1	Kitaake FN3234-S	mechanical_normalization	no
851	851	1	1	851	mechanical_normalization	yes
Kitaake FN3257-S	kitaakefn3257s	1	1	Kitaake FN3257-S	mechanical_normalization	no
733	733	1	1	733	mechanical_normalization	yes
Kitaake FN3202-S	kitaakefn3202s	1	1	Kitaake FN3202-S	mechanical_normalization	no
716	716	1	1	716	mechanical_normalization	yes
711	711	1	1	711	mechanical_normalization	yes
Kitaake FN3232-S	kitaakefn3232s	1	1	Kitaake FN3232-S	mechanical_normalization	no
701	701	1	1	701	mechanical_normalization	yes
Kitaake FN3204-S	kitaakefn3204s	1	1	Kitaake FN3204-S	mechanical_normalization	no
696	696	1	1	696	mechanical_normalization	yes
686	686	1	1	686	mechanical_normalization	yes
1008	1008	1	1	1008	mechanical_normalization	yes
680	680	1	1	680	mechanical_normalization	yes
1292	1292	1	1	1292	mechanical_normalization	yes
1291	1291	1	1	1291	mechanical_normalization	yes
Kitaake FN4396-S	kitaakefn4396s	1	1	Kitaake FN4396-S	mechanical_normalization	no
1035	1035	1	1	1035	mechanical_normalization	yes
546	546	1	1	546	mechanical_normalization	yes
Kitaake FN4402-S	kitaakefn4402s	1	1	Kitaake FN4402-S	mechanical_normalization	no
Kitaake FN4405-S	kitaakefn4405s	1	1	Kitaake FN4405-S	mechanical_normalization	no
522	522	1	1	522	mechanical_normalization	yes
515	515	1	1	515	mechanical_normalization	yes
Kitaake FN4411-S	kitaakefn4411s	1	1	Kitaake FN4411-S	mechanical_normalization	no
Kitaake FN4401-S	kitaakefn4401s	1	1	Kitaake FN4401-S	mechanical_normalization	no
507	507	1	1	507	mechanical_normalization	yes
Kitaake FN4391-S	kitaakefn4391s	1	1	Kitaake FN4391-S	mechanical_normalization	no
1043	1043	1	1	1043	mechanical_normalization	yes
Kitaake FN4444-S	kitaakefn4444s	1	1	Kitaake FN4444-S	mechanical_normalization	no
1001	1001	1	1	1001	mechanical_normalization	yes
Kitaake FN4451-S	kitaakefn4451s	1	1	Kitaake FN4451-S	mechanical_normalization	no
999	999	1	1	999	mechanical_normalization	yes
Kitaake FN4468-S	kitaakefn4468s	1	1	Kitaake FN4468-S	mechanical_normalization	no
Kitaake FN4474-S	kitaakefn4474s	1	1	Kitaake FN4474-S	mechanical_normalization	no
Kitaake FN4560-S	kitaakefn4560s	1	1	Kitaake FN4560-S	mechanical_normalization	no
Kitaake FN4435-S	kitaakefn4435s	1	1	Kitaake FN4435-S	mechanical_normalization	no
Kitaake FN4592-S	kitaakefn4592s	1	1	Kitaake FN4592-S	mechanical_normalization	no
Kitaake FN4483-S	kitaakefn4483s	1	1	Kitaake FN4483-S	mechanical_normalization	no
Kitaake FN4547-2-S	kitaakefn45472s	1	1	Kitaake FN4547-2-S	mechanical_normalization	no
Kitaake FN4505-S	kitaakefn4505s	1	1	Kitaake FN4505-S	mechanical_normalization	no
Kitaake FN4539-S	kitaakefn4539s	1	1	Kitaake FN4539-S	mechanical_normalization	no
Kitaake FN4519-S	kitaakefn4519s	1	1	Kitaake FN4519-S	mechanical_normalization	no
Kitaake FN4529-S	kitaakefn4529s	1	1	Kitaake FN4529-S	mechanical_normalization	no
Kitaake FN4568-S	kitaakefn4568s	1	1	Kitaake FN4568-S	mechanical_normalization	no
Kitaake FN4530-S	kitaakefn4530s	1	1	Kitaake FN4530-S	mechanical_normalization	no
Kitaake FN4566-S	kitaakefn4566s	1	1	Kitaake FN4566-S	mechanical_normalization	no
Kitaake FN4579-S	kitaakefn4579s	1	1	Kitaake FN4579-S	mechanical_normalization	no
Kitaake FN4524-S	kitaakefn4524s	1	1	Kitaake FN4524-S	mechanical_normalization	no
Kitaake FN4582-S	kitaakefn4582s	1	1	Kitaake FN4582-S	mechanical_normalization	no
Kitaake FN4583-S	kitaakefn4583s	1	1	Kitaake FN4583-S	mechanical_normalization	no
Kitaake FN4758-S	kitaakefn4758s	1	1	Kitaake FN4758-S	mechanical_normalization	no
Kitaake FN4767-S	kitaakefn4767s	1	1	Kitaake FN4767-S	mechanical_normalization	no
Kitaake FN4862-S	kitaakefn4862s	1	1	Kitaake FN4862-S	mechanical_normalization	no
Kitaake FN4380-S	kitaakefn4380s	1	1	Kitaake FN4380-S	mechanical_normalization	no
Kitaake FN2888-S	kitaakefn2888s	1	1	Kitaake FN2888-S	mechanical_normalization	no
Kitaake FN2892-S	kitaakefn2892s	1	1	Kitaake FN2892-S	mechanical_normalization	no
Kitaake FN2891-S	kitaakefn2891s	1	1	Kitaake FN2891-S	mechanical_normalization	no
Kitaake FN2896-S	kitaakefn2896s	1	1	Kitaake FN2896-S	mechanical_normalization	no
Kitaake FN2895-S	kitaakefn2895s	1	1	Kitaake FN2895-S	mechanical_normalization	no
Kitaake FN2979-S	kitaakefn2979s	1	1	Kitaake FN2979-S	mechanical_normalization	no
Kitaake FN2886-S	kitaakefn2886s	1	1	Kitaake FN2886-S	mechanical_normalization	no
Kitaake FN2951-S	kitaakefn2951s	1	1	Kitaake FN2951-S	mechanical_normalization	no
Kitaake FN2929-S	kitaakefn2929s	1	1	Kitaake FN2929-S	mechanical_normalization	no
Kitaake FN2915-S	kitaakefn2915s	1	1	Kitaake FN2915-S	mechanical_normalization	no
Kitaake FN2913-S	kitaakefn2913s	1	1	Kitaake FN2913-S	mechanical_normalization	no
Kitaake FN3033-S	kitaakefn3033s	1	1	Kitaake FN3033-S	mechanical_normalization	no
Indica-like_SNU	indicalikesnu	1	1	Indica-like_SNU	mechanical_normalization	no
V222_Dongnong92-13	v222dongnong9213	1	1	V222_Dongnong92-13	mechanical_normalization	no
V220_Dongnong9202	v220dongnong9202	1	1	V220_Dongnong9202	mechanical_normalization	no
V219_Dongnong91-11	v219dongnong9111	1	1	V219_Dongnong91-11	mechanical_normalization	no
V187_Puyou18	v187puyou18	1	1	V187_Puyou18	mechanical_normalization	no
V183_Punian7	v183punian7	1	1	V183_Punian7	mechanical_normalization	no
V167_Songgeng9	v167songgeng9	1	1	V167_Songgeng9	mechanical_normalization	no
V164_Songgeng3	v164songgeng3	1	1	V164_Songgeng3	mechanical_normalization	no
V159_Mu1328	v159mu1328	1	1	V159_Mu1328	mechanical_normalization	no
V098_Longhua01-687	v098longhua01687	1	1	V098_Longhua01-687	mechanical_normalization	no
V416_Hedan096	v416hedan096	1	1	V416_Hedan096	mechanical_normalization	no
V413_jinboo_11	v413jinboo11	1	1	V413_jinboo_11	mechanical_normalization	no
V412_jinboo_12	v412jinboo12	1	1	V412_jinboo_12	mechanical_normalization	no
V411_jinboo_1	v411jinboo1	1	1	V411_jinboo_1	mechanical_normalization	no
V410_jinboo_19	v410jinboo19	1	1	V410_jinboo_19	mechanical_normalization	no
V407_huadong	v407huadong	1	1	V407_huadong	mechanical_normalization	no
V404_oljinboo	v404oljinboo	1	1	V404_oljinboo	mechanical_normalization	no
V400_joongsan	v400joongsan	1	1	V400_joongsan	mechanical_normalization	no
V397_inwoul	v397inwoul	1	1	V397_inwoul	mechanical_normalization	no
V391_sinwoonbong	v391sinwoonbong	1	1	V391_sinwoonbong	mechanical_normalization	no
V149_Nongda99D004	v149nongda99d004	1	1	V149_Nongda99D004	mechanical_normalization	no
V146_Nongda04-009	v146nongda04009	1	1	V146_Nongda04-009	mechanical_normalization	no
V136_Sui298	v136sui298	1	1	V136_Sui298	mechanical_normalization	no
V014_longnuo_3	v014longnuo3	1	1	V014_longnuo_3	mechanical_normalization	no
V131_Suigeng10	v131suigeng10	1	1	V131_Suigeng10	mechanical_normalization	no
V028_Hejiang17	v028hejiang17	1	1	V028_Hejiang17	mechanical_normalization	no
V271_Zupei64	v271zupei64	1	1	V271_Zupei64	mechanical_normalization	no
V266_Jigeng101	v266jigeng101	1	1	V266_Jigeng101	mechanical_normalization	no
V027_Hejiang11	v027hejiang11	1	1	V027_Hejiang11	mechanical_normalization	no
V256_Jigeng69	v256jigeng69	1	1	V256_Jigeng69	mechanical_normalization	no
V254_Jigeng61	v254jigeng61	1	1	V254_Jigeng61	mechanical_normalization	no
V250_Chaochan2	v250chaochan2	1	1	V250_Chaochan2	mechanical_normalization	no
V246_Changbai15	v246changbai15	1	1	V246_Changbai15	mechanical_normalization	no
V214_Dongnong84-14	v214dongnong8414	1	1	V214_Dongnong84-14	mechanical_normalization	no
V210_Dongnong7007	v210dongnong7007	1	1	V210_Dongnong7007	mechanical_normalization	no
V209_Dongnong6212	v209dongnong6212	1	1	V209_Dongnong6212	mechanical_normalization	no
V203_Dongnong427	v203dongnong427	1	1	V203_Dongnong427	mechanical_normalization	no
V200_Dongnong424	v200dongnong424	1	1	V200_Dongnong424	mechanical_normalization	no
V020_Zhumaodao	v020zhumaodao	1	1	V020_Zhumaodao	mechanical_normalization	no
V189_Puxuan24	v189puxuan24	1	1	V189_Puxuan24	mechanical_normalization	no
ZKF5_Zhongkefa_5	zkf5zhongkefa5	1	1	ZKF5_Zhongkefa_5	mechanical_normalization	no
V554_Longdao19	v554longdao19	1	1	V554_Longdao19	mechanical_normalization	no
V547_Zhendao_88	v547zhendao88	1	1	V547_Zhendao_88	mechanical_normalization	no
V543_Jiahua_1	v543jiahua1	1	1	V543_Jiahua_1	mechanical_normalization	no
V506_fukei_137	v506fukei137	1	1	V506_fukei_137	mechanical_normalization	no
V493_Mudanjiang6	v493mudanjiang6	1	1	V493_Mudanjiang6	mechanical_normalization	no
V492_Mudanjiang4	v492mudanjiang4	1	1	V492_Mudanjiang4	mechanical_normalization	no
V487_Longdun106	v487longdun106	1	1	V487_Longdun106	mechanical_normalization	no
V327_Liaogeng5	v327liaogeng5	1	1	V327_Liaogeng5	mechanical_normalization	no
V319_Yangeng13	v319yangeng13	1	1	V319_Yangeng13	mechanical_normalization	no
V316_Yan304	v316yan304	1	1	V316_Yan304	mechanical_normalization	no
V313_Tongyu403	v313tongyu403	1	1	V313_Tongyu403	mechanical_normalization	no
V032_Mudanjiang5	v032mudanjiang5	1	1	V032_Mudanjiang5	mechanical_normalization	no
V309_Tongyu318	v309tongyu318	1	1	V309_Tongyu318	mechanical_normalization	no
V308_Tongyu317	v308tongyu317	1	1	V308_Tongyu317	mechanical_normalization	no
V299_Tonggeng611	v299tonggeng611	1	1	V299_Tonggeng611	mechanical_normalization	no
V291_Teyou18	v291teyou18	1	1	V291_Teyou18	mechanical_normalization	no
V290_Teyou16	v290teyou16	1	1	V290_Teyou16	mechanical_normalization	no
V281_Fengyou4	v281fengyou4	1	1	V281_Fengyou4	mechanical_normalization	no
V116_Longdao5	v116longdao5	1	1	V116_Longdao5	mechanical_normalization	no
V109_Longzu01-4160	v109longzu014160	1	1	V109_Longzu01-4160	mechanical_normalization	no
V108_Longfeng05-191	v108longfeng05191	1	1	V108_Longfeng05-191	mechanical_normalization	no
V094_Longgeng27	v094longgeng27	1	1	V094_Longgeng27	mechanical_normalization	no
V010_gailiangguoguang	v010gailiangguoguang	1	1	V010_gailiangguoguang	mechanical_normalization	no
V086_Longgeng19	v086longgeng19	1	1	V086_Longgeng19	mechanical_normalization	no
V085_Longgeng17	v085longgeng17	1	1	V085_Longgeng17	mechanical_normalization	no
V084_Longgeng16	v084longgeng16	1	1	V084_Longgeng16	mechanical_normalization	no
V082_Longgeng14	v082longgeng14	1	1	V082_Longgeng14	mechanical_normalization	no
V077_Longgeng9	v077longgeng9	1	1	V077_Longgeng9	mechanical_normalization	no
V076_Longgeng8	v076longgeng8	1	1	V076_Longgeng8	mechanical_normalization	no
V075_Longgeng3	v075longgeng3	1	1	V075_Longgeng3	mechanical_normalization	no
V072_Ken07-769	v072ken07769	1	1	V072_Ken07-769	mechanical_normalization	no
V070_Ken06-792	v070ken06792	1	1	V070_Ken06-792	mechanical_normalization	no
V069_Kendao07-2249	v069kendao072249	1	1	V069_Kendao07-2249	mechanical_normalization	no
V386_sangsan	v386sangsan	1	1	V386_sangsan	mechanical_normalization	no
V381_manchoo	v381manchoo	1	1	V381_manchoo	mechanical_normalization	no
V379_doonnaebyeo	v379doonnaebyeo	1	1	V379_doonnaebyeo	mechanical_normalization	no
V365_fukei_168	v365fukei168	1	1	V365_fukei_168	mechanical_normalization	no
V363_fukei_138	v363fukei138	1	1	V363_fukei_138	mechanical_normalization	no
V357_yamakata_26	v357yamakata26	1	1	V357_yamakata_26	mechanical_normalization	no
Daichinohoshi	daichinohoshi	1	1	Daichinohoshi	mechanical_normalization	no
V356_nipponbare	v356nipponbare	1	1	V356_nipponbare	mechanical_normalization	no
Fukkurinko	fukkurinko	1	1	Fukkurinko	mechanical_normalization	no
Hokkaiwase	hokkaiwase	1	1	Hokkaiwase	mechanical_normalization	no
V354_akihikari	v354akihikari	1	1	V354_akihikari	mechanical_normalization	no
V350_sugaruasahi	v350sugaruasahi	1	1	V350_sugaruasahi	mechanical_normalization	no
REIMEI	reimei	1	1	REIMEI	mechanical_normalization	no
V346_etsuu_394	v346etsuu394	1	1	V346_etsuu_394	mechanical_normalization	no
AIKOKU f	aikokuf	1	1	AIKOKU f	mechanical_normalization	no
V335_Liaoyan16	v335liaoyan16	1	1	V335_Liaoyan16	mechanical_normalization	no
V332_Liaoxing12	v332liaoxing12	1	1	V332_Liaoxing12	mechanical_normalization	no
SHIN ISHIJIRO	shinishijiro	1	1	SHIN ISHIJIRO	mechanical_normalization	no
V537_Xiushui_11	v537xiushui11	1	1	V537_Xiushui_11	mechanical_normalization	no
V532_Suinuo1	v532suinuo1	1	1	V532_Suinuo1	mechanical_normalization	no
V531_Longyang1	v531longyang1	1	1	V531_Longyang1	mechanical_normalization	no
V522_Longqingdao1	v522longqingdao1	1	1	V522_Longqingdao1	mechanical_normalization	no
V511_Songgeng7	v511songgeng7	1	1	V511_Songgeng7	mechanical_normalization	no
V510_Songgeng4	v510songgeng4	1	1	V510_Songgeng4	mechanical_normalization	no
V048_honenwase	v048honenwase	1	1	V048_honenwase	mechanical_normalization	no
V472_Hejiang8	v472hejiang8	1	1	V472_Hejiang8	mechanical_normalization	no
V469_Hejiang4	v469hejiang4	1	1	V469_Hejiang4	mechanical_normalization	no
V468_Longnuo1	v468longnuo1	1	1	V468_Longnuo1	mechanical_normalization	no
V467_Longqingdao2	v467longqingdao2	1	1	V467_Longqingdao2	mechanical_normalization	no
V454_Kennuo2	v454kennuo2	1	1	V454_Kennuo2	mechanical_normalization	no
V452_Kengeng4	v452kengeng4	1	1	V452_Kengeng4	mechanical_normalization	no
V450_Kengeng1	v450kengeng1	1	1	V450_Kengeng1	mechanical_normalization	no
V447_Kendao22	v447kendao22	1	1	V447_Kendao22	mechanical_normalization	no
V444_Kendao16	v444kendao16	1	1	V444_Kendao16	mechanical_normalization	no
V045_sinsestu	v045sinsestu	1	1	V045_sinsestu	mechanical_normalization	no
V420_Anuotamayanshi	v420anuotamayanshi	1	1	V420_Anuotamayanshi	mechanical_normalization	no
V419_Dongbei15	v419dongbei15	1	1	V419_Dongbei15	mechanical_normalization	no
V244_Changbai13	v244changbai13	1	1	V244_Changbai13	mechanical_normalization	no
V243_Changbai12	v243changbai12	1	1	V243_Changbai12	mechanical_normalization	no
V236_Jiudao58	v236jiudao58	1	1	V236_Jiudao58	mechanical_normalization	no
V235_Jiudao46	v235jiudao46	1	1	V235_Jiudao46	mechanical_normalization	no
V233_Jiudao6	v233jiudao6	1	1	V233_Jiudao6	mechanical_normalization	no
V232_Jiudao33	v232jiudao33	1	1	V232_Jiudao33	mechanical_normalization	no
V229_Chang004	v229chang004	1	1	V229_Chang004	mechanical_normalization	no
V228_Chang002	v228chang002	1	1	V228_Chang002	mechanical_normalization	no
PN38	pn38	1	1	PN38	mechanical_normalization	yes
PN32	pn32	1	1	PN32	mechanical_normalization	yes
PN4	pn4	1	1	PN4	mechanical_normalization	yes
PN27	pn27	1	1	PN27	mechanical_normalization	yes
PN18	pn18	1	1	PN18	mechanical_normalization	yes
PN16	pn16	1	1	PN16	mechanical_normalization	yes
Qingsiai16B	qingsiai16b	1	1	Qingsiai16B	mechanical_normalization	no
X22	x22	1	1	X22	mechanical_normalization	yes
Babaomi	babaomi	1	1	Babaomi	mechanical_normalization	no
Nipponbare2	nipponbare2	1	1	Nipponbare2	mechanical_normalization	no
Lvdaoq7	lvdaoq7	1	1	Lvdaoq7	mechanical_normalization	no
Zhenpin rice	zhenpinrice	1	1	Zhenpin rice	mechanical_normalization	no
Sui Mianxiang	suimianxiang	1	1	Sui Mianxiang	mechanical_normalization	no
Long Japonica 1	longjaponica1	1	1	Long Japonica 1	mechanical_normalization	no
Long 12	long12	1	1	Long 12	mechanical_normalization	yes
Red glutinous 1	redglutinous1	1	1	Red glutinous 1	mechanical_normalization	no
Jixi 1	jixi1	1	1	Jixi 1	mechanical_normalization	yes
Xixuan 1	xixuan1	1	1	Xixuan 1	mechanical_normalization	no
Mudanjiang 7	mudanjiang7	1	1	Mudanjiang 7	mechanical_normalization	no
Zitoudao	zitoudao	1	1	Zitoudao	mechanical_normalization	no
Baibei	baibei	1	1	Baibei	mechanical_normalization	no
Liaogeng287	liaogeng287	1	1	Liaogeng287	mechanical_normalization	no
DN2324	dn2324	1	1	DN2324	mechanical_normalization	yes
DN2326	dn2326	1	1	DN2326	mechanical_normalization	yes
DN2334	dn2334	1	1	DN2334	mechanical_normalization	yes
Luoyou10hao	luoyou10hao	1	1	Luoyou10hao	mechanical_normalization	no
DN2341	dn2341	1	1	DN2341	mechanical_normalization	yes
DN2329	dn2329	1	1	DN2329	mechanical_normalization	yes
lIAO Japonica	liaojaponica	1	1	lIAO Japonica	mechanical_normalization	no
KYC3	kyc3	1	1	KYC3	mechanical_normalization	yes
KYCH7	kych7	1	1	KYCH7	mechanical_normalization	yes
Black King Kong	blackkingkong	1	1	Black King Kong	mechanical_normalization	no
G40832	g40832	1	1	G40832	mechanical_normalization	yes
NG702	ng702	1	1	NG702	mechanical_normalization	yes
G40821	g40821	1	1	G40821	mechanical_normalization	yes
G40811	g40811	1	1	G40811	mechanical_normalization	yes
G40781	g40781	1	1	G40781	mechanical_normalization	yes
G40741	g40741	1	1	G40741	mechanical_normalization	yes
G40721	g40721	1	1	G40721	mechanical_normalization	yes
G40691	g40691	1	1	G40691	mechanical_normalization	yes
G40671	g40671	1	1	G40671	mechanical_normalization	yes
T	t	1	1	T	mechanical_normalization	no
G42301	g42301	1	1	G42301	mechanical_normalization	yes
G42171	g42171	1	1	G42171	mechanical_normalization	yes
G42151	g42151	1	1	G42151	mechanical_normalization	yes
G40591	g40591	1	1	G40591	mechanical_normalization	yes
G40561	g40561	1	1	G40561	mechanical_normalization	yes
G40461	g40461	1	1	G40461	mechanical_normalization	yes
G40451	g40451	1	1	G40451	mechanical_normalization	yes
G40391	g40391	1	1	G40391	mechanical_normalization	yes
G40381	g40381	1	1	G40381	mechanical_normalization	yes
G40351	g40351	1	1	G40351	mechanical_normalization	yes
G40301	g40301	1	1	G40301	mechanical_normalization	yes
G40281	g40281	1	1	G40281	mechanical_normalization	yes
G41821	g41821	1	1	G41821	mechanical_normalization	yes
G41811	g41811	1	1	G41811	mechanical_normalization	yes
G41801	g41801	1	1	G41801	mechanical_normalization	yes
G41731	g41731	1	1	G41731	mechanical_normalization	yes
G41701	g41701	1	1	G41701	mechanical_normalization	yes
G41691	g41691	1	1	G41691	mechanical_normalization	yes
G40191	g40191	1	1	G40191	mechanical_normalization	yes
G41661	g41661	1	1	G41661	mechanical_normalization	yes
G41601	g41601	1	1	G41601	mechanical_normalization	yes
G41181	g41181	1	1	G41181	mechanical_normalization	yes
G41151	g41151	1	1	G41151	mechanical_normalization	yes
G41091	g41091	1	1	G41091	mechanical_normalization	yes
G41071	g41071	1	1	G41071	mechanical_normalization	yes
G40931	g40931	1	1	G40931	mechanical_normalization	yes
G40181	g40181	1	1	G40181	mechanical_normalization	yes
G41371	g41371	1	1	G41371	mechanical_normalization	yes
G41341	g41341	1	1	G41341	mechanical_normalization	yes
G40151	g40151	1	1	G40151	mechanical_normalization	yes
G41241	g41241	1	1	G41241	mechanical_normalization	yes
G41231	g41231	1	1	G41231	mechanical_normalization	yes
G40141	g40141	1	1	G40141	mechanical_normalization	yes
Leukat-Hitam	leukathitam	1	1	Leukat-Hitam	mechanical_normalization	no
Cempo_Abang	cempoabang	1	1	Cempo_Abang	mechanical_normalization	no
DZ78	dz78	1	1	DZ78	mechanical_normalization	yes
DNJ61	dnj61	1	1	DNJ61	mechanical_normalization	yes
Parsan	parsan	1	1	Parsan	mechanical_normalization	no
Seneman	seneman	1	1	Seneman	mechanical_normalization	no
Rebo	rebo	1	1	Rebo	mechanical_normalization	no
Tapol	tapol	1	1	Tapol	mechanical_normalization	no
Pulut-Hitam-Siam	puluthitamsiam	1	1	Pulut-Hitam-Siam	mechanical_normalization	no
Bulu-Hitam	buluhitam	1	1	Bulu-Hitam	mechanical_normalization	no
HR32067F1-3-5-1	hr32067f1351	1	1	HR32067F1-3-5-1	mechanical_normalization	no
HR32069F1-1-3-1	hr32069f1131	1	1	HR32069F1-1-3-1	mechanical_normalization	no
SA41-SARI	sa41sari	1	1	SA41-SARI	mechanical_normalization	no
Jasmine 85- SARI	jasmine85sari	1	1	Jasmine 85- SARI	mechanical_normalization	no
KBR2	kbr2	1	1	KBR2	mechanical_normalization	yes
IR64/RYMV3	ir64rymv3	1	1	IR64/RYMV3	mechanical_normalization	no
Gigante	gigante	1	1	Gigante	mechanical_normalization	no
OBOLO	obolo	1	1	OBOLO	mechanical_normalization	no
ART75-33-1-1-B-B	art753311bb	1	1	ART75-33-1-1-B-B	mechanical_normalization	no
IDSA 85	idsa85	1	1	IDSA 85	mechanical_normalization	yes
CRI-Amankwatia	criamankwatia	1	1	CRI-Amankwatia	mechanical_normalization	no
JindaoA10	jindaoa10	1	1	JindaoA10	mechanical_normalization	no
5306A	5306a	1	1	5306A	mechanical_normalization	yes
Luxiang618A	luxiang618a	1	1	Luxiang618A	mechanical_normalization	no
XiangA	xianga	1	1	XiangA	mechanical_normalization	no
5202A	5202a	1	1	5202A	mechanical_normalization	yes
Chiem Nho Bac Ninh 2	chiemnhobacninh2	1	1	Chiem Nho Bac Ninh 2	mechanical_normalization	no
Haedamssal	haedamssal	1	1	Haedamssal	mechanical_normalization	no
Jodujo	jodujo	1	1	Jodujo	mechanical_normalization	no
Jeosaekdo	jeosaekdo	1	1	Jeosaekdo	mechanical_normalization	no
Wabang	wabang	1	1	Wabang	mechanical_normalization	no
Olwaedu	olwaedu	1	1	Olwaedu	mechanical_normalization	no
Obaekjo	obaekjo	1	1	Obaekjo	mechanical_normalization	no
Hanseol	hanseol	1	1	Hanseol	mechanical_normalization	no
Hanmaeum	hanmaeum	1	1	Hanmaeum	mechanical_normalization	no
Haechanmulgyeol	haechanmulgyeol	1	1	Haechanmulgyeol	mechanical_normalization	no
Chinnong	chinnong	1	1	Chinnong	mechanical_normalization	no
Deuraechan	deuraechan	1	1	Deuraechan	mechanical_normalization	no
Chilbo	chilbo	1	1	Chilbo	mechanical_normalization	no
Saenuri	saenuri	1	1	Saenuri	mechanical_normalization	no
Naengdo	naengdo	1	1	Naengdo	mechanical_normalization	no
Hwarang	hwarang	1	1	Hwarang	mechanical_normalization	no
Gopum	gopum	1	1	Gopum	mechanical_normalization	no
Seomjin	seomjin	1	1	Seomjin	mechanical_normalization	no
Gyehwa	gyehwa	1	1	Gyehwa	mechanical_normalization	no
Naengjo(B) 70	naengjo70	1	1	Naengjo(B) 70	mechanical_normalization	no
Hwasin	hwasin	1	1	Hwasin	mechanical_normalization	no
Cheongmyeong	cheongmyeong	1	1	Cheongmyeong	mechanical_normalization	no
Gwangan	gwangan	1	1	Gwangan	mechanical_normalization	no
Guemnam	guemnam	1	1	Guemnam	mechanical_normalization	no
Anjung	anjung	1	1	Anjung	mechanical_normalization	no
Sujungjo	sujungjo	1	1	Sujungjo	mechanical_normalization	no
Baekjicheongbyeo	baekjicheongbyeo	1	1	Baekjicheongbyeo	mechanical_normalization	no
Boribyeo	boribyeo	1	1	Boribyeo	mechanical_normalization	no
Cheongan	cheongan	1	1	Cheongan	mechanical_normalization	no
Areum	areum	1	1	Areum	mechanical_normalization	no
Hwasambyeo	hwasambyeo	1	1	Hwasambyeo	mechanical_normalization	no
Samcheonbyeo	samcheonbyeo	1	1	Samcheonbyeo	mechanical_normalization	no
Naengsu	naengsu	1	1	Naengsu	mechanical_normalization	no
Hwajung	hwajung	1	1	Hwajung	mechanical_normalization	no
Jodongji	jodongji	1	1	Jodongji	mechanical_normalization	no
Yeongdeog	yeongdeog	1	1	Yeongdeog	mechanical_normalization	no
Mumojojeokdo	mumojojeokdo	1	1	Mumojojeokdo	mechanical_normalization	no
Modo 52	modo52	1	1	Modo 52	mechanical_normalization	yes
Ungwang	ungwang	1	1	Ungwang	mechanical_normalization	no
Taebong	taebong	1	1	Taebong	mechanical_normalization	no
Sandumebyeo	sandumebyeo	1	1	Sandumebyeo	mechanical_normalization	no
Yeongsanbyeo	yeongsanbyeo	1	1	Yeongsanbyeo	mechanical_normalization	no
SPREAD	spread	1	1	SPREAD	mechanical_normalization	no
Gangreungdo	gangreungdo	1	1	Gangreungdo	mechanical_normalization	no
Jodo	jodo	1	1	Jodo	mechanical_normalization	no
Pungwujo	pungwujo	1	1	Pungwujo	mechanical_normalization	no
Pyodo	pyodo	1	1	Pyodo	mechanical_normalization	no
Jindo	jindo	1	1	Jindo	mechanical_normalization	no
Dudo	dudo	1	1	Dudo	mechanical_normalization	no
Seogan	seogan	1	1	Seogan	mechanical_normalization	no
Pungmi	pungmi	1	1	Pungmi	mechanical_normalization	no
Malgeumi	malgeumi	1	1	Malgeumi	mechanical_normalization	no
Milddarissal	milddarissal	1	1	Milddarissal	mechanical_normalization	no
Jeogjinju	jeogjinju	1	1	Jeogjinju	mechanical_normalization	no
Sando	sando	1	1	Sando	mechanical_normalization	no
MR 219	mr219	1	1	MR 219	mechanical_normalization	yes
Daedong7	daedong7	1	1	Daedong7	mechanical_normalization	no
Ganggye 12	ganggye12	1	1	Ganggye 12	mechanical_normalization	no
Daedong2	daedong2	1	1	Daedong2	mechanical_normalization	no
Daegwan1	daegwan1	1	1	Daegwan1	mechanical_normalization	no
Gwiseong10	gwiseong10	1	1	Gwiseong10	mechanical_normalization	no
Gujang3	gujang3	1	1	Gujang3	mechanical_normalization	no
Ganggye 10	ganggye10	1	1	Ganggye 10	mechanical_normalization	no
Pyeongang5	pyeongang5	1	1	Pyeongang5	mechanical_normalization	no
Pyeongang15	pyeongang15	1	1	Pyeongang15	mechanical_normalization	no
Pyeongang14	pyeongang14	1	1	Pyeongang14	mechanical_normalization	no
Pyeongang1	pyeongang1	1	1	Pyeongang1	mechanical_normalization	no
Gangnyeong1	gangnyeong1	1	1	Gangnyeong1	mechanical_normalization	no
Onseong5	onseong5	1	1	Onseong5	mechanical_normalization	no
Ganggye 9	ganggye9	1	1	Ganggye 9	mechanical_normalization	no
Onseong13	onseong13	1	1	Onseong13	mechanical_normalization	no
Onseong10	onseong10	1	1	Onseong10	mechanical_normalization	no
Yangsan9	yangsan9	1	1	Yangsan9	mechanical_normalization	no
Sepu9	sepu9	1	1	Sepu9	mechanical_normalization	yes
Sepu8	sepu8	1	1	Sepu8	mechanical_normalization	yes
Seoktap1	seoktap1	1	1	Seoktap1	mechanical_normalization	no
Ganggye 4	ganggye4	1	1	Ganggye 4	mechanical_normalization	no
Dodeog3	dodeog3	1	1	Dodeog3	mechanical_normalization	no
Gujang1	gujang1	1	1	Gujang1	mechanical_normalization	no
Kwaksan 4	kwaksan4	1	1	Kwaksan 4	mechanical_normalization	no
Gangnyeong5	gangnyeong5	1	1	Gangnyeong5	mechanical_normalization	no
Hwadae8	hwadae8	1	1	Hwadae8	mechanical_normalization	no
Hwadae15	hwadae15	1	1	Hwadae15	mechanical_normalization	no
Heocheon3	heocheon3	1	1	Heocheon3	mechanical_normalization	no
Gangnyeong3	gangnyeong3	1	1	Gangnyeong3	mechanical_normalization	no
Swarnasub1	swarnasub1	1	1	Swarnasub1	mechanical_normalization	no
jf105	jf105	1	1	jf105	mechanical_normalization	yes
hg5	hg5	1	1	hg5	mechanical_normalization	yes
BC5_TCS10SBN	bc5tcs10sbn	1	1	BC5_TCS10SBN	mechanical_normalization	no
IR65598-112-2	ir655981122	1	1	IR65598-112-2	mechanical_normalization	yes
IET28835	iet28835	1	1	IET28835	mechanical_normalization	yes
G374	g374	1	1	G374	mechanical_normalization	yes
Zhongzhongxiangnuo	zhongzhongxiangnuo	1	1	Zhongzhongxiangnuo	mechanical_normalization	no
A-Z04	az04	1	1	A-Z04	mechanical_normalization	yes
Yangnongnuo18-3370	yangnongnuo183370	1	1	Yangnongnuo18-3370	mechanical_normalization	no
YangjingM9225	yangjingm9225	1	1	YangjingM9225	mechanical_normalization	no
Zhennuo29	zhennuo29	1	1	Zhennuo29	mechanical_normalization	no
Jinxiangnuo1	jinxiangnuo1	1	1	Jinxiangnuo1	mechanical_normalization	no
Yangchannuo2201	yangchannuo2201	1	1	Yangchannuo2201	mechanical_normalization	no
Ningnuo20910	ningnuo20910	1	1	Ningnuo20910	mechanical_normalization	no
Xiangnuo9187	xiangnuo9187	1	1	Xiangnuo9187	mechanical_normalization	no
Wanjingnuo1116	wanjingnuo1116	1	1	Wanjingnuo1116	mechanical_normalization	no
Chunjiangnuo8	chunjiangnuo8	1	1	Chunjiangnuo8	mechanical_normalization	no
Zhenuo106	zhenuo106	1	1	Zhenuo106	mechanical_normalization	no
Sunuo2621	sunuo2621	1	1	Sunuo2621	mechanical_normalization	no
Changnuo09-3	changnuo093	1	1	Changnuo09-3	mechanical_normalization	no
Hengxiangnuo488	hengxiangnuo488	1	1	Hengxiangnuo488	mechanical_normalization	no
Jinjiangdalinuo	jinjiangdalinuo	1	1	Jinjiangdalinuo	mechanical_normalization	no
Younuo34	younuo34	1	1	Younuo34	mechanical_normalization	no
Qianjingxiangnuo66	qianjingxiangnuo66	1	1	Qianjingxiangnuo66	mechanical_normalization	no
Fengdengnuo398	fengdengnuo398	1	1	Fengdengnuo398	mechanical_normalization	no
Huainuo12	huainuo12	1	1	Huainuo12	mechanical_normalization	no
Youxiangnuo1	youxiangnuo1	1	1	Youxiangnuo1	mechanical_normalization	no
Changlinuo9008	changlinuo9008	1	1	Changlinuo9008	mechanical_normalization	no
Zhongjianuo1	zhongjianuo1	1	1	Zhongjianuo1	mechanical_normalization	no
dwarf	dwarf	1	1	dwarf	mechanical_normalization	no
Anna(R)4	anna4	1	1	Anna(R)4	mechanical_normalization	yes
F160	f160	1	1	F160	mechanical_normalization	yes
Qian Hei Nuo 47	qianheinuo47	1	1	Qian Hei Nuo 47	mechanical_normalization	no
Hua Jing	huajing	1	1	Hua Jing	mechanical_normalization	no
Hong Se Ma Ke Xian	hongsemakexian	1	1	Hong Se Ma Ke Xian	mechanical_normalization	no
Fu He Dao 9463	fuhedao9463	1	1	Fu He Dao 9463	mechanical_normalization	no
Ji Geng 555	jigeng555	1	1	Ji Geng 555	mechanical_normalization	no
Mu Yu Dao 78	muyudao78	1	1	Mu Yu Dao 78	mechanical_normalization	no
Ir 70210-39-Cpa 7-1-1-4-2	ir7021039cpa71142	1	1	Ir 70210-39-Cpa 7-1-1-4-2	mechanical_normalization	no
C 3419-10-1-2 (Psb Rc98)	c34191012	1	1	C 3419-10-1-2 (Psb Rc98)	mechanical_normalization	yes
Xiao Zhan Xiang1	xiaozhanxiang1	1	1	Xiao Zhan Xiang1	mechanical_normalization	no
Vn93	vn93	1	1	Vn93	mechanical_normalization	yes
Cnbj 1890	cnbj1890	1	1	Cnbj 1890	mechanical_normalization	yes
Qin Feng Ai	qinfengai	1	1	Qin Feng Ai	mechanical_normalization	no
Jia Xing 35	jiaxing35	1	1	Jia Xing 35	mechanical_normalization	no
Ai Qing 32	aiqing32	1	1	Ai Qing 32	mechanical_normalization	no
Zao Lian 31	zaolian31	1	1	Zao Lian 31	mechanical_normalization	no
Long Nan Zao	longnanzao	1	1	Long Nan Zao	mechanical_normalization	no
Nan Geng 9308	nangeng9308	1	1	Nan Geng 9308	mechanical_normalization	no
Yang Geng Nuo 5 Hao	yanggengnuo5hao	1	1	Yang Geng Nuo 5 Hao	mechanical_normalization	no
Yang Xiang Yu 1 Hao	yangxiangyu1hao	1	1	Yang Xiang Yu 1 Hao	mechanical_normalization	no
Ji Geng 211	jigeng211	1	1	Ji Geng 211	mechanical_normalization	no
Cr104	cr104	1	1	Cr104	mechanical_normalization	yes
P469	p469	1	1	P469	mechanical_normalization	yes
Vn1001	vn1001	1	1	Vn1001	mechanical_normalization	yes
Nano	nano	1	1	Nano	mechanical_normalization	no
Long Ke Si Miao 13	longkesimiao13	1	1	Long Ke Si Miao 13	mechanical_normalization	no
Zhong Ke 804 HLJ	zhongke804hlj	1	1	Zhong Ke 804 HLJ	mechanical_normalization	no
Jin Sui 22	jinsui22	1	1	Jin Sui 22	mechanical_normalization	no
Geng You 7699	gengyou7699	1	1	Geng You 7699	mechanical_normalization	no
Nan Geng Yin Gu	nangengyingu	1	1	Nan Geng Yin Gu	mechanical_normalization	no
Nan Geng Yan 1	nangengyan1	1	1	Nan Geng Yan 1	mechanical_normalization	no
Zhong Zi 5	zhongzi5	1	1	Zhong Zi 5	mechanical_normalization	no
Ir 80375-13-3-3	ir803751333	1	1	Ir 80375-13-3-3	mechanical_normalization	yes
Ir-Bb60(Ir72920-1-44-4)	irbb60	1	1	Ir-Bb60(Ir72920-1-44-4)	mechanical_normalization	yes
Zhong Long Geng 3	zhonglonggeng3	1	1	Zhong Long Geng 3	mechanical_normalization	no
Guang Hui 1288	guanghui1288	1	1	Guang Hui 1288	mechanical_normalization	no
Hui Yu Hei Nuo	huiyuheinuo	1	1	Hui Yu Hei Nuo	mechanical_normalization	no
Ya Lin 3	yalin3	1	1	Ya Lin 3	mechanical_normalization	no
Hong Mi Dao	hongmidao	1	1	Hong Mi Dao	mechanical_normalization	no
Wen Lu Dao 4	wenludao4	1	1	Wen Lu Dao 4	mechanical_normalization	no
Yun Lu 140	yunlu140	1	1	Yun Lu 140	mechanical_normalization	no
Zhen Geng 168	zhengeng168	1	1	Zhen Geng 168	mechanical_normalization	no
Gong Mi 9	gongmi9	1	1	Gong Mi 9	mechanical_normalization	no
Hei Geng Nuo 3	heigengnuo3	1	1	Hei Geng Nuo 3	mechanical_normalization	no
Zhong Hai Xiang 1	zhonghaixiang1	1	1	Zhong Hai Xiang 1	mechanical_normalization	no
Yuan Feng Zhan	yuanfengzhan	1	1	Yuan Feng Zhan	mechanical_normalization	no
Wu A81	wua81	1	1	Wu A81	mechanical_normalization	yes
Shang Shi Da 19	shangshida19	1	1	Shang Shi Da 19	mechanical_normalization	no
Nan Xia 060	nanxia060	1	1	Nan Xia 060	mechanical_normalization	no
Gui Yu 18	guiyu18	1	1	Gui Yu 18	mechanical_normalization	no
Induced haploid 2	inducedhaploid2	1	1	Induced haploid 2	mechanical_normalization	no
XXS	xxs	1	1	XXS	mechanical_normalization	no
Meixiangzhan	meixiangzhan	1	1	Meixiangzhan	mechanical_normalization	no
Ruanyuzhongke	ruanyuzhongke	1	1	Ruanyuzhongke	mechanical_normalization	no
Huaidao40	huaidao40	1	1	Huaidao40	mechanical_normalization	no
5	5	1	1	5	mechanical_normalization	yes
29	29	1	1	29	mechanical_normalization	yes
28	28	1	1	28	mechanical_normalization	yes
24	24	1	1	24	mechanical_normalization	yes
21	21	1	1	21	mechanical_normalization	yes
3	3	1	1	3	mechanical_normalization	yes
17	17	1	1	17	mechanical_normalization	yes
16	16	1	1	16	mechanical_normalization	yes
pio-konde	piokonde	1	1	pio-konde	mechanical_normalization	no
yangnuodao2	yangnuodao2	1	1	yangnuodao2	mechanical_normalization	no
yangnuodao1	yangnuodao1	1	1	yangnuodao1	mechanical_normalization	no
cuganlizhihong1	cuganlizhihong1	1	1	cuganlizhihong1	mechanical_normalization	no
laolaihong1	laolaihong1	1	1	laolaihong1	mechanical_normalization	no
dalzhong1	dalzhong1	1	1	dalzhong1	mechanical_normalization	no
lzhong	lzhong	1	1	lzhong	mechanical_normalization	no
tieganqing1	tieganqing1	1	1	tieganqing1	mechanical_normalization	no
sanqiansui	sanqiansui	1	1	sanqiansui	mechanical_normalization	no
huakenuo	huakenuo	1	1	huakenuo	mechanical_normalization	no
hongkenuo1	hongkenuo1	1	1	hongkenuo1	mechanical_normalization	no
baigedao1	baigedao1	1	1	baigedao1	mechanical_normalization	no
laohudao	laohudao	1	1	laohudao	mechanical_normalization	no
sishangyu	sishangyu	1	1	sishangyu	mechanical_normalization	no
lutouhong2	lutouhong2	1	1	lutouhong2	mechanical_normalization	no
zaomuxiqiu1	zaomuxiqiu1	1	1	zaomuxiqiu1	mechanical_normalization	no
tietouhong2	tietouhong2	1	1	tietouhong2	mechanical_normalization	no
hongkedao	hongkedao	1	1	hongkedao	mechanical_normalization	no
luohanhuang1	luohanhuang1	1	1	luohanhuang1	mechanical_normalization	no
853	853	1	1	853	mechanical_normalization	yes
hongmajinnuo	hongmajinnuo	1	1	hongmajinnuo	mechanical_normalization	no
xichainuo1	xichainuo1	1	1	xichainuo1	mechanical_normalization	no
huangkezaoshiri	huangkezaoshiri	1	1	huangkezaoshiri	mechanical_normalization	no
AUS 314::IRGC 29101-1	aus314irgc291011	1	1	AUS 314::IRGC 29101-1	mechanical_normalization	no
AUS 298::IRGC 29086-1	aus298irgc290861	1	1	AUS 298::IRGC 29086-1	mechanical_normalization	no
AUS 204::IRGC 29022-1	aus204irgc290221	1	1	AUS 204::IRGC 29022-1	mechanical_normalization	no
BRRI DHAN 45::G1-1	brridhan45g11	1	1	BRRI DHAN 45::G1-1	mechanical_normalization	no
CTG 1516::IRGC 117697-1	ctg1516irgc1176971	1	1	CTG 1516::IRGC 117697-1	mechanical_normalization	no
AUS 280::IRGC 29070-1	aus280irgc290701	1	1	AUS 280::IRGC 29070-1	mechanical_normalization	no
KHAILAORGOABEZ::IRGC 9947-1	khailaorgoabezirgc99471	1	1	KHAILAORGOABEZ::IRGC 9947-1	mechanical_normalization	no
ARC 10958::IRGC 12685-1	arc10958irgc126851	1	1	ARC 10958::IRGC 12685-1	mechanical_normalization	no
ASSAM 4 (BORO)::IRGC 11482-1	assam4irgc114821	1	1	ASSAM 4 (BORO)::IRGC 11482-1	mechanical_normalization	no
AUS 273::IRGC 29063-1	aus273irgc290631	1	1	AUS 273::IRGC 29063-1	mechanical_normalization	no
AUS 68::IRGC 28931-1	aus68irgc289311	1	1	AUS 68::IRGC 28931-1	mechanical_normalization	no
AUS 63::IRGC 28926-1	aus63irgc289261	1	1	AUS 63::IRGC 28926-1	mechanical_normalization	no
ARC 5977::IRGC 12166-1	arc5977irgc121661	1	1	ARC 5977::IRGC 12166-1	mechanical_normalization	no
KALIBORO 80-3::IRGC 29358-1	kaliboro803irgc293581	1	1	KALIBORO 80-3::IRGC 29358-1	mechanical_normalization	no
KALAMKATI::IRGC 117773-1	kalamkatiirgc1177731	1	1	KALAMKATI::IRGC 117773-1	mechanical_normalization	no
DZ78::IRGC 117610-1	dz78irgc1176101	1	1	DZ78::IRGC 117610-1	mechanical_normalization	no
DULAAUS::IRGC 49180-1	dulaausirgc491801	1	1	DULAAUS::IRGC 49180-1	mechanical_normalization	no
Bogura::G1-1	bogurag11	1	1	Bogura::G1-1	mechanical_normalization	no
P 32::GSOR 311085-G1	p32gsor311085g1	1	1	P 32::GSOR 311085-G1	mechanical_normalization	no
JABAR SAIL::IRGC 58738-1	jabarsailirgc587381	1	1	JABAR SAIL::IRGC 58738-1	mechanical_normalization	no
BINA DHAN 5::G1-1	binadhan5g11	1	1	BINA DHAN 5::G1-1	mechanical_normalization	no
BWF-107	bwf107	1	1	BWF-107	mechanical_normalization	yes
em271	em271	1	1	em271	mechanical_normalization	yes
em278	em278	1	1	em278	mechanical_normalization	yes
em069	em069	1	1	em069	mechanical_normalization	yes
em279	em279	1	1	em279	mechanical_normalization	yes
em075	em075	1	1	em075	mechanical_normalization	yes
em077	em077	1	1	em077	mechanical_normalization	yes
em080	em080	1	1	em080	mechanical_normalization	yes
em082	em082	1	1	em082	mechanical_normalization	yes
em280	em280	1	1	em280	mechanical_normalization	yes
em084	em084	1	1	em084	mechanical_normalization	yes
em087	em087	1	1	em087	mechanical_normalization	yes
em299	em299	1	1	em299	mechanical_normalization	yes
em090	em090	1	1	em090	mechanical_normalization	yes
em093	em093	1	1	em093	mechanical_normalization	yes
em096	em096	1	1	em096	mechanical_normalization	yes
em098	em098	1	1	em098	mechanical_normalization	yes
em282	em282	1	1	em282	mechanical_normalization	yes
em300	em300	1	1	em300	mechanical_normalization	yes
em103	em103	1	1	em103	mechanical_normalization	yes
em105	em105	1	1	em105	mechanical_normalization	yes
em114	em114	1	1	em114	mechanical_normalization	yes
em223	em223	1	1	em223	mechanical_normalization	yes
em295	em295	1	1	em295	mechanical_normalization	yes
em242	em242	1	1	em242	mechanical_normalization	yes
em252	em252	1	1	em252	mechanical_normalization	yes
em044	em044	1	1	em044	mechanical_normalization	yes
em047	em047	1	1	em047	mechanical_normalization	yes
em148	em148	1	1	em148	mechanical_normalization	yes
em152	em152	1	1	em152	mechanical_normalization	yes
em153	em153	1	1	em153	mechanical_normalization	yes
em156	em156	1	1	em156	mechanical_normalization	yes
em157	em157	1	1	em157	mechanical_normalization	yes
em288	em288	1	1	em288	mechanical_normalization	yes
em168	em168	1	1	em168	mechanical_normalization	yes
em206	em206	1	1	em206	mechanical_normalization	yes
em221	em221	1	1	em221	mechanical_normalization	yes
em222	em222	1	1	em222	mechanical_normalization	yes
em284	em284	1	1	em284	mechanical_normalization	yes
em139	em139	1	1	em139	mechanical_normalization	yes
em140	em140	1	1	em140	mechanical_normalization	yes
em141	em141	1	1	em141	mechanical_normalization	yes
em176	em176	1	1	em176	mechanical_normalization	yes
em180	em180	1	1	em180	mechanical_normalization	yes
em181	em181	1	1	em181	mechanical_normalization	yes
em182	em182	1	1	em182	mechanical_normalization	yes
em188	em188	1	1	em188	mechanical_normalization	yes
em191	em191	1	1	em191	mechanical_normalization	yes
em291	em291	1	1	em291	mechanical_normalization	yes
T9N_99	t9n99	1	1	T9N_99	mechanical_normalization	no
T9N_94	t9n94	1	1	T9N_94	mechanical_normalization	no
T9N_92	t9n92	1	1	T9N_92	mechanical_normalization	no
T9N_85	t9n85	1	1	T9N_85	mechanical_normalization	no
T9N_84	t9n84	1	1	T9N_84	mechanical_normalization	no
T9N_81	t9n81	1	1	T9N_81	mechanical_normalization	no
T9N_80	t9n80	1	1	T9N_80	mechanical_normalization	no
T9N_78	t9n78	1	1	T9N_78	mechanical_normalization	no
T9N_75	t9n75	1	1	T9N_75	mechanical_normalization	no
T9N_74	t9n74	1	1	T9N_74	mechanical_normalization	no
T9N_72	t9n72	1	1	T9N_72	mechanical_normalization	no
DN9_32	dn932	1	1	DN9_32	mechanical_normalization	yes
DN9_23	dn923	1	1	DN9_23	mechanical_normalization	yes
DN9_18	dn918	1	1	DN9_18	mechanical_normalization	yes
T9N_34	t9n34	1	1	T9N_34	mechanical_normalization	no
D9N_36	d9n36	1	1	D9N_36	mechanical_normalization	no
D9N_2	d9n2	1	1	D9N_2	mechanical_normalization	no
T9N_24	t9n24	1	1	T9N_24	mechanical_normalization	no
D9N_122	d9n122	1	1	D9N_122	mechanical_normalization	no
T9N_23	t9n23	1	1	T9N_23	mechanical_normalization	no
D9N_120	d9n120	1	1	D9N_120	mechanical_normalization	no
D9N_117	d9n117	1	1	D9N_117	mechanical_normalization	no
T9N_62	t9n62	1	1	T9N_62	mechanical_normalization	no
T9N_6	t9n6	1	1	T9N_6	mechanical_normalization	no
NN99_S1_3	nn99s13	1	1	NN99_S1_3	mechanical_normalization	no
NN99_S1_38	nn99s138	1	1	NN99_S1_38	mechanical_normalization	no
DN9_92	dn992	1	1	DN9_92	mechanical_normalization	yes
DN9_91	dn991	1	1	DN9_91	mechanical_normalization	yes
T9N_42	t9n42	1	1	T9N_42	mechanical_normalization	no
DN9_84	dn984	1	1	DN9_84	mechanical_normalization	yes
T9N_41	t9n41	1	1	T9N_41	mechanical_normalization	no
DN9_79	dn979	1	1	DN9_79	mechanical_normalization	yes
DN9_77	dn977	1	1	DN9_77	mechanical_normalization	yes
DN9_75	dn975	1	1	DN9_75	mechanical_normalization	yes
DN9_73	dn973	1	1	DN9_73	mechanical_normalization	yes
DN9_12	dn912	1	1	DN9_12	mechanical_normalization	yes
DN9_123	dn9123	1	1	DN9_123	mechanical_normalization	yes
DN9_122	dn9122	1	1	DN9_122	mechanical_normalization	yes
DN9_11	dn911	1	1	DN9_11	mechanical_normalization	yes
DN9_117	dn9117	1	1	DN9_117	mechanical_normalization	yes
DN9_112	dn9112	1	1	DN9_112	mechanical_normalization	yes
DN9_107	dn9107	1	1	DN9_107	mechanical_normalization	yes
D9N_108	d9n108	1	1	D9N_108	mechanical_normalization	no
D9N_102	d9n102	1	1	D9N_102	mechanical_normalization	no
T9N_21	t9n21	1	1	T9N_21	mechanical_normalization	no
TN9_96	tn996	1	1	TN9_96	mechanical_normalization	yes
TN9_92	tn992	1	1	TN9_92	mechanical_normalization	yes
TN9_91	tn991	1	1	TN9_91	mechanical_normalization	yes
TN9_90	tn990	1	1	TN9_90	mechanical_normalization	yes
TN9_87	tn987	1	1	TN9_87	mechanical_normalization	yes
T9N_55	t9n55	1	1	T9N_55	mechanical_normalization	no
NN99_S1_27	nn99s127	1	1	NN99_S1_27	mechanical_normalization	no
NN99_S1_26	nn99s126	1	1	NN99_S1_26	mechanical_normalization	no
NN99_S1_20	nn99s120	1	1	NN99_S1_20	mechanical_normalization	no
NN99_S1_19	nn99s119	1	1	NN99_S1_19	mechanical_normalization	no
99NN_S1_6	99nns16	1	1	99NN_S1_6	mechanical_normalization	no
DN9_66	dn966	1	1	DN9_66	mechanical_normalization	yes
DN9_64	dn964	1	1	DN9_64	mechanical_normalization	yes
DN9_63	dn963	1	1	DN9_63	mechanical_normalization	yes
DN9_61	dn961	1	1	DN9_61	mechanical_normalization	yes
DN9_60	dn960	1	1	DN9_60	mechanical_normalization	yes
DN9_52	dn952	1	1	DN9_52	mechanical_normalization	yes
DN9_49	dn949	1	1	DN9_49	mechanical_normalization	yes
DN9_46	dn946	1	1	DN9_46	mechanical_normalization	yes
DN9_44	dn944	1	1	DN9_44	mechanical_normalization	yes
DN9_106	dn9106	1	1	DN9_106	mechanical_normalization	yes
DN9_103	dn9103	1	1	DN9_103	mechanical_normalization	yes
DN9_102	dn9102	1	1	DN9_102	mechanical_normalization	yes
T9N_30	t9n30	1	1	T9N_30	mechanical_normalization	no
D9N_87	d9n87	1	1	D9N_87	mechanical_normalization	no
D9N_84	d9n84	1	1	D9N_84	mechanical_normalization	no
D9N_83	d9n83	1	1	D9N_83	mechanical_normalization	no
D9N_81	d9n81	1	1	D9N_81	mechanical_normalization	no
D9N_77	d9n77	1	1	D9N_77	mechanical_normalization	no
D9N_74	d9n74	1	1	D9N_74	mechanical_normalization	no
TN9_85	tn985	1	1	TN9_85	mechanical_normalization	yes
TN9_78	tn978	1	1	TN9_78	mechanical_normalization	yes
TN9_71	tn971	1	1	TN9_71	mechanical_normalization	yes
T9N_17	t9n17	1	1	T9N_17	mechanical_normalization	no
TN9_58	tn958	1	1	TN9_58	mechanical_normalization	yes
99NN_S1_31	99nns131	1	1	99NN_S1_31	mechanical_normalization	no
99NN_S1_25	99nns125	1	1	99NN_S1_25	mechanical_normalization	no
99NN_S1_23	99nns123	1	1	99NN_S1_23	mechanical_normalization	no
99NN_S1_22	99nns122	1	1	99NN_S1_22	mechanical_normalization	no
99NN_S1_20	99nns120	1	1	99NN_S1_20	mechanical_normalization	no
99NN_S1_15	99nns115	1	1	99NN_S1_15	mechanical_normalization	no
DN9_99	dn999	1	1	DN9_99	mechanical_normalization	yes
DN9_98	dn998	1	1	DN9_98	mechanical_normalization	yes
D9N_70	d9n70	1	1	D9N_70	mechanical_normalization	no
D9N_64	d9n64	1	1	D9N_64	mechanical_normalization	no
D9N_5	d9n5	1	1	D9N_5	mechanical_normalization	no
D9N_56	d9n56	1	1	D9N_56	mechanical_normalization	no
D9N_51	d9n51	1	1	D9N_51	mechanical_normalization	no
D9N_50	d9n50	1	1	D9N_50	mechanical_normalization	no
D9N_40	d9n40	1	1	D9N_40	mechanical_normalization	no
TN9_55	tn955	1	1	TN9_55	mechanical_normalization	yes
TN9_50	tn950	1	1	TN9_50	mechanical_normalization	yes
T9N_15	t9n15	1	1	T9N_15	mechanical_normalization	no
TN9_31	tn931	1	1	TN9_31	mechanical_normalization	yes
TN9_22	tn922	1	1	TN9_22	mechanical_normalization	yes
TN9_13	tn913	1	1	TN9_13	mechanical_normalization	yes
TN9_11	tn911	1	1	TN9_11	mechanical_normalization	yes
T9N_12	t9n12	1	1	T9N_12	mechanical_normalization	no
TN9_8	tn98	1	1	TN9_8	mechanical_normalization	yes
T9N_11	t9n11	1	1	T9N_11	mechanical_normalization	no
ISM	ism	1	1	ISM	mechanical_normalization	no
Baegjinju-byeo	baegjinjubyeo	1	1	Baegjinju-byeo	mechanical_normalization	no
H1	h1	1	1	H1	mechanical_normalization	yes
H6	h6	1	1	H6	mechanical_normalization	yes
H30	h30	1	1	H30	mechanical_normalization	yes
H26	h26	1	1	H26	mechanical_normalization	yes
H24	h24	1	1	H24	mechanical_normalization	yes
Huke1A	huke1a	1	1	Huke1A	mechanical_normalization	yes
Kitaake FN2755-S	kitaakefn2755s	1	1	Kitaake FN2755-S	mechanical_normalization	no
Kitaake FN2704-S	kitaakefn2704s	1	1	Kitaake FN2704-S	mechanical_normalization	no
Kitaake FN2725-S	kitaakefn2725s	1	1	Kitaake FN2725-S	mechanical_normalization	no
Mudgo	mudgo	1	1	Mudgo	mechanical_normalization	no
Kitaake FN2439_3-E05	kitaakefn24393e05	1	1	Kitaake FN2439_3-E05	mechanical_normalization	no
Kitaake FN2468_3-H08	kitaakefn24683h08	1	1	Kitaake FN2468_3-H08	mechanical_normalization	no
Kitaake FN2547-S_5-B06	kitaakefn2547s5b06	1	1	Kitaake FN2547-S_5-B06	mechanical_normalization	no
Kitaake FN2563-S_5-C08	kitaakefn2563s5c08	1	1	Kitaake FN2563-S_5-C08	mechanical_normalization	no
Kitaake FN2686-S_4-E05	kitaakefn2686s4e05	1	1	Kitaake FN2686-S_4-E05	mechanical_normalization	no
Kitaake FN3067-S	kitaakefn3067s	1	1	Kitaake FN3067-S	mechanical_normalization	no
Kitaake FN3085-S	kitaakefn3085s	1	1	Kitaake FN3085-S	mechanical_normalization	no
Kitaake FN3146-S	kitaakefn3146s	1	1	Kitaake FN3146-S	mechanical_normalization	no
Kitaake FN3175-S	kitaakefn3175s	1	1	Kitaake FN3175-S	mechanical_normalization	no
Kitaake FN3184-S	kitaakefn3184s	1	1	Kitaake FN3184-S	mechanical_normalization	no
Kitaake FN3160-S	kitaakefn3160s	1	1	Kitaake FN3160-S	mechanical_normalization	no
Dongqiubo	dongqiubo	1	1	Dongqiubo	mechanical_normalization	no
Guangchangai4182	guangchangai4182	1	1	Guangchangai4182	mechanical_normalization	no
Guiyangai49	guiyangai49	1	1	Guiyangai49	mechanical_normalization	no
28zhan	28zhan	1	1	28zhan	mechanical_normalization	no
Fengbazhan	fengbazhan	1	1	Fengbazhan	mechanical_normalization	no
Changsizhan	changsizhan	1	1	Changsizhan	mechanical_normalization	no
Xianghui529	xianghui529	1	1	Xianghui529	mechanical_normalization	no
Shanhui8281	shanhui8281	1	1	Shanhui8281	mechanical_normalization	no
781R	781r	1	1	781R	mechanical_normalization	yes
Fu36-2	fu362	1	1	Fu36-2	mechanical_normalization	yes
Qingnongai	qingnongai	1	1	Qingnongai	mechanical_normalization	no
Taishannuo	taishannuo	1	1	Taishannuo	mechanical_normalization	no
Jiangnongzao1hao	jiangnongzao1hao	1	1	Jiangnongzao1hao	mechanical_normalization	no
Baikehualuo	baikehualuo	1	1	Baikehualuo	mechanical_normalization	no
Huajingxian74	huajingxian74	1	1	Huajingxian74	mechanical_normalization	no
D62B	d62b	1	1	D62B	mechanical_normalization	yes
G46B	g46b	1	1	G46B	mechanical_normalization	yes
ApoC1-1-1_T2	apoc111t2	1	1	ApoC1-1-1_T2	mechanical_normalization	no
Kitaake ubi-XA21 FN-238	kitaakeubixa21fn238	1	1	Kitaake ubi-XA21 FN-238	mechanical_normalization	no
Kitaake ubi-XA21 FN-240	kitaakeubixa21fn240	1	1	Kitaake ubi-XA21 FN-240	mechanical_normalization	no
Kitaake ubi-XA21 FN-257	kitaakeubixa21fn257	1	1	Kitaake ubi-XA21 FN-257	mechanical_normalization	no
Kitaake ubi-XA21 FN-256	kitaakeubixa21fn256	1	1	Kitaake ubi-XA21 FN-256	mechanical_normalization	no
Kitaake ubi-XA21 FN-259	kitaakeubixa21fn259	1	1	Kitaake ubi-XA21 FN-259	mechanical_normalization	no
Kitaake ubi-XA21 FN-228	kitaakeubixa21fn228	1	1	Kitaake ubi-XA21 FN-228	mechanical_normalization	no
Kitaake ubi-XA21 FN-305	kitaakeubixa21fn305	1	1	Kitaake ubi-XA21 FN-305	mechanical_normalization	no
Kitaake ubi-XA21 FN-312	kitaakeubixa21fn312	1	1	Kitaake ubi-XA21 FN-312	mechanical_normalization	no
Kitaake ubi-XA21 FN-335	kitaakeubixa21fn335	1	1	Kitaake ubi-XA21 FN-335	mechanical_normalization	no
Kitaake ubi-XA21 FN-327	kitaakeubixa21fn327	1	1	Kitaake ubi-XA21 FN-327	mechanical_normalization	no
Kitaake ubi-XA21 FN-336	kitaakeubixa21fn336	1	1	Kitaake ubi-XA21 FN-336	mechanical_normalization	no
Kitaake ubi-XA21 FN-339	kitaakeubixa21fn339	1	1	Kitaake ubi-XA21 FN-339	mechanical_normalization	no
Kitaake ubi-XA21 FN-350	kitaakeubixa21fn350	1	1	Kitaake ubi-XA21 FN-350	mechanical_normalization	no
Kitaake ubi-XA21 FN-363	kitaakeubixa21fn363	1	1	Kitaake ubi-XA21 FN-363	mechanical_normalization	no
Kitaake ubi-XA21 FN-377	kitaakeubixa21fn377	1	1	Kitaake ubi-XA21 FN-377	mechanical_normalization	no
Kitaake ubi-XA21 FN-379	kitaakeubixa21fn379	1	1	Kitaake ubi-XA21 FN-379	mechanical_normalization	no
Kitaake ubi-XA21 FN-381	kitaakeubixa21fn381	1	1	Kitaake ubi-XA21 FN-381	mechanical_normalization	no
Kitaake ubi-XA21 FN-402	kitaakeubixa21fn402	1	1	Kitaake ubi-XA21 FN-402	mechanical_normalization	no
Kitaake ubi-XA21 FN-412	kitaakeubixa21fn412	1	1	Kitaake ubi-XA21 FN-412	mechanical_normalization	no
Kitaake ubi-XA21 N1-130-2	kitaakeubixa21n11302	1	1	Kitaake ubi-XA21 N1-130-2	mechanical_normalization	no
kitaake FN759-S	kitaakefn759s	1	1	kitaake FN759-S	mechanical_normalization	no
kitaake FN765-S	kitaakefn765s	1	1	kitaake FN765-S	mechanical_normalization	no
kitaake FN767-S	kitaakefn767s	1	1	kitaake FN767-S	mechanical_normalization	no
kitaake FN768-S	kitaakefn768s	1	1	kitaake FN768-S	mechanical_normalization	no
kitaake FN780-S	kitaakefn780s	1	1	kitaake FN780-S	mechanical_normalization	no
kitaake FN781-S	kitaakefn781s	1	1	kitaake FN781-S	mechanical_normalization	no
kitaake FN792-S	kitaakefn792s	1	1	kitaake FN792-S	mechanical_normalization	no
kitaake FN806-S	kitaakefn806s	1	1	kitaake FN806-S	mechanical_normalization	no
kitaake FN807-S	kitaakefn807s	1	1	kitaake FN807-S	mechanical_normalization	no
kitaake FN799-S	kitaakefn799s	1	1	kitaake FN799-S	mechanical_normalization	no
kitaake FN811-S	kitaakefn811s	1	1	kitaake FN811-S	mechanical_normalization	no
kitaake FN840-S	kitaakefn840s	1	1	kitaake FN840-S	mechanical_normalization	no
kitaake FN785-S	kitaakefn785s	1	1	kitaake FN785-S	mechanical_normalization	no
kitaake FN857-S	kitaakefn857s	1	1	kitaake FN857-S	mechanical_normalization	no
kitaake FN854-S	kitaakefn854s	1	1	kitaake FN854-S	mechanical_normalization	no
kitaake FN805-S	kitaakefn805s	1	1	kitaake FN805-S	mechanical_normalization	no
kitaake FN858-S	kitaakefn858s	1	1	kitaake FN858-S	mechanical_normalization	no
kitaake FN859-S	kitaakefn859s	1	1	kitaake FN859-S	mechanical_normalization	no
Kitaake Ubi-Xa21 FN862-S	kitaakeubixa21fn862s	1	1	Kitaake Ubi-Xa21 FN862-S	mechanical_normalization	no
Kitaake Ubi-Xa21 FN864-S	kitaakeubixa21fn864s	1	1	Kitaake Ubi-Xa21 FN864-S	mechanical_normalization	no
Kitaake Ubi-Xa21 FN866-S	kitaakeubixa21fn866s	1	1	Kitaake Ubi-Xa21 FN866-S	mechanical_normalization	no
Kitaake Ubi-Xa21 FN882-S	kitaakeubixa21fn882s	1	1	Kitaake Ubi-Xa21 FN882-S	mechanical_normalization	no
Kitaake Ubi-Xa21 FN888-S	kitaakeubixa21fn888s	1	1	Kitaake Ubi-Xa21 FN888-S	mechanical_normalization	no
Kitaake Ubi-Xa21 FN904-S	kitaakeubixa21fn904s	1	1	Kitaake Ubi-Xa21 FN904-S	mechanical_normalization	no
Kitaake Ubi-Xa21 FN906-S	kitaakeubixa21fn906s	1	1	Kitaake Ubi-Xa21 FN906-S	mechanical_normalization	no
Kitaake Ubi-Xa21 FN909-S	kitaakeubixa21fn909s	1	1	Kitaake Ubi-Xa21 FN909-S	mechanical_normalization	no
Kitaake Ubi-Xa21 FN913-S	kitaakeubixa21fn913s	1	1	Kitaake Ubi-Xa21 FN913-S	mechanical_normalization	no
Kitaake Ubi-Xa21 FN920-S	kitaakeubixa21fn920s	1	1	Kitaake Ubi-Xa21 FN920-S	mechanical_normalization	no
Kitaake Ubi-Xa21 FN921-S	kitaakeubixa21fn921s	1	1	Kitaake Ubi-Xa21 FN921-S	mechanical_normalization	no
Kitaake Ubi-Xa21 FN916-S	kitaakeubixa21fn916s	1	1	Kitaake Ubi-Xa21 FN916-S	mechanical_normalization	no
Kitaake Ubi-Xa21 FN929-S	kitaakeubixa21fn929s	1	1	Kitaake Ubi-Xa21 FN929-S	mechanical_normalization	no
Kitaake Ubi-Xa21 FN922-S	kitaakeubixa21fn922s	1	1	Kitaake Ubi-Xa21 FN922-S	mechanical_normalization	no
Kitaake Ubi-Xa21 FN939-S	kitaakeubixa21fn939s	1	1	Kitaake Ubi-Xa21 FN939-S	mechanical_normalization	no
Kitaake Ubi-Xa21 FN952-S	kitaakeubixa21fn952s	1	1	Kitaake Ubi-Xa21 FN952-S	mechanical_normalization	no
Kitaake Ubi-Xa21 FN944-S	kitaakeubixa21fn944s	1	1	Kitaake Ubi-Xa21 FN944-S	mechanical_normalization	no
Kitaake Ubi-Xa21 FN919-S	kitaakeubixa21fn919s	1	1	Kitaake Ubi-Xa21 FN919-S	mechanical_normalization	no
Kitaake Ubi-Xa21 FN964-S	kitaakeubixa21fn964s	1	1	Kitaake Ubi-Xa21 FN964-S	mechanical_normalization	no
ubi-XA21 FN1000-S	ubixa21fn1000s	1	1	ubi-XA21 FN1000-S	mechanical_normalization	no
ubi-XA21 FN1008-S	ubixa21fn1008s	1	1	ubi-XA21 FN1008-S	mechanical_normalization	no
ubi-XA21 FN1001-S	ubixa21fn1001s	1	1	ubi-XA21 FN1001-S	mechanical_normalization	no
ubi-XA21 FN1009-S	ubixa21fn1009s	1	1	ubi-XA21 FN1009-S	mechanical_normalization	no
ubi-XA21 FN1018-S	ubixa21fn1018s	1	1	ubi-XA21 FN1018-S	mechanical_normalization	no
ubi-XA21 FN1022-S	ubixa21fn1022s	1	1	ubi-XA21 FN1022-S	mechanical_normalization	no
ubi-XA21 FN1030-S	ubixa21fn1030s	1	1	ubi-XA21 FN1030-S	mechanical_normalization	no
ubi-XA21 FN1039-S	ubixa21fn1039s	1	1	ubi-XA21 FN1039-S	mechanical_normalization	no
ubi-XA21 FN1031-S	ubixa21fn1031s	1	1	ubi-XA21 FN1031-S	mechanical_normalization	no
ubi-XA21 FN1034-S	ubixa21fn1034s	1	1	ubi-XA21 FN1034-S	mechanical_normalization	no
ubi-XA21 FN1046-S	ubixa21fn1046s	1	1	ubi-XA21 FN1046-S	mechanical_normalization	no
ubi-XA21 FN1257-S	ubixa21fn1257s	1	1	ubi-XA21 FN1257-S	mechanical_normalization	no
ubi-XA21 FN1269-S	ubixa21fn1269s	1	1	ubi-XA21 FN1269-S	mechanical_normalization	no
ubi-XA21 FN1268-S	ubixa21fn1268s	1	1	ubi-XA21 FN1268-S	mechanical_normalization	no
ubi-XA21 FN1136-S	ubixa21fn1136s	1	1	ubi-XA21 FN1136-S	mechanical_normalization	no
ubi-XA21 FN1281-S	ubixa21fn1281s	1	1	ubi-XA21 FN1281-S	mechanical_normalization	no
ubi-XA21 FN1290-S	ubixa21fn1290s	1	1	ubi-XA21 FN1290-S	mechanical_normalization	no
ubi-XA21 FN1295-S	ubixa21fn1295s	1	1	ubi-XA21 FN1295-S	mechanical_normalization	no
ubi-XA21 FN1292-S	ubixa21fn1292s	1	1	ubi-XA21 FN1292-S	mechanical_normalization	no
ubi-XA21 FN1061-S	ubixa21fn1061s	1	1	ubi-XA21 FN1061-S	mechanical_normalization	no
ubi-XA21 FN1062-S	ubixa21fn1062s	1	1	ubi-XA21 FN1062-S	mechanical_normalization	no
ubi-XA21 FN1058-S	ubixa21fn1058s	1	1	ubi-XA21 FN1058-S	mechanical_normalization	no
ubi-XA21 FN1060-S	ubixa21fn1060s	1	1	ubi-XA21 FN1060-S	mechanical_normalization	no
ubi-XA21 FN1068-S	ubixa21fn1068s	1	1	ubi-XA21 FN1068-S	mechanical_normalization	no
ubi-XA21 FN1084-S	ubixa21fn1084s	1	1	ubi-XA21 FN1084-S	mechanical_normalization	no
ubi-XA21 FN1082-S	ubixa21fn1082s	1	1	ubi-XA21 FN1082-S	mechanical_normalization	no
ubi-XA21 FN1076-S	ubixa21fn1076s	1	1	ubi-XA21 FN1076-S	mechanical_normalization	no
ubi-XA21 FN1086-S	ubixa21fn1086s	1	1	ubi-XA21 FN1086-S	mechanical_normalization	no
ubi-XA21 FN1106-S	ubixa21fn1106s	1	1	ubi-XA21 FN1106-S	mechanical_normalization	no
ubi-XA21 FN1110-S	ubixa21fn1110s	1	1	ubi-XA21 FN1110-S	mechanical_normalization	no
ubi-XA21 FN1113-S	ubixa21fn1113s	1	1	ubi-XA21 FN1113-S	mechanical_normalization	no
ubi-XA21 FN1119-S	ubixa21fn1119s	1	1	ubi-XA21 FN1119-S	mechanical_normalization	no
ubi-XA21 FN1286-S	ubixa21fn1286s	1	1	ubi-XA21 FN1286-S	mechanical_normalization	no
ubi-XA21 FN1118-S	ubixa21fn1118s	1	1	ubi-XA21 FN1118-S	mechanical_normalization	no
ubi-XA21 FN1307-S	ubixa21fn1307s	1	1	ubi-XA21 FN1307-S	mechanical_normalization	no
ubi-XA21 FN1299-S	ubixa21fn1299s	1	1	ubi-XA21 FN1299-S	mechanical_normalization	no
ubi-XA21 FN1320-S	ubixa21fn1320s	1	1	ubi-XA21 FN1320-S	mechanical_normalization	no
ubi-XA21 FN1324-S	ubixa21fn1324s	1	1	ubi-XA21 FN1324-S	mechanical_normalization	no
ubi-XA21 FN1304-S	ubixa21fn1304s	1	1	ubi-XA21 FN1304-S	mechanical_normalization	no
ubi-XA21 FN1316-S	ubixa21fn1316s	1	1	ubi-XA21 FN1316-S	mechanical_normalization	no
Kitaake FN2283	kitaakefn2283	1	1	Kitaake FN2283	mechanical_normalization	no
ubi-XA21 FN1329-S	ubixa21fn1329s	1	1	ubi-XA21 FN1329-S	mechanical_normalization	no
Kitaake FN2295	kitaakefn2295	1	1	Kitaake FN2295	mechanical_normalization	no
ubi-XA21 FN1335-S	ubixa21fn1335s	1	1	ubi-XA21 FN1335-S	mechanical_normalization	no
Kitaake FN2320	kitaakefn2320	1	1	Kitaake FN2320	mechanical_normalization	no
ubi-XA21 FN1348-S	ubixa21fn1348s	1	1	ubi-XA21 FN1348-S	mechanical_normalization	no
Kitaake FN2332	kitaakefn2332	1	1	Kitaake FN2332	mechanical_normalization	no
Kitaake ubi-XA21 FN1153-S	kitaakeubixa21fn1153s	1	1	Kitaake ubi-XA21 FN1153-S	mechanical_normalization	no
Kitaake ubi-XA21 FN1163-S	kitaakeubixa21fn1163s	1	1	Kitaake ubi-XA21 FN1163-S	mechanical_normalization	no
Kitaake FN2347	kitaakefn2347	1	1	Kitaake FN2347	mechanical_normalization	no
Kitaake ubi-XA21 FN1158-S	kitaakeubixa21fn1158s	1	1	Kitaake ubi-XA21 FN1158-S	mechanical_normalization	no
Kitaake FN2348	kitaakefn2348	1	1	Kitaake FN2348	mechanical_normalization	no
Kitaake ubi-XA21 FN1175-S	kitaakeubixa21fn1175s	1	1	Kitaake ubi-XA21 FN1175-S	mechanical_normalization	no
Kitaake FN2356	kitaakefn2356	1	1	Kitaake FN2356	mechanical_normalization	no
Kitaake ubi-XA21 FN1170-S	kitaakeubixa21fn1170s	1	1	Kitaake ubi-XA21 FN1170-S	mechanical_normalization	no
Kitaake FN2362	kitaakefn2362	1	1	Kitaake FN2362	mechanical_normalization	no
Kitaake ubi-XA21 FN1188-S	kitaakeubixa21fn1188s	1	1	Kitaake ubi-XA21 FN1188-S	mechanical_normalization	no
Kitaake FN2370	kitaakefn2370	1	1	Kitaake FN2370	mechanical_normalization	no
Kitaake ubi-XA21 FN1205-S	kitaakeubixa21fn1205s	1	1	Kitaake ubi-XA21 FN1205-S	mechanical_normalization	no
Kitaake ubi-XA21 FN1192-S	kitaakeubixa21fn1192s	1	1	Kitaake ubi-XA21 FN1192-S	mechanical_normalization	no
Kitaake FN2374	kitaakefn2374	1	1	Kitaake FN2374	mechanical_normalization	no
Kitaake ubi-XA21 FN1198-S	kitaakeubixa21fn1198s	1	1	Kitaake ubi-XA21 FN1198-S	mechanical_normalization	no
Kitaake FN2373	kitaakefn2373	1	1	Kitaake FN2373	mechanical_normalization	no
Kitaake ubi-XA21 FN1210-S	kitaakeubixa21fn1210s	1	1	Kitaake ubi-XA21 FN1210-S	mechanical_normalization	no
Kitaake FN2383	kitaakefn2383	1	1	Kitaake FN2383	mechanical_normalization	no
Kitaake ubi-XA21 FN1232-S	kitaakeubixa21fn1232s	1	1	Kitaake ubi-XA21 FN1232-S	mechanical_normalization	no
Kitaake FN2386	kitaakefn2386	1	1	Kitaake FN2386	mechanical_normalization	no
Kitaake ubi-XA21 FN1241-S	kitaakeubixa21fn1241s	1	1	Kitaake ubi-XA21 FN1241-S	mechanical_normalization	no
ubi-XA21 FN1326-S	ubixa21fn1326s	1	1	ubi-XA21 FN1326-S	mechanical_normalization	no
Kitaake ubi-XA21 FN224-S	kitaakeubixa21fn224s	1	1	Kitaake ubi-XA21 FN224-S	mechanical_normalization	no
Kitaake ubi-XA21 FN266-S	kitaakeubixa21fn266s	1	1	Kitaake ubi-XA21 FN266-S	mechanical_normalization	no
Kitaake ubi-XA21 FN347-S	kitaakeubixa21fn347s	1	1	Kitaake ubi-XA21 FN347-S	mechanical_normalization	no
Kitaake ubi-XA21 FN358-S	kitaakeubixa21fn358s	1	1	Kitaake ubi-XA21 FN358-S	mechanical_normalization	no
Kitaake ubi-XA21 FN360-S	kitaakeubixa21fn360s	1	1	Kitaake ubi-XA21 FN360-S	mechanical_normalization	no
Kitaake ubi-XA21 FN367-S	kitaakeubixa21fn367s	1	1	Kitaake ubi-XA21 FN367-S	mechanical_normalization	no
Kitaake ubi-XA21 FN378-S	kitaakeubixa21fn378s	1	1	Kitaake ubi-XA21 FN378-S	mechanical_normalization	no
Kitaake ubi-XA21 FN391-S	kitaakeubixa21fn391s	1	1	Kitaake ubi-XA21 FN391-S	mechanical_normalization	no
Kitaake ubi-XA21 FN403-S	kitaakeubixa21fn403s	1	1	Kitaake ubi-XA21 FN403-S	mechanical_normalization	no
Kitaake ubi-XA21 FN405-S	kitaakeubixa21fn405s	1	1	Kitaake ubi-XA21 FN405-S	mechanical_normalization	no
Kitaake ubi-XA21 FN513-S	kitaakeubixa21fn513s	1	1	Kitaake ubi-XA21 FN513-S	mechanical_normalization	no
Kitaake ubi-XA21 FN569-S	kitaakeubixa21fn569s	1	1	Kitaake ubi-XA21 FN569-S	mechanical_normalization	no
Kitaake ubi-XA21 FN580-S	kitaakeubixa21fn580s	1	1	Kitaake ubi-XA21 FN580-S	mechanical_normalization	no
Kitaake ubi-XA21 FN407-S	kitaakeubixa21fn407s	1	1	Kitaake ubi-XA21 FN407-S	mechanical_normalization	no
Kitaake ubi-XA21 FN585-S	kitaakeubixa21fn585s	1	1	Kitaake ubi-XA21 FN585-S	mechanical_normalization	no
Kitaake ubi-XA21 FN588 -S	kitaakeubixa21fn588s	1	1	Kitaake ubi-XA21 FN588 -S	mechanical_normalization	no
Kitaake ubi-XA21 FN589 -S	kitaakeubixa21fn589s	1	1	Kitaake ubi-XA21 FN589 -S	mechanical_normalization	no
Haoanhong	haoanhong	1	1	Haoanhong	mechanical_normalization	no
Kitaake ubi-XA21 FN1124 -S	kitaakeubixa21fn1124s	1	1	Kitaake ubi-XA21 FN1124 -S	mechanical_normalization	no
Kitaake ubi-XA21 FN1150 -S	kitaakeubixa21fn1150s	1	1	Kitaake ubi-XA21 FN1150 -S	mechanical_normalization	no
US_Niquen	usniquen	1	1	US_Niquen	mechanical_normalization	no
Kitaake ubi-XA21 FN302-S	kitaakeubixa21fn302s	1	1	Kitaake ubi-XA21 FN302-S	mechanical_normalization	no
US_Manzano	usmanzano	1	1	US_Manzano	mechanical_normalization	no
Heizuigu	heizuigu	1	1	Heizuigu	mechanical_normalization	no
US_LAC23	uslac23	1	1	US_LAC23	mechanical_normalization	no
Xiaomaigu	xiaomaigu	1	1	Xiaomaigu	mechanical_normalization	no
US_TTEP	usttep	1	1	US_TTEP	mechanical_normalization	no
Ebinan	ebinan	1	1	Ebinan	mechanical_normalization	no
Eliang	eliang	1	1	Eliang	mechanical_normalization	no
Heijunuo	heijunuo	1	1	Heijunuo	mechanical_normalization	no
Lengshuigu	lengshuigu	1	1	Lengshuigu	mechanical_normalization	no
Taibeinuo	taibeinuo	1	1	Taibeinuo	mechanical_normalization	no
Dalisha	dalisha	1	1	Dalisha	mechanical_normalization	no
Nuogu 1	nuogu1	1	1	Nuogu 1	mechanical_normalization	no
Zinuogu	zinuogu	1	1	Zinuogu	mechanical_normalization	no
Huabanggu "Heidagu	huabangguheidagu	1	1	Huabanggu "Heidagu	mechanical_normalization	no
Honggu 2	honggu2	1	1	Honggu 2	mechanical_normalization	no
Baihebolanggu	baihebolanggu	1	1	Baihebolanggu	mechanical_normalization	no
Changmaogu 2	changmaogu2	1	1	Changmaogu 2	mechanical_normalization	no
Dabaigu 2	dabaigu2	1	1	Dabaigu 2	mechanical_normalization	no
Honggu 3	honggu3	1	1	Honggu 3	mechanical_normalization	no
Diaogu	diaogu	1	1	Diaogu	mechanical_normalization	no
Dabaonuo	dabaonuo	1	1	Dabaonuo	mechanical_normalization	no
Kitaake FN2322	kitaakefn2322	1	1	Kitaake FN2322	mechanical_normalization	no
Kitaake FN2326	kitaakefn2326	1	1	Kitaake FN2326	mechanical_normalization	no
Kitaake FN2328	kitaakefn2328	1	1	Kitaake FN2328	mechanical_normalization	no
Kitaake FN2333	kitaakefn2333	1	1	Kitaake FN2333	mechanical_normalization	no
Kitaake FN2337	kitaakefn2337	1	1	Kitaake FN2337	mechanical_normalization	no
Kitaake FN2345	kitaakefn2345	1	1	Kitaake FN2345	mechanical_normalization	no
Kitaake FN2352	kitaakefn2352	1	1	Kitaake FN2352	mechanical_normalization	no
Kitaake FN2359	kitaakefn2359	1	1	Kitaake FN2359	mechanical_normalization	no
Kitaake FN2380	kitaakefn2380	1	1	Kitaake FN2380	mechanical_normalization	no
US_BritishHondurasCreole	usbritishhondurascreole	1	1	US_BritishHondurasCreole	mechanical_normalization	no
US_TAINAN_IKU_487	ustainaniku487	1	1	US_TAINAN_IKU_487	mechanical_normalization	no
US_Honduras	ushonduras	1	1	US_Honduras	mechanical_normalization	no
US_Palmyra	uspalmyra	1	1	US_Palmyra	mechanical_normalization	no
US_CI9695	usci9695	1	1	US_CI9695	mechanical_normalization	yes
US_Nortai	usnortai	1	1	US_Nortai	mechanical_normalization	no
US_Skybonnet	usskybonnet	1	1	US_Skybonnet	mechanical_normalization	no
US_Rexmont	usrexmont	1	1	US_Rexmont	mechanical_normalization	no
US_Magnolia	usmagnolia	1	1	US_Magnolia	mechanical_normalization	no
US_Lafitte	uslafitte	1	1	US_Lafitte	mechanical_normalization	no
US_Jefferson	usjefferson	1	1	US_Jefferson	mechanical_normalization	no
US_Fortuna_	usfortuna	1	1	US_Fortuna_	mechanical_normalization	no
US_T007	ust007	1	1	US_T007	mechanical_normalization	yes
US_Belle_Patna	usbellepatna	1	1	US_Belle_Patna	mechanical_normalization	no
US_M-204	usm204	1	1	US_M-204	mechanical_normalization	yes
US_Antonio	usantonio	1	1	US_Antonio	mechanical_normalization	no
US_BOND	usbond	1	1	US_BOND	mechanical_normalization	no
US_HILL_LONG_GRAIN	ushilllonggrain	1	1	US_HILL_LONG_GRAIN	mechanical_normalization	no
US_Lady_Wright_Selection	usladywrightselection	1	1	US_Lady_Wright_Selection	mechanical_normalization	no
US_Adair	usadair	1	1	US_Adair	mechanical_normalization	no
US_Terso	usterso	1	1	US_Terso	mechanical_normalization	no
US_Earlirose	usearlirose	1	1	US_Earlirose	mechanical_normalization	no
US_TeQing	usteqing	1	1	US_TeQing	mechanical_normalization	no
US_Rondo	usrondo	1	1	US_Rondo	mechanical_normalization	no
US_Taichung_Native_1	ustaichungnative1	1	1	US_Taichung_Native_1	mechanical_normalization	no
US_Northrose	usnorthrose	1	1	US_Northrose	mechanical_normalization	no
US_Jackson	usjackson	1	1	US_Jackson	mechanical_normalization	no
US_CI9701	usci9701	1	1	US_CI9701	mechanical_normalization	yes
US_CI9515	usci9515	1	1	US_CI9515	mechanical_normalization	yes
US_Saturn	ussaturn	1	1	US_Saturn	mechanical_normalization	no
B2	b2	1	1	B2	mechanical_normalization	yes
Zhenqian1hao	zhenqian1hao	1	1	Zhenqian1hao	mechanical_normalization	no
Zhenhui42	zhenhui42	1	1	Zhenhui42	mechanical_normalization	no
Xiuhui2hao	xiuhui2hao	1	1	Xiuhui2hao	mechanical_normalization	no
Yuekang102	yuekang102	1	1	Yuekang102	mechanical_normalization	no
Yueaizao1hao	yueaizao1hao	1	1	Yueaizao1hao	mechanical_normalization	no
YuA	yua	1	1	YuA	mechanical_normalization	no
Yu03S	yu03s	1	1	Yu03S	mechanical_normalization	yes
YouIA	youia	1	1	YouIA	mechanical_normalization	no
Yihui2084	yihui2084	1	1	Yihui2084	mechanical_normalization	no
Yihui1313	yihui1313	1	1	Yihui1313	mechanical_normalization	no
Yihui10hao	yihui10hao	1	1	Yihui10hao	mechanical_normalization	no
Yangxian2A	yangxian2a	1	1	Yangxian2A	mechanical_normalization	no
Yanghui542	yanghui542	1	1	Yanghui542	mechanical_normalization	no
Yan220S	yan220s	1	1	Yan220S	mechanical_normalization	yes
Zhu1S	zhu1s	1	1	Zhu1S	mechanical_normalization	yes
Zhongzao25	zhongzao25	1	1	Zhongzao25	mechanical_normalization	no
Zhongjia3hao	zhongjia3hao	1	1	Zhongjia3hao	mechanical_normalization	no
Zhi10	zhi10	1	1	Zhi10	mechanical_normalization	yes
Zhi1	zhi1	1	1	Zhi1	mechanical_normalization	yes
Zhenzhuzao	zhenzhuzao	1	1	Zhenzhuzao	mechanical_normalization	no
IR24609-134-3-3	ir2460913433	1	1	IR24609-134-3-3	mechanical_normalization	yes
IR21840-186-3	ir218401863	1	1	IR21840-186-3	mechanical_normalization	yes
IR19660-187-2-2-3-2	ir196601872232	1	1	IR19660-187-2-2-3-2	mechanical_normalization	yes
IR19228-83-1-3	ir192288313	1	1	IR19228-83-1-3	mechanical_normalization	yes
15-88A	1588a	1	1	15-88A	mechanical_normalization	yes
IR19225-289-3-1-4	ir19225289314	1	1	IR19225-289-3-1-4	mechanical_normalization	yes
IR15975-232-3-3-3-2	ir159752323332	1	1	IR15975-232-3-3-3-2	mechanical_normalization	yes
IR15847-135-1-1	ir1584713511	1	1	IR15847-135-1-1	mechanical_normalization	yes
IR2153-43-2-5-4	ir215343254	1	1	IR2153-43-2-5-4	mechanical_normalization	yes
IR2153-26-3-5-6	ir215326356	1	1	IR2153-26-3-5-6	mechanical_normalization	yes
IR1112-116	ir1112116	1	1	IR1112-116	mechanical_normalization	yes
IR28-2	ir282	1	1	IR28-2	mechanical_normalization	yes
IR26-1	ir261	1	1	IR26-1	mechanical_normalization	yes
II-32A	ii32a	1	1	II-32A	mechanical_normalization	yes
Hui2	hui2	1	1	Hui2	mechanical_normalization	yes
Huanghuazhan-1	huanghuazhan1	1	1	Huanghuazhan-1	mechanical_normalization	no
Huahui352	huahui352	1	1	Huahui352	mechanical_normalization	no
Hua1165S	hua1165s	1	1	Hua1165S	mechanical_normalization	yes
Hua1037S	hua1037s	1	1	Hua1037S	mechanical_normalization	yes
Hua1015S	hua1015s	1	1	Hua1015S	mechanical_normalization	yes
Hua2A	hua2a	1	1	Hua2A	mechanical_normalization	yes
Hua1A	hua1a	1	1	Hua1A	mechanical_normalization	yes
Honghua15A	honghua15a	1	1	Honghua15A	mechanical_normalization	no
HengfengA	hengfenga	1	1	HengfengA	mechanical_normalization	no
Hang1hao	hang1hao	1	1	Hang1hao	mechanical_normalization	no
HaiyeA	haiyea	1	1	HaiyeA	mechanical_normalization	no
Haixiuzhan9hao	haixiuzhan9hao	1	1	Haixiuzhan9hao	mechanical_normalization	no
H611	h611	1	1	H611	mechanical_normalization	yes
H396	h396	1	1	H396	mechanical_normalization	yes
H282	h282	1	1	H282	mechanical_normalization	yes
H175S	h175s	1	1	H175S	mechanical_normalization	yes
H78	h78	1	1	H78	mechanical_normalization	yes
Guiluai3hao	guiluai3hao	1	1	Guiluai3hao	mechanical_normalization	no
Guihui985	guihui985	1	1	Guihui985	mechanical_normalization	no
367B	367b	1	1	367B	mechanical_normalization	yes
Gui99	gui99	1	1	Gui99	mechanical_normalization	yes
Gugui1563	gugui1563	1	1	Gugui1563	mechanical_normalization	no
GufengA	gufenga	1	1	GufengA	mechanical_normalization	no
Guangyuanzhan5hao	guangyuanzhan5hao	1	1	Guangyuanzhan5hao	mechanical_normalization	no
Guangxiang24S	guangxiang24s	1	1	Guangxiang24S	mechanical_normalization	no
Guanghui998	guanghui998	1	1	Guanghui998	mechanical_normalization	no
Guanghui368	guanghui368	1	1	Guanghui368	mechanical_normalization	no
Guanghui312	guanghui312	1	1	Guanghui312	mechanical_normalization	no
Gu223	gu223	1	1	Gu223	mechanical_normalization	yes
GD-7S	gd7s	1	1	GD-7S	mechanical_normalization	yes
Ganzaoxian51hao	ganzaoxian51hao	1	1	Ganzaoxian51hao	mechanical_normalization	no
Ganzaoxian48hao	ganzaoxian48hao	1	1	Ganzaoxian48hao	mechanical_normalization	no
Ganwanxian37hao	ganwanxian37hao	1	1	Ganwanxian37hao	mechanical_normalization	no
Gang48A	gang48a	1	1	Gang48A	mechanical_normalization	yes
G201A	g201a	1	1	G201A	mechanical_normalization	yes
FengS	fengs	1	1	FengS	mechanical_normalization	no
Fengmeizhan	fengmeizhan	1	1	Fengmeizhan	mechanical_normalization	no
F32A	f32a	1	1	F32A	mechanical_normalization	yes
DeS	des	1	1	DeS	mechanical_normalization	no
Dehui381	dehui381	1	1	Dehui381	mechanical_normalization	no
DazhulhaoA	dazhulhaoa	1	1	DazhulhaoA	mechanical_normalization	no
D308	d308	1	1	D308	mechanical_normalization	yes
Chuanzuo891A	chuanzuo891a	1	1	Chuanzuo891A	mechanical_normalization	no
Changhui891	changhui891	1	1	Changhui891	mechanical_normalization	no
Chang-3	chang3	1	1	Chang-3	mechanical_normalization	no
R187	r187	1	1	R187	mechanical_normalization	yes
R171	r171	1	1	R171	mechanical_normalization	yes
Aihong11hao	aihong11hao	1	1	Aihong11hao	mechanical_normalization	no
R163	r163	1	1	R163	mechanical_normalization	yes
R93-11	r9311	1	1	R93-11	mechanical_normalization	yes
R78	r78	1	1	R78	mechanical_normalization	yes
R-7	r7	1	1	R-7	mechanical_normalization	yes
R-4	r4	1	1	R-4	mechanical_normalization	yes
R-3	r3	1	1	R-3	mechanical_normalization	yes
R-2	r2	1	1	R-2	mechanical_normalization	yes
Quanzhen10hao	quanzhen10hao	1	1	Quanzhen10hao	mechanical_normalization	no
Quan9311A	quan9311a	1	1	Quan9311A	mechanical_normalization	yes
85661-10	8566110	1	1	85661-10	mechanical_normalization	yes
QingA	qinga	1	1	QingA	mechanical_normalization	no
Qianhui1385	qianhui1385	1	1	Qianhui1385	mechanical_normalization	no
Qianhui785	qianhui785	1	1	Qianhui785	mechanical_normalization	no
Qianhui489	qianhui489	1	1	Qianhui489	mechanical_normalization	no
Qian209A	qian209a	1	1	Qian209A	mechanical_normalization	yes
Q2A	q2a	1	1	Q2A	mechanical_normalization	yes
Peiai64	peiai64	1	1	Peiai64	mechanical_normalization	no
Nongxiang32	nongxiang32	1	1	Nongxiang32	mechanical_normalization	no
Nongxiang24	nongxiang24	1	1	Nongxiang24	mechanical_normalization	no
Nonge661A	nonge661a	1	1	Nonge661A	mechanical_normalization	no
Nanhui180	nanhui180	1	1	Nanhui180	mechanical_normalization	no
Nanhui115	nanhui115	1	1	Nanhui115	mechanical_normalization	no
Nanfengnuo	nanfengnuo	1	1	Nanfengnuo	mechanical_normalization	no
Miyang46	miyang46	1	1	Miyang46	mechanical_normalization	no
7944	7944	1	1	7944	mechanical_normalization	yes
Minyannuo	minyannuo	1	1	Minyannuo	mechanical_normalization	no
Minghui2155	minghui2155	1	1	Minghui2155	mechanical_normalization	no
7625	7625	1	1	7625	mechanical_normalization	yes
Minghui100	minghui100	1	1	Minghui100	mechanical_normalization	no
Minghui78	minghui78	1	1	Minghui78	mechanical_normalization	no
Minghui67	minghui67	1	1	Minghui67	mechanical_normalization	no
7055	7055	1	1	7055	mechanical_normalization	yes
Mianhui3724	mianhui3724	1	1	Mianhui3724	mechanical_normalization	no
MengS-2	mengs2	1	1	MengS-2	mechanical_normalization	no
Luxiang618A-2	luxiang618a2	1	1	Luxiang618A-2	mechanical_normalization	no
Luxiang618A-1	luxiang618a1	1	1	Luxiang618A-1	mechanical_normalization	no
LT14	lt14	1	1	LT14	mechanical_normalization	yes
5350	5350	1	1	5350	mechanical_normalization	yes
LT4	lt4	1	1	LT4	mechanical_normalization	yes
LT3	lt3	1	1	LT3	mechanical_normalization	yes
LT2	lt2	1	1	LT2	mechanical_normalization	yes
LongyangA	longyanga	1	1	LongyangA	mechanical_normalization	no
Liangyuan1hao	liangyuan1hao	1	1	Liangyuan1hao	mechanical_normalization	no
5207	5207	1	1	5207	mechanical_normalization	yes
LiA	lia	1	1	LiA	mechanical_normalization	no
LefengA	lefenga	1	1	LefengA	mechanical_normalization	no
L301A	l301a	1	1	L301A	mechanical_normalization	yes
KT27S	kt27s	1	1	KT27S	mechanical_normalization	yes
Kezhen145	kezhen145	1	1	Kezhen145	mechanical_normalization	no
KejinA	kejina	1	1	KejinA	mechanical_normalization	no
Ke20A	ke20a	1	1	Ke20A	mechanical_normalization	yes
Jinzao47	jinzao47	1	1	Jinzao47	mechanical_normalization	no
Jinsui128	jinsui128	1	1	Jinsui128	mechanical_normalization	no
Jinnanwan	jinnanwan	1	1	Jinnanwan	mechanical_normalization	no
Jingfu2A	jingfu2a	1	1	Jingfu2A	mechanical_normalization	no
Jing7A	jing7a	1	1	Jing7A	mechanical_normalization	yes
Jinfeng1hao	jinfeng1hao	1	1	Jinfeng1hao	mechanical_normalization	no
Jian645B	jian645b	1	1	Jian645B	mechanical_normalization	yes
Jiahezaozhan	jiahezaozhan	1	1	Jiahezaozhan	mechanical_normalization	no
IR46830A	ir46830a	1	1	IR46830A	mechanical_normalization	yes
IR35286-18-3-3-2-3	ir35286183323	1	1	IR35286-18-3-3-2-3	mechanical_normalization	yes
IR34681-107-3-3-3	ir34681107333	1	1	IR34681-107-3-3-3	mechanical_normalization	yes
IR34638-57-1-2	ir346385712	1	1	IR34638-57-1-2	mechanical_normalization	yes
1144	1144	1	1	1144	mechanical_normalization	yes
IR31775-30-3-2-2-2	ir31775303222	1	1	IR31775-30-3-2-2-2	mechanical_normalization	yes
IR29725-109-1-2-1	ir29725109121	1	1	IR29725-109-1-2-1	mechanical_normalization	yes
IR25588-7-3-1	ir25588731	1	1	IR25588-7-3-1	mechanical_normalization	yes
Xianhui207	xianhui207	1	1	Xianhui207	mechanical_normalization	no
Xiangzaoxian45hao	xiangzaoxian45hao	1	1	Xiangzaoxian45hao	mechanical_normalization	no
Xiangzaoxian45	xiangzaoxian45	1	1	Xiangzaoxian45	mechanical_normalization	no
BG367-4	bg3674	1	1	BG367-4	mechanical_normalization	yes
Xiangzaoxian3hao	xiangzaoxian3hao	1	1	Xiangzaoxian3hao	mechanical_normalization	no
Xiangwanxian17hao	xiangwanxian17hao	1	1	Xiangwanxian17hao	mechanical_normalization	no
Basimati370	basimati370	1	1	Basimati370	mechanical_normalization	no
Basiai63	basiai63	1	1	Basiai63	mechanical_normalization	no
Xiang8B	xiang8b	1	1	Xiang8B	mechanical_normalization	no
WW004	ww004	1	1	WW004	mechanical_normalization	yes
WR002	wr002	1	1	WR002	mechanical_normalization	yes
Wenhui689	wenhui689	1	1	Wenhui689	mechanical_normalization	no
Baixiangzhan	baixiangzhan	1	1	Baixiangzhan	mechanical_normalization	no
Wan9A	wan9a	1	1	Wan9A	mechanical_normalization	yes
Baimidongzhan	baimidongzhan	1	1	Baimidongzhan	mechanical_normalization	no
W515	w515	1	1	W515	mechanical_normalization	yes
V28-399	v28399	1	1	V28-399	mechanical_normalization	yes
B138	b138	1	1	B138	mechanical_normalization	yes
TN1480	tn1480	1	1	TN1480	mechanical_normalization	yes
TN1408	tn1408	1	1	TN1408	mechanical_normalization	yes
Teyou2035	teyou2035	1	1	Teyou2035	mechanical_normalization	no
Taihui973	taihui973	1	1	Taihui973	mechanical_normalization	no
Taihui187	taihui187	1	1	Taihui187	mechanical_normalization	no
TaifengA	taifenga	1	1	TaifengA	mechanical_normalization	no
AoR15	aor15	1	1	AoR15	mechanical_normalization	yes
T315	t315	1	1	T315	mechanical_normalization	yes
T91S	t91s	1	1	T91S	mechanical_normalization	yes
Aolong1S	aolong1s	1	1	Aolong1S	mechanical_normalization	no
Jiaoyuan5A	jiaoyuan5a	1	1	Jiaoyuan5A	mechanical_normalization	no
T31A	t31a	1	1	T31A	mechanical_normalization	yes
Shuiyuan317	shuiyuan317	1	1	Shuiyuan317	mechanical_normalization	no
Shuhui538	shuhui538	1	1	Shuhui538	mechanical_normalization	no
Shuhui257	shuhui257	1	1	Shuhui257	mechanical_normalization	no
Shuhui204	shuhui204	1	1	Shuhui204	mechanical_normalization	no
Anyuzao1hao	anyuzao1hao	1	1	Anyuzao1hao	mechanical_normalization	no
Ronghui906	ronghui906	1	1	Ronghui906	mechanical_normalization	no
RongfengA	rongfenga	1	1	RongfengA	mechanical_normalization	no
Ribenzhong	ribenzhong	1	1	Ribenzhong	mechanical_normalization	no
R6547	r6547	1	1	R6547	mechanical_normalization	yes
R6135	r6135	1	1	R6135	mechanical_normalization	yes
R2618	r2618	1	1	R2618	mechanical_normalization	yes
R2122	r2122	1	1	R2122	mechanical_normalization	yes
R1586	r1586	1	1	R1586	mechanical_normalization	yes
Aizhan43S	aizhan43s	1	1	Aizhan43S	mechanical_normalization	no
R1468	r1468	1	1	R1468	mechanical_normalization	yes
R1288	r1288	1	1	R1288	mechanical_normalization	yes
R1202	r1202	1	1	R1202	mechanical_normalization	yes
R1141	r1141	1	1	R1141	mechanical_normalization	yes
R1106	r1106	1	1	R1106	mechanical_normalization	yes
R991	r991	1	1	R991	mechanical_normalization	yes
R980	r980	1	1	R980	mechanical_normalization	yes
R865	r865	1	1	R865	mechanical_normalization	yes
R776	r776	1	1	R776	mechanical_normalization	yes
R583	r583	1	1	R583	mechanical_normalization	yes
R476	r476	1	1	R476	mechanical_normalization	yes
R363	r363	1	1	R363	mechanical_normalization	yes
R325	r325	1	1	R325	mechanical_normalization	yes
Aihuangmi	aihuangmi	1	1	Aihuangmi	mechanical_normalization	no
P-RH78-2	prh782	1	1	P-RH78-2	mechanical_normalization	yes
X9	x9	1	1	X9	mechanical_normalization	yes
Gao	gao	1	1	Gao	mechanical_normalization	no
V1	v1	1	1	V1	mechanical_normalization	yes
AKAGE_5	akage5	1	1	AKAGE_5	mechanical_normalization	no
D201	d201	1	1	D201	mechanical_normalization	yes
D200	d200	1	1	D200	mechanical_normalization	yes
D189	d189	1	1	D189	mechanical_normalization	yes
D188	d188	1	1	D188	mechanical_normalization	yes
D178	d178	1	1	D178	mechanical_normalization	yes
D175	d175	1	1	D175	mechanical_normalization	yes
D93	d93	1	1	D93	mechanical_normalization	yes
D249	d249	1	1	D249	mechanical_normalization	yes
D132	d132	1	1	D132	mechanical_normalization	yes
Black Rice	blackrice	1	1	Black Rice	mechanical_normalization	no
Kon Joha	konjoha	1	1	Kon Joha	mechanical_normalization	no
Chakhao Poireition	chakhaopoireition	1	1	Chakhao Poireition	mechanical_normalization	no
Curinga	curinga	1	1	Curinga	mechanical_normalization	no
IRGA427	irga427	1	1	IRGA427	mechanical_normalization	yes
NH105-1	nh1051	1	1	NH105-1	mechanical_normalization	yes
NH103-1	nh1031	1	1	NH103-1	mechanical_normalization	yes
NH097-1	nh0971	1	1	NH097-1	mechanical_normalization	yes
NH095-1	nh0951	1	1	NH095-1	mechanical_normalization	yes
NH087-1	nh0871	1	1	NH087-1	mechanical_normalization	yes
NH085-1	nh0851	1	1	NH085-1	mechanical_normalization	yes
NH083-1	nh0831	1	1	NH083-1	mechanical_normalization	yes
NH079-1	nh0791	1	1	NH079-1	mechanical_normalization	yes
NH064-1	nh0641	1	1	NH064-1	mechanical_normalization	yes
NH056-1	nh0561	1	1	NH056-1	mechanical_normalization	yes
NH053-1	nh0531	1	1	NH053-1	mechanical_normalization	yes
NH045-1	nh0451	1	1	NH045-1	mechanical_normalization	yes
NH039-1	nh0391	1	1	NH039-1	mechanical_normalization	yes
NH036-1	nh0361	1	1	NH036-1	mechanical_normalization	yes
NH028-1	nh0281	1	1	NH028-1	mechanical_normalization	yes
NH246-L	nh246l	1	1	NH246-L	mechanical_normalization	yes
NH239-1	nh2391	1	1	NH239-1	mechanical_normalization	yes
Sasanishiki	sasanishiki	1	1	Sasanishiki	mechanical_normalization	no
NH218-1	nh2181	1	1	NH218-1	mechanical_normalization	yes
NH214-1	nh2141	1	1	NH214-1	mechanical_normalization	yes
Chujing 27	chujing27	1	1	Chujing 27	mechanical_normalization	no
NH206-1	nh2061	1	1	NH206-1	mechanical_normalization	yes
Huayu 13	huayu13	1	1	Huayu 13	mechanical_normalization	no
Norin22	norin22	1	1	Norin22	mechanical_normalization	no
NH205-1	nh2051	1	1	NH205-1	mechanical_normalization	yes
Kinuhikari	kinuhikari	1	1	Kinuhikari	mechanical_normalization	no
NH204-1	nh2041	1	1	NH204-1	mechanical_normalization	yes
Itadaki	itadaki	1	1	Itadaki	mechanical_normalization	no
Hounenwase	hounenwase	1	1	Hounenwase	mechanical_normalization	no
NH202-1	nh2021	1	1	NH202-1	mechanical_normalization	yes
NH201-1	nh2011	1	1	NH201-1	mechanical_normalization	yes
NH197-1	nh1971	1	1	NH197-1	mechanical_normalization	yes
NH171-1	nh1711	1	1	NH171-1	mechanical_normalization	yes
NH159-1	nh1591	1	1	NH159-1	mechanical_normalization	yes
NH148-1	nh1481	1	1	NH148-1	mechanical_normalization	yes
NH142-1	nh1421	1	1	NH142-1	mechanical_normalization	yes
Hybrid rice 8	hybridrice8	1	1	Hybrid rice 8	mechanical_normalization	no
NH137-1	nh1371	1	1	NH137-1	mechanical_normalization	yes
Hybrid rice 6	hybridrice6	1	1	Hybrid rice 6	mechanical_normalization	no
NH136-1	nh1361	1	1	NH136-1	mechanical_normalization	yes
Wando1	wando1	1	1	Wando1	mechanical_normalization	no
NH128-1	nh1281	1	1	NH128-1	mechanical_normalization	yes
South_jeju1	southjeju1	1	1	South_jeju1	mechanical_normalization	no
NH122-1	nh1221	1	1	NH122-1	mechanical_normalization	yes
seonhyangheukmi	seonhyangheukmi	1	1	seonhyangheukmi	mechanical_normalization	no
NH119-1	nh1191	1	1	NH119-1	mechanical_normalization	yes
Sancheong10-1	sancheong101	1	1	Sancheong10-1	mechanical_normalization	no
NH115-1	nh1151	1	1	NH115-1	mechanical_normalization	yes
saeodae1ho	saeodae1ho	1	1	saeodae1ho	mechanical_normalization	no
saemimyeon	saemimyeon	1	1	saemimyeon	mechanical_normalization	no
NH113-1	nh1131	1	1	NH113-1	mechanical_normalization	yes
North_Jeju1	northjeju1	1	1	North_Jeju1	mechanical_normalization	no
NH111-1	nh1111	1	1	NH111-1	mechanical_normalization	yes
my299bk	my299bk	1	1	my299bk	mechanical_normalization	no
IRGC_60605	irgc60605	1	1	IRGC_60605	mechanical_normalization	yes
baegjinju1ho	baegjinju1ho	1	1	baegjinju1ho	mechanical_normalization	no
IRGC_8172	irgc8172	1	1	IRGC_8172	mechanical_normalization	yes
IRGC_8043	irgc8043	1	1	IRGC_8043	mechanical_normalization	yes
mimyeon	mimyeon	1	1	mimyeon	mechanical_normalization	no
aromi	aromi	1	1	aromi	mechanical_normalization	no
areumbyeo	areumbyeo	1	1	areumbyeo	mechanical_normalization	no
hangangchalbyeo	hangangchalbyeo	1	1	hangangchalbyeo	mechanical_normalization	no
hangadeuk	hangadeuk	1	1	hangadeuk	mechanical_normalization	no
geonyangmi	geonyangmi	1	1	geonyangmi	mechanical_normalization	no
andabyeo	andabyeo	1	1	andabyeo	mechanical_normalization	no
dasan2	dasan2	1	1	dasan2	mechanical_normalization	no
chamjinmi	chamjinmi	1	1	chamjinmi	mechanical_normalization	no
Buan11	buan11	1	1	Buan11	mechanical_normalization	yes
Kitaake FN3189-S	kitaakefn3189s	1	1	Kitaake FN3189-S	mechanical_normalization	no
Kitaake FN3183-S	kitaakefn3183s	1	1	Kitaake FN3183-S	mechanical_normalization	no
Kitaake FN3236-S	kitaakefn3236s	1	1	Kitaake FN3236-S	mechanical_normalization	no
Kitaake FN3241-S	kitaakefn3241s	1	1	Kitaake FN3241-S	mechanical_normalization	no
Kitaake FN3271-S	kitaakefn3271s	1	1	Kitaake FN3271-S	mechanical_normalization	no
Kitaake FN3245-S	kitaakefn3245s	1	1	Kitaake FN3245-S	mechanical_normalization	no
Kitaake FN3210-S	kitaakefn3210s	1	1	Kitaake FN3210-S	mechanical_normalization	no
Kitaake UxG	kitaakeuxg	1	1	Kitaake UxG	mechanical_normalization	no
Kitaake FN3269-S	kitaakefn3269s	1	1	Kitaake FN3269-S	mechanical_normalization	no
Kitaake FN3132-S	kitaakefn3132s	1	1	Kitaake FN3132-S	mechanical_normalization	no
Kitaake FN3219-S	kitaakefn3219s	1	1	Kitaake FN3219-S	mechanical_normalization	no
Kitaake FN3218-S	kitaakefn3218s	1	1	Kitaake FN3218-S	mechanical_normalization	no
Kitaake FN4400-S	kitaakefn4400s	1	1	Kitaake FN4400-S	mechanical_normalization	no
Kitaake FN4399-S	kitaakefn4399s	1	1	Kitaake FN4399-S	mechanical_normalization	no
Kitaake FN4361-S	kitaakefn4361s	1	1	Kitaake FN4361-S	mechanical_normalization	no
Kitaake FN4383-S	kitaakefn4383s	1	1	Kitaake FN4383-S	mechanical_normalization	no
Kitaake FN4387-S	kitaakefn4387s	1	1	Kitaake FN4387-S	mechanical_normalization	no
Kitaake FN4454-S	kitaakefn4454s	1	1	Kitaake FN4454-S	mechanical_normalization	no
Kitaake FN4473-S	kitaakefn4473s	1	1	Kitaake FN4473-S	mechanical_normalization	no
Kitaake FN4586-S	kitaakefn4586s	1	1	Kitaake FN4586-S	mechanical_normalization	no
Kitaake FN4587-S	kitaakefn4587s	1	1	Kitaake FN4587-S	mechanical_normalization	no
Kitaake FN4466-S	kitaakefn4466s	1	1	Kitaake FN4466-S	mechanical_normalization	no
Kitaake FN4471-S	kitaakefn4471s	1	1	Kitaake FN4471-S	mechanical_normalization	no
Kitaake FN4600-S	kitaakefn4600s	1	1	Kitaake FN4600-S	mechanical_normalization	no
Kitaake FN4434-S	kitaakefn4434s	1	1	Kitaake FN4434-S	mechanical_normalization	no
Kitaake FN4594-S	kitaakefn4594s	1	1	Kitaake FN4594-S	mechanical_normalization	no
Kitaake FN4597-S	kitaakefn4597s	1	1	Kitaake FN4597-S	mechanical_normalization	no
Kitaake FN4455-S	kitaakefn4455s	1	1	Kitaake FN4455-S	mechanical_normalization	no
Kitaake FN4494-S	kitaakefn4494s	1	1	Kitaake FN4494-S	mechanical_normalization	no
Kitaake FN4510-S	kitaakefn4510s	1	1	Kitaake FN4510-S	mechanical_normalization	no
Kitaake FN4522-S	kitaakefn4522s	1	1	Kitaake FN4522-S	mechanical_normalization	no
Kitaake FN4574-2-S	kitaakefn45742s	1	1	Kitaake FN4574-2-S	mechanical_normalization	no
Kitaake FN4502-S	kitaakefn4502s	1	1	Kitaake FN4502-S	mechanical_normalization	no
Kitaake FN4528-S	kitaakefn4528s	1	1	Kitaake FN4528-S	mechanical_normalization	no
Kitaake FN4569-S	kitaakefn4569s	1	1	Kitaake FN4569-S	mechanical_normalization	no
Ti-Chueh-Ko-Tzu	tichuehkotzu	1	1	Ti-Chueh-Ko-Tzu	mechanical_normalization	no
Kitaake FN4570-S	kitaakefn4570s	1	1	Kitaake FN4570-S	mechanical_normalization	no
Liu-tou-tzu	liutoutzu	1	1	Liu-tou-tzu	mechanical_normalization	no
Kitaake FN4572-S	kitaakefn4572s	1	1	Kitaake FN4572-S	mechanical_normalization	no
Yuejingsimaio	yuejingsimaio	1	1	Yuejingsimaio	mechanical_normalization	no
Kitaake FN4573-S	kitaakefn4573s	1	1	Kitaake FN4573-S	mechanical_normalization	no
Kitaake FN4595-2-S	kitaakefn45952s	1	1	Kitaake FN4595-2-S	mechanical_normalization	no
Huagengxian74	huagengxian74	1	1	Huagengxian74	mechanical_normalization	no
Kitaake FN4742-S	kitaakefn4742s	1	1	Kitaake FN4742-S	mechanical_normalization	no
Fuhui683	fuhui683	1	1	Fuhui683	mechanical_normalization	no
Kitaake FN4591-S	kitaakefn4591s	1	1	Kitaake FN4591-S	mechanical_normalization	no
Kitaake FN4501-S	kitaakefn4501s	1	1	Kitaake FN4501-S	mechanical_normalization	no
Kitaake FN2890-S	kitaakefn2890s	1	1	Kitaake FN2890-S	mechanical_normalization	no
Fan3	fan3	1	1	Fan3	mechanical_normalization	yes
Kitaake FN2898-S	kitaakefn2898s	1	1	Kitaake FN2898-S	mechanical_normalization	no
Kangwenqingzhan	kangwenqingzhan	1	1	Kangwenqingzhan	mechanical_normalization	no
Kitaake FN2897-S	kitaakefn2897s	1	1	Kitaake FN2897-S	mechanical_normalization	no
Shengbasimiao	shengbasimiao	1	1	Shengbasimiao	mechanical_normalization	no
Kitaake FN2968-S	kitaakefn2968s	1	1	Kitaake FN2968-S	mechanical_normalization	no
Xinyinzhan	xinyinzhan	1	1	Xinyinzhan	mechanical_normalization	no
Kitaake FN2883-S	kitaakefn2883s	1	1	Kitaake FN2883-S	mechanical_normalization	no
Yong1744	yong1744	1	1	Yong1744	mechanical_normalization	yes
Kitaake FN2933-S	kitaakefn2933s	1	1	Kitaake FN2933-S	mechanical_normalization	no
19W82	19w82	1	1	19W82	mechanical_normalization	no
Kitaake FN2885-S	kitaakefn2885s	1	1	Kitaake FN2885-S	mechanical_normalization	no
Huangxuan3R	huangxuan3r	1	1	Huangxuan3R	mechanical_normalization	no
Kitaake FN2940-S	kitaakefn2940s	1	1	Kitaake FN2940-S	mechanical_normalization	no
19W62	19w62	1	1	19W62	mechanical_normalization	no
Kitaake FN2953-S	kitaakefn2953s	1	1	Kitaake FN2953-S	mechanical_normalization	no
19W49	19w49	1	1	19W49	mechanical_normalization	no
Kitaake FN2932-S	kitaakefn2932s	1	1	Kitaake FN2932-S	mechanical_normalization	no
19W40	19w40	1	1	19W40	mechanical_normalization	no
Kitaake FN2901-S	kitaakefn2901s	1	1	Kitaake FN2901-S	mechanical_normalization	no
Fan2	fan2	1	1	Fan2	mechanical_normalization	yes
Hehui6813	hehui6813	1	1	Hehui6813	mechanical_normalization	no
IR80404-28-2-3-2	ir8040428232	1	1	IR80404-28-2-3-2	mechanical_normalization	yes
Kitaake FN2970-S	kitaakefn2970s	1	1	Kitaake FN2970-S	mechanical_normalization	no
CNG105M	cng105m	1	1	CNG105M	mechanical_normalization	yes
Kitaake FN2996-S	kitaakefn2996s	1	1	Kitaake FN2996-S	mechanical_normalization	no
BG1	bg1	1	1	BG1	mechanical_normalization	yes
Xuenuo	xuenuo	1	1	Xuenuo	mechanical_normalization	no
YR0822	yr0822	1	1	YR0822	mechanical_normalization	yes
Fuhui699_1	fuhui6991	1	1	Fuhui699_1	mechanical_normalization	no
Kehui746	kehui746	1	1	Kehui746	mechanical_normalization	no
Fuhui802	fuhui802	1	1	Fuhui802	mechanical_normalization	no
Wanhui66	wanhui66	1	1	Wanhui66	mechanical_normalization	no
Jinhui34	jinhui34	1	1	Jinhui34	mechanical_normalization	no
R9519	r9519	1	1	R9519	mechanical_normalization	yes
Zaohui43	zaohui43	1	1	Zaohui43	mechanical_normalization	no
DYlvdao	dylvdao	1	1	DYlvdao	mechanical_normalization	no
158B	158b	1	1	158B	mechanical_normalization	yes
Guoximomi	guoximomi	1	1	Guoximomi	mechanical_normalization	no
Hongxiang2hao	hongxiang2hao	1	1	Hongxiang2hao	mechanical_normalization	no
Zixiang3hao	zixiang3hao	1	1	Zixiang3hao	mechanical_normalization	no
E1573	e1573	1	1	E1573	mechanical_normalization	yes
Ganghui988	ganghui988	1	1	Ganghui988	mechanical_normalization	no
Funonglvxiang	funonglvxiang	1	1	Funonglvxiang	mechanical_normalization	no
Gaodanbaixiangdao	gaodanbaixiangdao	1	1	Gaodanbaixiangdao	mechanical_normalization	no
Xiangdao	xiangdao	1	1	Xiangdao	mechanical_normalization	no
Runzhu537	runzhu537	1	1	Runzhu537	mechanical_normalization	no
EjinB	ejinb	1	1	EjinB	mechanical_normalization	no
MaxieB	maxieb	1	1	MaxieB	mechanical_normalization	no
Enhui69	enhui69	1	1	Enhui69	mechanical_normalization	no
Chenghui178	chenghui178	1	1	Chenghui178	mechanical_normalization	no
Jinhui16	jinhui16	1	1	Jinhui16	mechanical_normalization	no
Feng986	feng986	1	1	Feng986	mechanical_normalization	yes
75-1-127	751127	1	1	75-1-127	mechanical_normalization	yes
ShijinB	shijinb	1	1	ShijinB	mechanical_normalization	no
Xiangzaoxian21hao	xiangzaoxian21hao	1	1	Xiangzaoxian21hao	mechanical_normalization	no
CMS04_843A	cms04843a	1	1	CMS04_843A	mechanical_normalization	yes
Chenwan3hao	chenwan3hao	1	1	Chenwan3hao	mechanical_normalization	no
N'YA NOFF	nyanoff	1	1	N'YA NOFF	mechanical_normalization	no
93072	93072	1	1	93072	mechanical_normalization	yes
BG304	bg304	1	1	BG304	mechanical_normalization	yes
RP2151-173-1-8	rp215117318	1	1	RP2151-173-1-8	mechanical_normalization	yes
TAICHU MOCHI 59	taichumochi59	1	1	TAICHU MOCHI 59	mechanical_normalization	no
N-2703	n2703	1	1	N-2703	mechanical_normalization	yes
Onu B	onub	1	1	Onu B	mechanical_normalization	no
GUYANE 1	guyane1	1	1	GUYANE 1	mechanical_normalization	no
Chun 118-33	chun11833	1	1	Chun 118-33	mechanical_normalization	yes
Djimoron	djimoron	1	1	Djimoron	mechanical_normalization	no
Haploid1-1	haploid11	1	1	Haploid1-1	mechanical_normalization	no
Padi Pohon Batu	padipohonbatu	1	1	Padi Pohon Batu	mechanical_normalization	no
Chunyou84-2	chunyou842	1	1	Chunyou84-2	mechanical_normalization	no
Warrangal Culture 1252	warrangalculture1252	1	1	Warrangal Culture 1252	mechanical_normalization	no
Milyang23_type	milyang23type	1	1	Milyang23_type	mechanical_normalization	no
TAINO 38	taino38	1	1	TAINO 38	mechanical_normalization	no
CR40_type	cr40type	1	1	CR40_type	mechanical_normalization	no
Ao Chiu 2 Hao	aochiu2hao	1	1	Ao Chiu 2 Hao	mechanical_normalization	no
IARI 6626	iari6626	1	1	IARI 6626	mechanical_normalization	yes
Safut Khosha	safutkhosha	1	1	Safut Khosha	mechanical_normalization	no
WONG CHIM	wongchim	1	1	WONG CHIM	mechanical_normalization	no
HKG 98	hkg98	1	1	HKG 98	mechanical_normalization	yes
ASWINA 330	aswina330	1	1	ASWINA 330	mechanical_normalization	no
P 35	p35	1	1	P 35	mechanical_normalization	yes
DNJ 179	dnj179	1	1	DNJ 179	mechanical_normalization	yes
YOU-I B	youib	1	1	YOU-I B	mechanical_normalization	no
4595	4595	1	1	4595	mechanical_normalization	yes
L3-T5-7	l3t57	1	1	L3-T5-7	mechanical_normalization	no
DARMALI	darmali	1	1	DARMALI	mechanical_normalization	no
L3-T5-4	l3t54	1	1	L3-T5-4	mechanical_normalization	no
Gasym Hany	gasymhany	1	1	Gasym Hany	mechanical_normalization	no
L3-T5-3	l3t53	1	1	L3-T5-3	mechanical_normalization	no
G1143	g1143	1	1	G1143	mechanical_normalization	yes
LA PLATA GENA F.A.	laplatagenafa	1	1	LA PLATA GENA F.A.	mechanical_normalization	no
A 152	a152	1	1	A 152	mechanical_normalization	yes
Montakcl	montakcl	1	1	Montakcl	mechanical_normalization	no
ADT-57	adt57	1	1	ADT-57	mechanical_normalization	yes
ADT-54	adt54	1	1	ADT-54	mechanical_normalization	yes
BERLIN	berlin	1	1	BERLIN	mechanical_normalization	no
NLR-34449	nlr34449	1	1	NLR-34449	mechanical_normalization	yes
Botika S/R	botikasr	1	1	Botika S/R	mechanical_normalization	no
ADT-36	adt36	1	1	ADT-36	mechanical_normalization	yes
B805D-MR-16-8-3	b805dmr1683	1	1	B805D-MR-16-8-3	mechanical_normalization	no
Kitaake ubi-XA21 FN1375-S	kitaakeubixa21fn1375s	1	1	Kitaake ubi-XA21 FN1375-S	mechanical_normalization	no
Kitaake ubi-XA21 FN1401-S	kitaakeubixa21fn1401s	1	1	Kitaake ubi-XA21 FN1401-S	mechanical_normalization	no
Bombon	bombon	1	1	Bombon	mechanical_normalization	no
Kitaake ubi-XA21 FN1403-S	kitaakeubixa21fn1403s	1	1	Kitaake ubi-XA21 FN1403-S	mechanical_normalization	no
10340	10340	1	1	10340	mechanical_normalization	yes
Kitaake ubi-XA21 FN1414-S	kitaakeubixa21fn1414s	1	1	Kitaake ubi-XA21 FN1414-S	mechanical_normalization	no
Hsin Hsing Pai Ku	hsinhsingpaiku	1	1	Hsin Hsing Pai Ku	mechanical_normalization	no
Kitaake ubi-XA21 FN1399-S	kitaakeubixa21fn1399s	1	1	Kitaake ubi-XA21 FN1399-S	mechanical_normalization	no
ARC 6578	arc6578	1	1	ARC 6578	mechanical_normalization	yes
Kitaake ubi-XA21 FN1424-S	kitaakeubixa21fn1424s	1	1	Kitaake ubi-XA21 FN1424-S	mechanical_normalization	no
Kitaake ubi-XA21 FN1443-S	kitaakeubixa21fn1443s	1	1	Kitaake ubi-XA21 FN1443-S	mechanical_normalization	no
Gazan	gazan	1	1	Gazan	mechanical_normalization	no
Kitaake ubi-XA21 FN1440-S	kitaakeubixa21fn1440s	1	1	Kitaake ubi-XA21 FN1440-S	mechanical_normalization	no
Karang Serang	karangserang	1	1	Karang Serang	mechanical_normalization	no
Kitaake ubi-XA21 FN1452-S	kitaakeubixa21fn1452s	1	1	Kitaake ubi-XA21 FN1452-S	mechanical_normalization	no
Kitaake ubi-XA21 FN1467-S	kitaakeubixa21fn1467s	1	1	Kitaake ubi-XA21 FN1467-S	mechanical_normalization	no
Kitaake ubi-XA21 FN523 -S	kitaakeubixa21fn523s	1	1	Kitaake ubi-XA21 FN523 -S	mechanical_normalization	no
Kitaake ubi-XA31 FN1422-S	kitaakeubixa31fn1422s	1	1	Kitaake ubi-XA31 FN1422-S	mechanical_normalization	no
Nante	nante	1	1	Nante	mechanical_normalization	no
Kitaake ubi-XA21 FN705 -S	kitaakeubixa21fn705s	1	1	Kitaake ubi-XA21 FN705 -S	mechanical_normalization	no
Kitaake ubi-XA27 FN1389-S	kitaakeubixa27fn1389s	1	1	Kitaake ubi-XA27 FN1389-S	mechanical_normalization	no
Kitaake ubi-XA43 FN1478-S	kitaakeubixa43fn1478s	1	1	Kitaake ubi-XA43 FN1478-S	mechanical_normalization	no
Kitaake ubi-XA30 FN1415-S	kitaakeubixa30fn1415s	1	1	Kitaake ubi-XA30 FN1415-S	mechanical_normalization	no
Kitaake ubi-XA35 FN1462-S	kitaakeubixa35fn1462s	1	1	Kitaake ubi-XA35 FN1462-S	mechanical_normalization	no
Kitaake ubi-XA44 FN1480-S	kitaakeubixa44fn1480s	1	1	Kitaake ubi-XA44 FN1480-S	mechanical_normalization	no
Kitaake ubi-XA21 FN967 -S	kitaakeubixa21fn967s	1	1	Kitaake ubi-XA21 FN967 -S	mechanical_normalization	no
Kitaake ubi-XA28 FN1406-S	kitaakeubixa28fn1406s	1	1	Kitaake ubi-XA28 FN1406-S	mechanical_normalization	no
Kitaake ubi-XA58 FN1496-S	kitaakeubixa58fn1496s	1	1	Kitaake ubi-XA58 FN1496-S	mechanical_normalization	no
Kitaake ubi-XA70 FN1513-S	kitaakeubixa70fn1513s	1	1	Kitaake ubi-XA70 FN1513-S	mechanical_normalization	no
Kitaake ubi-XA69 FN1512-S	kitaakeubixa69fn1512s	1	1	Kitaake ubi-XA69 FN1512-S	mechanical_normalization	no
Kitaake ubi-XA78 FN1528-S	kitaakeubixa78fn1528s	1	1	Kitaake ubi-XA78 FN1528-S	mechanical_normalization	no
Kitaake ubi-XA76 FN1526-S	kitaakeubixa76fn1526s	1	1	Kitaake ubi-XA76 FN1526-S	mechanical_normalization	no
Kitaake ubi-XA81 FN1531-S	kitaakeubixa81fn1531s	1	1	Kitaake ubi-XA81 FN1531-S	mechanical_normalization	no
Kitaake FN1519 -S	kitaakefn1519s	1	1	Kitaake FN1519 -S	mechanical_normalization	no
Kitaake FN1468 -S	kitaakefn1468s	1	1	Kitaake FN1468 -S	mechanical_normalization	no
Kitaake FN1521 -S	kitaakefn1521s	1	1	Kitaake FN1521 -S	mechanical_normalization	no
Kitaake FN1523 -S	kitaakefn1523s	1	1	Kitaake FN1523 -S	mechanical_normalization	no
Kitaake FN1613 -S	kitaakefn1613s	1	1	Kitaake FN1613 -S	mechanical_normalization	no
Kitaake FN1596 -S	kitaakefn1596s	1	1	Kitaake FN1596 -S	mechanical_normalization	no
Kitaake FN1577 -S	kitaakefn1577s	1	1	Kitaake FN1577 -S	mechanical_normalization	no
Kitaake FN1644 -S	kitaakefn1644s	1	1	Kitaake FN1644 -S	mechanical_normalization	no
Kitaake FN1646 -S	kitaakefn1646s	1	1	Kitaake FN1646 -S	mechanical_normalization	no
Kitaake FN1650 -S	kitaakefn1650s	1	1	Kitaake FN1650 -S	mechanical_normalization	no
Kitaake ubi-XA39 FN1473-S	kitaakeubixa39fn1473s	1	1	Kitaake ubi-XA39 FN1473-S	mechanical_normalization	no
Tam Xoan Hai Hau	tamxoanhaihau	1	1	Tam Xoan Hai Hau	mechanical_normalization	no
Godawee	godawee	1	1	Godawee	mechanical_normalization	no
Kitaake FN1983-S	kitaakefn1983s	1	1	Kitaake FN1983-S	mechanical_normalization	no
Kitaake FN2056-S	kitaakefn2056s	1	1	Kitaake FN2056-S	mechanical_normalization	no
Kitaake FN2106-S	kitaakefn2106s	1	1	Kitaake FN2106-S	mechanical_normalization	no
Kitaake FN2108-S	kitaakefn2108s	1	1	Kitaake FN2108-S	mechanical_normalization	no
Kitaake FN2114-S	kitaakefn2114s	1	1	Kitaake FN2114-S	mechanical_normalization	no
Kitaake FN2115-S	kitaakefn2115s	1	1	Kitaake FN2115-S	mechanical_normalization	no
Kitaake FN2118-S	kitaakefn2118s	1	1	Kitaake FN2118-S	mechanical_normalization	no
Kitaake FN2152-S	kitaakefn2152s	1	1	Kitaake FN2152-S	mechanical_normalization	no
Kitaake FN2162-S	kitaakefn2162s	1	1	Kitaake FN2162-S	mechanical_normalization	no
cultivated_rice_110	cultivatedrice110	1	1	cultivated_rice_110	mechanical_normalization	no
cultivated_rice_109	cultivatedrice109	1	1	cultivated_rice_109	mechanical_normalization	no
cultivated_rice_133	cultivatedrice133	1	1	cultivated_rice_133	mechanical_normalization	no
cultivated_rice_123	cultivatedrice123	1	1	cultivated_rice_123	mechanical_normalization	no
cultivated_rice_125	cultivatedrice125	1	1	cultivated_rice_125	mechanical_normalization	no
cultivated_rice_116	cultivatedrice116	1	1	cultivated_rice_116	mechanical_normalization	no
G6H1	g6h1	1	1	G6H1	mechanical_normalization	no
Fix-Tetraploid1	fixtetraploid1	1	1	Fix-Tetraploid1	mechanical_normalization	no
mtl-Haploid2	mtlhaploid2	1	1	mtl-Haploid2	mechanical_normalization	no
BTH_31_4	bth314	1	1	BTH_31_4	mechanical_normalization	yes
DW-9	dw9	1	1	DW-9	mechanical_normalization	yes
DW-2	dw2	1	1	DW-2	mechanical_normalization	yes
BTH_31_5	bth315	1	1	BTH_31_5	mechanical_normalization	yes
H7-F6	h7f6	1	1	H7-F6	mechanical_normalization	no
H3-F6	h3f6	1	1	H3-F6	mechanical_normalization	no
H5-F6	h5f6	1	1	H5-F6	mechanical_normalization	no
HT_7_1	ht71	1	1	HT_7_1	mechanical_normalization	yes
Purahaitairin	purahaitairin	1	1	Purahaitairin	mechanical_normalization	no
Nakabo	nakabo	1	1	Nakabo	mechanical_normalization	no
R05	r05	1	1	R05	mechanical_normalization	yes
SAGCLZ-038	sagclz038	1	1	SAGCLZ-038	mechanical_normalization	no
SAGCLZ-042	sagclz042	1	1	SAGCLZ-042	mechanical_normalization	no
SAGCLZ-024	sagclz024	1	1	SAGCLZ-024	mechanical_normalization	no
SAGCLZ-003	sagclz003	1	1	SAGCLZ-003	mechanical_normalization	no
SAGCLZ-002	sagclz002	1	1	SAGCLZ-002	mechanical_normalization	no
SAGCLZ-009	sagclz009	1	1	SAGCLZ-009	mechanical_normalization	no
SAGCLZ-096	sagclz096	1	1	SAGCLZ-096	mechanical_normalization	no
SAGCLZ-087	sagclz087	1	1	SAGCLZ-087	mechanical_normalization	no
SAGCLZ-085	sagclz085	1	1	SAGCLZ-085	mechanical_normalization	no
SAGCLZ-086	sagclz086	1	1	SAGCLZ-086	mechanical_normalization	no
SAGCLZ-077	sagclz077	1	1	SAGCLZ-077	mechanical_normalization	no
SAGCLZ-074	sagclz074	1	1	SAGCLZ-074	mechanical_normalization	no
SAGCLZ-057	sagclz057	1	1	SAGCLZ-057	mechanical_normalization	no
SAGCLZ-046	sagclz046	1	1	SAGCLZ-046	mechanical_normalization	no
Taipei 309 bombardment event 7	taipei309bombardmentevent7	1	1	Taipei 309 bombardment event 7	mechanical_normalization	no
hah	hah	1	1	hah	mechanical_normalization	no
Kitaake FN2397	kitaakefn2397	1	1	Kitaake FN2397	mechanical_normalization	no
Kitaake FN2411	kitaakefn2411	1	1	Kitaake FN2411	mechanical_normalization	no
Kitaake FN2418	kitaakefn2418	1	1	Kitaake FN2418	mechanical_normalization	no
Kitaake FN2422	kitaakefn2422	1	1	Kitaake FN2422	mechanical_normalization	no
Kitaake FN2426	kitaakefn2426	1	1	Kitaake FN2426	mechanical_normalization	no
Kitaake FN2428	kitaakefn2428	1	1	Kitaake FN2428	mechanical_normalization	no
Kitaake FN2432	kitaakefn2432	1	1	Kitaake FN2432	mechanical_normalization	no
Kitaake FN2434	kitaakefn2434	1	1	Kitaake FN2434	mechanical_normalization	no
Kitaake FN2445	kitaakefn2445	1	1	Kitaake FN2445	mechanical_normalization	no
Kitaake FN2447	kitaakefn2447	1	1	Kitaake FN2447	mechanical_normalization	no
Kitaake FN2450	kitaakefn2450	1	1	Kitaake FN2450	mechanical_normalization	no
Kitaake FN2448	kitaakefn2448	1	1	Kitaake FN2448	mechanical_normalization	no
Kitaake FN2452	kitaakefn2452	1	1	Kitaake FN2452	mechanical_normalization	no
Kitaake FN2461	kitaakefn2461	1	1	Kitaake FN2461	mechanical_normalization	no
Kitaake FN2472	kitaakefn2472	1	1	Kitaake FN2472	mechanical_normalization	no
Kitaake FN2484	kitaakefn2484	1	1	Kitaake FN2484	mechanical_normalization	no
Kitaake FN2485	kitaakefn2485	1	1	Kitaake FN2485	mechanical_normalization	no
Kitaake FN2493	kitaakefn2493	1	1	Kitaake FN2493	mechanical_normalization	no
Kitaake FN2495	kitaakefn2495	1	1	Kitaake FN2495	mechanical_normalization	no
Kitaake FN2500	kitaakefn2500	1	1	Kitaake FN2500	mechanical_normalization	no
Zhongjing_9677	zhongjing9677	1	1	Zhongjing_9677	mechanical_normalization	no
Fengyouwan_8hao	fengyouwan8hao	1	1	Fengyouwan_8hao	mechanical_normalization	no
Gendjah_Gempol	gendjahgempol	1	1	Gendjah_Gempol	mechanical_normalization	no
Wunuoyihao	wunuoyihao	1	1	Wunuoyihao	mechanical_normalization	no
Tijin	tijin	1	1	Tijin	mechanical_normalization	no
Xiangchuanwuxinbaimi	xiangchuanwuxinbaimi	1	1	Xiangchuanwuxinbaimi	mechanical_normalization	no
Zhongjing_131	zhongjing131	1	1	Zhongjing_131	mechanical_normalization	no
Zhen9424	zhen9424	1	1	Zhen9424	mechanical_normalization	yes
Sihao_4385	sihao4385	1	1	Sihao_4385	mechanical_normalization	no
Sihao_4280	sihao4280	1	1	Sihao_4280	mechanical_normalization	no
Zaijinjing	zaijinjing	1	1	Zaijinjing	mechanical_normalization	no
Yuedao_9	yuedao9	1	1	Yuedao_9	mechanical_normalization	no
Zaoshirihuangdao	zaoshirihuangdao	1	1	Zaoshirihuangdao	mechanical_normalization	no
Baikenuo	baikenuo	1	1	Baikenuo	mechanical_normalization	no
A7444	a7444	1	1	A7444	mechanical_normalization	yes
SHN1	shn1	1	1	SHN1	mechanical_normalization	yes
Nanton_53	nanton53	1	1	Nanton_53	mechanical_normalization	no
Nannongjing_1R	nannongjing1r	1	1	Nannongjing_1R	mechanical_normalization	no
Lianjing_4hao	lianjing4hao	1	1	Lianjing_4hao	mechanical_normalization	no
Kendao_13	kendao13	1	1	Kendao_13	mechanical_normalization	no
Qingkong	qingkong	1	1	Qingkong	mechanical_normalization	no
Longjing_17	longjing17	1	1	Longjing_17	mechanical_normalization	no
Yuedao_62	yuedao62	1	1	Yuedao_62	mechanical_normalization	no
Yuedao_32	yuedao32	1	1	Yuedao_32	mechanical_normalization	no
Yuedao_41	yuedao41	1	1	Yuedao_41	mechanical_normalization	no
Huajing_5hao	huajing5hao	1	1	Huajing_5hao	mechanical_normalization	no
Yuedao_109	yuedao109	1	1	Yuedao_109	mechanical_normalization	no
Yuedao_107	yuedao107	1	1	Yuedao_107	mechanical_normalization	no
Youzhiyueguang	youzhiyueguang	1	1	Youzhiyueguang	mechanical_normalization	no
Yuedao_3	yuedao3	1	1	Yuedao_3	mechanical_normalization	no
Yuedao_24	yuedao24	1	1	Yuedao_24	mechanical_normalization	no
Jingnuo_330	jingnuo330	1	1	Jingnuo_330	mechanical_normalization	no
Diantun502xuanzao	diantun502xuanzao	1	1	Diantun502xuanzao	mechanical_normalization	no
BULUH_BAWU	buluhbawu	1	1	BULUH_BAWU	mechanical_normalization	no
Xudao_4hao	xudao4hao	1	1	Xudao_4hao	mechanical_normalization	no
Gumpangar	gumpangar	1	1	Gumpangar	mechanical_normalization	no
Kun-Min-Tsieh-Hunan	kunmintsiehhunan	1	1	Kun-Min-Tsieh-Hunan	mechanical_normalization	no
Gompa 2	gompa2	1	1	Gompa 2	mechanical_normalization	no
Nabeshi	nabeshi	1	1	Nabeshi	mechanical_normalization	no
TOS7564	tos7564	1	1	TOS7564	mechanical_normalization	yes
Sinna Sithira Kali	sinnasithirakali	1	1	Sinna Sithira Kali	mechanical_normalization	no
PANKHARI 203	pankhari203	1	1	PANKHARI 203	mechanical_normalization	no
PSBRC_1	psbrc1	1	1	PSBRC_1	mechanical_normalization	no
Nipponbare and 93-11 RIL18	nipponbareand9311ril18	1	1	Nipponbare and 93-11 RIL18	mechanical_normalization	no
Nipponbare and 93-11 RIL31	nipponbareand9311ril31	1	1	Nipponbare and 93-11 RIL31	mechanical_normalization	no
Nipponbare and 93-11 RIL35	nipponbareand9311ril35	1	1	Nipponbare and 93-11 RIL35	mechanical_normalization	no
Nipponbare and 93-11 RIL46	nipponbareand9311ril46	1	1	Nipponbare and 93-11 RIL46	mechanical_normalization	no
Nipponbare and 93-11 RIL23	nipponbareand9311ril23	1	1	Nipponbare and 93-11 RIL23	mechanical_normalization	no
Nipponbare and 93-11 RIL52	nipponbareand9311ril52	1	1	Nipponbare and 93-11 RIL52	mechanical_normalization	no
Kalanamak	kalanamak	1	1	Kalanamak	mechanical_normalization	no
Salt tolerance rice	salttolerancerice	1	1	Salt tolerance rice	mechanical_normalization	no
SH	sh	1	1	SH	mechanical_normalization	no
Mizuhochikara	mizuhochikara	1	1	Mizuhochikara	mechanical_normalization	no
Tachiaoba	tachiaoba	1	1	Tachiaoba	mechanical_normalization	no
A1 (T0)	a1	1	1	A1 (T0)	mechanical_normalization	yes
Kitaake FN4272-S	kitaakefn4272s	1	1	Kitaake FN4272-S	mechanical_normalization	no
Kitaake FN4312-S	kitaakefn4312s	1	1	Kitaake FN4312-S	mechanical_normalization	no
673	673	1	1	673	mechanical_normalization	yes
658	658	1	1	658	mechanical_normalization	yes
656	656	1	1	656	mechanical_normalization	yes
654	654	1	1	654	mechanical_normalization	yes
630	630	1	1	630	mechanical_normalization	yes
620	620	1	1	620	mechanical_normalization	yes
607	607	1	1	607	mechanical_normalization	yes
1273	1273	1	1	1273	mechanical_normalization	yes
1267	1267	1	1	1267	mechanical_normalization	yes
1262	1262	1	1	1262	mechanical_normalization	yes
1261	1261	1	1	1261	mechanical_normalization	yes
1235	1235	1	1	1235	mechanical_normalization	yes
1225	1225	1	1	1225	mechanical_normalization	yes
1222	1222	1	1	1222	mechanical_normalization	yes
1025	1025	1	1	1025	mechanical_normalization	yes
1215	1215	1	1	1215	mechanical_normalization	yes
84	84	1	1	84	mechanical_normalization	yes
829	829	1	1	829	mechanical_normalization	yes
823	823	1	1	823	mechanical_normalization	yes
82	82	1	1	82	mechanical_normalization	yes
813	813	1	1	813	mechanical_normalization	yes
806	806	1	1	806	mechanical_normalization	yes
786	786	1	1	786	mechanical_normalization	yes
78	78	1	1	78	mechanical_normalization	yes
767	767	1	1	767	mechanical_normalization	yes
761	761	1	1	761	mechanical_normalization	yes
1100	1100	1	1	1100	mechanical_normalization	yes
1056	1056	1	1	1056	mechanical_normalization	yes
36	36	1	1	36	mechanical_normalization	yes
1453	1453	1	1	1453	mechanical_normalization	yes
1445	1445	1	1	1445	mechanical_normalization	yes
1442	1442	1	1	1442	mechanical_normalization	yes
1435	1435	1	1	1435	mechanical_normalization	yes
1409	1409	1	1	1409	mechanical_normalization	yes
606	606	1	1	606	mechanical_normalization	yes
603	603	1	1	603	mechanical_normalization	yes
598	598	1	1	598	mechanical_normalization	yes
595	595	1	1	595	mechanical_normalization	yes
1075	1075	1	1	1075	mechanical_normalization	yes
583	583	1	1	583	mechanical_normalization	yes
578	578	1	1	578	mechanical_normalization	yes
566	566	1	1	566	mechanical_normalization	yes
505	505	1	1	505	mechanical_normalization	yes
504	504	1	1	504	mechanical_normalization	yes
484	484	1	1	484	mechanical_normalization	yes
483	483	1	1	483	mechanical_normalization	yes
477	477	1	1	477	mechanical_normalization	yes
469	469	1	1	469	mechanical_normalization	yes
46	46	1	1	46	mechanical_normalization	yes
456	456	1	1	456	mechanical_normalization	yes
1047	1047	1	1	1047	mechanical_normalization	yes
1377	1377	1	1	1377	mechanical_normalization	yes
1370	1370	1	1	1370	mechanical_normalization	yes
1367	1367	1	1	1367	mechanical_normalization	yes
1361	1361	1	1	1361	mechanical_normalization	yes
1360	1360	1	1	1360	mechanical_normalization	yes
1353	1353	1	1	1353	mechanical_normalization	yes
1349	1349	1	1	1349	mechanical_normalization	yes
1347	1347	1	1	1347	mechanical_normalization	yes
1339	1339	1	1	1339	mechanical_normalization	yes
1332	1332	1	1	1332	mechanical_normalization	yes
1329	1329	1	1	1329	mechanical_normalization	yes
1327	1327	1	1	1327	mechanical_normalization	yes
1321	1321	1	1	1321	mechanical_normalization	yes
1156	1156	1	1	1156	mechanical_normalization	yes
1143	1143	1	1	1143	mechanical_normalization	yes
1141	1141	1	1	1141	mechanical_normalization	yes
1140	1140	1	1	1140	mechanical_normalization	yes
981	981	1	1	981	mechanical_normalization	yes
967	967	1	1	967	mechanical_normalization	yes
963	963	1	1	963	mechanical_normalization	yes
1125	1125	1	1	1125	mechanical_normalization	yes
931	931	1	1	931	mechanical_normalization	yes
923	923	1	1	923	mechanical_normalization	yes
910	910	1	1	910	mechanical_normalization	yes
907	907	1	1	907	mechanical_normalization	yes
902	902	1	1	902	mechanical_normalization	yes
874	874	1	1	874	mechanical_normalization	yes
852	852	1	1	852	mechanical_normalization	yes
745	745	1	1	745	mechanical_normalization	yes
726	726	1	1	726	mechanical_normalization	yes
725	725	1	1	725	mechanical_normalization	yes
721	721	1	1	721	mechanical_normalization	yes
702	702	1	1	702	mechanical_normalization	yes
694	694	1	1	694	mechanical_normalization	yes
687	687	1	1	687	mechanical_normalization	yes
685	685	1	1	685	mechanical_normalization	yes
684	684	1	1	684	mechanical_normalization	yes
1302	1302	1	1	1302	mechanical_normalization	yes
1298	1298	1	1	1298	mechanical_normalization	yes
1288	1288	1	1	1288	mechanical_normalization	yes
1283	1283	1	1	1283	mechanical_normalization	yes
523	523	1	1	523	mechanical_normalization	yes
510	510	1	1	510	mechanical_normalization	yes
51	51	1	1	51	mechanical_normalization	yes
1003	1003	1	1	1003	mechanical_normalization	yes
V221_Dongnong92-11	v221dongnong9211	1	1	V221_Dongnong92-11	mechanical_normalization	no
V184_Puyou9	v184puyou9	1	1	V184_Puyou9	mechanical_normalization	no
V182_Wuyoudao4	v182wuyoudao4	1	1	V182_Wuyoudao4	mechanical_normalization	no
V180_Wuyoudao1	v180wuyoudao1	1	1	V180_Wuyoudao1	mechanical_normalization	no
V177_Changlixiang	v177changlixiang	1	1	V177_Changlixiang	mechanical_normalization	no
V174_Song02-816	v174song02816	1	1	V174_Song02-816	mechanical_normalization	no
V173_Song02-811	v173song02811	1	1	V173_Song02-811	mechanical_normalization	no
V169_fukei_198	v169fukei198	1	1	V169_fukei_198	mechanical_normalization	no
V165_Songgeng5	v165songgeng5	1	1	V165_Songgeng5	mechanical_normalization	no
V099_Longhua05-379	v099longhua05379	1	1	V099_Longhua05-379	mechanical_normalization	no
V403_jinboo	v403jinboo	1	1	V403_jinboo	mechanical_normalization	no
V398_hongzinzoo	v398hongzinzoo	1	1	V398_hongzinzoo	mechanical_normalization	no
V395_woonbong	v395woonbong	1	1	V395_woonbong	mechanical_normalization	no
V151_Mudanjiang12	v151mudanjiang12	1	1	V151_Mudanjiang12	mechanical_normalization	no
V145_Nongda04-006	v145nongda04006	1	1	V145_Nongda04-006	mechanical_normalization	no
V133_Sui7365	v133sui7365	1	1	V133_Sui7365	mechanical_normalization	no
V273_Jinian4	v273jinian4	1	1	V273_Jinian4	mechanical_normalization	no
V259_Jigeng79	v259jigeng79	1	1	V259_Jigeng79	mechanical_normalization	no
V252_Hanjiu	v252hanjiu	1	1	V252_Hanjiu	mechanical_normalization	no
V249_Chaochan1	v249chaochan1	1	1	V249_Chaochan1	mechanical_normalization	no
V247_Changbai16	v247changbai16	1	1	V247_Changbai16	mechanical_normalization	no
V213_Dongnong8011	v213dongnong8011	1	1	V213_Dongnong8011	mechanical_normalization	no
V205_Dongnong429	v205dongnong429	1	1	V205_Dongnong429	mechanical_normalization	no
V204_Dongnong428	v204dongnong428	1	1	V204_Dongnong428	mechanical_normalization	no
V021_Liushuzhong	v021liushuzhong	1	1	V021_Liushuzhong	mechanical_normalization	no
V191_Fugeng24	v191fugeng24	1	1	V191_Fugeng24	mechanical_normalization	no
V188_Puxuan10	v188puxuan10	1	1	V188_Puxuan10	mechanical_normalization	no
V067_Kendao07-921	v067kendao07921	1	1	V067_Kendao07-921	mechanical_normalization	no
V066_Kendao07-774	v066kendao07774	1	1	V066_Kendao07-774	mechanical_normalization	no
V064_Kengeng04-1031	v064kengeng041031	1	1	V064_Kengeng04-1031	mechanical_normalization	no
V056_Kendao9	v056kendao9	1	1	V056_Kendao9	mechanical_normalization	no
V553_Longdao18	v553longdao18	1	1	V553_Longdao18	mechanical_normalization	no
V550_Longdao14	v550longdao14	1	1	V550_Longdao14	mechanical_normalization	no
V549_Longdao13	v549longdao13	1	1	V549_Longdao13	mechanical_normalization	no
V548_Longdao12	v548longdao12	1	1	V548_Longdao12	mechanical_normalization	no
V541_Xiushui_128	v541xiushui128	1	1	V541_Xiushui_128	mechanical_normalization	no
V495_Mudanjiang9	v495mudanjiang9	1	1	V495_Mudanjiang9	mechanical_normalization	no
V050_Dongnong413	v050dongnong413	1	1	V050_Dongnong413	mechanical_normalization	no
V483_Jixidao1	v483jixidao1	1	1	V483_Jixidao1	mechanical_normalization	no
V479_Hejiang20	v479hejiang20	1	1	V479_Hejiang20	mechanical_normalization	no
V326_Kaigeng3	v326kaigeng3	1	1	V326_Kaigeng3	mechanical_normalization	no
V325_Kaigeng2	v325kaigeng2	1	1	V325_Kaigeng2	mechanical_normalization	no
V318_Yan87-29	v318yan8729	1	1	V318_Yan87-29	mechanical_normalization	no
V311_Tongyu3293	v311tongyu3293	1	1	V311_Tongyu3293	mechanical_normalization	no
V305_Tongyu302	v305tongyu302	1	1	V305_Tongyu302	mechanical_normalization	no
V297_Jinongda3	v297jinongda3	1	1	V297_Jinongda3	mechanical_normalization	no
V030_Mudanjiang1	v030mudanjiang1	1	1	V030_Mudanjiang1	mechanical_normalization	no
V282_Fengyou205	v282fengyou205	1	1	V282_Fengyou205	mechanical_normalization	no
V276_Ji86-11	v276ji8611	1	1	V276_Ji86-11	mechanical_normalization	no
V128_Suigeng7	v128suigeng7	1	1	V128_Suigeng7	mechanical_normalization	no
V115_Longdao4	v115longdao4	1	1	V115_Longdao4	mechanical_normalization	no
V114_Longdao3	v114longdao3	1	1	V114_Longdao3	mechanical_normalization	no
V113_Longdao1	v113longdao1	1	1	V113_Longdao1	mechanical_normalization	no
V107_Longyu05-158	v107longyu05158	1	1	V107_Longyu05-158	mechanical_normalization	no
V011_laotoudao	v011laotoudao	1	1	V011_laotoudao	mechanical_normalization	no
V091_Longgeng24	v091longgeng24	1	1	V091_Longgeng24	mechanical_normalization	no
V087_Longgeng20	v087longgeng20	1	1	V087_Longgeng20	mechanical_normalization	no
V079_Longgeng11	v079longgeng11	1	1	V079_Longgeng11	mechanical_normalization	no
V074_Kuiku131	v074kuiku131	1	1	V074_Kuiku131	mechanical_normalization	no
V385_sangmibyeo	v385sangmibyeo	1	1	V385_sangmibyeo	mechanical_normalization	no
V382_moonzangbyeo	v382moonzangbyeo	1	1	V382_moonzangbyeo	mechanical_normalization	no
V369_tieludao	v369tieludao	1	1	V369_tieludao	mechanical_normalization	no
V362_fuchiminori	v362fuchiminori	1	1	V362_fuchiminori	mechanical_normalization	no
V361_fuchisaka_5	v361fuchisaka5	1	1	V361_fuchisaka_5	mechanical_normalization	no
V360_sasashigure	v360sasashigure	1	1	V360_sasashigure	mechanical_normalization	no
V359_sasanishiki	v359sasanishiki	1	1	V359_sasanishiki	mechanical_normalization	no
V036_Hejiang23	v036hejiang23	1	1	V036_Hejiang23	mechanical_normalization	no
V351_reimei	v351reimei	1	1	V351_reimei	mechanical_normalization	no
V345_etsuu_334	v345etsuu334	1	1	V345_etsuu_334	mechanical_normalization	no
V342_Shendao9	v342shendao9	1	1	V342_Shendao9	mechanical_normalization	no
V339_Liaoyan283	v339liaoyan283	1	1	V339_Liaoyan283	mechanical_normalization	no
V539_Xiushui_114	v539xiushui114	1	1	V539_Xiushui_114	mechanical_normalization	no
V536_Xiushui_09	v536xiushui09	1	1	V536_Xiushui_09	mechanical_normalization	no
V533_Mudanjiang17	v533mudanjiang17	1	1	V533_Mudanjiang17	mechanical_normalization	no
V530_Kenxiangnuo1	v530kenxiangnuo1	1	1	V530_Kenxiangnuo1	mechanical_normalization	no
V523_Longdao2	v523longdao2	1	1	V523_Longdao2	mechanical_normalization	no
V520_Songgengxiang2	v520songgengxiang2	1	1	V520_Songgengxiang2	mechanical_normalization	no
V517_Songgeng14	v517songgeng14	1	1	V517_Songgeng14	mechanical_normalization	no
V513_Songgeng10	v513songgeng10	1	1	V513_Songgeng10	mechanical_normalization	no
V508_Suigeng12	v508suigeng12	1	1	V508_Suigeng12	mechanical_normalization	no
V477_Hejiang15	v477hejiang15	1	1	V477_Hejiang15	mechanical_normalization	no
V474_Hejiang10	v474hejiang10	1	1	V474_Hejiang10	mechanical_normalization	no
V473_Hejiang9	v473hejiang9	1	1	V473_Hejiang9	mechanical_normalization	no
V464_Longgeng31	v464longgeng31	1	1	V464_Longgeng31	mechanical_normalization	no
V463_Longgeng30	v463longgeng30	1	1	V463_Longgeng30	mechanical_normalization	no
V462_Longgeng18	v462longgeng18	1	1	V462_Longgeng18	mechanical_normalization	no
V457_Longgeng4	v457longgeng4	1	1	V457_Longgeng4	mechanical_normalization	no
V455_Longgeng2	v455longgeng2	1	1	V455_Longgeng2	mechanical_normalization	no
V436_Heigeng2	v436heigeng2	1	1	V436_Heigeng2	mechanical_normalization	no
V434_matsumotomochi	v434matsumotomochi	1	1	V434_matsumotomochi	mechanical_normalization	no
V429_guozhu	v429guozhu	1	1	V429_guozhu	mechanical_normalization	no
V427_wonong71	v427wonong71	1	1	V427_wonong71	mechanical_normalization	no
V426_Haifu913	v426haifu913	1	1	V426_Haifu913	mechanical_normalization	no
V423_17777	v42317777	1	1	V423_17777	mechanical_normalization	yes
V240_Changbai9	v240changbai9	1	1	V240_Changbai9	mechanical_normalization	no
V239_Changbai7	v239changbai7	1	1	V239_Changbai7	mechanical_normalization	no
TI-128	ti128	1	1	TI-128	mechanical_normalization	yes
PN10	pn10	1	1	PN10	mechanical_normalization	yes
PN7	pn7	1	1	PN7	mechanical_normalization	yes
PN5	pn5	1	1	PN5	mechanical_normalization	yes
PN36	pn36	1	1	PN36	mechanical_normalization	yes
PN25	pn25	1	1	PN25	mechanical_normalization	yes
PN24	pn24	1	1	PN24	mechanical_normalization	yes
PN15	pn15	1	1	PN15	mechanical_normalization	yes
PN13	pn13	1	1	PN13	mechanical_normalization	yes
PN11	pn11	1	1	PN11	mechanical_normalization	yes
Ashoka 200F	ashoka200f	1	1	Ashoka 200F	mechanical_normalization	no
Pulut-Hitam1	puluthitam1	1	1	Pulut-Hitam1	mechanical_normalization	no
Pulut_Hitam	puluthitam	1	1	Pulut_Hitam	mechanical_normalization	no
Balatinaw	balatinaw	1	1	Balatinaw	mechanical_normalization	no
Pulut-Hitam3	puluthitam3	1	1	Pulut-Hitam3	mechanical_normalization	no
Kalubalawee	kalubalawee	1	1	Kalubalawee	mechanical_normalization	no
Adong-Hitam	adonghitam	1	1	Adong-Hitam	mechanical_normalization	no
Banskopi-Red	banskopired	1	1	Banskopi-Red	mechanical_normalization	no
Khao-Niaw-Dam	khaoniawdam	1	1	Khao-Niaw-Dam	mechanical_normalization	no
SR35266-2-12-2-1	sr3526621221	1	1	SR35266-2-12-2-1	mechanical_normalization	yes
SR35250-1-17-2-2	sr3525011722	1	1	SR35250-1-17-2-2	mechanical_normalization	yes
SR35266-2-12-4-1	sr3526621241	1	1	SR35266-2-12-4-1	mechanical_normalization	yes
SR35266-2-16-1-1	sr3526621611	1	1	SR35266-2-16-1-1	mechanical_normalization	yes
SR34590-HB3433-5-1-1	sr34590hb3433511	1	1	SR34590-HB3433-5-1-1	mechanical_normalization	no
ART350:2-6-1-B	art350261b	1	1	ART350:2-6-1-B	mechanical_normalization	yes
SR35266-2-12-1-1	sr3526621211	1	1	SR35266-2-12-1-1	mechanical_normalization	yes
SR35250-1-23-2-1	sr3525012321	1	1	SR35250-1-23-2-1	mechanical_normalization	yes
SR34599-8B3440-222-1	sr345998b34402221	1	1	SR34599-8B3440-222-1	mechanical_normalization	no
ORYLUX6	orylux6	1	1	ORYLUX6	mechanical_normalization	no
WAB2135-WAC B-2-TGR3-WAT8-3	wab2135wacb2tgr3wat83	1	1	WAB2135-WAC B-2-TGR3-WAT8-3	mechanical_normalization	no
IR64/RYMV1-3	ir64rymv13	1	1	IR64/RYMV1-3	mechanical_normalization	no
Viwonor Tall	viwonortall	1	1	Viwonor Tall	mechanical_normalization	no
HR32067F1-4-16-1	hr32067f14161	1	1	HR32067F1-4-16-1	mechanical_normalization	no
KAF 228	kaf228	1	1	KAF 228	mechanical_normalization	yes
NERICA L-41	nerical41	1	1	NERICA L-41	mechanical_normalization	no
CRI-Dartey	cridartey	1	1	CRI-Dartey	mechanical_normalization	no
ART397-12-1-1-1-B-B	art39712111bb	1	1	ART397-12-1-1-1-B-B	mechanical_normalization	no
AGRA-CRI-LOL-2-27	agracrilol227	1	1	AGRA-CRI-LOL-2-27	mechanical_normalization	no
Wandoaengmi6	wandoaengmi6	1	1	Wandoaengmi6	mechanical_normalization	no
Nungyu Waxy 35	nungyuwaxy35	1	1	Nungyu Waxy 35	mechanical_normalization	no
ASH31	ash31	1	1	ASH31	mechanical_normalization	yes
5304S	5304s	1	1	5304S	mechanical_normalization	yes
ShengtaiA	shengtaia	1	1	ShengtaiA	mechanical_normalization	no
BingA	binga	1	1	BingA	mechanical_normalization	no
Lu206A	lu206a	1	1	Lu206A	mechanical_normalization	yes
Joseondo	joseondo	1	1	Joseondo	mechanical_normalization	no
Waejo	waejo	1	1	Waejo	mechanical_normalization	no
Ojeonggeun	ojeonggeun	1	1	Ojeonggeun	mechanical_normalization	no
Yejo	yejo	1	1	Yejo	mechanical_normalization	no
Haeoreumi	haeoreumi	1	1	Haeoreumi	mechanical_normalization	no
Dami	dami	1	1	Dami	mechanical_normalization	no
Yeobyeo	yeobyeo	1	1	Yeobyeo	mechanical_normalization	no
Sukna	sukna	1	1	Sukna	mechanical_normalization	no
Soemeoribyoe	soemeoribyoe	1	1	Soemeoribyoe	mechanical_normalization	no
Sadocho	sadocho	1	1	Sadocho	mechanical_normalization	no
Musando	musando	1	1	Musando	mechanical_normalization	no
Cheongcheongjinmi	cheongcheongjinmi	1	1	Cheongcheongjinmi	mechanical_normalization	no
Baegjinju	baegjinju	1	1	Baegjinju	mechanical_normalization	no
Anseong	anseong	1	1	Anseong	mechanical_normalization	no
Sura	sura	1	1	Sura	mechanical_normalization	no
Seojinbyeo	seojinbyeo	1	1	Seojinbyeo	mechanical_normalization	no
Hwanambyeo	hwanambyeo	1	1	Hwanambyeo	mechanical_normalization	no
Seonseo	seonseo	1	1	Seonseo	mechanical_normalization	no
Chichabyeo	chichabyeo	1	1	Chichabyeo	mechanical_normalization	no
Dalgolmot	dalgolmot	1	1	Dalgolmot	mechanical_normalization	no
Donna	donna	1	1	Donna	mechanical_normalization	no
Mudaraegi	mudaraegi	1	1	Mudaraegi	mechanical_normalization	no
Dangdo	dangdo	1	1	Dangdo	mechanical_normalization	no
Yongmun	yongmun	1	1	Yongmun	mechanical_normalization	no
Yeonghojinmi	yeonghojinmi	1	1	Yeonghojinmi	mechanical_normalization	no
Undoo	undoo	1	1	Undoo	mechanical_normalization	no
Suan	suan	1	1	Suan	mechanical_normalization	no
Daeyabyeo	daeyabyeo	1	1	Daeyabyeo	mechanical_normalization	no
Sinunbongbyeo	sinunbongbyeo	1	1	Sinunbongbyeo	mechanical_normalization	no
Tamjinbyeo	tamjinbyeo	1	1	Tamjinbyeo	mechanical_normalization	no
Galsaekggaraksyare	galsaekggaraksyare	1	1	Galsaekggaraksyare	mechanical_normalization	no
Seondal	seondal	1	1	Seondal	mechanical_normalization	no
Pyeongbuk 8	pyeongbuk8	1	1	Pyeongbuk 8	mechanical_normalization	no
Patbyeo	patbyeo	1	1	Patbyeo	mechanical_normalization	no
Jinando	jinando	1	1	Jinando	mechanical_normalization	no
Saegyehwa	saegyehwa	1	1	Saegyehwa	mechanical_normalization	no
Joun	joun	1	1	Joun	mechanical_normalization	no
Jopyeong	jopyeong	1	1	Jopyeong	mechanical_normalization	no
Hwaseong	hwaseong	1	1	Hwaseong	mechanical_normalization	no
Oochikara	oochikara	1	1	Oochikara	mechanical_normalization	no
Kitakogane	kitakogane	1	1	Kitakogane	mechanical_normalization	no
Calrose 76	calrose76	1	1	Calrose 76	mechanical_normalization	no
Kaoshiung 142	kaoshiung142	1	1	Kaoshiung 142	mechanical_normalization	no
Ningjing 14	ningjing14	1	1	Ningjing 14	mechanical_normalization	no
Yunjingyou 15	yunjingyou15	1	1	Yunjingyou 15	mechanical_normalization	no
Jingxiang 1	jingxiang1	1	1	Jingxiang 1	mechanical_normalization	no
Sinboi3	sinboi3	1	1	Sinboi3	mechanical_normalization	no
Yamasenishiki	yamasenishiki	1	1	Yamasenishiki	mechanical_normalization	no
Yamahikari	yamahikari	1	1	Yamahikari	mechanical_normalization	no
Chiyominori	chiyominori	1	1	Chiyominori	mechanical_normalization	no
Mutsukaori	mutsukaori	1	1	Mutsukaori	mechanical_normalization	no
Gia Loc 37	gialoc37	1	1	Gia Loc 37	mechanical_normalization	no
PD211	pd211	1	1	PD211	mechanical_normalization	yes
HAOHAI	haohai	1	1	HAOHAI	mechanical_normalization	no
C 22	c22	1	1	C 22	mechanical_normalization	yes
HAOGANG	haogang	1	1	HAOGANG	mechanical_normalization	no
KU 70-1	ku701	1	1	KU 70-1	mechanical_normalization	yes
DNJ 171	dnj171	1	1	DNJ 171	mechanical_normalization	yes
AUS 454	aus454	1	1	AUS 454	mechanical_normalization	yes
ZHONGHAN 3	zhonghan3	1	1	ZHONGHAN 3	mechanical_normalization	no
EMATA YIN	ematayin	1	1	EMATA YIN	mechanical_normalization	no
IAC 1	iac1	1	1	IAC 1	mechanical_normalization	yes
DJAUB	djaub	1	1	DJAUB	mechanical_normalization	no
MIGA	miga	1	1	MIGA	mechanical_normalization	no
MRC 172-9	mrc1729	1	1	MRC 172-9	mechanical_normalization	yes
LIUHUANGZHAN	liuhuangzhan	1	1	LIUHUANGZHAN	mechanical_normalization	no
DS001	ds001	1	1	DS001	mechanical_normalization	yes
BLUE BELLE	bluebelle	1	1	BLUE BELLE	mechanical_normalization	no
IR 65907-116-1-B	ir659071161b	1	1	IR 65907-116-1-B	mechanical_normalization	yes
CARTUNA	cartuna	1	1	CARTUNA	mechanical_normalization	no
BINIRHEN	binirhen	1	1	BINIRHEN	mechanical_normalization	no
HANDAO 8	handao8	1	1	HANDAO 8	mechanical_normalization	no
HUHAN 1B	huhan1b	1	1	HUHAN 1B	mechanical_normalization	no
HUHAN 7B	huhan7b	1	1	HUHAN 7B	mechanical_normalization	no
XIANGQING	xiangqing	1	1	XIANGQING	mechanical_normalization	no
BUGEL	bugel	1	1	BUGEL	mechanical_normalization	no
QIPARAT 2	qiparat2	1	1	QIPARAT 2	mechanical_normalization	no
HUHAN 2B	huhan2b	1	1	HUHAN 2B	mechanical_normalization	no
Amareles	amareles	1	1	Amareles	mechanical_normalization	no
ZALE	zale	1	1	ZALE	mechanical_normalization	no
C70	c70	1	1	C70	mechanical_normalization	yes
Liangeng7hao	liangeng7hao	1	1	Liangeng7hao	mechanical_normalization	no
Bhavani	bhavani	1	1	Bhavani	mechanical_normalization	no
Budda	budda	1	1	Budda	mechanical_normalization	no
IRAT26	irat26	1	1	IRAT26	mechanical_normalization	yes
Koshihijar	koshihijar	1	1	Koshihijar	mechanical_normalization	no
Hanyou73	hanyou73	1	1	Hanyou73	mechanical_normalization	no
Teyouhuazhan	teyouhuazhan	1	1	Teyouhuazhan	mechanical_normalization	no
Yliangyou1	yliangyou1	1	1	Yliangyou1	mechanical_normalization	no
Guihuaqiu	guihuaqiu	1	1	Guihuaqiu	mechanical_normalization	no
G40911	g40911	1	1	G40911	mechanical_normalization	yes
G40901	g40901	1	1	G40901	mechanical_normalization	yes
G42221	g42221	1	1	G42221	mechanical_normalization	yes
G42101	g42101	1	1	G42101	mechanical_normalization	yes
G42091	g42091	1	1	G42091	mechanical_normalization	yes
G42081	g42081	1	1	G42081	mechanical_normalization	yes
G42021	g42021	1	1	G42021	mechanical_normalization	yes
G41961	g41961	1	1	G41961	mechanical_normalization	yes
G41941	g41941	1	1	G41941	mechanical_normalization	yes
G41921	g41921	1	1	G41921	mechanical_normalization	yes
G40211	g40211	1	1	G40211	mechanical_normalization	yes
G40551	g40551	1	1	G40551	mechanical_normalization	yes
G40061	g40061	1	1	G40061	mechanical_normalization	yes
G40471	g40471	1	1	G40471	mechanical_normalization	yes
G40261	g40261	1	1	G40261	mechanical_normalization	yes
G40251	g40251	1	1	G40251	mechanical_normalization	yes
G40031	g40031	1	1	G40031	mechanical_normalization	yes
G41781	g41781	1	1	G41781	mechanical_normalization	yes
G41711	g41711	1	1	G41711	mechanical_normalization	yes
G41651	g41651	1	1	G41651	mechanical_normalization	yes
G41641	g41641	1	1	G41641	mechanical_normalization	yes
G41631	g41631	1	1	G41631	mechanical_normalization	yes
G41621	g41621	1	1	G41621	mechanical_normalization	yes
G41111	g41111	1	1	G41111	mechanical_normalization	yes
G41101	g41101	1	1	G41101	mechanical_normalization	yes
G40972	g40972	1	1	G40972	mechanical_normalization	yes
G41531	g41531	1	1	G41531	mechanical_normalization	yes
G41491	g41491	1	1	G41491	mechanical_normalization	yes
G41441	g41441	1	1	G41441	mechanical_normalization	yes
G41351	g41351	1	1	G41351	mechanical_normalization	yes
G41291	g41291	1	1	G41291	mechanical_normalization	yes
G41221	g41221	1	1	G41221	mechanical_normalization	yes
Dodeog14	dodeog14	1	1	Dodeog14	mechanical_normalization	no
Dodeog11	dodeog11	1	1	Dodeog11	mechanical_normalization	no
Daedong8	daedong8	1	1	Daedong8	mechanical_normalization	no
Daedong6	daedong6	1	1	Daedong6	mechanical_normalization	no
Daedong5	daedong5	1	1	Daedong5	mechanical_normalization	no
Daegwan2	daegwan2	1	1	Daegwan2	mechanical_normalization	no
Gwiseong9	gwiseong9	1	1	Gwiseong9	mechanical_normalization	no
Gwiseong1	gwiseong1	1	1	Gwiseong1	mechanical_normalization	no
Gujang2	gujang2	1	1	Gujang2	mechanical_normalization	no
Pyeongang7	pyeongang7	1	1	Pyeongang7	mechanical_normalization	no
Pyeongang4	pyeongang4	1	1	Pyeongang4	mechanical_normalization	no
Pyeongang3	pyeongang3	1	1	Pyeongang3	mechanical_normalization	no
Pyeongang2	pyeongang2	1	1	Pyeongang2	mechanical_normalization	no
Pyeongang13	pyeongang13	1	1	Pyeongang13	mechanical_normalization	no
Pyeongang11	pyeongang11	1	1	Pyeongang11	mechanical_normalization	no
Tongcheon2	tongcheon2	1	1	Tongcheon2	mechanical_normalization	no
Cheolwon1	cheolwon1	1	1	Cheolwon1	mechanical_normalization	no
Wonju7	wonju7	1	1	Wonju7	mechanical_normalization	no
Wonju6	wonju6	1	1	Wonju6	mechanical_normalization	no
Wonju3	wonju3	1	1	Wonju3	mechanical_normalization	no
Sepu10	sepu10	1	1	Sepu10	mechanical_normalization	yes
Seoktap9	seoktap9	1	1	Seoktap9	mechanical_normalization	no
Onseong11	onseong11	1	1	Onseong11	mechanical_normalization	no
Onseong1	onseong1	1	1	Onseong1	mechanical_normalization	no
Yangsan3	yangsan3	1	1	Yangsan3	mechanical_normalization	no
Yangsan10	yangsan10	1	1	Yangsan10	mechanical_normalization	no
Sepu5	sepu5	1	1	Sepu5	mechanical_normalization	yes
Sepu2	sepu2	1	1	Sepu2	mechanical_normalization	yes
Ganggye 5	ganggye5	1	1	Ganggye 5	mechanical_normalization	no
Seoktap10	seoktap10	1	1	Seoktap10	mechanical_normalization	no
Mandali1	mandali1	1	1	Mandali1	mechanical_normalization	no
Dodeog7	dodeog7	1	1	Dodeog7	mechanical_normalization	no
Dodeog15	dodeog15	1	1	Dodeog15	mechanical_normalization	no
Gangnyeong9	gangnyeong9	1	1	Gangnyeong9	mechanical_normalization	no
Hoeyang1	hoeyang1	1	1	Hoeyang1	mechanical_normalization	no
Hwadae6	hwadae6	1	1	Hwadae6	mechanical_normalization	no
Hwadae2	hwadae2	1	1	Hwadae2	mechanical_normalization	no
Hwadae14	hwadae14	1	1	Hwadae14	mechanical_normalization	no
Hwadae10	hwadae10	1	1	Hwadae10	mechanical_normalization	no
Heocheon1	heocheon1	1	1	Heocheon1	mechanical_normalization	no
Taothabi	taothabi	1	1	Taothabi	mechanical_normalization	no
Khongan	khongan	1	1	Khongan	mechanical_normalization	no
cultivar1	cultivar1	1	1	cultivar1	mechanical_normalization	no
BC3_TCS10SBN	bc3tcs10sbn	1	1	BC3_TCS10SBN	mechanical_normalization	no
HB	hb	1	1	HB	mechanical_normalization	no
Yangjingnuo5	yangjingnuo5	1	1	Yangjingnuo5	mechanical_normalization	no
Yangjingnuo2	yangjingnuo2	1	1	Yangjingnuo2	mechanical_normalization	no
Sunuo7132	sunuo7132	1	1	Sunuo7132	mechanical_normalization	no
Yangjingnuo418	yangjingnuo418	1	1	Yangjingnuo418	mechanical_normalization	no
Sunuo9202	sunuo9202	1	1	Sunuo9202	mechanical_normalization	no
Zhennuo19	zhennuo19	1	1	Zhennuo19	mechanical_normalization	no
Nanjing12025	nanjing12025	1	1	Nanjing12025	mechanical_normalization	no
Zhefengnuo188	zhefengnuo188	1	1	Zhefengnuo188	mechanical_normalization	no
Zhennuo6147	zhennuo6147	1	1	Zhennuo6147	mechanical_normalization	no
Yandao507	yandao507	1	1	Yandao507	mechanical_normalization	no
Zhenuo65	zhenuo65	1	1	Zhenuo65	mechanical_normalization	no
Wuxiangnuo2225	wuxiangnuo2225	1	1	Wuxiangnuo2225	mechanical_normalization	no
Huixiangnuo103	huixiangnuo103	1	1	Huixiangnuo103	mechanical_normalization	no
Fengnuo22	fengnuo22	1	1	Fengnuo22	mechanical_normalization	no
Huojingnuo903	huojingnuo903	1	1	Huojingnuo903	mechanical_normalization	no
Qiannuo1314	qiannuo1314	1	1	Qiannuo1314	mechanical_normalization	no
Jinlingxiangnuo	jinlingxiangnuo	1	1	Jinlingxiangnuo	mechanical_normalization	no
Yannuo12	yannuo12	1	1	Yannuo12	mechanical_normalization	no
Wannuo53	wannuo53	1	1	Wannuo53	mechanical_normalization	no
Yangzinuo2101	yangzinuo2101	1	1	Yangzinuo2101	mechanical_normalization	no
Hybrid rice 4	hybridrice4	1	1	Hybrid rice 4	mechanical_normalization	no
P1	p1	1	1	P1	mechanical_normalization	yes
Yinxiang38	yinxiang38	1	1	Yinxiang38	mechanical_normalization	no
Quanxiang19	quanxiang19	1	1	Quanxiang19	mechanical_normalization	no
Hui Hong Nuo 8	huihongnuo8	1	1	Hui Hong Nuo 8	mechanical_normalization	no
Mei Te Zhan	meitezhan	1	1	Mei Te Zhan	mechanical_normalization	no
Yuan Gu Zhen Xiang	yuanguzhenxiang	1	1	Yuan Gu Zhen Xiang	mechanical_normalization	no
Lv Xiang Geng 28	lvxianggeng28	1	1	Lv Xiang Geng 28	mechanical_normalization	no
R205	r205	1	1	R205	mechanical_normalization	yes
Ken Dao 1866	kendao1866	1	1	Ken Dao 1866	mechanical_normalization	no
Mei Xian 26	meixian26	1	1	Mei Xian 26	mechanical_normalization	no
Mojito Colorado	mojitocolorado	1	1	Mojito Colorado	mechanical_normalization	no
Hong Qing Zao	hongqingzao	1	1	Hong Qing Zao	mechanical_normalization	no
Min Zao 1	minzao1	1	1	Min Zao 1	mechanical_normalization	no
Shuang Qin 810	shuangqin810	1	1	Shuang Qin 810	mechanical_normalization	no
Xu Xiang Geng 16 Hao	xuxianggeng16hao	1	1	Xu Xiang Geng 16 Hao	mechanical_normalization	no
Wang Yisheng 49424	wangyisheng49424	1	1	Wang Yisheng 49424	mechanical_normalization	no
Hu Han19	huhan19	1	1	Hu Han19	mechanical_normalization	no
Yu Nong Geng12	yunonggeng12	1	1	Yu Nong Geng12	mechanical_normalization	no
Guang Liang You19	guangliangyou19	1	1	Guang Liang You19	mechanical_normalization	no
P391	p391	1	1	P391	mechanical_normalization	yes
Vn10065	vn10065	1	1	Vn10065	mechanical_normalization	yes
Ir-44595	ir44595	1	1	Ir-44595	mechanical_normalization	yes
Hu Hui 8258	huhui8258	1	1	Hu Hui 8258	mechanical_normalization	no
Zhong Wang Si Miao	zhongwangsimiao	1	1	Zhong Wang Si Miao	mechanical_normalization	no
Gan Ning Geng 2	ganninggeng2	1	1	Gan Ning Geng 2	mechanical_normalization	no
Gou Dang 3	goudang3	1	1	Gou Dang 3	mechanical_normalization	no
Qing Xiang Dao 17	qingxiangdao17	1	1	Qing Xiang Dao 17	mechanical_normalization	no
Song 804	song804	1	1	Song 804	mechanical_normalization	yes
Qing Lin 898	qinglin898	1	1	Qing Lin 898	mechanical_normalization	no
Zhong Ke Yan 4	zhongkeyan4	1	1	Zhong Ke Yan 4	mechanical_normalization	no
Ning Xi 791	ningxi791	1	1	Ning Xi 791	mechanical_normalization	no
Sheng Dao 1722	shengdao1722	1	1	Sheng Dao 1722	mechanical_normalization	no
Yan Huang Xiang Geng 9	yanhuangxianggeng9	1	1	Yan Huang Xiang Geng 9	mechanical_normalization	no
He Xi Feng Zhan	hexifengzhan	1	1	He Xi Feng Zhan	mechanical_normalization	no
Zhan Jiang Hei Nuo	zhanjiangheinuo	1	1	Zhan Jiang Hei Nuo	mechanical_normalization	no
Shen 95B	shen95b	1	1	Shen 95B	mechanical_normalization	yes
Zi Gui Nuo	ziguinuo	1	1	Zi Gui Nuo	mechanical_normalization	no
Dian Xiang Xian 1	dianxiangxian1	1	1	Dian Xiang Xian 1	mechanical_normalization	no
Duo Nian Sheng Dao 23	duonianshengdao23	1	1	Duo Nian Sheng Dao 23	mechanical_normalization	no
Nong Da Yong Ning Lai	nongdayongninglai	1	1	Nong Da Yong Ning Lai	mechanical_normalization	no
Bao Shang Huang Ke Nuo	baoshanghuangkenuo	1	1	Bao Shang Huang Ke Nuo	mechanical_normalization	no
Qing Xiang Ruan Geng	qingxiangruangeng	1	1	Qing Xiang Ruan Geng	mechanical_normalization	no
Zhong Ke Fa 8 Hao	zhongkefa8hao	1	1	Zhong Ke Fa 8 Hao	mechanical_normalization	no
Edomen Scented	edomenscented	1	1	Edomen Scented	mechanical_normalization	no
Chibica	chibica	1	1	Chibica	mechanical_normalization	no
Jin Xiang Nuo	jinxiangnuo	1	1	Jin Xiang Nuo	mechanical_normalization	no
Ma Ke Xian	makexian	1	1	Ma Ke Xian	mechanical_normalization	no
Wen Dao 21	wendao21	1	1	Wen Dao 21	mechanical_normalization	no
Hong You 2	hongyou2	1	1	Hong You 2	mechanical_normalization	no
De You 18	deyou18	1	1	De You 18	mechanical_normalization	no
Xiang Jin 149	xiangjin149	1	1	Xiang Jin 149	mechanical_normalization	no
Zhong Ke Xi Lu 4	zhongkexilu4	1	1	Zhong Ke Xi Lu 4	mechanical_normalization	no
Wang Li Xiang Zhan	wanglixiangzhan	1	1	Wang Li Xiang Zhan	mechanical_normalization	no
S Pool	spool	1	1	S Pool	mechanical_normalization	no
9	9	1	1	9	mechanical_normalization	yes
8	8	1	1	8	mechanical_normalization	yes
26	26	1	1	26	mechanical_normalization	yes
22	22	1	1	22	mechanical_normalization	yes
unilchal	unilchal	1	1	unilchal	mechanical_normalization	no
seolbaek	seolbaek	1	1	seolbaek	mechanical_normalization	no
Sareh97-1	sareh971	1	1	Sareh97-1	mechanical_normalization	no
Sareh90-1-B	sareh901b	1	1	Sareh90-1-B	mechanical_normalization	no
palbangmi	palbangmi	1	1	palbangmi	mechanical_normalization	no
nonganbyeo	nonganbyeo	1	1	nonganbyeo	mechanical_normalization	no
nokwoo	nokwoo	1	1	nokwoo	mechanical_normalization	no
jinbuolbyeo	jinbuolbyeo	1	1	jinbuolbyeo	mechanical_normalization	no
Jeongseon7	jeongseon7	1	1	Jeongseon7	mechanical_normalization	no
jeogjinjuchal	jeogjinjuchal	1	1	jeogjinjuchal	mechanical_normalization	no
heugnambyeo	heugnambyeo	1	1	heugnambyeo	mechanical_normalization	no
dasan1ho	dasan1ho	1	1	dasan1ho	mechanical_normalization	no
dangchanjinmi	dangchanjinmi	1	1	dangchanjinmi	mechanical_normalization	no
amissal	amissal	1	1	amissal	mechanical_normalization	no
cheongbaekchal	cheongbaekchal	1	1	cheongbaekchal	mechanical_normalization	no
boseogheugchal	boseogheugchal	1	1	boseogheugchal	mechanical_normalization	no
YW2169	yw2169	1	1	YW2169	mechanical_normalization	yes
276	276	1	1	276	mechanical_normalization	yes
YR32	yr32	1	1	YR32	mechanical_normalization	yes
YR13	yr13	1	1	YR13	mechanical_normalization	yes
Haploid2-1	haploid21	1	1	Haploid2-1	mechanical_normalization	no
Chunyou84 F2-3	chunyou84f23	1	1	Chunyou84 F2-3	mechanical_normalization	no
Haploid2-3	haploid23	1	1	Haploid2-3	mechanical_normalization	no
Haploid2-2	haploid22	1	1	Haploid2-2	mechanical_normalization	no
Taichung Sen 17	taichungsen17	1	1	Taichung Sen 17	mechanical_normalization	no
HD961	hd961	1	1	HD961	mechanical_normalization	yes
H9	h9	1	1	H9	mechanical_normalization	yes
ND	nd	1	1	ND	mechanical_normalization	no
L13	l13	1	1	L13	mechanical_normalization	yes
Nangeng46	nangeng46	1	1	Nangeng46	mechanical_normalization	no
L28	l28	1	1	L28	mechanical_normalization	yes
Kitaake FN2752-S	kitaakefn2752s	1	1	Kitaake FN2752-S	mechanical_normalization	no
Kitaake FN2719-S	kitaakefn2719s	1	1	Kitaake FN2719-S	mechanical_normalization	no
Kitaake FN2651-S	kitaakefn2651s	1	1	Kitaake FN2651-S	mechanical_normalization	no
Kitaake FN2549-S_5-B07	kitaakefn2549s5b07	1	1	Kitaake FN2549-S_5-B07	mechanical_normalization	no
Kitaake FN2564-S_5-C09	kitaakefn2564s5c09	1	1	Kitaake FN2564-S_5-C09	mechanical_normalization	no
Kitaake FN2566-S_5-C10	kitaakefn2566s5c10	1	1	Kitaake FN2566-S_5-C10	mechanical_normalization	no
Kitaake FN2574-S_5-D02	kitaakefn2574s5d02	1	1	Kitaake FN2574-S_5-D02	mechanical_normalization	no
Kitaake FN3123-S	kitaakefn3123s	1	1	Kitaake FN3123-S	mechanical_normalization	no
Kitaake FN2573-S_5-D01	kitaakefn2573s5d01	1	1	Kitaake FN2573-S_5-D01	mechanical_normalization	no
Kitaake FN3165-S	kitaakefn3165s	1	1	Kitaake FN3165-S	mechanical_normalization	no
Kitaake FN3171-S	kitaakefn3171s	1	1	Kitaake FN3171-S	mechanical_normalization	no
Kitaake FN3129-S	kitaakefn3129s	1	1	Kitaake FN3129-S	mechanical_normalization	no
Kitaake FN3181-S	kitaakefn3181s	1	1	Kitaake FN3181-S	mechanical_normalization	no
Kitaake Xa26-8-3-2	kitaakexa26832	1	1	Kitaake Xa26-8-3-2	mechanical_normalization	no
Fenghuazhan	fenghuazhan	1	1	Fenghuazhan	mechanical_normalization	no
Guangchangai3784	guangchangai3784	1	1	Guangchangai3784	mechanical_normalization	no
Shuhui288	shuhui288	1	1	Shuhui288	mechanical_normalization	no
Qingfengai	qingfengai	1	1	Qingfengai	mechanical_normalization	no
205R	205r	1	1	205R	mechanical_normalization	yes
Jiduilun	jiduilun	1	1	Jiduilun	mechanical_normalization	no
Sanbaili	sanbaili	1	1	Sanbaili	mechanical_normalization	no
Varylava	varylava	1	1	Varylava	mechanical_normalization	no
Xiangaizao10hao	xiangaizao10hao	1	1	Xiangaizao10hao	mechanical_normalization	no
Kitaake ubi-XA21 FN-262	kitaakeubixa21fn262	1	1	Kitaake ubi-XA21 FN-262	mechanical_normalization	no
Kitaake ubi-XA21 FN-291	kitaakeubixa21fn291	1	1	Kitaake ubi-XA21 FN-291	mechanical_normalization	no
Kitaake ubi-XA21 FN-298	kitaakeubixa21fn298	1	1	Kitaake ubi-XA21 FN-298	mechanical_normalization	no
Kitaake ubi-XA21 FN-301	kitaakeubixa21fn301	1	1	Kitaake ubi-XA21 FN-301	mechanical_normalization	no
Kitaake ubi-XA21 FN-303	kitaakeubixa21fn303	1	1	Kitaake ubi-XA21 FN-303	mechanical_normalization	no
Kitaake ubi-XA21 FN-332	kitaakeubixa21fn332	1	1	Kitaake ubi-XA21 FN-332	mechanical_normalization	no
Kitaake ubi-XA21 FN-328	kitaakeubixa21fn328	1	1	Kitaake ubi-XA21 FN-328	mechanical_normalization	no
Kitaake ubi-XA21 FN-313	kitaakeubixa21fn313	1	1	Kitaake ubi-XA21 FN-313	mechanical_normalization	no
Kitaake ubi-XA21 FN-345	kitaakeubixa21fn345	1	1	Kitaake ubi-XA21 FN-345	mechanical_normalization	no
Kitaake ubi-XA21 FN-362	kitaakeubixa21fn362	1	1	Kitaake ubi-XA21 FN-362	mechanical_normalization	no
Kitaake ubi-XA21 FN-356	kitaakeubixa21fn356	1	1	Kitaake ubi-XA21 FN-356	mechanical_normalization	no
Kitaake ubi-XA21 FN-374	kitaakeubixa21fn374	1	1	Kitaake ubi-XA21 FN-374	mechanical_normalization	no
Kitaake ubi-XA21 FN-368	kitaakeubixa21fn368	1	1	Kitaake ubi-XA21 FN-368	mechanical_normalization	no
Kitaake ubi-XA21 FN-375	kitaakeubixa21fn375	1	1	Kitaake ubi-XA21 FN-375	mechanical_normalization	no
Kitaake ubi-XA21 FN-380	kitaakeubixa21fn380	1	1	Kitaake ubi-XA21 FN-380	mechanical_normalization	no
Kitaake ubi-XA21 FN-401	kitaakeubixa21fn401	1	1	Kitaake ubi-XA21 FN-401	mechanical_normalization	no
Kitaake ubi-XA21 FN-388	kitaakeubixa21fn388	1	1	Kitaake ubi-XA21 FN-388	mechanical_normalization	no
Kitaake ubi-XA21 FN-386	kitaakeubixa21fn386	1	1	Kitaake ubi-XA21 FN-386	mechanical_normalization	no
Kitaake ubi-XA21 FN-411	kitaakeubixa21fn411	1	1	Kitaake ubi-XA21 FN-411	mechanical_normalization	no
Kitaake ubi-XA21 FN-387	kitaakeubixa21fn387	1	1	Kitaake ubi-XA21 FN-387	mechanical_normalization	no
Kitaake ubi-XA21 FN-394	kitaakeubixa21fn394	1	1	Kitaake ubi-XA21 FN-394	mechanical_normalization	no
kitaake FN756-S	kitaakefn756s	1	1	kitaake FN756-S	mechanical_normalization	no
kitaake FN754-S	kitaakefn754s	1	1	kitaake FN754-S	mechanical_normalization	no
kitaake FN769-S	kitaakefn769s	1	1	kitaake FN769-S	mechanical_normalization	no
kitaake FN771-S	kitaakefn771s	1	1	kitaake FN771-S	mechanical_normalization	no
kitaake FN776-S	kitaakefn776s	1	1	kitaake FN776-S	mechanical_normalization	no
kitaake FN788-S	kitaakefn788s	1	1	kitaake FN788-S	mechanical_normalization	no
kitaake FN789-S	kitaakefn789s	1	1	kitaake FN789-S	mechanical_normalization	no
kitaake FN793-S	kitaakefn793s	1	1	kitaake FN793-S	mechanical_normalization	no
kitaake FN809-S	kitaakefn809s	1	1	kitaake FN809-S	mechanical_normalization	no
kitaake FN803-S	kitaakefn803s	1	1	kitaake FN803-S	mechanical_normalization	no
kitaake FN812-S	kitaakefn812s	1	1	kitaake FN812-S	mechanical_normalization	no
kitaake FN817-S	kitaakefn817s	1	1	kitaake FN817-S	mechanical_normalization	no
kitaake FN821-S	kitaakefn821s	1	1	kitaake FN821-S	mechanical_normalization	no
kitaake FN820-S	kitaakefn820s	1	1	kitaake FN820-S	mechanical_normalization	no
kitaake FN824-S	kitaakefn824s	1	1	kitaake FN824-S	mechanical_normalization	no
kitaake FN815-S	kitaakefn815s	1	1	kitaake FN815-S	mechanical_normalization	no
kitaake FN828-S	kitaakefn828s	1	1	kitaake FN828-S	mechanical_normalization	no
kitaake FN831-S	kitaakefn831s	1	1	kitaake FN831-S	mechanical_normalization	no
kitaake FN849-S	kitaakefn849s	1	1	kitaake FN849-S	mechanical_normalization	no
kitaake FN837-S	kitaakefn837s	1	1	kitaake FN837-S	mechanical_normalization	no
kitaake FN851-S	kitaakefn851s	1	1	kitaake FN851-S	mechanical_normalization	no
kitaake FN848-S	kitaakefn848s	1	1	kitaake FN848-S	mechanical_normalization	no
kitaake FN855-S	kitaakefn855s	1	1	kitaake FN855-S	mechanical_normalization	no
kitaake FN804-S	kitaakefn804s	1	1	kitaake FN804-S	mechanical_normalization	no
kitaake FN801-S	kitaakefn801s	1	1	kitaake FN801-S	mechanical_normalization	no
kitaake FN860-S	kitaakefn860s	1	1	kitaake FN860-S	mechanical_normalization	no
Kitaake Ubi-Xa21 FN881-S	kitaakeubixa21fn881s	1	1	Kitaake Ubi-Xa21 FN881-S	mechanical_normalization	no
Kitaake Ubi-Xa21 FN871-S	kitaakeubixa21fn871s	1	1	Kitaake Ubi-Xa21 FN871-S	mechanical_normalization	no
Kitaake Ubi-Xa21 FN874-S	kitaakeubixa21fn874s	1	1	Kitaake Ubi-Xa21 FN874-S	mechanical_normalization	no
Kitaake Ubi-Xa21 FN879-S	kitaakeubixa21fn879s	1	1	Kitaake Ubi-Xa21 FN879-S	mechanical_normalization	no
Kitaake Ubi-Xa21 FN884-S	kitaakeubixa21fn884s	1	1	Kitaake Ubi-Xa21 FN884-S	mechanical_normalization	no
Kitaake Ubi-Xa21 FN890-S	kitaakeubixa21fn890s	1	1	Kitaake Ubi-Xa21 FN890-S	mechanical_normalization	no
Kitaake Ubi-Xa21 FN894-S	kitaakeubixa21fn894s	1	1	Kitaake Ubi-Xa21 FN894-S	mechanical_normalization	no
Kitaake Ubi-Xa21 FN889-S	kitaakeubixa21fn889s	1	1	Kitaake Ubi-Xa21 FN889-S	mechanical_normalization	no
Kitaake Ubi-Xa21 FN883-S	kitaakeubixa21fn883s	1	1	Kitaake Ubi-Xa21 FN883-S	mechanical_normalization	no
Kitaake Ubi-Xa21 FN905-S	kitaakeubixa21fn905s	1	1	Kitaake Ubi-Xa21 FN905-S	mechanical_normalization	no
Kitaake Ubi-Xa21 FN907-S	kitaakeubixa21fn907s	1	1	Kitaake Ubi-Xa21 FN907-S	mechanical_normalization	no
Kitaake Ubi-Xa21 FN926-S	kitaakeubixa21fn926s	1	1	Kitaake Ubi-Xa21 FN926-S	mechanical_normalization	no
Kitaake Ubi-Xa21 FN928-S	kitaakeubixa21fn928s	1	1	Kitaake Ubi-Xa21 FN928-S	mechanical_normalization	no
Kitaake Ubi-Xa21 FN918-S	kitaakeubixa21fn918s	1	1	Kitaake Ubi-Xa21 FN918-S	mechanical_normalization	no
Kitaake Ubi-Xa21 FN931-S	kitaakeubixa21fn931s	1	1	Kitaake Ubi-Xa21 FN931-S	mechanical_normalization	no
Kitaake Ubi-Xa21 FN941-S	kitaakeubixa21fn941s	1	1	Kitaake Ubi-Xa21 FN941-S	mechanical_normalization	no
Kitaake Ubi-Xa21 FN948-S	kitaakeubixa21fn948s	1	1	Kitaake Ubi-Xa21 FN948-S	mechanical_normalization	no
Kitaake Ubi-Xa21 FN876-S	kitaakeubixa21fn876s	1	1	Kitaake Ubi-Xa21 FN876-S	mechanical_normalization	no
ubi-XA21 FN1006-S	ubixa21fn1006s	1	1	ubi-XA21 FN1006-S	mechanical_normalization	no
ubi-XA21 FN998-S	ubixa21fn998s	1	1	ubi-XA21 FN998-S	mechanical_normalization	no
ubi-XA21 FN1011-S	ubixa21fn1011s	1	1	ubi-XA21 FN1011-S	mechanical_normalization	no
ubi-XA21 FN1023-S	ubixa21fn1023s	1	1	ubi-XA21 FN1023-S	mechanical_normalization	no
ubi-XA21 FN1020-S	ubixa21fn1020s	1	1	ubi-XA21 FN1020-S	mechanical_normalization	no
ubi-XA21 FN1028-S	ubixa21fn1028s	1	1	ubi-XA21 FN1028-S	mechanical_normalization	no
ubi-XA21 FN1042-S	ubixa21fn1042s	1	1	ubi-XA21 FN1042-S	mechanical_normalization	no
ubi-XA21 FN1035-S	ubixa21fn1035s	1	1	ubi-XA21 FN1035-S	mechanical_normalization	no
ubi-XA21 FN1037-S	ubixa21fn1037s	1	1	ubi-XA21 FN1037-S	mechanical_normalization	no
ubi-XA21 FN1266-S	ubixa21fn1266s	1	1	ubi-XA21 FN1266-S	mechanical_normalization	no
ubi-XA21 FN1270-S	ubixa21fn1270s	1	1	ubi-XA21 FN1270-S	mechanical_normalization	no
ubi-XA21 FN1265-S	ubixa21fn1265s	1	1	ubi-XA21 FN1265-S	mechanical_normalization	no
ubi-XA21 FN1272-S	ubixa21fn1272s	1	1	ubi-XA21 FN1272-S	mechanical_normalization	no
ubi-XA21 FN1275-S	ubixa21fn1275s	1	1	ubi-XA21 FN1275-S	mechanical_normalization	no
ubi-XA21 FN1274-S	ubixa21fn1274s	1	1	ubi-XA21 FN1274-S	mechanical_normalization	no
ubi-XA21 FN1283-S	ubixa21fn1283s	1	1	ubi-XA21 FN1283-S	mechanical_normalization	no
ubi-XA21 FN1288-S	ubixa21fn1288s	1	1	ubi-XA21 FN1288-S	mechanical_normalization	no
ubi-XA21 FN1073-S	ubixa21fn1073s	1	1	ubi-XA21 FN1073-S	mechanical_normalization	no
ubi-XA21 FN1072-S	ubixa21fn1072s	1	1	ubi-XA21 FN1072-S	mechanical_normalization	no
ubi-XA21 FN1085-S	ubixa21fn1085s	1	1	ubi-XA21 FN1085-S	mechanical_normalization	no
ubi-XA21 FN1093-S	ubixa21fn1093s	1	1	ubi-XA21 FN1093-S	mechanical_normalization	no
ubi-XA21 FN1080-S	ubixa21fn1080s	1	1	ubi-XA21 FN1080-S	mechanical_normalization	no
ubi-XA21 FN1108-S	ubixa21fn1108s	1	1	ubi-XA21 FN1108-S	mechanical_normalization	no
ubi-XA21 FN1109-S	ubixa21fn1109s	1	1	ubi-XA21 FN1109-S	mechanical_normalization	no
ubi-XA21 FN1116-S	ubixa21fn1116s	1	1	ubi-XA21 FN1116-S	mechanical_normalization	no
ubi-XA21 FN1314-S	ubixa21fn1314s	1	1	ubi-XA21 FN1314-S	mechanical_normalization	no
ubi-XA21 FN1315-S	ubixa21fn1315s	1	1	ubi-XA21 FN1315-S	mechanical_normalization	no
ubi-XA21 FN1300-S	ubixa21fn1300s	1	1	ubi-XA21 FN1300-S	mechanical_normalization	no
ubi-XA21 FN1325-S	ubixa21fn1325s	1	1	ubi-XA21 FN1325-S	mechanical_normalization	no
ubi-XA21 FN1333-S	ubixa21fn1333s	1	1	ubi-XA21 FN1333-S	mechanical_normalization	no
ubi-XA21 FN1337-S	ubixa21fn1337s	1	1	ubi-XA21 FN1337-S	mechanical_normalization	no
ubi-XA21 FN1340-S	ubixa21fn1340s	1	1	ubi-XA21 FN1340-S	mechanical_normalization	no
ubi-XA21 FN1345-S	ubixa21fn1345s	1	1	ubi-XA21 FN1345-S	mechanical_normalization	no
ubi-XA21 FN1344-S	ubixa21fn1344s	1	1	ubi-XA21 FN1344-S	mechanical_normalization	no
Kitaake ubi-XA21 FN1176-S	kitaakeubixa21fn1176s	1	1	Kitaake ubi-XA21 FN1176-S	mechanical_normalization	no
Kitaake ubi-XA21 FN1184-S	kitaakeubixa21fn1184s	1	1	Kitaake ubi-XA21 FN1184-S	mechanical_normalization	no
Kitaake ubi-XA21 FN1180-S	kitaakeubixa21fn1180s	1	1	Kitaake ubi-XA21 FN1180-S	mechanical_normalization	no
Kitaake ubi-XA21 FN1193-S	kitaakeubixa21fn1193s	1	1	Kitaake ubi-XA21 FN1193-S	mechanical_normalization	no
Kitaake ubi-XA21 FN1209-S	kitaakeubixa21fn1209s	1	1	Kitaake ubi-XA21 FN1209-S	mechanical_normalization	no
Kitaake ubi-XA21 FN1212-S	kitaakeubixa21fn1212s	1	1	Kitaake ubi-XA21 FN1212-S	mechanical_normalization	no
Kitaake ubi-XA21 FN1214-S	kitaakeubixa21fn1214s	1	1	Kitaake ubi-XA21 FN1214-S	mechanical_normalization	no
Kitaake ubi-XA21 FN1231-S	kitaakeubixa21fn1231s	1	1	Kitaake ubi-XA21 FN1231-S	mechanical_normalization	no
Kitaake ubi-XA21 FN1221-S	kitaakeubixa21fn1221s	1	1	Kitaake ubi-XA21 FN1221-S	mechanical_normalization	no
Kitaake ubi-XA21 FN1230-S	kitaakeubixa21fn1230s	1	1	Kitaake ubi-XA21 FN1230-S	mechanical_normalization	no
Kitaake ubi-XA21 FN1237-S	kitaakeubixa21fn1237s	1	1	Kitaake ubi-XA21 FN1237-S	mechanical_normalization	no
Kitaake ubi-XA21 FN1243-S	kitaakeubixa21fn1243s	1	1	Kitaake ubi-XA21 FN1243-S	mechanical_normalization	no
Kitaake ubi-XA21 FN1249-S	kitaakeubixa21fn1249s	1	1	Kitaake ubi-XA21 FN1249-S	mechanical_normalization	no
Kitaake ubi-XA21 FN1252-S	kitaakeubixa21fn1252s	1	1	Kitaake ubi-XA21 FN1252-S	mechanical_normalization	no
Kitaake ubi-XA21 FN1351-S	kitaakeubixa21fn1351s	1	1	Kitaake ubi-XA21 FN1351-S	mechanical_normalization	no
Kitaake ubi-XA21 FN1350-S	kitaakeubixa21fn1350s	1	1	Kitaake ubi-XA21 FN1350-S	mechanical_normalization	no
Kitaake ubi-XA21 FN282-S	kitaakeubixa21fn282s	1	1	Kitaake ubi-XA21 FN282-S	mechanical_normalization	no
Kitaake ubi-XA21 FN354-S	kitaakeubixa21fn354s	1	1	Kitaake ubi-XA21 FN354-S	mechanical_normalization	no
Kitaake ubi-XA21 FN343-S	kitaakeubixa21fn343s	1	1	Kitaake ubi-XA21 FN343-S	mechanical_normalization	no
Kitaake ubi-XA21 FN401-S	kitaakeubixa21fn401s	1	1	Kitaake ubi-XA21 FN401-S	mechanical_normalization	no
Kitaake ubi-XA21 FN409-S	kitaakeubixa21fn409s	1	1	Kitaake ubi-XA21 FN409-S	mechanical_normalization	no
Kitaake ubi-XA21 FN402-S	kitaakeubixa21fn402s	1	1	Kitaake ubi-XA21 FN402-S	mechanical_normalization	no
Kitaake ubi-XA21 FN553-S	kitaakeubixa21fn553s	1	1	Kitaake ubi-XA21 FN553-S	mechanical_normalization	no
Kitaake ubi-XA21 FN408-S	kitaakeubixa21fn408s	1	1	Kitaake ubi-XA21 FN408-S	mechanical_normalization	no
Kitaake ubi-XA21 FN558-S	kitaakeubixa21fn558s	1	1	Kitaake ubi-XA21 FN558-S	mechanical_normalization	no
Kitaake ubi-XA21 FN568-S	kitaakeubixa21fn568s	1	1	Kitaake ubi-XA21 FN568-S	mechanical_normalization	no
Kitaake ubi-XA21 FN574-S	kitaakeubixa21fn574s	1	1	Kitaake ubi-XA21 FN574-S	mechanical_normalization	no
Kitaake ubi-XA21 FN564-S	kitaakeubixa21fn564s	1	1	Kitaake ubi-XA21 FN564-S	mechanical_normalization	no
Kitaake ubi-XA21 FN601 -S	kitaakeubixa21fn601s	1	1	Kitaake ubi-XA21 FN601 -S	mechanical_normalization	no
Kitaake ubi-XA21 FN598 -S	kitaakeubixa21fn598s	1	1	Kitaake ubi-XA21 FN598 -S	mechanical_normalization	no
Kitaake ubi-XA21 FN1129 -S	kitaakeubixa21fn1129s	1	1	Kitaake ubi-XA21 FN1129 -S	mechanical_normalization	no
Kitaake ubi-XA21 FN1142 -S	kitaakeubixa21fn1142s	1	1	Kitaake ubi-XA21 FN1142 -S	mechanical_normalization	no
Kitaake ubi-XA21 FN276-S	kitaakeubixa21fn276s	1	1	Kitaake ubi-XA21 FN276-S	mechanical_normalization	no
Kitaake ubi-XA21 FN373-S	kitaakeubixa21fn373s	1	1	Kitaake ubi-XA21 FN373-S	mechanical_normalization	no
Xiaohongnuo	xiaohongnuo	1	1	Xiaohongnuo	mechanical_normalization	no
Haofengyao	haofengyao	1	1	Haofengyao	mechanical_normalization	no
Haoyao	haoyao	1	1	Haoyao	mechanical_normalization	no
Haohai 1	haohai1	1	1	Haohai 1	mechanical_normalization	no
Bangkeqiangeng	bangkeqiangeng	1	1	Bangkeqiangeng	mechanical_normalization	no
Xiaobaimaxian	xiaobaimaxian	1	1	Xiaobaimaxian	mechanical_normalization	no
Bolanggu	bolanggu	1	1	Bolanggu	mechanical_normalization	no
Huangbansuo	huangbansuo	1	1	Huangbansuo	mechanical_normalization	no
Laolaihong	laolaihong	1	1	Laolaihong	mechanical_normalization	no
Huangkenuo 1	huangkenuo1	1	1	Huangkenuo 1	mechanical_normalization	no
Huakehangu	huakehangu	1	1	Huakehangu	mechanical_normalization	no
Luzubaigu	luzubaigu	1	1	Luzubaigu	mechanical_normalization	no
Maiche	maiche	1	1	Maiche	mechanical_normalization	no
Yunshuanbai	yunshuanbai	1	1	Yunshuanbai	mechanical_normalization	no
Guanzhangnuo	guanzhangnuo	1	1	Guanzhangnuo	mechanical_normalization	no
Zinuo"Haobixiang	zinuohaobixiang	1	1	Zinuo"Haobixiang	mechanical_normalization	no
Wenyilaxiaobaigu	wenyilaxiaobaigu	1	1	Wenyilaxiaobaigu	mechanical_normalization	no
Eguo	eguo	1	1	Eguo	mechanical_normalization	no
Yidalinuo	yidalinuo	1	1	Yidalinuo	mechanical_normalization	no
Nuogu 4	nuogu4	1	1	Nuogu 4	mechanical_normalization	no
Beizinuo	beizinuo	1	1	Beizinuo	mechanical_normalization	no
Changxiangjing	changxiangjing	1	1	Changxiangjing	mechanical_normalization	no
Nanjing46	nanjing46	1	1	Nanjing46	mechanical_normalization	no
19xiang	19xiang	1	1	19xiang	mechanical_normalization	no
Huazhan47	huazhan47	1	1	Huazhan47	mechanical_normalization	no
Seeragasamba	seeragasamba	1	1	Seeragasamba	mechanical_normalization	no
L3-T5-5	l3t55	1	1	L3-T5-5	mechanical_normalization	no
JFY3	jfy3	1	1	JFY3	mechanical_normalization	yes
JH112A	jh112a	1	1	JH112A	mechanical_normalization	yes
Chinnor	chinnor	1	1	Chinnor	mechanical_normalization	no
ADT-42	adt42	1	1	ADT-42	mechanical_normalization	yes
RNR-15048	rnr15048	1	1	RNR-15048	mechanical_normalization	yes
IR-20	ir20	1	1	IR-20	mechanical_normalization	yes
CR-1009-SUB	cr1009sub	1	1	CR-1009-SUB	mechanical_normalization	no
ADT-R-45	adtr45	1	1	ADT-R-45	mechanical_normalization	yes
Kitaake ubi-XA21 FN1358-S	kitaakeubixa21fn1358s	1	1	Kitaake ubi-XA21 FN1358-S	mechanical_normalization	no
Kitaake ubi-XA21 FN1395-S	kitaakeubixa21fn1395s	1	1	Kitaake ubi-XA21 FN1395-S	mechanical_normalization	no
Kitaake ubi-XA21 FN1409-S	kitaakeubixa21fn1409s	1	1	Kitaake ubi-XA21 FN1409-S	mechanical_normalization	no
Kitaake ubi-XA21 FN1411-S	kitaakeubixa21fn1411s	1	1	Kitaake ubi-XA21 FN1411-S	mechanical_normalization	no
Kitaake ubi-XA21 FN1420-S	kitaakeubixa21fn1420s	1	1	Kitaake ubi-XA21 FN1420-S	mechanical_normalization	no
Kitaake ubi-XA21 FN1419-S	kitaakeubixa21fn1419s	1	1	Kitaake ubi-XA21 FN1419-S	mechanical_normalization	no
Kitaake ubi-XA21 FN1402-S	kitaakeubixa21fn1402s	1	1	Kitaake ubi-XA21 FN1402-S	mechanical_normalization	no
Kitaake ubi-XA21 FN1438-S	kitaakeubixa21fn1438s	1	1	Kitaake ubi-XA21 FN1438-S	mechanical_normalization	no
Kitaake ubi-XA21 FN1441-S	kitaakeubixa21fn1441s	1	1	Kitaake ubi-XA21 FN1441-S	mechanical_normalization	no
Kitaake ubi-XA21 FN1446-S	kitaakeubixa21fn1446s	1	1	Kitaake ubi-XA21 FN1446-S	mechanical_normalization	no
Kitaake ubi-XA21 FN1449-S	kitaakeubixa21fn1449s	1	1	Kitaake ubi-XA21 FN1449-S	mechanical_normalization	no
Kitaake ubi-XA21 FN1464-S	kitaakeubixa21fn1464s	1	1	Kitaake ubi-XA21 FN1464-S	mechanical_normalization	no
Kitaake ubi-XA21 FN1461-S	kitaakeubixa21fn1461s	1	1	Kitaake ubi-XA21 FN1461-S	mechanical_normalization	no
Kitaake ubi-XA47 FN1483-S	kitaakeubixa47fn1483s	1	1	Kitaake ubi-XA47 FN1483-S	mechanical_normalization	no
Kitaake ubi-XA46 FN1482-S	kitaakeubixa46fn1482s	1	1	Kitaake ubi-XA46 FN1482-S	mechanical_normalization	no
Kitaake ubi-XA36 FN1466-S	kitaakeubixa36fn1466s	1	1	Kitaake ubi-XA36 FN1466-S	mechanical_normalization	no
Kitaake ubi-XA38 FN1472-S	kitaakeubixa38fn1472s	1	1	Kitaake ubi-XA38 FN1472-S	mechanical_normalization	no
Kitaake ubi-XA77 FN1527-S	kitaakeubixa77fn1527s	1	1	Kitaake ubi-XA77 FN1527-S	mechanical_normalization	no
Kitaake ubi-XA74 FN1517-S	kitaakeubixa74fn1517s	1	1	Kitaake ubi-XA74 FN1517-S	mechanical_normalization	no
Kitaake ubi-XA86 FN1536-S	kitaakeubixa86fn1536s	1	1	Kitaake ubi-XA86 FN1536-S	mechanical_normalization	no
Kitaake ubi-XA100 FN1555-S	kitaakeubixa100fn1555s	1	1	Kitaake ubi-XA100 FN1555-S	mechanical_normalization	no
Kitaake FN1520 -S	kitaakefn1520s	1	1	Kitaake FN1520 -S	mechanical_normalization	no
Kitaake ubi-XA106 FN1563-S	kitaakeubixa106fn1563s	1	1	Kitaake ubi-XA106 FN1563-S	mechanical_normalization	no
Kitaake ubi-XA108 FN1566-S	kitaakeubixa108fn1566s	1	1	Kitaake ubi-XA108 FN1566-S	mechanical_normalization	no
Kitaake ubi-XA103 FN1559-S	kitaakeubixa103fn1559s	1	1	Kitaake ubi-XA103 FN1559-S	mechanical_normalization	no
Kitaake FN1568-S	kitaakefn1568s	1	1	Kitaake FN1568-S	mechanical_normalization	no
Kitaake FN1614 -S	kitaakefn1614s	1	1	Kitaake FN1614 -S	mechanical_normalization	no
Kitaake FN1590 -S	kitaakefn1590s	1	1	Kitaake FN1590 -S	mechanical_normalization	no
Kitaake FN1602 -S	kitaakefn1602s	1	1	Kitaake FN1602 -S	mechanical_normalization	no
Kitaake FN1639 -S	kitaakefn1639s	1	1	Kitaake FN1639 -S	mechanical_normalization	no
Kitaake FN1622 -S	kitaakefn1622s	1	1	Kitaake FN1622 -S	mechanical_normalization	no
Kitaake FN1633 -S	kitaakefn1633s	1	1	Kitaake FN1633 -S	mechanical_normalization	no
Kitaake FN1642 -S	kitaakefn1642s	1	1	Kitaake FN1642 -S	mechanical_normalization	no
Kitaake FN1655 -S	kitaakefn1655s	1	1	Kitaake FN1655 -S	mechanical_normalization	no
Kitaake ubi-XA21 FN1410-S	kitaakeubixa21fn1410s	1	1	Kitaake ubi-XA21 FN1410-S	mechanical_normalization	no
Nipponbare and 93-11 RIL15	nipponbareand9311ril15	1	1	Nipponbare and 93-11 RIL15	mechanical_normalization	no
Nipponbare and 93-11 RIL34	nipponbareand9311ril34	1	1	Nipponbare and 93-11 RIL34	mechanical_normalization	no
Nipponbare and 93-11 RIL36	nipponbareand9311ril36	1	1	Nipponbare and 93-11 RIL36	mechanical_normalization	no
Nipponbare and 93-11 RIL19	nipponbareand9311ril19	1	1	Nipponbare and 93-11 RIL19	mechanical_normalization	no
Nipponbare and 93-11 RIL47	nipponbareand9311ril47	1	1	Nipponbare and 93-11 RIL47	mechanical_normalization	no
Nipponbare and 93-11 RIL29	nipponbareand9311ril29	1	1	Nipponbare and 93-11 RIL29	mechanical_normalization	no
Nipponbare and 93-11 RIL27	nipponbareand9311ril27	1	1	Nipponbare and 93-11 RIL27	mechanical_normalization	no
Nipponbare and 93-11 RIL38	nipponbareand9311ril38	1	1	Nipponbare and 93-11 RIL38	mechanical_normalization	no
Nipponbare and 93-11 RIL39	nipponbareand9311ril39	1	1	Nipponbare and 93-11 RIL39	mechanical_normalization	no
Nipponbare and 93-11 RIL55	nipponbareand9311ril55	1	1	Nipponbare and 93-11 RIL55	mechanical_normalization	no
White Ponni	whiteponni	1	1	White Ponni	mechanical_normalization	no
mtl-DH2	mtldh2	1	1	mtl-DH2	mechanical_normalization	no
CY84-RID2	cy84rid2	1	1	CY84-RID2	mechanical_normalization	no
CY84-RID1	cy84rid1	1	1	CY84-RID1	mechanical_normalization	no
Fix-Diploid2	fixdiploid2	1	1	Fix-Diploid2	mechanical_normalization	no
Fix-Diploid1	fixdiploid1	1	1	Fix-Diploid1	mechanical_normalization	no
HT_11_5	ht115	1	1	HT_11_5	mechanical_normalization	yes
HT_10_3	ht103	1	1	HT_10_3	mechanical_normalization	yes
HT_11_3	ht113	1	1	HT_11_3	mechanical_normalization	yes
BTH_31_8	bth318	1	1	BTH_31_8	mechanical_normalization	yes
H1-F6	h1f6	1	1	H1-F6	mechanical_normalization	no
H8-F6	h8f6	1	1	H8-F6	mechanical_normalization	no
BTH_31_2	bth312	1	1	BTH_31_2	mechanical_normalization	yes
BTH_31_1	bth311	1	1	BTH_31_1	mechanical_normalization	yes
HT_7_2	ht72	1	1	HT_7_2	mechanical_normalization	yes
GH-2	gh2	1	1	GH-2	mechanical_normalization	yes
F2_GW_HighBulk_BPT5204xMTU3626	f2gwhighbulkbpt5204xmtu3626	1	1	F2_GW_HighBulk_BPT5204xMTU3626	mechanical_normalization	no
Bohai	bohai	1	1	Bohai	mechanical_normalization	no
Muteka	muteka	1	1	Muteka	mechanical_normalization	no
Tapopuri	tapopuri	1	1	Tapopuri	mechanical_normalization	no
Nobohai	nobohai	1	1	Nobohai	mechanical_normalization	no
rice changbai	ricechangbai	1	1	rice changbai	mechanical_normalization	no
LiyuB	liyub	1	1	LiyuB	mechanical_normalization	no
Korean variety-3	koreanvariety3	1	1	Korean variety-3	mechanical_normalization	no
Korean variety-1	koreanvariety1	1	1	Korean variety-1	mechanical_normalization	no
R06	r06	1	1	R06	mechanical_normalization	yes
Gamadi	gamadi	1	1	Gamadi	mechanical_normalization	no
SAGCLZ-107	sagclz107	1	1	SAGCLZ-107	mechanical_normalization	no
SAGCLZ-108	sagclz108	1	1	SAGCLZ-108	mechanical_normalization	no
SAGCLZ-111	sagclz111	1	1	SAGCLZ-111	mechanical_normalization	no
SAGCLZ-031	sagclz031	1	1	SAGCLZ-031	mechanical_normalization	no
SAGCLZ-030	sagclz030	1	1	SAGCLZ-030	mechanical_normalization	no
SAGCLZ-098	sagclz098	1	1	SAGCLZ-098	mechanical_normalization	no
SAGCLZ-097	sagclz097	1	1	SAGCLZ-097	mechanical_normalization	no
SAGCLZ-100	sagclz100	1	1	SAGCLZ-100	mechanical_normalization	no
SAGCLZ-101	sagclz101	1	1	SAGCLZ-101	mechanical_normalization	no
SAGCLZ-022	sagclz022	1	1	SAGCLZ-022	mechanical_normalization	no
SAGCLZ-014	sagclz014	1	1	SAGCLZ-014	mechanical_normalization	no
SAGCLZ-116	sagclz116	1	1	SAGCLZ-116	mechanical_normalization	no
SAGCLZ-081	sagclz081	1	1	SAGCLZ-081	mechanical_normalization	no
SAGCLZ-076	sagclz076	1	1	SAGCLZ-076	mechanical_normalization	no
SAGCLZ-065	sagclz065	1	1	SAGCLZ-065	mechanical_normalization	no
SAGCLZ-055	sagclz055	1	1	SAGCLZ-055	mechanical_normalization	no
SAGCLZ-047	sagclz047	1	1	SAGCLZ-047	mechanical_normalization	no
SAGCLZ-044	sagclz044	1	1	SAGCLZ-044	mechanical_normalization	no
SAGCLZ-053	sagclz053	1	1	SAGCLZ-053	mechanical_normalization	no
SAGCLZ-034	sagclz034	1	1	SAGCLZ-034	mechanical_normalization	no
SAGCLZ-040	sagclz040	1	1	SAGCLZ-040	mechanical_normalization	no
Kitaake FN2392	kitaakefn2392	1	1	Kitaake FN2392	mechanical_normalization	no
Kitaake FN2408	kitaakefn2408	1	1	Kitaake FN2408	mechanical_normalization	no
Kitaake FN2419	kitaakefn2419	1	1	Kitaake FN2419	mechanical_normalization	no
Kitaake FN2421	kitaakefn2421	1	1	Kitaake FN2421	mechanical_normalization	no
Kitaake FN2440	kitaakefn2440	1	1	Kitaake FN2440	mechanical_normalization	no
Kitaake FN2442	kitaakefn2442	1	1	Kitaake FN2442	mechanical_normalization	no
Kitaake FN2451	kitaakefn2451	1	1	Kitaake FN2451	mechanical_normalization	no
Kitaake FN2454	kitaakefn2454	1	1	Kitaake FN2454	mechanical_normalization	no
Kitaake FN2453	kitaakefn2453	1	1	Kitaake FN2453	mechanical_normalization	no
Kitaake FN2455	kitaakefn2455	1	1	Kitaake FN2455	mechanical_normalization	no
Kitaake FN2458	kitaakefn2458	1	1	Kitaake FN2458	mechanical_normalization	no
Kitaake FN2476	kitaakefn2476	1	1	Kitaake FN2476	mechanical_normalization	no
Kitaake FN2482	kitaakefn2482	1	1	Kitaake FN2482	mechanical_normalization	no
Kitaake FN2483	kitaakefn2483	1	1	Kitaake FN2483	mechanical_normalization	no
Kitaake FN2491	kitaakefn2491	1	1	Kitaake FN2491	mechanical_normalization	no
Kitaake FN2492	kitaakefn2492	1	1	Kitaake FN2492	mechanical_normalization	no
Kitaake FN2498	kitaakefn2498	1	1	Kitaake FN2498	mechanical_normalization	no
Mamagu	mamagu	1	1	Mamagu	mechanical_normalization	no
Aipei 64	aipei64	1	1	Aipei 64	mechanical_normalization	no
Ziyeyingxiandao	ziyeyingxiandao	1	1	Ziyeyingxiandao	mechanical_normalization	no
Haobuqia	haobuqia	1	1	Haobuqia	mechanical_normalization	no
Wumangyedao	wumangyedao	1	1	Wumangyedao	mechanical_normalization	no
Wandao_68	wandao68	1	1	Wandao_68	mechanical_normalization	no
Xaingxiandao_10hao	xaingxiandao10hao	1	1	Xaingxiandao_10hao	mechanical_normalization	no
Zhognzuo_93	zhognzuo93	1	1	Zhognzuo_93	mechanical_normalization	no
Zhenghan_2hao	zhenghan2hao	1	1	Zhenghan_2hao	mechanical_normalization	no
Zhognguo_91	zhognguo91	1	1	Zhognguo_91	mechanical_normalization	no
Zhendao_99	zhendao99	1	1	Zhendao_99	mechanical_normalization	no
Zhongjing_212	zhongjing212	1	1	Zhongjing_212	mechanical_normalization	no
Sihao_4259	sihao4259	1	1	Sihao_4259	mechanical_normalization	no
TAI-4	tai4	1	1	TAI-4	mechanical_normalization	yes
Yuedao_66	yuedao66	1	1	Yuedao_66	mechanical_normalization	no
Biaojiyongzijing	biaojiyongzijing	1	1	Biaojiyongzijing	mechanical_normalization	no
Sihao_4031	sihao4031	1	1	Sihao_4031	mechanical_normalization	no
M1004	m1004	1	1	M1004	mechanical_normalization	yes
Lincangwazuhangu	lincangwazuhangu	1	1	Lincangwazuhangu	mechanical_normalization	no
SH189	sh189	1	1	SH189	mechanical_normalization	yes
Qiutianxiaoding	qiutianxiaoding	1	1	Qiutianxiaoding	mechanical_normalization	no
Qutube-n	qutuben	1	1	Qutube-n	mechanical_normalization	no
Ningjing_2hao	ningjing2hao	1	1	Ningjing_2hao	mechanical_normalization	no
Longnuo_3hao	longnuo3hao	1	1	Longnuo_3hao	mechanical_normalization	no
LongtepuB	longtepub	1	1	LongtepuB	mechanical_normalization	no
Longjing_20	longjing20	1	1	Longjing_20	mechanical_normalization	no
Yuedao_55	yuedao55	1	1	Yuedao_55	mechanical_normalization	no
Yuedao_22	yuedao22	1	1	Yuedao_22	mechanical_normalization	no
Yimuhu	yimuhu	1	1	Yimuhu	mechanical_normalization	no
Kangbingyueguang	kangbingyueguang	1	1	Kangbingyueguang	mechanical_normalization	no
IR112	ir112	1	1	IR112	mechanical_normalization	yes
Yandao_8hao	yandao8hao	1	1	Yandao_8hao	mechanical_normalization	no
Yagnfujing_7hao	yagnfujing7hao	1	1	Yagnfujing_7hao	mechanical_normalization	no
Yanjing_8hao	yanjing8hao	1	1	Yanjing_8hao	mechanical_normalization	no
Yandao_9hao	yandao9hao	1	1	Yandao_9hao	mechanical_normalization	no
CAMOR	camor	1	1	CAMOR	mechanical_normalization	no
Xiangjing_9407	xiangjing9407	1	1	Xiangjing_9407	mechanical_normalization	no
Uryee Boota	uryeeboota	1	1	Uryee Boota	mechanical_normalization	no
Tak Siah	taksiah	1	1	Tak Siah	mechanical_normalization	no
Si Adulo	siadulo	1	1	Si Adulo	mechanical_normalization	no
Shinchiku-iku 103	shinchikuiku103	1	1	Shinchiku-iku 103	mechanical_normalization	no
Macan Binundok	macanbinundok	1	1	Macan Binundok	mechanical_normalization	no
JC148	jc148	1	1	JC148	mechanical_normalization	yes
JC149	jc149	1	1	JC149	mechanical_normalization	yes
JC93	jc93	1	1	JC93	mechanical_normalization	yes
JC91	jc91	1	1	JC91	mechanical_normalization	yes
Cicih Beton	cicihbeton	1	1	Cicih Beton	mechanical_normalization	no
KHAO DAWK MALI 105	khaodawkmali105	1	1	KHAO DAWK MALI 105	mechanical_normalization	no
Binulawan	binulawan	1	1	Binulawan	mechanical_normalization	no
Keriting Tinggi	keritingtinggi	1	1	Keriting Tinggi	mechanical_normalization	no
Nanhi	nanhi	1	1	Nanhi	mechanical_normalization	no
black-1	black1	1	1	black-1	mechanical_normalization	no
Kitaake FN3201-S	kitaakefn3201s	1	1	Kitaake FN3201-S	mechanical_normalization	no
Kitaake FN3254-S	kitaakefn3254s	1	1	Kitaake FN3254-S	mechanical_normalization	no
Kitaake FN3205-S	kitaakefn3205s	1	1	Kitaake FN3205-S	mechanical_normalization	no
Kitaake FN3211-S	kitaakefn3211s	1	1	Kitaake FN3211-S	mechanical_normalization	no
Kitaake FN3216-S	kitaakefn3216s	1	1	Kitaake FN3216-S	mechanical_normalization	no
Kitaake NxG	kitaakenxg	1	1	Kitaake NxG	mechanical_normalization	no
Kitaake FN3212-S	kitaakefn3212s	1	1	Kitaake FN3212-S	mechanical_normalization	no
Kitaake FN3276-S	kitaakefn3276s	1	1	Kitaake FN3276-S	mechanical_normalization	no
Kitaake FN3230-S	kitaakefn3230s	1	1	Kitaake FN3230-S	mechanical_normalization	no
Kitaake FN3279-S	kitaakefn3279s	1	1	Kitaake FN3279-S	mechanical_normalization	no
Kitaake FN3261-S	kitaakefn3261s	1	1	Kitaake FN3261-S	mechanical_normalization	no
Kitaake Xa21_Flag	kitaakexa21flag	1	1	Kitaake Xa21_Flag	mechanical_normalization	no
Kitaake FN3251-S	kitaakefn3251s	1	1	Kitaake FN3251-S	mechanical_normalization	no
Kitaake FN3268-S	kitaakefn3268s	1	1	Kitaake FN3268-S	mechanical_normalization	no
Kitaake FN3235-S	kitaakefn3235s	1	1	Kitaake FN3235-S	mechanical_normalization	no
Kitaake FN3207-S	kitaakefn3207s	1	1	Kitaake FN3207-S	mechanical_normalization	no
Kitaake FN3187-S	kitaakefn3187s	1	1	Kitaake FN3187-S	mechanical_normalization	no
Kitaake FN567-1-3	kitaakefn56713	1	1	Kitaake FN567-1-3	mechanical_normalization	no
Kitaake FN3228-S	kitaakefn3228s	1	1	Kitaake FN3228-S	mechanical_normalization	no
Kitaake FN3231-S	kitaakefn3231s	1	1	Kitaake FN3231-S	mechanical_normalization	no
Kitaake FN3209-S	kitaakefn3209s	1	1	Kitaake FN3209-S	mechanical_normalization	no
Kitaake FN2647-S	kitaakefn2647s	1	1	Kitaake FN2647-S	mechanical_normalization	no
Kitaake FN3270-S	kitaakefn3270s	1	1	Kitaake FN3270-S	mechanical_normalization	no
Kitaake FN4395-S	kitaakefn4395s	1	1	Kitaake FN4395-S	mechanical_normalization	no
Kitaake FN4393-S	kitaakefn4393s	1	1	Kitaake FN4393-S	mechanical_normalization	no
Kitaake FN4354-S	kitaakefn4354s	1	1	Kitaake FN4354-S	mechanical_normalization	no
Kitaake FN4366-S	kitaakefn4366s	1	1	Kitaake FN4366-S	mechanical_normalization	no
Kitaake FN4378-S	kitaakefn4378s	1	1	Kitaake FN4378-S	mechanical_normalization	no
Kitaake FN4377-S	kitaakefn4377s	1	1	Kitaake FN4377-S	mechanical_normalization	no
Kitaake FN4406-S	kitaakefn4406s	1	1	Kitaake FN4406-S	mechanical_normalization	no
Kitaake FN4379-S	kitaakefn4379s	1	1	Kitaake FN4379-S	mechanical_normalization	no
Kitaake FN4381-S	kitaakefn4381s	1	1	Kitaake FN4381-S	mechanical_normalization	no
Kitaake FN4413-S	kitaakefn4413s	1	1	Kitaake FN4413-S	mechanical_normalization	no
Kitaake FN4389-S	kitaakefn4389s	1	1	Kitaake FN4389-S	mechanical_normalization	no
Kitaake FN4382-S	kitaakefn4382s	1	1	Kitaake FN4382-S	mechanical_normalization	no
Kitaake FN4449-S	kitaakefn4449s	1	1	Kitaake FN4449-S	mechanical_normalization	no
Kitaake FN4463-S	kitaakefn4463s	1	1	Kitaake FN4463-S	mechanical_normalization	no
Kitaake FN4453-S	kitaakefn4453s	1	1	Kitaake FN4453-S	mechanical_normalization	no
Kitaake FN4452-S	kitaakefn4452s	1	1	Kitaake FN4452-S	mechanical_normalization	no
Kitaake FN4589-S	kitaakefn4589s	1	1	Kitaake FN4589-S	mechanical_normalization	no
Kitaake FN4559-S	kitaakefn4559s	1	1	Kitaake FN4559-S	mechanical_normalization	no
Kitaake FN4752-S	kitaakefn4752s	1	1	Kitaake FN4752-S	mechanical_normalization	no
Kitaake FN4477-S	kitaakefn4477s	1	1	Kitaake FN4477-S	mechanical_normalization	no
Kitaake FN4488-S	kitaakefn4488s	1	1	Kitaake FN4488-S	mechanical_normalization	no
Kitaake FN4493-S	kitaakefn4493s	1	1	Kitaake FN4493-S	mechanical_normalization	no
Kitaake FN4536-S	kitaakefn4536s	1	1	Kitaake FN4536-S	mechanical_normalization	no
Kitaake FN4558-S	kitaakefn4558s	1	1	Kitaake FN4558-S	mechanical_normalization	no
Kitaake FN4563-S	kitaakefn4563s	1	1	Kitaake FN4563-S	mechanical_normalization	no
Kitaake FN4605-S	kitaakefn4605s	1	1	Kitaake FN4605-S	mechanical_normalization	no
Kitaake FN4565-S	kitaakefn4565s	1	1	Kitaake FN4565-S	mechanical_normalization	no
Kitaake FN4610-S	kitaakefn4610s	1	1	Kitaake FN4610-S	mechanical_normalization	no
Kitaake FN4680-S	kitaakefn4680s	1	1	Kitaake FN4680-S	mechanical_normalization	no
Kitaake FN4585-S	kitaakefn4585s	1	1	Kitaake FN4585-S	mechanical_normalization	no
Kitaake FN4766-S	kitaakefn4766s	1	1	Kitaake FN4766-S	mechanical_normalization	no
Kitaake FN4498-S	kitaakefn4498s	1	1	Kitaake FN4498-S	mechanical_normalization	no
Kitaake FN2912-S	kitaakefn2912s	1	1	Kitaake FN2912-S	mechanical_normalization	no
Kitaake FN2973-S	kitaakefn2973s	1	1	Kitaake FN2973-S	mechanical_normalization	no
Kitaake FN3028-S	kitaakefn3028s	1	1	Kitaake FN3028-S	mechanical_normalization	no
Kitaake FN2887-S	kitaakefn2887s	1	1	Kitaake FN2887-S	mechanical_normalization	no
Kitaake FN2726-S	kitaakefn2726s	1	1	Kitaake FN2726-S	mechanical_normalization	no
Kitaake FN2967-S	kitaakefn2967s	1	1	Kitaake FN2967-S	mechanical_normalization	no
Kitaake FN2902-S	kitaakefn2902s	1	1	Kitaake FN2902-S	mechanical_normalization	no
Kitaake FN3015-S	kitaakefn3015s	1	1	Kitaake FN3015-S	mechanical_normalization	no
Kitaake FN2909-S	kitaakefn2909s	1	1	Kitaake FN2909-S	mechanical_normalization	no
Kitaake FN2922-S	kitaakefn2922s	1	1	Kitaake FN2922-S	mechanical_normalization	no
Kitaake FN2942-S	kitaakefn2942s	1	1	Kitaake FN2942-S	mechanical_normalization	no
Hakutyoumochi	hakutyoumochi	1	1	Hakutyoumochi	mechanical_normalization	no
Kyouwa	kyouwa	1	1	Kyouwa	mechanical_normalization	no
SEKIYAMA 1	sekiyama1	1	1	SEKIYAMA 1	mechanical_normalization	no
YAMATOJIKARA	yamatojikara	1	1	YAMATOJIKARA	mechanical_normalization	no
White Pearl	whitepearl	1	1	White Pearl	mechanical_normalization	no
DN2307	dn2307	1	1	DN2307	mechanical_normalization	yes
Long Japonica 13	longjaponica13	1	1	Long Japonica 13	mechanical_normalization	no
Hejiang 5	hejiang5	1	1	Hejiang 5	mechanical_normalization	no
Hejiang 19	hejiang19	1	1	Hejiang 19	mechanical_normalization	no
Hejiang 20	hejiang20	1	1	Hejiang 20	mechanical_normalization	no
DN2301	dn2301	1	1	DN2301	mechanical_normalization	yes
DN2328	dn2328	1	1	DN2328	mechanical_normalization	yes
DN2315	dn2315	1	1	DN2315	mechanical_normalization	yes
DN2321	dn2321	1	1	DN2321	mechanical_normalization	yes
DN2322	dn2322	1	1	DN2322	mechanical_normalization	yes
DN2335	dn2335	1	1	DN2335	mechanical_normalization	yes
Green Pearl 3	greenpearl3	1	1	Green Pearl 3	mechanical_normalization	no
DN2319	dn2319	1	1	DN2319	mechanical_normalization	yes
Rouge rice	rougerice	1	1	Rouge rice	mechanical_normalization	no
DN2316	dn2316	1	1	DN2316	mechanical_normalization	yes
WT56	wt56	1	1	WT56	mechanical_normalization	yes
mesti	mesti	1	1	mesti	mechanical_normalization	no
jintannuo2	jintannuo2	1	1	jintannuo2	mechanical_normalization	no
jintannuo1	jintannuo1	1	1	jintannuo1	mechanical_normalization	no
xiangzhunuo1	xiangzhunuo1	1	1	xiangzhunuo1	mechanical_normalization	no
mandao	mandao	1	1	mandao	mechanical_normalization	no
cuganlizhihong2	cuganlizhihong2	1	1	cuganlizhihong2	mechanical_normalization	no
luchaihong	luchaihong	1	1	luchaihong	mechanical_normalization	no
dalzhong2	dalzhong2	1	1	dalzhong2	mechanical_normalization	no
putaoqing1	putaoqing1	1	1	putaoqing1	mechanical_normalization	no
luoshuangqing3	luoshuangqing3	1	1	luoshuangqing3	mechanical_normalization	no
tieganqing2	tieganqing2	1	1	tieganqing2	mechanical_normalization	no
hongkenuo4	hongkenuo4	1	1	hongkenuo4	mechanical_normalization	no
hongkenuo2	hongkenuo2	1	1	hongkenuo2	mechanical_normalization	no
baikenuo1	baikenuo1	1	1	baikenuo1	mechanical_normalization	no
yedao1	yedao1	1	1	yedao1	mechanical_normalization	no
jinguhuang	jinguhuang	1	1	jinguhuang	mechanical_normalization	no
baikedao2	baikedao2	1	1	baikedao2	mechanical_normalization	no
Yangdao2	yangdao2	1	1	Yangdao2	mechanical_normalization	no
luohanhuang3	luohanhuang3	1	1	luohanhuang3	mechanical_normalization	no
luohanhuang2	luohanhuang2	1	1	luohanhuang2	mechanical_normalization	no
laohuangdao1	laohuangdao1	1	1	laohuangdao1	mechanical_normalization	no
412	412	1	1	412	mechanical_normalization	yes
majinnuo	majinnuo	1	1	majinnuo	mechanical_normalization	no
DT506	dt506	1	1	DT506	mechanical_normalization	yes
DT502	dt502	1	1	DT502	mechanical_normalization	yes
AUS 420::IRGC 29203-1	aus420irgc292031	1	1	AUS 420::IRGC 29203-1	mechanical_normalization	no
AUS 414::IRGC 29197-1	aus414irgc291971	1	1	AUS 414::IRGC 29197-1	mechanical_normalization	no
BRRI DHAN 50::G1-1	brridhan50g11	1	1	BRRI DHAN 50::G1-1	mechanical_normalization	no
BRRI DHAN 47::G1-1	brridhan47g11	1	1	BRRI DHAN 47::G1-1	mechanical_normalization	no
DV 118::GSOR 311579-G1	dv118gsor311579g1	1	1	DV 118::GSOR 311579-G1	mechanical_normalization	no
JABAHUL::IRGC 86978-1	jabahulirgc869781	1	1	JABAHUL::IRGC 86978-1	mechanical_normalization	no
JAGLE BORO::IRGC 37452-1	jagleboroirgc374521	1	1	JAGLE BORO::IRGC 37452-1	mechanical_normalization	no
JATI AUS::IRGC 34940-1	jatiausirgc349401	1	1	JATI AUS::IRGC 34940-1	mechanical_normalization	no
KELE (AUS)::IRGC 11486-1	keleirgc114861	1	1	KELE (AUS)::IRGC 11486-1	mechanical_normalization	no
AUS MURALI::IRGC 25834-1	ausmuraliirgc258341	1	1	AUS MURALI::IRGC 25834-1	mechanical_normalization	no
ARC 11600::IRGC 21507-1	arc11600irgc215071	1	1	ARC 11600::IRGC 21507-1	mechanical_normalization	no
ARC 5960::IRGC 12161-1	arc5960irgc121611	1	1	ARC 5960::IRGC 12161-1	mechanical_normalization	no
SWARNA::IRGC 117278-3	swarnairgc1172783	1	1	SWARNA::IRGC 117278-3	mechanical_normalization	no
AUS 62::IRGC 28925-1	aus62irgc289251	1	1	AUS 62::IRGC 28925-1	mechanical_normalization	no
AUS 12::IRGC 28875-1	aus12irgc288751	1	1	AUS 12::IRGC 28875-1	mechanical_normalization	no
KALIBORO 2-2::IRGC 29353-1	kaliboro22irgc293531	1	1	KALIBORO 2-2::IRGC 29353-1	mechanical_normalization	no
SHONI::IRGC 25922-1	shoniirgc259221	1	1	SHONI::IRGC 25922-1	mechanical_normalization	no
KUMRI::IRGC 25883-1	kumriirgc258831	1	1	KUMRI::IRGC 25883-1	mechanical_normalization	no
DF 3::IRGC 8363-1	df3irgc83631	1	1	DF 3::IRGC 8363-1	mechanical_normalization	no
KASALATH::IRGC 117617-1	kasalathirgc1176171	1	1	KASALATH::IRGC 117617-1	mechanical_normalization	no
NAGRI::IRGC 74767-1	nagriirgc747671	1	1	NAGRI::IRGC 74767-1	mechanical_normalization	no
IARI 7449::GSOR 310318-G1	iari7449gsor310318g1	1	1	IARI 7449::GSOR 310318-G1	mechanical_normalization	no
MOTZHUL::IRGC 43928-1	motzhulirgc439281	1	1	MOTZHUL::IRGC 43928-1	mechanical_normalization	no
KHASHIA PANJA::IRGC 34996-1	khashiapanjairgc349961	1	1	KHASHIA PANJA::IRGC 34996-1	mechanical_normalization	no
Chakhao_ML	chakhaoml	1	1	Chakhao_ML	mechanical_normalization	no
em257	em257	1	1	em257	mechanical_normalization	yes
em260	em260	1	1	em260	mechanical_normalization	yes
em262	em262	1	1	em262	mechanical_normalization	yes
em267	em267	1	1	em267	mechanical_normalization	yes
em270	em270	1	1	em270	mechanical_normalization	yes
em272	em272	1	1	em272	mechanical_normalization	yes
em074	em074	1	1	em074	mechanical_normalization	yes
em078	em078	1	1	em078	mechanical_normalization	yes
em102	em102	1	1	em102	mechanical_normalization	yes
em106	em106	1	1	em106	mechanical_normalization	yes
em107	em107	1	1	em107	mechanical_normalization	yes
em109	em109	1	1	em109	mechanical_normalization	yes
em112	em112	1	1	em112	mechanical_normalization	yes
em224	em224	1	1	em224	mechanical_normalization	yes
em235	em235	1	1	em235	mechanical_normalization	yes
em237	em237	1	1	em237	mechanical_normalization	yes
em244	em244	1	1	em244	mechanical_normalization	yes
em248	em248	1	1	em248	mechanical_normalization	yes
em249	em249	1	1	em249	mechanical_normalization	yes
em250	em250	1	1	em250	mechanical_normalization	yes
em251	em251	1	1	em251	mechanical_normalization	yes
em147	em147	1	1	em147	mechanical_normalization	yes
em150	em150	1	1	em150	mechanical_normalization	yes
em164	em164	1	1	em164	mechanical_normalization	yes
em170	em170	1	1	em170	mechanical_normalization	yes
em173	em173	1	1	em173	mechanical_normalization	yes
em175	em175	1	1	em175	mechanical_normalization	yes
em205	em205	1	1	em205	mechanical_normalization	yes
em293	em293	1	1	em293	mechanical_normalization	yes
em216	em216	1	1	em216	mechanical_normalization	yes
em220	em220	1	1	em220	mechanical_normalization	yes
em119	em119	1	1	em119	mechanical_normalization	yes
em120	em120	1	1	em120	mechanical_normalization	yes
em124	em124	1	1	em124	mechanical_normalization	yes
em125	em125	1	1	em125	mechanical_normalization	yes
em127	em127	1	1	em127	mechanical_normalization	yes
em135	em135	1	1	em135	mechanical_normalization	yes
em144	em144	1	1	em144	mechanical_normalization	yes
em179	em179	1	1	em179	mechanical_normalization	yes
em185	em185	1	1	em185	mechanical_normalization	yes
em197	em197	1	1	em197	mechanical_normalization	yes
em302	em302	1	1	em302	mechanical_normalization	yes
T9N_97	t9n97	1	1	T9N_97	mechanical_normalization	no
T9N_96	t9n96	1	1	T9N_96	mechanical_normalization	no
T9N_90	t9n90	1	1	T9N_90	mechanical_normalization	no
T9N_89	t9n89	1	1	T9N_89	mechanical_normalization	no
T9N_82	t9n82	1	1	T9N_82	mechanical_normalization	no
T9N_77	t9n77	1	1	T9N_77	mechanical_normalization	no
T9N_76	t9n76	1	1	T9N_76	mechanical_normalization	no
T9N_53	t9n53	1	1	T9N_53	mechanical_normalization	no
T9N_52	t9n52	1	1	T9N_52	mechanical_normalization	no
DN9_36	dn936	1	1	DN9_36	mechanical_normalization	yes
DN9_31	dn931	1	1	DN9_31	mechanical_normalization	yes
T9N_36	t9n36	1	1	T9N_36	mechanical_normalization	no
DN9_30	dn930	1	1	DN9_30	mechanical_normalization	yes
DN9_29	dn929	1	1	DN9_29	mechanical_normalization	yes
DN9_24	dn924	1	1	DN9_24	mechanical_normalization	yes
DN9_22	dn922	1	1	DN9_22	mechanical_normalization	yes
DN9_21	dn921	1	1	DN9_21	mechanical_normalization	yes
DN9_1	dn91	1	1	DN9_1	mechanical_normalization	yes
DN9_17	dn917	1	1	DN9_17	mechanical_normalization	yes
DN9_13	dn913	1	1	DN9_13	mechanical_normalization	yes
D9N_34	d9n34	1	1	D9N_34	mechanical_normalization	no
D9N_26	d9n26	1	1	D9N_26	mechanical_normalization	no
D9N_22	d9n22	1	1	D9N_22	mechanical_normalization	no
D9N_18	d9n18	1	1	D9N_18	mechanical_normalization	no
D9N_17	d9n17	1	1	D9N_17	mechanical_normalization	no
T9N_71	t9n71	1	1	T9N_71	mechanical_normalization	no
T9N_64	t9n64	1	1	T9N_64	mechanical_normalization	no
NN99_S1_8	nn99s18	1	1	NN99_S1_8	mechanical_normalization	no
NN99_S1_39	nn99s139	1	1	NN99_S1_39	mechanical_normalization	no
NN99_S1_37	nn99s137	1	1	NN99_S1_37	mechanical_normalization	no
NN99_S1_36	nn99s136	1	1	NN99_S1_36	mechanical_normalization	no
DN9_93	dn993	1	1	DN9_93	mechanical_normalization	yes
DN9_8	dn98	1	1	DN9_8	mechanical_normalization	yes
DN9_83	dn983	1	1	DN9_83	mechanical_normalization	yes
T9N_5	t9n5	1	1	T9N_5	mechanical_normalization	no
T9N_40	t9n40	1	1	T9N_40	mechanical_normalization	no
DN9_71	dn971	1	1	DN9_71	mechanical_normalization	yes
DN9_133	dn9133	1	1	DN9_133	mechanical_normalization	yes
DN9_129	dn9129	1	1	DN9_129	mechanical_normalization	yes
DN9_126	dn9126	1	1	DN9_126	mechanical_normalization	yes
T9N_33	t9n33	1	1	T9N_33	mechanical_normalization	no
DN9_124	dn9124	1	1	DN9_124	mechanical_normalization	yes
DN9_115	dn9115	1	1	DN9_115	mechanical_normalization	yes
DN9_111	dn9111	1	1	DN9_111	mechanical_normalization	yes
D9N_111	d9n111	1	1	D9N_111	mechanical_normalization	no
T9N_22	t9n22	1	1	T9N_22	mechanical_normalization	no
D9N_109	d9n109	1	1	D9N_109	mechanical_normalization	no
TN9_101	tn9101	1	1	TN9_101	mechanical_normalization	yes
T9N_56	t9n56	1	1	T9N_56	mechanical_normalization	no
T9N_54	t9n54	1	1	T9N_54	mechanical_normalization	no
NN99_S1_25	nn99s125	1	1	NN99_S1_25	mechanical_normalization	no
NN99_S1_1	nn99s11	1	1	NN99_S1_1	mechanical_normalization	no
99NN_S1_8	99nns18	1	1	99NN_S1_8	mechanical_normalization	no
99NN_S1_7	99nns17	1	1	99NN_S1_7	mechanical_normalization	no
T9N_46	t9n46	1	1	T9N_46	mechanical_normalization	no
99NN_S1_34	99nns134	1	1	99NN_S1_34	mechanical_normalization	no
DN9_69	dn969	1	1	DN9_69	mechanical_normalization	yes
T9N_38	t9n38	1	1	T9N_38	mechanical_normalization	no
DN9_48	dn948	1	1	DN9_48	mechanical_normalization	yes
DN9_105	dn9105	1	1	DN9_105	mechanical_normalization	yes
D9N_95	d9n95	1	1	D9N_95	mechanical_normalization	no
D9N_89	d9n89	1	1	D9N_89	mechanical_normalization	no
D9N_88	d9n88	1	1	D9N_88	mechanical_normalization	no
T9N_29	t9n29	1	1	T9N_29	mechanical_normalization	no
D9N_79	d9n79	1	1	D9N_79	mechanical_normalization	no
TN9_76	tn976	1	1	TN9_76	mechanical_normalization	yes
TN9_74	tn974	1	1	TN9_74	mechanical_normalization	yes
TN9_73	tn973	1	1	TN9_73	mechanical_normalization	yes
TN9_66	tn966	1	1	TN9_66	mechanical_normalization	yes
TN9_62	tn962	1	1	TN9_62	mechanical_normalization	yes
TN9_60	tn960	1	1	TN9_60	mechanical_normalization	yes
TN9_59	tn959	1	1	TN9_59	mechanical_normalization	yes
99NN_S1_29	99nns129	1	1	99NN_S1_29	mechanical_normalization	no
T9N_45	t9n45	1	1	T9N_45	mechanical_normalization	no
99NN_S1_27	99nns127	1	1	99NN_S1_27	mechanical_normalization	no
99NN_S1_18	99nns118	1	1	99NN_S1_18	mechanical_normalization	no
D9N_60	d9n60	1	1	D9N_60	mechanical_normalization	no
D9N_59	d9n59	1	1	D9N_59	mechanical_normalization	no
D9N_57	d9n57	1	1	D9N_57	mechanical_normalization	no
T9N_26	t9n26	1	1	T9N_26	mechanical_normalization	no
D9N_47	d9n47	1	1	D9N_47	mechanical_normalization	no
TN9_56	tn956	1	1	TN9_56	mechanical_normalization	yes
TN9_51	tn951	1	1	TN9_51	mechanical_normalization	yes
T9N_16	t9n16	1	1	T9N_16	mechanical_normalization	no
TN9_48	tn948	1	1	TN9_48	mechanical_normalization	yes
TN9_45	tn945	1	1	TN9_45	mechanical_normalization	yes
TN9_36	tn936	1	1	TN9_36	mechanical_normalization	yes
TN9_35	tn935	1	1	TN9_35	mechanical_normalization	yes
TN9_28	tn928	1	1	TN9_28	mechanical_normalization	yes
TN9_23	tn923	1	1	TN9_23	mechanical_normalization	yes
T9N_13	t9n13	1	1	T9N_13	mechanical_normalization	no
TN9_17	tn917	1	1	TN9_17	mechanical_normalization	yes
TN9_16	tn916	1	1	TN9_16	mechanical_normalization	yes
TN9_9	tn99	1	1	TN9_9	mechanical_normalization	yes
TN9_7	tn97	1	1	TN9_7	mechanical_normalization	yes
T9N_1	t9n1	1	1	T9N_1	mechanical_normalization	no
LTGW	ltgw	1	1	LTGW	mechanical_normalization	no
Kitaake FN1978-S	kitaakefn1978s	1	1	Kitaake FN1978-S	mechanical_normalization	no
Kitaake FN1999-S	kitaakefn1999s	1	1	Kitaake FN1999-S	mechanical_normalization	no
Kitaake FN2088-S	kitaakefn2088s	1	1	Kitaake FN2088-S	mechanical_normalization	no
Kitaake FN2081-S	kitaakefn2081s	1	1	Kitaake FN2081-S	mechanical_normalization	no
Kitaake FN2084-S	kitaakefn2084s	1	1	Kitaake FN2084-S	mechanical_normalization	no
Kitaake FN2107-S	kitaakefn2107s	1	1	Kitaake FN2107-S	mechanical_normalization	no
Kitaake FN2109-S	kitaakefn2109s	1	1	Kitaake FN2109-S	mechanical_normalization	no
Kitaake FN2110-S	kitaakefn2110s	1	1	Kitaake FN2110-S	mechanical_normalization	no
Kitaake FN2112-S	kitaakefn2112s	1	1	Kitaake FN2112-S	mechanical_normalization	no
Kitaake FN2123-S	kitaakefn2123s	1	1	Kitaake FN2123-S	mechanical_normalization	no
Kitaake FN2128-S	kitaakefn2128s	1	1	Kitaake FN2128-S	mechanical_normalization	no
Kitaake FN2129-S	kitaakefn2129s	1	1	Kitaake FN2129-S	mechanical_normalization	no
Kitaake FN2136-S	kitaakefn2136s	1	1	Kitaake FN2136-S	mechanical_normalization	no
Kitaake FN2139-S	kitaakefn2139s	1	1	Kitaake FN2139-S	mechanical_normalization	no
Kitaake FN2137-S	kitaakefn2137s	1	1	Kitaake FN2137-S	mechanical_normalization	no
Kitaake FN2142-S	kitaakefn2142s	1	1	Kitaake FN2142-S	mechanical_normalization	no
Kitaake FN2147-S	kitaakefn2147s	1	1	Kitaake FN2147-S	mechanical_normalization	no
Kitaake FN2146-S	kitaakefn2146s	1	1	Kitaake FN2146-S	mechanical_normalization	no
Kitaake FN2153-S	kitaakefn2153s	1	1	Kitaake FN2153-S	mechanical_normalization	no
Kitaake FN2155-S	kitaakefn2155s	1	1	Kitaake FN2155-S	mechanical_normalization	no
Kitaake FN2163-S	kitaakefn2163s	1	1	Kitaake FN2163-S	mechanical_normalization	no
Kitaake FN2165-S	kitaakefn2165s	1	1	Kitaake FN2165-S	mechanical_normalization	no
Kitaake FN2173-S	kitaakefn2173s	1	1	Kitaake FN2173-S	mechanical_normalization	no
Kitaake FN2166-S	kitaakefn2166s	1	1	Kitaake FN2166-S	mechanical_normalization	no
Kitaake FN2167-S	kitaakefn2167s	1	1	Kitaake FN2167-S	mechanical_normalization	no
Kitaake FN2178-S	kitaakefn2178s	1	1	Kitaake FN2178-S	mechanical_normalization	no
cultivated_rice_107	cultivatedrice107	1	1	cultivated_rice_107	mechanical_normalization	no
cultivated_rice_131	cultivatedrice131	1	1	cultivated_rice_131	mechanical_normalization	no
cultivated_rice_132	cultivatedrice132	1	1	cultivated_rice_132	mechanical_normalization	no
cultivated_rice_129	cultivatedrice129	1	1	cultivated_rice_129	mechanical_normalization	no
cultivated_rice_122	cultivatedrice122	1	1	cultivated_rice_122	mechanical_normalization	no
cultivated_rice_112	cultivatedrice112	1	1	cultivated_rice_112	mechanical_normalization	no
cultivated_rice_115	cultivatedrice115	1	1	cultivated_rice_115	mechanical_normalization	no
cultivated_rice_118	cultivatedrice118	1	1	cultivated_rice_118	mechanical_normalization	no
Taraori Basmati	taraoribasmati	1	1	Taraori Basmati	mechanical_normalization	no
BHA	bha	1	1	BHA	mechanical_normalization	no
Suweon258	suweon258	1	1	Suweon258	mechanical_normalization	no
Tachisugata	tachisugata	1	1	Tachisugata	mechanical_normalization	no
Honoka 224	honoka224	1	1	Honoka 224	mechanical_normalization	no
Shinei	shinei	1	1	Shinei	mechanical_normalization	no
SEKIYAMA 4	sekiyama4	1	1	SEKIYAMA 4	mechanical_normalization	no
BOUZU 6	bouzu6	1	1	BOUZU 6	mechanical_normalization	no
HOSOGARA BOUZU	hosogarabouzu	1	1	HOSOGARA BOUZU	mechanical_normalization	no
Tielu rice	tielurice	1	1	Tielu rice	mechanical_normalization	no
Yuanzinian	yuanzinian	1	1	Yuanzinian	mechanical_normalization	no
Song 98	song98	1	1	Song 98	mechanical_normalization	yes
Red rice 1	redrice1	1	1	Red rice 1	mechanical_normalization	no
Mudanjiang 9	mudanjiang9	1	1	Mudanjiang 9	mechanical_normalization	no
DN2332	dn2332	1	1	DN2332	mechanical_normalization	yes
Hongke	hongke	1	1	Hongke	mechanical_normalization	no
DN2303	dn2303	1	1	DN2303	mechanical_normalization	yes
Huamang	huamang	1	1	Huamang	mechanical_normalization	no
DN2308	dn2308	1	1	DN2308	mechanical_normalization	yes
DN2302	dn2302	1	1	DN2302	mechanical_normalization	yes
DN2336	dn2336	1	1	DN2336	mechanical_normalization	yes
DN2342	dn2342	1	1	DN2342	mechanical_normalization	yes
DN2345	dn2345	1	1	DN2345	mechanical_normalization	yes
DN2325	dn2325	1	1	DN2325	mechanical_normalization	yes
Chu xiang Japonica	chuxiangjaponica	1	1	Chu xiang Japonica	mechanical_normalization	no
Qi Japonica10	qijaponica10	1	1	Qi Japonica10	mechanical_normalization	no
KYCN2	kycn2	1	1	KYCN2	mechanical_normalization	yes
KYC20	kyc20	1	1	KYC20	mechanical_normalization	yes
DN2311	dn2311	1	1	DN2311	mechanical_normalization	yes
NG651	ng651	1	1	NG651	mechanical_normalization	yes
Maçarico	maarico	1	1	Maçarico	mechanical_normalization	no
Manobi	manobi	1	1	Manobi	mechanical_normalization	no
Kitaake FN2286	kitaakefn2286	1	1	Kitaake FN2286	mechanical_normalization	no
Kitaake FN2289	kitaakefn2289	1	1	Kitaake FN2289	mechanical_normalization	no
Kitaake FN2293	kitaakefn2293	1	1	Kitaake FN2293	mechanical_normalization	no
Kitaake FN2302	kitaakefn2302	1	1	Kitaake FN2302	mechanical_normalization	no
Kitaake FN2305	kitaakefn2305	1	1	Kitaake FN2305	mechanical_normalization	no
Kitaake FN2306	kitaakefn2306	1	1	Kitaake FN2306	mechanical_normalization	no
Kitaake FN2307	kitaakefn2307	1	1	Kitaake FN2307	mechanical_normalization	no
Kitaake FN2310	kitaakefn2310	1	1	Kitaake FN2310	mechanical_normalization	no
Kitaake FN2321	kitaakefn2321	1	1	Kitaake FN2321	mechanical_normalization	no
Kitaake FN2330	kitaakefn2330	1	1	Kitaake FN2330	mechanical_normalization	no
Kitaake FN2331	kitaakefn2331	1	1	Kitaake FN2331	mechanical_normalization	no
Kitaake FN2335	kitaakefn2335	1	1	Kitaake FN2335	mechanical_normalization	no
Kitaake FN2353	kitaakefn2353	1	1	Kitaake FN2353	mechanical_normalization	no
Kitaake FN2354	kitaakefn2354	1	1	Kitaake FN2354	mechanical_normalization	no
Kitaake FN2357	kitaakefn2357	1	1	Kitaake FN2357	mechanical_normalization	no
Kitaake FN2360	kitaakefn2360	1	1	Kitaake FN2360	mechanical_normalization	no
Kitaake FN2366	kitaakefn2366	1	1	Kitaake FN2366	mechanical_normalization	no
Kitaake FN2365	kitaakefn2365	1	1	Kitaake FN2365	mechanical_normalization	no
Kitaake FN2372	kitaakefn2372	1	1	Kitaake FN2372	mechanical_normalization	no
Kitaake FN2378	kitaakefn2378	1	1	Kitaake FN2378	mechanical_normalization	no
Kitaake FN2379	kitaakefn2379	1	1	Kitaake FN2379	mechanical_normalization	no
US_Estrela	usestrela	1	1	US_Estrela	mechanical_normalization	no
US_OS6	usos6	1	1	US_OS6	mechanical_normalization	yes
US_L201	usl201	1	1	US_L201	mechanical_normalization	yes
US_Zhe_733	uszhe733	1	1	US_Zhe_733	mechanical_normalization	no
US_Panda	uspanda	1	1	US_Panda	mechanical_normalization	no
US_Sinampaga_Selection	ussinampagaselection	1	1	US_Sinampaga_Selection	mechanical_normalization	no
US_V7817	usv7817	1	1	US_V7817	mechanical_normalization	yes
US_Bonnet_73	usbonnet73	1	1	US_Bonnet_73	mechanical_normalization	no
US_Sierra	ussierra	1	1	US_Sierra	mechanical_normalization	no
US_Presidio	uspresidio	1	1	US_Presidio	mechanical_normalization	no
US_CI9187	usci9187	1	1	US_CI9187	mechanical_normalization	yes
US_Bellemont	usbellemont	1	1	US_Bellemont	mechanical_normalization	no
US_VISTA	usvista	1	1	US_VISTA	mechanical_normalization	no
US_Priscilla	uspriscilla	1	1	US_Priscilla	mechanical_normalization	no
US_Colusa	uscolusa	1	1	US_Colusa	mechanical_normalization	no
US_ZENITH	uszenith	1	1	US_ZENITH	mechanical_normalization	no
US_Blue_Rose	usbluerose	1	1	US_Blue_Rose	mechanical_normalization	no
US_TORO-2	ustoro2	1	1	US_TORO-2	mechanical_normalization	no
US_Lacrosse	uslacrosse	1	1	US_Lacrosse	mechanical_normalization	no
US_Alan	usalan	1	1	US_Alan	mechanical_normalization	no
US_WC4443	uswc4443	1	1	US_WC4443	mechanical_normalization	yes
US_Calady	uscalady	1	1	US_Calady	mechanical_normalization	no
US_Kamenoo	uskamenoo	1	1	US_Kamenoo	mechanical_normalization	no
US_CI12338	usci12338	1	1	US_CI12338	mechanical_normalization	yes
US_L-205	usl205	1	1	US_L-205	mechanical_normalization	yes
US_Rexark	usrexark	1	1	US_Rexark	mechanical_normalization	no
US_CI9580	usci9580	1	1	US_CI9580	mechanical_normalization	yes
US_CI9122	usci9122	1	1	US_CI9122	mechanical_normalization	yes
US_Mercury	usmercury	1	1	US_Mercury	mechanical_normalization	no
US_Gulfmont	usgulfmont	1	1	US_Gulfmont	mechanical_normalization	no
Zhenhui129	zhenhui129	1	1	Zhenhui129	mechanical_normalization	no
Zhenguiai1hao	zhenguiai1hao	1	1	Zhenguiai1hao	mechanical_normalization	no
Zhehui0506	zhehui0506	1	1	Zhehui0506	mechanical_normalization	no
Zhe106	zhe106	1	1	Zhe106	mechanical_normalization	yes
Zaoxian788	zaoxian788	1	1	Zaoxian788	mechanical_normalization	no
Zaohui1hao	zaohui1hao	1	1	Zaohui1hao	mechanical_normalization	no
ZaoA	zaoa	1	1	ZaoA	mechanical_normalization	no
Yuye97tanA	yuye97tana	1	1	Yuye97tanA	mechanical_normalization	no
Yuxiangyouzhan	yuxiangyouzhan	1	1	Yuxiangyouzhan	mechanical_normalization	no
Yuwanzhan	yuwanzhan	1	1	Yuwanzhan	mechanical_normalization	no
Yunhui310	yunhui310	1	1	Yunhui310	mechanical_normalization	no
Yunhui68	yunhui68	1	1	Yunhui68	mechanical_normalization	no
Yun9S	yun9s	1	1	Yun9S	mechanical_normalization	yes
Yuexiuzhan	yuexiuzhan	1	1	Yuexiuzhan	mechanical_normalization	no
Yuenongsimiao	yuenongsimiao	1	1	Yuenongsimiao	mechanical_normalization	no
Xinxiangzhan	xinxiangzhan	1	1	Xinxiangzhan	mechanical_normalization	no
Youzhan	youzhan	1	1	Youzhan	mechanical_normalization	no
YiS	yis	1	1	YiS	mechanical_normalization	no
Yihui2308	yihui2308	1	1	Yihui2308	mechanical_normalization	no
Yihui2292	yihui2292	1	1	Yihui2292	mechanical_normalization	no
Yanhui650	yanhui650	1	1	Yanhui650	mechanical_normalization	no
Yangdao8hao	yangdao8hao	1	1	Yangdao8hao	mechanical_normalization	no
Zunxian3hao	zunxian3hao	1	1	Zunxian3hao	mechanical_normalization	no
Zhuxi26	zhuxi26	1	1	Zhuxi26	mechanical_normalization	no
Zhongzao39	zhongzao39	1	1	Zhongzao39	mechanical_normalization	no
Yahui627	yahui627	1	1	Yahui627	mechanical_normalization	no
Zhongyouzao81	zhongyouzao81	1	1	Zhongyouzao81	mechanical_normalization	no
Zhongxian898	zhongxian898	1	1	Zhongxian898	mechanical_normalization	no
Zhongsi2hao	zhongsi2hao	1	1	Zhongsi2hao	mechanical_normalization	no
Zhonglian1A	zhonglian1a	1	1	Zhonglian1A	mechanical_normalization	no
Zhongganzao	zhongganzao	1	1	Zhongganzao	mechanical_normalization	no
Zhong98-15	zhong9815	1	1	Zhong98-15	mechanical_normalization	no
Dodamssal	dodamssal	1	1	Dodamssal	mechanical_normalization	no
IR21845-90-3Msp-2A	ir21845903msp2a	1	1	IR21845-90-3Msp-2A	mechanical_normalization	no
IR19728-9-2-2-3-3	ir1972892233	1	1	IR19728-9-2-2-3-3	mechanical_normalization	yes
IR19674-146-1-1-3-2	ir196741461132	1	1	IR19674-146-1-1-3-2	mechanical_normalization	yes
IR13188-9	ir131889	1	1	IR13188-9	mechanical_normalization	yes
IR13149-19-1	ir13149191	1	1	IR13149-19-1	mechanical_normalization	yes
IR5657-33-2	ir5657332	1	1	IR5657-33-2	mechanical_normalization	yes
IR2153-550-2-6	ir215355026	1	1	IR2153-550-2-6	mechanical_normalization	yes
IR2031-724-2-3-4	ir2031724234	1	1	IR2031-724-2-3-4	mechanical_normalization	yes
IR1544-181-1-1	ir154418111	1	1	IR1544-181-1-1	mechanical_normalization	yes
810S	810s	1	1	810S	mechanical_normalization	yes
IR749B2-44-2-37	ir749b244237	1	1	IR749B2-44-2-37	mechanical_normalization	no
IR127-80-1-10	ir12780110	1	1	IR127-80-1-10	mechanical_normalization	yes
IR56	ir56	1	1	IR56	mechanical_normalization	yes
803A	803a	1	1	803A	mechanical_normalization	yes
IR24-1	ir241	1	1	IR24-1	mechanical_normalization	yes
Huhan1A	huhan1a	1	1	Huhan1A	mechanical_normalization	no
HuaxiangA	huaxianga	1	1	HuaxiangA	mechanical_normalization	no
Huanghuazhan-2	huanghuazhan2	1	1	Huanghuazhan-2	mechanical_normalization	no
Huai96-1	huai961	1	1	Huai96-1	mechanical_normalization	yes
HS-3	hs3	1	1	HS-3	mechanical_normalization	yes
438	438	1	1	438	mechanical_normalization	yes
Hong410	hong410	1	1	Hong410	mechanical_normalization	yes
Hefengzhan	hefengzhan	1	1	Hefengzhan	mechanical_normalization	no
Hang959	hang959	1	1	Hang959	mechanical_normalization	yes
376	376	1	1	376	mechanical_normalization	yes
Guiluai8hao	guiluai8hao	1	1	Guiluai8hao	mechanical_normalization	no
Guike-2S	guike2s	1	1	Guike-2S	mechanical_normalization	no
367A	367a	1	1	367A	mechanical_normalization	yes
GuangmoHS	guangmohs	1	1	GuangmoHS	mechanical_normalization	no
Guangluai4hao	guangluai4hao	1	1	Guangluai4hao	mechanical_normalization	no
Guanghui3550	guanghui3550	1	1	Guanghui3550	mechanical_normalization	no
Guangershi	guangershi	1	1	Guangershi	mechanical_normalization	no
Genfengsimiao	genfengsimiao	1	1	Genfengsimiao	mechanical_normalization	no
GD-1S	gd1s	1	1	GD-1S	mechanical_normalization	yes
Gaoliangdao	gaoliangdao	1	1	Gaoliangdao	mechanical_normalization	no
GanxiangB-2	ganxiangb2	1	1	GanxiangB-2	mechanical_normalization	no
Ganwanxian32hao	ganwanxian32hao	1	1	Ganwanxian32hao	mechanical_normalization	no
Ganwanxian19	ganwanxian19	1	1	Ganwanxian19	mechanical_normalization	no
Gang46A	gang46a	1	1	Gang46A	mechanical_normalization	yes
Fuxiang1A	fuxiang1a	1	1	Fuxiang1A	mechanical_normalization	no
191S	191s	1	1	191S	mechanical_normalization	yes
FengqingzaoA	fengqingzaoa	1	1	FengqingzaoA	mechanical_normalization	no
Fan43S	fan43s	1	1	Fan43S	mechanical_normalization	yes
Duoxi1hao	duoxi1hao	1	1	Duoxi1hao	mechanical_normalization	no
ChuanzheA	chuanzhea	1	1	ChuanzheA	mechanical_normalization	no
Chuannong5A	chuannong5a	1	1	Chuannong5A	mechanical_normalization	no
Chuannong4A	chuannong4a	1	1	Chuannong4A	mechanical_normalization	no
Chuanhanghui1618	chuanhanghui1618	1	1	Chuanhanghui1618	mechanical_normalization	no
79-248	79248	1	1	79-248	mechanical_normalization	yes
Chuangxiang5hao	chuangxiang5hao	1	1	Chuangxiang5hao	mechanical_normalization	no
ChuanguA	chuangua	1	1	ChuanguA	mechanical_normalization	no
Chuangu1S	chuangu1s	1	1	Chuangu1S	mechanical_normalization	no
Chenghui19	chenghui19	1	1	Chenghui19	mechanical_normalization	no
Chao40	chao40	1	1	Chao40	mechanical_normalization	yes
71-74A	7174a	1	1	71-74A	mechanical_normalization	yes
Chang-6	chang6	1	1	Chang-6	mechanical_normalization	no
Chang-4	chang4	1	1	Chang-4	mechanical_normalization	no
Ce49-1	ce491	1	1	Ce49-1	mechanical_normalization	yes
Ce48	ce48	1	1	Ce48	mechanical_normalization	yes
BolizhanaiA	bolizhanaia	1	1	BolizhanaiA	mechanical_normalization	no
BKN6819-33-3-2-1-3	bkn6819333213	1	1	BKN6819-33-3-2-1-3	mechanical_normalization	yes
R158	r158	1	1	R158	mechanical_normalization	yes
R107	r107	1	1	R107	mechanical_normalization	yes
R092	r092	1	1	R092	mechanical_normalization	yes
R88-1	r881	1	1	R88-1	mechanical_normalization	yes
R65	r65	1	1	R65	mechanical_normalization	yes
R60	r60	1	1	R60	mechanical_normalization	yes
R29	r29	1	1	R29	mechanical_normalization	yes
R28	r28	1	1	R28	mechanical_normalization	yes
Qxiang1A	qxiang1a	1	1	Qxiang1A	mechanical_normalization	no
029S	029s	1	1	029S	mechanical_normalization	yes
Qishanzhan	qishanzhan	1	1	Qishanzhan	mechanical_normalization	no
Qingsiai16A	qingsiai16a	1	1	Qingsiai16A	mechanical_normalization	no
Qilisimiao	qilisimiao	1	1	Qilisimiao	mechanical_normalization	no
Qianhui381	qianhui381	1	1	Qianhui381	mechanical_normalization	no
Q3A	q3a	1	1	Q3A	mechanical_normalization	yes
P88S	p88s	1	1	P88S	mechanical_normalization	yes
Neixiang5A	neixiang5a	1	1	Neixiang5A	mechanical_normalization	no
Nanhui716	nanhui716	1	1	Nanhui716	mechanical_normalization	no
8122A	8122a	1	1	8122A	mechanical_normalization	yes
N779S	n779s	1	1	N779S	mechanical_normalization	yes
N118S	n118s	1	1	N118S	mechanical_normalization	yes
N111S	n111s	1	1	N111S	mechanical_normalization	yes
MingnuoS-1	mingnuos1	1	1	MingnuoS-1	mechanical_normalization	no
Minghui1273	minghui1273	1	1	Minghui1273	mechanical_normalization	no
Minghui82	minghui82	1	1	Minghui82	mechanical_normalization	no
Mianxiang1A	mianxiang1a	1	1	Mianxiang1A	mechanical_normalization	no
Mianhui9939	mianhui9939	1	1	Mianhui9939	mechanical_normalization	no
Mianhui9937	mianhui9937	1	1	Mianhui9937	mechanical_normalization	no
Mianhui2040	mianhui2040	1	1	Mianhui2040	mechanical_normalization	no
Mian2A	mian2a	1	1	Mian2A	mechanical_normalization	yes
Mancang515	mancang515	1	1	Mancang515	mechanical_normalization	no
LvyongA	lvyonga	1	1	LvyongA	mechanical_normalization	no
6102S	6102s	1	1	6102S	mechanical_normalization	yes
Luhui8258	luhui8258	1	1	Luhui8258	mechanical_normalization	no
Luhongzao1hao	luhongzao1hao	1	1	Luhongzao1hao	mechanical_normalization	no
LT19	lt19	1	1	LT19	mechanical_normalization	yes
LT13	lt13	1	1	LT13	mechanical_normalization	yes
LongS	longs	1	1	LongS	mechanical_normalization	no
5308S	5308s	1	1	5308S	mechanical_normalization	yes
Liuye97A	liuye97a	1	1	Liuye97A	mechanical_normalization	no
Liushayouzhan202	liushayouzhan202	1	1	Liushayouzhan202	mechanical_normalization	no
Lian24	lian24	1	1	Lian24	mechanical_normalization	yes
Leihuozhan	leihuozhan	1	1	Leihuozhan	mechanical_normalization	no
KeqiandaoA	keqiandaoa	1	1	KeqiandaoA	mechanical_normalization	no
4302A	4302a	1	1	4302A	mechanical_normalization	yes
Ke958BS	ke958bs	1	1	Ke958BS	mechanical_normalization	no
Ke76-1BS	ke761bs	1	1	Ke76-1BS	mechanical_normalization	no
22A	22a	1	1	22A	mechanical_normalization	yes
K17B	k17b	1	1	K17B	mechanical_normalization	yes
Juanye661	juanye661	1	1	Juanye661	mechanical_normalization	no
Jinnongsimiao	jinnongsimiao	1	1	Jinnongsimiao	mechanical_normalization	no
2134	2134	1	1	2134	mechanical_normalization	yes
Jingxiang1A	jingxiang1a	1	1	Jingxiang1A	mechanical_normalization	no
Jingxian89	jingxian89	1	1	Jingxian89	mechanical_normalization	no
JinguA	jingua	1	1	JinguA	mechanical_normalization	no
Jing4155S	jing4155s	1	1	Jing4155S	mechanical_normalization	yes
Jin4128S	jin4128s	1	1	Jin4128S	mechanical_normalization	yes
Jianghui151	jianghui151	1	1	Jianghui151	mechanical_normalization	no
Jiafeng68S	jiafeng68s	1	1	Jiafeng68S	mechanical_normalization	no
IR32489-130-2-2-2	ir32489130222	1	1	IR32489-130-2-2-2	mechanical_normalization	yes
IR32429-122-3-1-2	ir32429122312	1	1	IR32429-122-3-1-2	mechanical_normalization	yes
IR32358-39-3-1-1	ir3235839311	1	1	IR32358-39-3-1-1	mechanical_normalization	yes
IR32307-107-3-2-2	ir32307107322	1	1	IR32307-107-3-2-2	mechanical_normalization	yes
IR32307-75-1-3-1	ir3230775131	1	1	IR32307-75-1-3-1	mechanical_normalization	yes
IR31851-63-1-2-3-2	ir31851631232	1	1	IR31851-63-1-2-3-2	mechanical_normalization	yes
IR31802-48-2-2-2	ir3180248222	1	1	IR31802-48-2-2-2	mechanical_normalization	yes
IR29725-109-1-2-l	ir2972510912l	1	1	IR29725-109-1-2-l	mechanical_normalization	yes
IR29692-65-2-3-3	ir2969265233	1	1	IR29692-65-2-3-3	mechanical_normalization	yes
IR28212-71-4-2-3	ir2821271423	1	1	IR28212-71-4-2-3	mechanical_normalization	yes
IR25926-14-3-2	ir259261432	1	1	IR25926-14-3-2	mechanical_normalization	yes
Xiligongmi	xiligongmi	1	1	Xiligongmi	mechanical_normalization	no
Biao810S	biao810s	1	1	Biao810S	mechanical_normalization	yes
Xiangzaoxian18hao	xiangzaoxian18hao	1	1	Xiangzaoxian18hao	mechanical_normalization	no
Xiangzaoxian17hao	xiangzaoxian17hao	1	1	Xiangzaoxian17hao	mechanical_normalization	no
Xiangzaoxian13hao	xiangzaoxian13hao	1	1	Xiangzaoxian13hao	mechanical_normalization	no
Xiangzaoxian6hao	xiangzaoxian6hao	1	1	Xiangzaoxian6hao	mechanical_normalization	no
Xiangzaoxian1hao	xiangzaoxian1hao	1	1	Xiangzaoxian1hao	mechanical_normalization	no
BCN851	bcn851	1	1	BCN851	mechanical_normalization	yes
Xiangwanxian1hao	xiangwanxian1hao	1	1	Xiangwanxian1hao	mechanical_normalization	no
Xiangaizao4hao	xiangaizao4hao	1	1	Xiangaizao4hao	mechanical_normalization	no
WW008	ww008	1	1	WW008	mechanical_normalization	yes
Wanhui-40491	wanhui40491	1	1	Wanhui-40491	mechanical_normalization	no
V20A	v20a	1	1	V20A	mechanical_normalization	yes
To463-2	to4632	1	1	To463-2	mechanical_normalization	yes
To326	to326	1	1	To326	mechanical_normalization	yes
TN1456	tn1456	1	1	TN1456	mechanical_normalization	yes
Tiandongxiang	tiandongxiang	1	1	Tiandongxiang	mechanical_normalization	no
Taiyin1hao	taiyin1hao	1	1	Taiyin1hao	mechanical_normalization	no
Taihui900	taihui900	1	1	Taihui900	mechanical_normalization	no
Taihui808	taihui808	1	1	Taihui808	mechanical_normalization	no
Taihui46	taihui46	1	1	Taihui46	mechanical_normalization	no
T98A	t98a	1	1	T98A	mechanical_normalization	yes
T78A	t78a	1	1	T78A	mechanical_normalization	yes
T2-59	t259	1	1	T2-59	mechanical_normalization	yes
Shuhui600	shuhui600	1	1	Shuhui600	mechanical_normalization	no
Shuhui362	shuhui362	1	1	Shuhui362	mechanical_normalization	no
Shuangguai	shuangguai	1	1	Shuangguai	mechanical_normalization	no
Shu28A	shu28a	1	1	Shu28A	mechanical_normalization	yes
Shen97A	shen97a	1	1	Shen97A	mechanical_normalization	yes
Ribenqianlisui	ribenqianlisui	1	1	Ribenqianlisui	mechanical_normalization	no
R1511	r1511	1	1	R1511	mechanical_normalization	yes
R1086	r1086	1	1	R1086	mechanical_normalization	yes
R1028	r1028	1	1	R1028	mechanical_normalization	yes
R996	r996	1	1	R996	mechanical_normalization	yes
R608	r608	1	1	R608	mechanical_normalization	yes
R518	r518	1	1	R518	mechanical_normalization	yes
R362	r362	1	1	R362	mechanical_normalization	yes
R0293	r0293	1	1	R0293	mechanical_normalization	yes
R273	r273	1	1	R273	mechanical_normalization	yes
M-ERV1-4	merv14	1	1	M-ERV1-4	mechanical_normalization	yes
Ai	ai	1	1	Ai	mechanical_normalization	no
FUSAOTOME	fusaotome	1	1	FUSAOTOME	mechanical_normalization	no
HIGE	hige	1	1	HIGE	mechanical_normalization	no
Dixiebelle	dixiebelle	1	1	Dixiebelle	mechanical_normalization	no
Hidalgo	hidalgo	1	1	Hidalgo	mechanical_normalization	no
Jazzman	jazzman	1	1	Jazzman	mechanical_normalization	no
LA2177	la2177	1	1	LA2177	mechanical_normalization	yes
Saber	saber	1	1	Saber	mechanical_normalization	no
Wells	wells	1	1	Wells	mechanical_normalization	no
CT19021-3-4-1V1-1	ct19021341v11	1	1	CT19021-3-4-1V1-1	mechanical_normalization	no
NH104-1	nh1041	1	1	NH104-1	mechanical_normalization	yes
NH094-1	nh0941	1	1	NH094-1	mechanical_normalization	yes
NH091-1	nh0911	1	1	NH091-1	mechanical_normalization	yes
NH090-1	nh0901	1	1	NH090-1	mechanical_normalization	yes
NH009-1	nh0091	1	1	NH009-1	mechanical_normalization	yes
NH081-1	nh0811	1	1	NH081-1	mechanical_normalization	yes
NH076-1	nh0761	1	1	NH076-1	mechanical_normalization	yes
NH073-1	nh0731	1	1	NH073-1	mechanical_normalization	yes
NH072-1	nh0721	1	1	NH072-1	mechanical_normalization	yes
NH070-1	nh0701	1	1	NH070-1	mechanical_normalization	yes
NH066-1	nh0661	1	1	NH066-1	mechanical_normalization	yes
NH062-1	nh0621	1	1	NH062-1	mechanical_normalization	yes
NH060-1	nh0601	1	1	NH060-1	mechanical_normalization	yes
NH052-1	nh0521	1	1	NH052-1	mechanical_normalization	yes
NH038-1	nh0381	1	1	NH038-1	mechanical_normalization	yes
NH030-1	nh0301	1	1	NH030-1	mechanical_normalization	yes
NH027-1R	nh0271r	1	1	NH027-1R	mechanical_normalization	yes
NH240-1	nh2401	1	1	NH240-1	mechanical_normalization	yes
NH232-1	nh2321	1	1	NH232-1	mechanical_normalization	yes
NH216-1	nh2161	1	1	NH216-1	mechanical_normalization	yes
NH022-1	nh0221	1	1	NH022-1	mechanical_normalization	yes
NH210-1	nh2101	1	1	NH210-1	mechanical_normalization	yes
NH208-1	nh2081	1	1	NH208-1	mechanical_normalization	yes
NH203-1	nh2031	1	1	NH203-1	mechanical_normalization	yes
NH199-1	nh1991	1	1	NH199-1	mechanical_normalization	yes
NH198-1	nh1981	1	1	NH198-1	mechanical_normalization	yes
NH196-1	nh1961	1	1	NH196-1	mechanical_normalization	yes
NH019-1	nh0191	1	1	NH019-1	mechanical_normalization	yes
NH190-1	nh1901	1	1	NH190-1	mechanical_normalization	yes
NH183-1	nh1831	1	1	NH183-1	mechanical_normalization	yes
NH181	nh181	1	1	NH181	mechanical_normalization	yes
NH175-1	nh1751	1	1	NH175-1	mechanical_normalization	yes
NH174-1	nh1741	1	1	NH174-1	mechanical_normalization	yes
NH017-1	nh0171	1	1	NH017-1	mechanical_normalization	yes
NH173-1	nh1731	1	1	NH173-1	mechanical_normalization	yes
NH167-1	nh1671	1	1	NH167-1	mechanical_normalization	yes
NH166-1	nh1661	1	1	NH166-1	mechanical_normalization	yes
NH016-1	nh0161	1	1	NH016-1	mechanical_normalization	yes
NH155-1	nh1551	1	1	NH155-1	mechanical_normalization	yes
NH150-1	nh1501	1	1	NH150-1	mechanical_normalization	yes
NH145-1	nh1451	1	1	NH145-1	mechanical_normalization	yes
NH140-1	nh1401	1	1	NH140-1	mechanical_normalization	yes
NH132-1	nh1321	1	1	NH132-1	mechanical_normalization	yes
NH013-1	nh0131	1	1	NH013-1	mechanical_normalization	yes
NH110-1	nh1101	1	1	NH110-1	mechanical_normalization	yes
IRGC_8022	irgc8022	1	1	IRGC_8022	mechanical_normalization	yes
IRGC_23361	irgc23361	1	1	IRGC_23361	mechanical_normalization	yes
IRGC_60574	irgc60574	1	1	IRGC_60574	mechanical_normalization	yes
Sahbhagi Dhan	sahbhagidhan	1	1	Sahbhagi Dhan	mechanical_normalization	no
Ai-Chueh-Ching-Yu	aichuehchingyu	1	1	Ai-Chueh-Ching-Yu	mechanical_normalization	no
M18	m18	1	1	M18	mechanical_normalization	yes
Huaye3-4x-G1	huaye34xg1	1	1	Huaye3-4x-G1	mechanical_normalization	no
Fuhui696	fuhui696	1	1	Fuhui696	mechanical_normalization	no
Taoyouxiangzhan	taoyouxiangzhan	1	1	Taoyouxiangzhan	mechanical_normalization	no
Fuhui7185	fuhui7185	1	1	Fuhui7185	mechanical_normalization	no
Zhongzu14	zhongzu14	1	1	Zhongzu14	mechanical_normalization	no
19W66	19w66	1	1	19W66	mechanical_normalization	no
19W61	19w61	1	1	19W61	mechanical_normalization	no
19W59	19w59	1	1	19W59	mechanical_normalization	no
19W47	19w47	1	1	19W47	mechanical_normalization	no
19W37	19w37	1	1	19W37	mechanical_normalization	no
19W36	19w36	1	1	19W36	mechanical_normalization	no
19W33	19w33	1	1	19W33	mechanical_normalization	no
19W32	19w32	1	1	19W32	mechanical_normalization	no
19W29	19w29	1	1	19W29	mechanical_normalization	no
Yunyin	yunyin	1	1	Yunyin	mechanical_normalization	no
KRSV	krsv	1	1	KRSV	mechanical_normalization	no
CNG576B	cng576b	1	1	CNG576B	mechanical_normalization	yes
CNG213B	cng213b	1	1	CNG213B	mechanical_normalization	yes
Jiangxiang1	jiangxiang1	1	1	Jiangxiang1	mechanical_normalization	no
FuyuanA	fuyuana	1	1	FuyuanA	mechanical_normalization	no
Huxiang618A	huxiang618a	1	1	Huxiang618A	mechanical_normalization	no
Wusanximiao	wusanximiao	1	1	Wusanximiao	mechanical_normalization	no
Fuhui667	fuhui667	1	1	Fuhui667	mechanical_normalization	no
Fuhui669	fuhui669	1	1	Fuhui669	mechanical_normalization	no
ZAOHANDAO	zaohandao	1	1	ZAOHANDAO	mechanical_normalization	no
IRAT 13	irat13	1	1	IRAT 13	mechanical_normalization	yes
IAC 1246	iac1246	1	1	IAC 1246	mechanical_normalization	yes
UVS	uvs	1	1	UVS	mechanical_normalization	no
JAPPENI TUNGKUNGO	jappenitungkungo	1	1	JAPPENI TUNGKUNGO	mechanical_normalization	no
COLOMBIA 1	colombia1	1	1	COLOMBIA 1	mechanical_normalization	no
DOURADO AGULHA	douradoagulha	1	1	DOURADO AGULHA	mechanical_normalization	no
IR 30358-084-1-1	ir3035808411	1	1	IR 30358-084-1-1	mechanical_normalization	yes
DUOCHE	duoche	1	1	DUOCHE	mechanical_normalization	no
YUNLU 8	yunlu8	1	1	YUNLU 8	mechanical_normalization	no
HEGANXIANNIAN	heganxiannian	1	1	HEGANXIANNIAN	mechanical_normalization	no
TRES MESES	tresmeses	1	1	TRES MESES	mechanical_normalization	no
NEP HUONG	nephuong	1	1	NEP HUONG	mechanical_normalization	no
IR 1487-372-4	ir14873724	1	1	IR 1487-372-4	mechanical_normalization	yes
HUHAN 3	huhan3	1	1	HUHAN 3	mechanical_normalization	no
HUHAN 15	huhan15	1	1	HUHAN 15	mechanical_normalization	no
XIUSHUI 123	xiushui123	1	1	XIUSHUI 123	mechanical_normalization	no
ZHENSHAN 97B	zhenshan97b	1	1	ZHENSHAN 97B	mechanical_normalization	no
13B	13b	1	1	13B	mechanical_normalization	yes
QAMUYAN	qamuyan	1	1	QAMUYAN	mechanical_normalization	no
MEQAMUNIN 2	meqamunin2	1	1	MEQAMUNIN 2	mechanical_normalization	no
Youxiangyouzhan	youxiangyouzhan	1	1	Youxiangyouzhan	mechanical_normalization	no
Vogali Bora	vogalibora	1	1	Vogali Bora	mechanical_normalization	no
Chuanhuihang907	chuanhuihang907	1	1	Chuanhuihang907	mechanical_normalization	no
9348	9348	1	1	9348	mechanical_normalization	yes
Mianhui734	mianhui734	1	1	Mianhui734	mechanical_normalization	no
15HP58	15hp58	1	1	15HP58	mechanical_normalization	no
Heinuomi	heinuomi	1	1	Heinuomi	mechanical_normalization	no
DYhongdao	dyhongdao	1	1	DYhongdao	mechanical_normalization	no
Guoyou12	guoyou12	1	1	Guoyou12	mechanical_normalization	no
Gunong2923	gunong2923	1	1	Gunong2923	mechanical_normalization	no
814B	814b	1	1	814B	mechanical_normalization	yes
Wenshengnuo	wenshengnuo	1	1	Wenshengnuo	mechanical_normalization	no
Milyang83	milyang83	1	1	Milyang83	mechanical_normalization	no
Niboerhuangdao	niboerhuangdao	1	1	Niboerhuangdao	mechanical_normalization	no
Yuanzinuo	yuanzinuo	1	1	Yuanzinuo	mechanical_normalization	no
Huangxiang2hao	huangxiang2hao	1	1	Huangxiang2hao	mechanical_normalization	no
Ehui108	ehui108	1	1	Ehui108	mechanical_normalization	yes
Gui553	gui553	1	1	Gui553	mechanical_normalization	yes
Yihui72	yihui72	1	1	Yihui72	mechanical_normalization	no
R8006	r8006	1	1	R8006	mechanical_normalization	yes
Molixiangzhan	molixiangzhan	1	1	Molixiangzhan	mechanical_normalization	no
Ezao18	ezao18	1	1	Ezao18	mechanical_normalization	yes
05CR89B	05cr89b	1	1	05CR89B	mechanical_normalization	no
V20B	v20b	1	1	V20B	mechanical_normalization	yes
Luhui5241	luhui5241	1	1	Luhui5241	mechanical_normalization	no
IRBB21	irbb21	1	1	IRBB21	mechanical_normalization	yes
Hua-2	hua2	1	1	Hua-2	mechanical_normalization	yes
CMS15_Guagnzhan63_5S	cms15guagnzhan635s	1	1	CMS15_Guagnzhan63_5S	mechanical_normalization	no
CMS11_6880A	cms116880a	1	1	CMS11_6880A	mechanical_normalization	yes
CMS09_318A	cms09318a	1	1	CMS09_318A	mechanical_normalization	yes
CMS08_203A	cms08203a	1	1	CMS08_203A	mechanical_normalization	yes
CMS07_LongS	cms07longs	1	1	CMS07_LongS	mechanical_normalization	no
CMS02_TianfengA	cms02tianfenga	1	1	CMS02_TianfengA	mechanical_normalization	no
CMS19_Jiawan2A	cms19jiawan2a	1	1	CMS19_Jiawan2A	mechanical_normalization	no
CMS18_Jiahong1A	cms18jiahong1a	1	1	CMS18_Jiahong1A	mechanical_normalization	no
Jiaxiangmi	jiaxiangmi	1	1	Jiaxiangmi	mechanical_normalization	no
Huhan7A	huhan7a	1	1	Huhan7A	mechanical_normalization	no
6360	6360	1	1	6360	mechanical_normalization	yes
Pan Ju	panju	1	1	Pan Ju	mechanical_normalization	no
Kao Chio Lin Chou	kaochiolinchou	1	1	Kao Chio Lin Chou	mechanical_normalization	no
GPNO 5055	gpno5055	1	1	GPNO 5055	mechanical_normalization	yes
WC 2811	wc2811	1	1	WC 2811	mechanical_normalization	yes
Ragasu	ragasu	1	1	Ragasu	mechanical_normalization	no
GPNO 1106	gpno1106	1	1	GPNO 1106	mechanical_normalization	yes
PHUDUGEY	phudugey	1	1	PHUDUGEY	mechanical_normalization	no
Jumli dhan	jumlidhan	1	1	Jumli dhan	mechanical_normalization	no
IR 4482-5-3-9-5	ir44825395	1	1	IR 4482-5-3-9-5	mechanical_normalization	yes
Dichroa Alef Uslkij	dichroaalefuslkij	1	1	Dichroa Alef Uslkij	mechanical_normalization	no
INIAP 7	iniap7	1	1	INIAP 7	mechanical_normalization	no
Manga Kely 694	mangakely694	1	1	Manga Kely 694	mechanical_normalization	no
WW 8/2290	ww82290	1	1	WW 8/2290	mechanical_normalization	yes
Anandi	anandi	1	1	Anandi	mechanical_normalization	no
C 5560	c5560	1	1	C 5560	mechanical_normalization	yes
Chacareiro Uruguay	chacareirouruguay	1	1	Chacareiro Uruguay	mechanical_normalization	no
C 8429	c8429	1	1	C 8429	mechanical_normalization	yes
NANTON NO. 131	nantonno131	1	1	NANTON NO. 131	mechanical_normalization	no
Somewake	somewake	1	1	Somewake	mechanical_normalization	no
H57-3-1	h5731	1	1	H57-3-1	mechanical_normalization	yes
Red Khosha Cerma	redkhoshacerma	1	1	Red Khosha Cerma	mechanical_normalization	no
EMBRAPA 1200	embrapa1200	1	1	EMBRAPA 1200	mechanical_normalization	no
Krachek Chap	krachekchap	1	1	Krachek Chap	mechanical_normalization	no
Bogarigbeli	bogarigbeli	1	1	Bogarigbeli	mechanical_normalization	no
Chin Chin	chinchin	1	1	Chin Chin	mechanical_normalization	no
Lua Chua Chan	luachuachan	1	1	Lua Chua Chan	mechanical_normalization	no
Amane	amane	1	1	Amane	mechanical_normalization	no
Dhan	dhan	1	1	Dhan	mechanical_normalization	no
SHIMIZU MOCHI	shimizumochi	1	1	SHIMIZU MOCHI	mechanical_normalization	no
Nang Bang Bentre	nangbangbentre	1	1	Nang Bang Bentre	mechanical_normalization	no
Sel. No. 388	selno388	1	1	Sel. No. 388	mechanical_normalization	no
CM1_ HAIPONG	cm1haipong	1	1	CM1_ HAIPONG	mechanical_normalization	no
IR 58614-B-B-8-2	ir58614bb82	1	1	IR 58614-B-B-8-2	mechanical_normalization	no
Dara	dara	1	1	Dara	mechanical_normalization	no
Manga 629	manga629	1	1	Manga 629	mechanical_normalization	no
TD 70	td70	1	1	TD 70	mechanical_normalization	yes
IR 238	ir238	1	1	IR 238	mechanical_normalization	yes
Mayang Khang	mayangkhang	1	1	Mayang Khang	mechanical_normalization	no
Dee Geo Woo Gen	deegeowoogen	1	1	Dee Geo Woo Gen	mechanical_normalization	no
Luchang-3	luchang3	1	1	Luchang-3	mechanical_normalization	no
RC-251	rc251	1	1	RC-251	mechanical_normalization	yes
IRGC102206	irgc102206	1	1	IRGC102206	mechanical_normalization	yes
PR121	pr121	1	1	PR121	mechanical_normalization	yes
Kitaake FN4271-S	kitaakefn4271s	1	1	Kitaake FN4271-S	mechanical_normalization	no
Kitaake FN4182-S	kitaakefn4182s	1	1	Kitaake FN4182-S	mechanical_normalization	no
Kitaake FN4185-S	kitaakefn4185s	1	1	Kitaake FN4185-S	mechanical_normalization	no
Kitaake FN4184-S	kitaakefn4184s	1	1	Kitaake FN4184-S	mechanical_normalization	no
679	679	1	1	679	mechanical_normalization	yes
674	674	1	1	674	mechanical_normalization	yes
671	671	1	1	671	mechanical_normalization	yes
66	66	1	1	66	mechanical_normalization	yes
655	655	1	1	655	mechanical_normalization	yes
651	651	1	1	651	mechanical_normalization	yes
645	645	1	1	645	mechanical_normalization	yes
640	640	1	1	640	mechanical_normalization	yes
635	635	1	1	635	mechanical_normalization	yes
1087	1087	1	1	1087	mechanical_normalization	yes
613	613	1	1	613	mechanical_normalization	yes
1279	1279	1	1	1279	mechanical_normalization	yes
1276	1276	1	1	1276	mechanical_normalization	yes
1250	1250	1	1	1250	mechanical_normalization	yes
1026	1026	1	1	1026	mechanical_normalization	yes
1237	1237	1	1	1237	mechanical_normalization	yes
1219	1219	1	1	1219	mechanical_normalization	yes
1217	1217	1	1	1217	mechanical_normalization	yes
1192	1192	1	1	1192	mechanical_normalization	yes
838	838	1	1	838	mechanical_normalization	yes
822	822	1	1	822	mechanical_normalization	yes
814	814	1	1	814	mechanical_normalization	yes
794	794	1	1	794	mechanical_normalization	yes
77	77	1	1	77	mechanical_normalization	yes
76	76	1	1	76	mechanical_normalization	yes
752	752	1	1	752	mechanical_normalization	yes
39	39	1	1	39	mechanical_normalization	yes
1054	1054	1	1	1054	mechanical_normalization	yes
599	599	1	1	599	mechanical_normalization	yes
594	594	1	1	594	mechanical_normalization	yes
593	593	1	1	593	mechanical_normalization	yes
587	587	1	1	587	mechanical_normalization	yes
576	576	1	1	576	mechanical_normalization	yes
562	562	1	1	562	mechanical_normalization	yes
501	501	1	1	501	mechanical_normalization	yes
494	494	1	1	494	mechanical_normalization	yes
1061	1061	1	1	1061	mechanical_normalization	yes
476	476	1	1	476	mechanical_normalization	yes
473	473	1	1	473	mechanical_normalization	yes
1058	1058	1	1	1058	mechanical_normalization	yes
462	462	1	1	462	mechanical_normalization	yes
452	452	1	1	452	mechanical_normalization	yes
1057	1057	1	1	1057	mechanical_normalization	yes
1387	1387	1	1	1387	mechanical_normalization	yes
1374	1374	1	1	1374	mechanical_normalization	yes
1371	1371	1	1	1371	mechanical_normalization	yes
1365	1365	1	1	1365	mechanical_normalization	yes
1046	1046	1	1	1046	mechanical_normalization	yes
1341	1341	1	1	1341	mechanical_normalization	yes
1334	1334	1	1	1334	mechanical_normalization	yes
1323	1323	1	1	1323	mechanical_normalization	yes
1017	1017	1	1	1017	mechanical_normalization	yes
1137	1137	1	1	1137	mechanical_normalization	yes
1131	1131	1	1	1131	mechanical_normalization	yes
993	993	1	1	993	mechanical_normalization	yes
1015	1015	1	1	1015	mechanical_normalization	yes
937	937	1	1	937	mechanical_normalization	yes
922	922	1	1	922	mechanical_normalization	yes
1119	1119	1	1	1119	mechanical_normalization	yes
861	861	1	1	861	mechanical_normalization	yes
740	740	1	1	740	mechanical_normalization	yes
706	706	1	1	706	mechanical_normalization	yes
1307	1307	1	1	1307	mechanical_normalization	yes
1301	1301	1	1	1301	mechanical_normalization	yes
1284	1284	1	1	1284	mechanical_normalization	yes
554	554	1	1	554	mechanical_normalization	yes
1070	1070	1	1	1070	mechanical_normalization	yes
542	542	1	1	542	mechanical_normalization	yes
528	528	1	1	528	mechanical_normalization	yes
521	521	1	1	521	mechanical_normalization	yes
520	520	1	1	520	mechanical_normalization	yes
518	518	1	1	518	mechanical_normalization	yes
517	517	1	1	517	mechanical_normalization	yes
1064	1064	1	1	1064	mechanical_normalization	yes
V226_Dongnong9602	v226dongnong9602	1	1	V226_Dongnong9602	mechanical_normalization	no
V225_Dongnong9229	v225dongnong9229	1	1	V225_Dongnong9229	mechanical_normalization	no
V223_Dongnong92-15	v223dongnong9215	1	1	V223_Dongnong92-15	mechanical_normalization	no
V216_Dongnong9006	v216dongnong9006	1	1	V216_Dongnong9006	mechanical_normalization	no
V185_Puyou12	v185puyou12	1	1	V185_Puyou12	mechanical_normalization	no
V176_Song198	v176song198	1	1	V176_Song198	mechanical_normalization	no
V168_Songgeng10	v168songgeng10	1	1	V168_Songgeng10	mechanical_normalization	no
V163_Songgeng2	v163songgeng2	1	1	V163_Songgeng2	mechanical_normalization	no
V017_Gonghedao	v017gonghedao	1	1	V017_Gonghedao	mechanical_normalization	no
V161_Mu06-1188	v161mu061188	1	1	V161_Mu06-1188	mechanical_normalization	no
V418_Heigeng360	v418heigeng360	1	1	V418_Heigeng360	mechanical_normalization	no
V042_Jouiku_397	v042jouiku397	1	1	V042_Jouiku_397	mechanical_normalization	no
V408_jinboo_13	v408jinboo13	1	1	V408_jinboo_13	mechanical_normalization	no
V406_taebong	v406taebong	1	1	V406_taebong	mechanical_normalization	no
V405_jinboochal	v405jinboochal	1	1	V405_jinboochal	mechanical_normalization	no
V041_yukara	v041yukara	1	1	V041_yukara	mechanical_normalization	no
V402_jinmee	v402jinmee	1	1	V402_jinmee	mechanical_normalization	no
V401_joonghua	v401joonghua	1	1	V401_joonghua	mechanical_normalization	no
V399_zaorim	v399zaorim	1	1	V399_zaorim	mechanical_normalization	no
V394_woondoo	v394woondoo	1	1	V394_woondoo	mechanical_normalization	no
V040_yukihikari	v040yukihikari	1	1	V040_yukihikari	mechanical_normalization	no
V156_Mudanjiang29	v156mudanjiang29	1	1	V156_Mudanjiang29	mechanical_normalization	no
V153_Mudanjiang26	v153mudanjiang26	1	1	V153_Mudanjiang26	mechanical_normalization	no
V152_Mudanjiang20	v152mudanjiang20	1	1	V152_Mudanjiang20	mechanical_normalization	no
V148_Nongda05-109	v148nongda05109	1	1	V148_Nongda05-109	mechanical_normalization	no
V147_Nongda05-030	v147nongda05030	1	1	V147_Nongda05-030	mechanical_normalization	no
V144_Longdun105	v144longdun105	1	1	V144_Longdun105	mechanical_normalization	no
V135_Sui6047	v135sui6047	1	1	V135_Sui6047	mechanical_normalization	no
V130_Suigeng9	v130suigeng9	1	1	V130_Suigeng9	mechanical_normalization	no
V272_Jiyugeng	v272jiyugeng	1	1	V272_Jiyugeng	mechanical_normalization	no
V270_Jigeng502	v270jigeng502	1	1	V270_Jigeng502	mechanical_normalization	no
V265_Jigeng88	v265jigeng88	1	1	V265_Jigeng88	mechanical_normalization	no
V263_Jigeng86	v263jigeng86	1	1	V263_Jigeng86	mechanical_normalization	no
V262_Jigeng85	v262jigeng85	1	1	V262_Jigeng85	mechanical_normalization	no
V261_Jigeng83	v261jigeng83	1	1	V261_Jigeng83	mechanical_normalization	no
V255_Jigeng63	v255jigeng63	1	1	V255_Jigeng63	mechanical_normalization	no
V253_Jigeng46	v253jigeng46	1	1	V253_Jigeng46	mechanical_normalization	no
V026_Hejiang3	v026hejiang3	1	1	V026_Hejiang3	mechanical_normalization	no
V215_Dongnong86-12	v215dongnong8612	1	1	V215_Dongnong86-12	mechanical_normalization	no
V212_Dongnong71-51	v212dongnong7151	1	1	V212_Dongnong71-51	mechanical_normalization	no
V211_Dongnong7009	v211dongnong7009	1	1	V211_Dongnong7009	mechanical_normalization	no
V201_Dongnong425	v201dongnong425	1	1	V201_Dongnong425	mechanical_normalization	no
V065_Kendao07-193	v065kendao07193	1	1	V065_Kendao07-193	mechanical_normalization	no
V058_Kendao14	v058kendao14	1	1	V058_Kendao14	mechanical_normalization	no
V559_Nanfangchangligeng	v559nanfangchangligeng	1	1	V559_Nanfangchangligeng	mechanical_normalization	no
V557_Zhonglongxianggeng1	v557zhonglongxianggeng1	1	1	V557_Zhonglongxianggeng1	mechanical_normalization	no
V551_Longdao16	v551longdao16	1	1	V551_Longdao16	mechanical_normalization	no
V542_Xiushui_134	v542xiushui134	1	1	V542_Xiushui_134	mechanical_normalization	no
V051_Mudanjiang19	v051mudanjiang19	1	1	V051_Mudanjiang19	mechanical_normalization	no
V505_suishashani	v505suishashani	1	1	V505_suishashani	mechanical_normalization	no
V500_Mudanjiang23	v500mudanjiang23	1	1	V500_Mudanjiang23	mechanical_normalization	no
V497_Mudanjiang11	v497mudanjiang11	1	1	V497_Mudanjiang11	mechanical_normalization	no
V494_Mudanjiang7	v494mudanjiang7	1	1	V494_Mudanjiang7	mechanical_normalization	no
V491_Mudanjiang3	v491mudanjiang3	1	1	V491_Mudanjiang3	mechanical_normalization	no
V489_Munian1	v489munian1	1	1	V489_Munian1	mechanical_normalization	no
V486_Longdun103	v486longdun103	1	1	V486_Longdun103	mechanical_normalization	no
V482_jiaoyiku_418	v482jiaoyiku418	1	1	V482_jiaoyiku_418	mechanical_normalization	no
V328_Liaogeng421	v328liaogeng421	1	1	V328_Liaogeng421	mechanical_normalization	no
V321_Yangeng105	v321yangeng105	1	1	V321_Yangeng105	mechanical_normalization	no
V314_Tongyu503	v314tongyu503	1	1	V314_Tongyu503	mechanical_normalization	no
V310_Tongyu329	v310tongyu329	1	1	V310_Tongyu329	mechanical_normalization	no
V300_Tongyu112	v300tongyu112	1	1	V300_Tongyu112	mechanical_normalization	no
V289_Teyou14	v289teyou14	1	1	V289_Teyou14	mechanical_normalization	no
V285_Fengyou503	v285fengyou503	1	1	V285_Fengyou503	mechanical_normalization	no
V277_Ji89-63	v277ji8963	1	1	V277_Ji89-63	mechanical_normalization	no
V127_Suigeng6	v127suigeng6	1	1	V127_Suigeng6	mechanical_normalization	no
V123_Beidao3	v123beidao3	1	1	V123_Beidao3	mechanical_normalization	no
V122_Beidao2	v122beidao2	1	1	V122_Beidao2	mechanical_normalization	no
V117_Longdao6	v117longdao6	1	1	V117_Longdao6	mechanical_normalization	no
V012_laotoudao_1	v012laotoudao1	1	1	V012_laotoudao_1	mechanical_normalization	no
V104_Longjiao9603	v104longjiao9603	1	1	V104_Longjiao9603	mechanical_normalization	no
V101_Longjiao04-2637	v101longjiao042637	1	1	V101_Longjiao04-2637	mechanical_normalization	no
V097_Longgengxiang1	v097longgengxiang1	1	1	V097_Longgengxiang1	mechanical_normalization	no
V096_Longgeng29	v096longgeng29	1	1	V096_Longgeng29	mechanical_normalization	no
V092_Longgeng25	v092longgeng25	1	1	V092_Longgeng25	mechanical_normalization	no
V090_Longgeng23	v090longgeng23	1	1	V090_Longgeng23	mechanical_normalization	no
V088_Longgeng21	v088longgeng21	1	1	V088_Longgeng21	mechanical_normalization	no
V083_Longgeng15	v083longgeng15	1	1	V083_Longgeng15	mechanical_normalization	no
V081_Longgeng13	v081longgeng13	1	1	V081_Longgeng13	mechanical_normalization	no
V071_Ken07-572	v071ken07572	1	1	V071_Ken07-572	mechanical_normalization	no
V390_sobaek	v390sobaek	1	1	V390_sobaek	mechanical_normalization	no
V389_sinsangzoo	v389sinsangzoo	1	1	V389_sinsangzoo	mechanical_normalization	no
V388_sangzoochal	v388sangzoochal	1	1	V388_sangzoochal	mechanical_normalization	no
V039_Fengchan9	v039fengchan9	1	1	V039_Fengchan9	mechanical_normalization	no
V383_sambaekbyeo	v383sambaekbyeo	1	1	V383_sambaekbyeo	mechanical_normalization	no
V378_He2000-312-2	v378he20003122	1	1	V378_He2000-312-2	mechanical_normalization	no
V376_geuroobyeo	v376geuroobyeo	1	1	V376_geuroobyeo	mechanical_normalization	no
V373_waseaikoku_3	v373waseaikoku3	1	1	V373_waseaikoku_3	mechanical_normalization	no
V371_iwanishki	v371iwanishki	1	1	V371_iwanishki	mechanical_normalization	no
V370_maihime	v370maihime	1	1	V370_maihime	mechanical_normalization	no
V367_fukei_198	v367fukei198	1	1	V367_fukei_198	mechanical_normalization	no
V353_rikuukomachi	v353rikuukomachi	1	1	V353_rikuukomachi	mechanical_normalization	no
V348_fuchihikari	v348fuchihikari	1	1	V348_fuchihikari	mechanical_normalization	no
V035_Hejiang22	v035hejiang22	1	1	V035_Hejiang22	mechanical_normalization	no
V338_Liaoyan282	v338liaoyan282	1	1	V338_Liaoyan282	mechanical_normalization	no
V336_Liaoyan166	v336liaoyan166	1	1	V336_Liaoyan166	mechanical_normalization	no
V034_Hejiang19	v034hejiang19	1	1	V034_Hejiang19	mechanical_normalization	no
V538_Xiushui_63	v538xiushui63	1	1	V538_Xiushui_63	mechanical_normalization	no
V527_Liandao1	v527liandao1	1	1	V527_Liandao1	mechanical_normalization	no
V526_Longdao12	v526longdao12	1	1	V526_Longdao12	mechanical_normalization	no
V525_Longdao11	v525longdao11	1	1	V525_Longdao11	mechanical_normalization	no
V524_Longdao10	v524longdao10	1	1	V524_Longdao10	mechanical_normalization	no
V052_Xixuan1	v052xixuan1	1	1	V052_Xixuan1	mechanical_normalization	no
V476_Hejiang14	v476hejiang14	1	1	V476_Hejiang14	mechanical_normalization	no
V470_Hejiang5	v470hejiang5	1	1	V470_Hejiang5	mechanical_normalization	no
V460_Longgeng7	v460longgeng7	1	1	V460_Longgeng7	mechanical_normalization	no
V458_Longgeng5	v458longgeng5	1	1	V458_Longgeng5	mechanical_normalization	no
V449_Kenjiandao12	v449kenjiandao12	1	1	V449_Kenjiandao12	mechanical_normalization	no
V448_Kenjiandao5	v448kenjiandao5	1	1	V448_Kenjiandao5	mechanical_normalization	no
V445_Kendao18	v445kendao18	1	1	V445_Kendao18	mechanical_normalization	no
V440_Kendao10	v440kendao10	1	1	V440_Kendao10	mechanical_normalization	no
V438_Heigeng7	v438heigeng7	1	1	V438_Heigeng7	mechanical_normalization	no
V437_Heigeng5	v437heigeng5	1	1	V437_Heigeng5	mechanical_normalization	no
V435_piaohonggendao	v435piaohonggendao	1	1	V435_piaohonggendao	mechanical_normalization	no
V044_mastumae	v044mastumae	1	1	V044_mastumae	mechanical_normalization	no
V428_yushenlongbaimao	v428yushenlongbaimao	1	1	V428_yushenlongbaimao	mechanical_normalization	no
V043_yunami	v043yunami	1	1	V043_yunami	mechanical_normalization	no
V421_0-2371	v42102371	1	1	V421_0-2371	mechanical_normalization	yes
V242_Changbai11	v242changbai11	1	1	V242_Changbai11	mechanical_normalization	no
V237_Changbai5	v237changbai5	1	1	V237_Changbai5	mechanical_normalization	no
PN30	pn30	1	1	PN30	mechanical_normalization	yes
PN26	pn26	1	1	PN26	mechanical_normalization	yes
Huanghuazhan:HM2-S125	huanghuazhanhm2s125	1	1	Huanghuazhan:HM2-S125	mechanical_normalization	no
Kalinga III	kalingaiii	1	1	Kalinga III	mechanical_normalization	no
Zag	zag	1	1	Zag	mechanical_normalization	no
Khoya-Motor	khoyamotor	1	1	Khoya-Motor	mechanical_normalization	no
Baisbish	baisbish	1	1	Baisbish	mechanical_normalization	no
Heenati	heenati	1	1	Heenati	mechanical_normalization	no
Hilay	hilay	1	1	Hilay	mechanical_normalization	no
Abor-Red-B	aborredb	1	1	Abor-Red-B	mechanical_normalization	no
Cempo-Merah	cempomerah	1	1	Cempo-Merah	mechanical_normalization	no
Khao-Khan-Nwe	khaokhannwe	1	1	Khao-Khan-Nwe	mechanical_normalization	no
SR35266-2-7-2-1	sr352662721	1	1	SR35266-2-7-2-1	mechanical_normalization	yes
SR35266-2-11-1-1-1	sr35266211111	1	1	SR35266-2-11-1-1-1	mechanical_normalization	yes
ART58-5-1-1-B-B	art58511bb	1	1	ART58-5-1-1-B-B	mechanical_normalization	no
SR23364-128-1835-1-HV-1-1	sr2336412818351hv11	1	1	SR23364-128-1835-1-HV-1-1	mechanical_normalization	no
GR18-SARI	gr18sari	1	1	GR18-SARI	mechanical_normalization	no
AGRA-CRI-LOL-2-29	agracrilol229	1	1	AGRA-CRI-LOL-2-29	mechanical_normalization	no
SA7-SARI	sa7sari	1	1	SA7-SARI	mechanical_normalization	no
ART75-57-1-1-B-B	art755711bb	1	1	ART75-57-1-1-B-B	mechanical_normalization	no
KBR12	kbr12	1	1	KBR12	mechanical_normalization	yes
ART120-26-1-1-B-B	art1202611bb	1	1	ART120-26-1-1-B-B	mechanical_normalization	no
DigJas-61	digjas61	1	1	DigJas-61	mechanical_normalization	no
SIKAMO	sikamo	1	1	SIKAMO	mechanical_normalization	no
IR64/RYMV1-2	ir64rymv12	1	1	IR64/RYMV1-2	mechanical_normalization	no
Supa	supa	1	1	Supa	mechanical_normalization	no
Viwonor Short	viwonorshort	1	1	Viwonor Short	mechanical_normalization	no
NERICA 1	nerica1	1	1	NERICA 1	mechanical_normalization	no
CRI-Mputuo	crimputuo	1	1	CRI-Mputuo	mechanical_normalization	no
Bouake 189	bouake189	1	1	Bouake 189	mechanical_normalization	no
ART71-96-1-1-B-B	art719611bb	1	1	ART71-96-1-1-B-B	mechanical_normalization	no
ART68-12-1-1-B-B	art681211bb	1	1	ART68-12-1-1-B-B	mechanical_normalization	no
SA60-SARI	sa60sari	1	1	SA60-SARI	mechanical_normalization	no
Kavuni	kavuni	1	1	Kavuni	mechanical_normalization	no
R293	r293	1	1	R293	mechanical_normalization	yes
ZhanS	zhans	1	1	ZhanS	mechanical_normalization	no
TongA	tonga	1	1	TongA	mechanical_normalization	no
5680A	5680a	1	1	5680A	mechanical_normalization	yes
HB82A	hb82a	1	1	HB82A	mechanical_normalization	yes
Teng2A	teng2a	1	1	Teng2A	mechanical_normalization	yes
Lua goc do	luagocdo	1	1	Lua goc do	mechanical_normalization	no
Haitian tetraploid self-reverted diploid	haitiantetraploidselfreverteddiploid	1	1	Haitian tetraploid self-reverted diploid	mechanical_normalization	no
Haitian tetraploid	haitiantetraploid	1	1	Haitian tetraploid	mechanical_normalization	no
Haitian diploid	haitiandiploid	1	1	Haitian diploid	mechanical_normalization	no
Kitaake FN1631 -S	kitaakefn1631s	1	1	Kitaake FN1631 -S	mechanical_normalization	no
Kitaake FN1638 -S	kitaakefn1638s	1	1	Kitaake FN1638 -S	mechanical_normalization	no
Kitaake FN1623 -S	kitaakefn1623s	1	1	Kitaake FN1623 -S	mechanical_normalization	no
Kitaake FN1573 -S	kitaakefn1573s	1	1	Kitaake FN1573 -S	mechanical_normalization	no
Kitaake FN1576 -S	kitaakefn1576s	1	1	Kitaake FN1576 -S	mechanical_normalization	no
Kitaake FN1617 -S	kitaakefn1617s	1	1	Kitaake FN1617 -S	mechanical_normalization	no
Kitaake FN1618 -S	kitaakefn1618s	1	1	Kitaake FN1618 -S	mechanical_normalization	no
Kitaake FN1636 -S	kitaakefn1636s	1	1	Kitaake FN1636 -S	mechanical_normalization	no
Kitaake FN1641 -S	kitaakefn1641s	1	1	Kitaake FN1641 -S	mechanical_normalization	no
Kitaake FN1643 -S	kitaakefn1643s	1	1	Kitaake FN1643 -S	mechanical_normalization	no
Kitaake FN1656 -S	kitaakefn1656s	1	1	Kitaake FN1656 -S	mechanical_normalization	no
Kitaake FN1657 -S	kitaakefn1657s	1	1	Kitaake FN1657 -S	mechanical_normalization	no
Kitaake FN1660 -S	kitaakefn1660s	1	1	Kitaake FN1660 -S	mechanical_normalization	no
Kitaake ubi-XA24 FN1373-S	kitaakeubixa24fn1373s	1	1	Kitaake ubi-XA24 FN1373-S	mechanical_normalization	no
Hokuriku 130	hokuriku130	1	1	Hokuriku 130	mechanical_normalization	no
Khaohsiung 64	khaohsiung64	1	1	Khaohsiung 64	mechanical_normalization	no
Taichung 178	taichung178	1	1	Taichung 178	mechanical_normalization	no
Qingjiao 301	qingjiao301	1	1	Qingjiao 301	mechanical_normalization	no
Shennong 265	shennong265	1	1	Shennong 265	mechanical_normalization	no
Akinishiki	akinishiki	1	1	Akinishiki	mechanical_normalization	no
Mutsunishiki	mutsunishiki	1	1	Mutsunishiki	mechanical_normalization	no
Haploid1-2	haploid12	1	1	Haploid1-2	mechanical_normalization	no
Chunyou84 F2-2	chunyou84f22	1	1	Chunyou84 F2-2	mechanical_normalization	no
Chunyou84-1	chunyou841	1	1	Chunyou84-1	mechanical_normalization	no
Kitaake FN3226-S	kitaakefn3226s	1	1	Kitaake FN3226-S	mechanical_normalization	no
Kitaake FN3223-S	kitaakefn3223s	1	1	Kitaake FN3223-S	mechanical_normalization	no
Kitaake FN3252-S	kitaakefn3252s	1	1	Kitaake FN3252-S	mechanical_normalization	no
Kitaake FN3206-S	kitaakefn3206s	1	1	Kitaake FN3206-S	mechanical_normalization	no
Kitaake FN3255-S	kitaakefn3255s	1	1	Kitaake FN3255-S	mechanical_normalization	no
Kitaake FN3142-S	kitaakefn3142s	1	1	Kitaake FN3142-S	mechanical_normalization	no
Kitaake FN3217-S	kitaakefn3217s	1	1	Kitaake FN3217-S	mechanical_normalization	no
Kitaake FN3200-S	kitaakefn3200s	1	1	Kitaake FN3200-S	mechanical_normalization	no
Kitaake FN3227-S	kitaakefn3227s	1	1	Kitaake FN3227-S	mechanical_normalization	no
Kitaake FN3221-S	kitaakefn3221s	1	1	Kitaake FN3221-S	mechanical_normalization	no
Kitaake FN4404-S	kitaakefn4404s	1	1	Kitaake FN4404-S	mechanical_normalization	no
Kitaake FN4353-S	kitaakefn4353s	1	1	Kitaake FN4353-S	mechanical_normalization	no
Kitaake FN4367-S	kitaakefn4367s	1	1	Kitaake FN4367-S	mechanical_normalization	no
Kitaake FN4385-S	kitaakefn4385s	1	1	Kitaake FN4385-S	mechanical_normalization	no
Kitaake FN4388-S	kitaakefn4388s	1	1	Kitaake FN4388-S	mechanical_normalization	no
Kitaake FN4390-S	kitaakefn4390s	1	1	Kitaake FN4390-S	mechanical_normalization	no
Kitaake FN4417-S	kitaakefn4417s	1	1	Kitaake FN4417-S	mechanical_normalization	no
Kitaake FN4446-S	kitaakefn4446s	1	1	Kitaake FN4446-S	mechanical_normalization	no
Kitaake FN4464-S	kitaakefn4464s	1	1	Kitaake FN4464-S	mechanical_normalization	no
Kitaake FN4469-S	kitaakefn4469s	1	1	Kitaake FN4469-S	mechanical_normalization	no
Kitaake FN4472-S	kitaakefn4472s	1	1	Kitaake FN4472-S	mechanical_normalization	no
Kitaake FN4607-S	kitaakefn4607s	1	1	Kitaake FN4607-S	mechanical_normalization	no
Kitaake FN4608-S	kitaakefn4608s	1	1	Kitaake FN4608-S	mechanical_normalization	no
Kitaake FN4775-S	kitaakefn4775s	1	1	Kitaake FN4775-S	mechanical_normalization	no
Kitaake FN4476-S	kitaakefn4476s	1	1	Kitaake FN4476-S	mechanical_normalization	no
Kitaake FN4489-S	kitaakefn4489s	1	1	Kitaake FN4489-S	mechanical_normalization	no
Kitaake FN4515-S	kitaakefn4515s	1	1	Kitaake FN4515-S	mechanical_normalization	no
Kitaake FN4386-2-S	kitaakefn43862s	1	1	Kitaake FN4386-2-S	mechanical_normalization	no
Kitaake FN4533-S	kitaakefn4533s	1	1	Kitaake FN4533-S	mechanical_normalization	no
Kitaake FN4606-2-S	kitaakefn46062s	1	1	Kitaake FN4606-2-S	mechanical_normalization	no
Kitaake FN4546-S	kitaakefn4546s	1	1	Kitaake FN4546-S	mechanical_normalization	no
Kitaake FN4480-S	kitaakefn4480s	1	1	Kitaake FN4480-S	mechanical_normalization	no
Kitaake FN4571-S	kitaakefn4571s	1	1	Kitaake FN4571-S	mechanical_normalization	no
Kitaake FN4554-2-S	kitaakefn45542s	1	1	Kitaake FN4554-2-S	mechanical_normalization	no
Kitaake FN4687-S	kitaakefn4687s	1	1	Kitaake FN4687-S	mechanical_normalization	no
Kitaake FN4517-S	kitaakefn4517s	1	1	Kitaake FN4517-S	mechanical_normalization	no
Kitaake FN4584-S	kitaakefn4584s	1	1	Kitaake FN4584-S	mechanical_normalization	no
Kitaake FN4593-S	kitaakefn4593s	1	1	Kitaake FN4593-S	mechanical_normalization	no
Kitaake FN4481-S	kitaakefn4481s	1	1	Kitaake FN4481-S	mechanical_normalization	no
Kitaake FN4491-S	kitaakefn4491s	1	1	Kitaake FN4491-S	mechanical_normalization	no
Kitaake FN2899-S	kitaakefn2899s	1	1	Kitaake FN2899-S	mechanical_normalization	no
Kitaake FN2889-S	kitaakefn2889s	1	1	Kitaake FN2889-S	mechanical_normalization	no
Kitaake FN2894-S	kitaakefn2894s	1	1	Kitaake FN2894-S	mechanical_normalization	no
Kitaake FN2882-S	kitaakefn2882s	1	1	Kitaake FN2882-S	mechanical_normalization	no
Kitaake FN2654-S	kitaakefn2654s	1	1	Kitaake FN2654-S	mechanical_normalization	no
Kitaake FN2991-S	kitaakefn2991s	1	1	Kitaake FN2991-S	mechanical_normalization	no
Kitaake FN2990-S	kitaakefn2990s	1	1	Kitaake FN2990-S	mechanical_normalization	no
Kitaake FN3014-S	kitaakefn3014s	1	1	Kitaake FN3014-S	mechanical_normalization	no
Kitaake FN2921-S	kitaakefn2921s	1	1	Kitaake FN2921-S	mechanical_normalization	no
Kitaake FN2944-S	kitaakefn2944s	1	1	Kitaake FN2944-S	mechanical_normalization	no
Kitaake FN2727-S	kitaakefn2727s	1	1	Kitaake FN2727-S	mechanical_normalization	no
Kitaake FN2939-S	kitaakefn2939s	1	1	Kitaake FN2939-S	mechanical_normalization	no
Kitaake FN2914-S	kitaakefn2914s	1	1	Kitaake FN2914-S	mechanical_normalization	no
Kitaake FN2186-S	kitaakefn2186s	1	1	Kitaake FN2186-S	mechanical_normalization	no
Kitaake FN4495-S	kitaakefn4495s	1	1	Kitaake FN4495-S	mechanical_normalization	no
Kitaake FN2918-S	kitaakefn2918s	1	1	Kitaake FN2918-S	mechanical_normalization	no
L3-T5-6	l3t56	1	1	L3-T5-6	mechanical_normalization	no
L3-T5-2	l3t52	1	1	L3-T5-2	mechanical_normalization	no
L3-T5-1	l3t51	1	1	L3-T5-1	mechanical_normalization	no
LK638S	lk638s	1	1	LK638S	mechanical_normalization	yes
CO-R-50	cor50	1	1	CO-R-50	mechanical_normalization	yes
C71	c71	1	1	C71	mechanical_normalization	yes
Bg90-2	bg902	1	1	Bg90-2	mechanical_normalization	yes
IR68552-55-3-2	ir685525532	1	1	IR68552-55-3-2	mechanical_normalization	yes
Qitougu	qitougu	1	1	Qitougu	mechanical_normalization	no
KALAMKATI	kalamkati	1	1	KALAMKATI	mechanical_normalization	no
KHUMAL4	khumal4	1	1	KHUMAL4	mechanical_normalization	no
Dangyu5hao	dangyu5hao	1	1	Dangyu5hao	mechanical_normalization	no
Nanjing11hao	nanjing11hao	1	1	Nanjing11hao	mechanical_normalization	no
Ezhong2Hao	ezhong2hao	1	1	Ezhong2Hao	mechanical_normalization	no
Zhuliangyou	zhuliangyou	1	1	Zhuliangyou	mechanical_normalization	no
Chaoyou1000	chaoyou1000	1	1	Chaoyou1000	mechanical_normalization	no
Yangeng2	yangeng2	1	1	Yangeng2	mechanical_normalization	no
Zhendao88	zhendao88	1	1	Zhendao88	mechanical_normalization	no
Huaidao5hao	huaidao5hao	1	1	Huaidao5hao	mechanical_normalization	no
G40892	g40892	1	1	G40892	mechanical_normalization	yes
G40851	g40851	1	1	G40851	mechanical_normalization	yes
G40841	g40841	1	1	G40841	mechanical_normalization	yes
G40791	g40791	1	1	G40791	mechanical_normalization	yes
G40771	g40771	1	1	G40771	mechanical_normalization	yes
G40751	g40751	1	1	G40751	mechanical_normalization	yes
G40101	g40101	1	1	G40101	mechanical_normalization	yes
G40681	g40681	1	1	G40681	mechanical_normalization	yes
G40651	g40651	1	1	G40651	mechanical_normalization	yes
G40611	g40611	1	1	G40611	mechanical_normalization	yes
G40601	g40601	1	1	G40601	mechanical_normalization	yes
K	k	1	1	K	mechanical_normalization	no
G42281	g42281	1	1	G42281	mechanical_normalization	yes
G42131	g42131	1	1	G42131	mechanical_normalization	yes
G40221	g40221	1	1	G40221	mechanical_normalization	yes
G41971	g41971	1	1	G41971	mechanical_normalization	yes
G41951	g41951	1	1	G41951	mechanical_normalization	yes
G40511	g40511	1	1	G40511	mechanical_normalization	yes
G40491	g40491	1	1	G40491	mechanical_normalization	yes
G40361	g40361	1	1	G40361	mechanical_normalization	yes
G40331	g40331	1	1	G40331	mechanical_normalization	yes
G40321	g40321	1	1	G40321	mechanical_normalization	yes
G41831	g41831	1	1	G41831	mechanical_normalization	yes
G40201	g40201	1	1	G40201	mechanical_normalization	yes
G41741	g41741	1	1	G41741	mechanical_normalization	yes
G41671	g41671	1	1	G41671	mechanical_normalization	yes
G41581	g41581	1	1	G41581	mechanical_normalization	yes
G41561	g41561	1	1	G41561	mechanical_normalization	yes
G41171	g41171	1	1	G41171	mechanical_normalization	yes
G41081	g41081	1	1	G41081	mechanical_normalization	yes
G41061	g41061	1	1	G41061	mechanical_normalization	yes
G41031	g41031	1	1	G41031	mechanical_normalization	yes
G40991	g40991	1	1	G40991	mechanical_normalization	yes
G41551	g41551	1	1	G41551	mechanical_normalization	yes
G41451	g41451	1	1	G41451	mechanical_normalization	yes
G41411	g41411	1	1	G41411	mechanical_normalization	yes
G41401	g41401	1	1	G41401	mechanical_normalization	yes
G41381	g41381	1	1	G41381	mechanical_normalization	yes
G41281	g41281	1	1	G41281	mechanical_normalization	yes
G41261	g41261	1	1	G41261	mechanical_normalization	yes
G41211	g41211	1	1	G41211	mechanical_normalization	yes
G40021	g40021	1	1	G40021	mechanical_normalization	yes
Daedong4	daedong4	1	1	Daedong4	mechanical_normalization	no
Daedong1	daedong1	1	1	Daedong1	mechanical_normalization	no
Gwiseong8	gwiseong8	1	1	Gwiseong8	mechanical_normalization	no
Gujang4	gujang4	1	1	Gujang4	mechanical_normalization	no
Pyeongang8	pyeongang8	1	1	Pyeongang8	mechanical_normalization	no
Gangnyeong2	gangnyeong2	1	1	Gangnyeong2	mechanical_normalization	no
Pyeongang10	pyeongang10	1	1	Pyeongang10	mechanical_normalization	no
Gangnyeong10	gangnyeong10	1	1	Gangnyeong10	mechanical_normalization	no
Tongcheon1	tongcheon1	1	1	Tongcheon1	mechanical_normalization	no
Taetan1	taetan1	1	1	Taetan1	mechanical_normalization	no
Wonju2	wonju2	1	1	Wonju2	mechanical_normalization	no
Sepu1	sepu1	1	1	Sepu1	mechanical_normalization	yes
Seoktap8	seoktap8	1	1	Seoktap8	mechanical_normalization	no
Onseong2	onseong2	1	1	Onseong2	mechanical_normalization	no
Onseong12	onseong12	1	1	Onseong12	mechanical_normalization	no
Yangsan6	yangsan6	1	1	Yangsan6	mechanical_normalization	no
Yangsan4	yangsan4	1	1	Yangsan4	mechanical_normalization	no
Yangsan2	yangsan2	1	1	Yangsan2	mechanical_normalization	no
Yangsan12	yangsan12	1	1	Yangsan12	mechanical_normalization	no
Ganggye 7	ganggye7	1	1	Ganggye 7	mechanical_normalization	no
Sepu7	sepu7	1	1	Sepu7	mechanical_normalization	yes
Sepu3	sepu3	1	1	Sepu3	mechanical_normalization	yes
Sepu12	sepu12	1	1	Sepu12	mechanical_normalization	yes
Gajin1	gajin1	1	1	Gajin1	mechanical_normalization	no
Seoktap5	seoktap5	1	1	Seoktap5	mechanical_normalization	no
Seoktap3	seoktap3	1	1	Seoktap3	mechanical_normalization	no
Seoktap11	seoktap11	1	1	Seoktap11	mechanical_normalization	no
Bughan1	bughan1	1	1	Bughan1	mechanical_normalization	no
Byeogseong3	byeogseong3	1	1	Byeogseong3	mechanical_normalization	no
LimHeung 2	limheung2	1	1	LimHeung 2	mechanical_normalization	no
Ryongpo 3	ryongpo3	1	1	Ryongpo 3	mechanical_normalization	no
Ryongpo 2	ryongpo2	1	1	Ryongpo 2	mechanical_normalization	no
Ryongpo 1	ryongpo1	1	1	Ryongpo 1	mechanical_normalization	no
Dodeog9	dodeog9	1	1	Dodeog9	mechanical_normalization	no
Dodeog2	dodeog2	1	1	Dodeog2	mechanical_normalization	no
Dodeog17	dodeog17	1	1	Dodeog17	mechanical_normalization	no
Gangnyeong8	gangnyeong8	1	1	Gangnyeong8	mechanical_normalization	no
Ganggye 1	ganggye1	1	1	Ganggye 1	mechanical_normalization	no
Hwadae4	hwadae4	1	1	Hwadae4	mechanical_normalization	no
Hwadae13	hwadae13	1	1	Hwadae13	mechanical_normalization	no
Hwadae12	hwadae12	1	1	Hwadae12	mechanical_normalization	no
Guhwangdo	guhwangdo	1	1	Guhwangdo	mechanical_normalization	no
Jjoljangbyeo	jjoljangbyeo	1	1	Jjoljangbyeo	mechanical_normalization	no
Jotajo	jotajo	1	1	Jotajo	mechanical_normalization	no
Jeongjonghwa	jeongjonghwa	1	1	Jeongjonghwa	mechanical_normalization	no
Jeongjo	jeongjo	1	1	Jeongjo	mechanical_normalization	no
Jeokbakna	jeokbakna	1	1	Jeokbakna	mechanical_normalization	no
Jeokdo	jeokdo	1	1	Jeokdo	mechanical_normalization	no
Oegukbyeo	oegukbyeo	1	1	Oegukbyeo	mechanical_normalization	no
Olbyeo	olbyeo	1	1	Olbyeo	mechanical_normalization	no
Heughyang	heughyang	1	1	Heughyang	mechanical_normalization	no
Handeul	handeul	1	1	Handeul	mechanical_normalization	no
Hanam	hanam	1	1	Hanam	mechanical_normalization	no
Goun	goun	1	1	Goun	mechanical_normalization	no
Cheonghaejinmi	cheonghaejinmi	1	1	Cheonghaejinmi	mechanical_normalization	no
Yeongan	yeongan	1	1	Yeongan	mechanical_normalization	no
Haiami	haiami	1	1	Haiami	mechanical_normalization	no
Sandadagido	sandadagido	1	1	Sandadagido	mechanical_normalization	no
Baekjanggun 22	baekjanggun22	1	1	Baekjanggun 22	mechanical_normalization	no
Mido	mido	1	1	Mido	mechanical_normalization	no
Mujudo	mujudo	1	1	Mujudo	mechanical_normalization	no
jaeraeryukdo	jaeraeryukdo	1	1	jaeraeryukdo	mechanical_normalization	no
Ansanbyeo	ansanbyeo	1	1	Ansanbyeo	mechanical_normalization	no
Junghwabyeo	junghwabyeo	1	1	Junghwabyeo	mechanical_normalization	no
Unjangbyeo	unjangbyeo	1	1	Unjangbyeo	mechanical_normalization	no
Nonggwang	nonggwang	1	1	Nonggwang	mechanical_normalization	no
Jangan	jangan	1	1	Jangan	mechanical_normalization	no
Daegolbyeo	daegolbyeo	1	1	Daegolbyeo	mechanical_normalization	no
Maekjo	maekjo	1	1	Maekjo	mechanical_normalization	no
Maekdo	maekdo	1	1	Maekdo	mechanical_normalization	no
Dadajo	dadajo	1	1	Dadajo	mechanical_normalization	no
Namjo	namjo	1	1	Namjo	mechanical_normalization	no
gangdodo	gangdodo	1	1	gangdodo	mechanical_normalization	no
Yukwoljo	yukwoljo	1	1	Yukwoljo	mechanical_normalization	no
Sobi	sobi	1	1	Sobi	mechanical_normalization	no
Seolakbyeo	seolakbyeo	1	1	Seolakbyeo	mechanical_normalization	no
OPEN	open	1	1	OPEN	mechanical_normalization	no
Hangibuji	hangibuji	1	1	Hangibuji	mechanical_normalization	no
Pyeongbuk 7	pyeongbuk7	1	1	Pyeongbuk 7	mechanical_normalization	no
Jwiipparibyeo	jwiipparibyeo	1	1	Jwiipparibyeo	mechanical_normalization	no
Junganjeunbaengi	junganjeunbaengi	1	1	Junganjeunbaengi	mechanical_normalization	no
Inbujido	inbujido	1	1	Inbujido	mechanical_normalization	no
Saegyejinmi	saegyejinmi	1	1	Saegyejinmi	mechanical_normalization	no
Onnuri	onnuri	1	1	Onnuri	mechanical_normalization	no
Batnarak	batnarak	1	1	Batnarak	mechanical_normalization	no
Jinsumi	jinsumi	1	1	Jinsumi	mechanical_normalization	no
Hoban	hoban	1	1	Hoban	mechanical_normalization	no
Suwonjo	suwonjo	1	1	Suwonjo	mechanical_normalization	no
Singeumo	singeumo	1	1	Singeumo	mechanical_normalization	no
Gangwondo	gangwondo	1	1	Gangwondo	mechanical_normalization	no
SRA2-1	sra21	1	1	SRA2-1	mechanical_normalization	yes
Yannuo5152	yannuo5152	1	1	Yannuo5152	mechanical_normalization	no
Wanjingnuo1	wanjingnuo1	1	1	Wanjingnuo1	mechanical_normalization	no
Zhennuo20	zhennuo20	1	1	Zhennuo20	mechanical_normalization	no
Wuxiangnuo7368	wuxiangnuo7368	1	1	Wuxiangnuo7368	mechanical_normalization	no
Huazhenuo	huazhenuo	1	1	Huazhenuo	mechanical_normalization	no
Fufengnuo446	fufengnuo446	1	1	Fufengnuo446	mechanical_normalization	no
Zijingnuo	zijingnuo	1	1	Zijingnuo	mechanical_normalization	no
Lvjingnuo	lvjingnuo	1	1	Lvjingnuo	mechanical_normalization	no
Shaonuo9714	shaonuo9714	1	1	Shaonuo9714	mechanical_normalization	no
Kuihuanuo	kuihuanuo	1	1	Kuihuanuo	mechanical_normalization	no
Taihunuo	taihunuo	1	1	Taihunuo	mechanical_normalization	no
Jiahenuo1	jiahenuo1	1	1	Jiahenuo1	mechanical_normalization	no
ND88B	nd88b	1	1	ND88B	mechanical_normalization	yes
Suxuenuo	suxuenuo	1	1	Suxuenuo	mechanical_normalization	no
Lixiaonuo	lixiaonuo	1	1	Lixiaonuo	mechanical_normalization	no
Yangchannuo2002	yangchannuo2002	1	1	Yangchannuo2002	mechanical_normalization	no
Yanhai21	yanhai21	1	1	Yanhai21	mechanical_normalization	no
Shenzhounuo2	shenzhounuo2	1	1	Shenzhounuo2	mechanical_normalization	no
Kang19	kang19	1	1	Kang19	mechanical_normalization	yes
1383	1383	1	1	1383	mechanical_normalization	yes
SAGC179	sagc179	1	1	SAGC179	mechanical_normalization	yes
ROR22	ror22	1	1	ROR22	mechanical_normalization	yes
SAGC180	sagc180	1	1	SAGC180	mechanical_normalization	yes
SAGC42	sagc42	1	1	SAGC42	mechanical_normalization	yes
X265	x265	1	1	X265	mechanical_normalization	yes
Yu He	yuhe	1	1	Yu He	mechanical_normalization	no
Mao Ya Yu Zhen	maoyayuzhen	1	1	Mao Ya Yu Zhen	mechanical_normalization	no
Lian Geng1	liangeng1	1	1	Lian Geng1	mechanical_normalization	no
Wu Wei Xiao Hong Dao	wuweixiaohongdao	1	1	Wu Wei Xiao Hong Dao	mechanical_normalization	no
Yi Kun Chai	yikunchai	1	1	Yi Kun Chai	mechanical_normalization	no
Ir 84194-139	ir84194139	1	1	Ir 84194-139	mechanical_normalization	yes
Ir 80413-B-10-3	ir80413b103	1	1	Ir 80413-B-10-3	mechanical_normalization	no
Pct 4/Av/3/0>Ir136-3-B	pct4av30ir1363b	1	1	Pct 4/Av/3/0>Ir136-3-B	mechanical_normalization	no
Jin Ke 3	jinke3	1	1	Jin Ke 3	mechanical_normalization	no
Lian Zhen 11	lianzhen11	1	1	Lian Zhen 11	mechanical_normalization	no
Chun Qiu 1	chunqiu1	1	1	Chun Qiu 1	mechanical_normalization	no
Guang Chang Ai 6	guangchangai6	1	1	Guang Chang Ai 6	mechanical_normalization	no
Si Dao 21 Hao	sidao21hao	1	1	Si Dao 21 Hao	mechanical_normalization	no
Run Nong Xiang Nuo	runnongxiangnuo	1	1	Run Nong Xiang Nuo	mechanical_normalization	no
Liang You 279	liangyou279	1	1	Liang You 279	mechanical_normalization	no
Min Ke Zao 77	minkezao77	1	1	Min Ke Zao 77	mechanical_normalization	no
Cr108	cr108	1	1	Cr108	mechanical_normalization	yes
Cr68	cr68	1	1	Cr68	mechanical_normalization	yes
Rosemont	rosemont	1	1	Rosemont	mechanical_normalization	no
Gui 826	gui826	1	1	Gui 826	mechanical_normalization	yes
Wu Gu Feng 1	wugufeng1	1	1	Wu Gu Feng 1	mechanical_normalization	no
E Hu Hong Mi	ehuhongmi	1	1	E Hu Hong Mi	mechanical_normalization	no
Jia Gou Xiang Dao	jiagouxiangdao	1	1	Jia Gou Xiang Dao	mechanical_normalization	no
Nan Geng 55	nangeng55	1	1	Nan Geng 55	mechanical_normalization	no
Geng You 1	gengyou1	1	1	Geng You 1	mechanical_normalization	no
Jin Nuo 517	jinnuo517	1	1	Jin Nuo 517	mechanical_normalization	no
Jing Geng 3	jinggeng3	1	1	Jing Geng 3	mechanical_normalization	no
Jiu Feng Geng 1	jiufenggeng1	1	1	Jiu Feng Geng 1	mechanical_normalization	no
Sui Geng 15	suigeng15	1	1	Sui Geng 15	mechanical_normalization	no
Bin Dao 898	bindao898	1	1	Bin Dao 898	mechanical_normalization	no
Wan Sheng 688	wansheng688	1	1	Wan Sheng 688	mechanical_normalization	no
Lin Xiu 662	linxiu662	1	1	Lin Xiu 662	mechanical_normalization	no
Su Xiu 9	suxiu9	1	1	Su Xiu 9	mechanical_normalization	no
Wan Ken Jin Qing	wankenjinqing	1	1	Wan Ken Jin Qing	mechanical_normalization	no
You Mi 18	youmi18	1	1	You Mi 18	mechanical_normalization	no
Ir 81166-97-3-1-1	ir8116697311	1	1	Ir 81166-97-3-1-1	mechanical_normalization	yes
Ir-Bb66	irbb66	1	1	Ir-Bb66	mechanical_normalization	yes
Ii-32B An	ii32ban	1	1	Ii-32B An	mechanical_normalization	no
Ganggr442	ganggr442	1	1	Ganggr442	mechanical_normalization	no
Dan Geng 20	dangeng20	1	1	Dan Geng 20	mechanical_normalization	no
Hong Yang 2 Hao	hongyang2hao	1	1	Hong Yang 2 Hao	mechanical_normalization	no
Jing Dao 5 Hao	jingdao5hao	1	1	Jing Dao 5 Hao	mechanical_normalization	no
Yang Bai Nuo	yangbainuo	1	1	Yang Bai Nuo	mechanical_normalization	no
En Hui 1899	enhui1899	1	1	En Hui 1899	mechanical_normalization	no
Hong Cheng 26	hongcheng26	1	1	Hong Cheng 26	mechanical_normalization	no
Jing Run	jingrun	1	1	Jing Run	mechanical_normalization	no
R456	r456	1	1	R456	mechanical_normalization	yes
Yu Zhan 2011	yuzhan2011	1	1	Yu Zhan 2011	mechanical_normalization	no
Tong Yu 8703	tongyu8703	1	1	Tong Yu 8703	mechanical_normalization	no
Yi Geng 149	yigeng149	1	1	Yi Geng 149	mechanical_normalization	no
Huang Ke Xiang 1	huangkexiang1	1	1	Huang Ke Xiang 1	mechanical_normalization	no
Jin Qiu 1	jinqiu1	1	1	Jin Qiu 1	mechanical_normalization	no
Induced haploid 6	inducedhaploid6	1	1	Induced haploid 6	mechanical_normalization	no
Induced haploid 5	inducedhaploid5	1	1	Induced haploid 5	mechanical_normalization	no
Induced haploid 4	inducedhaploid4	1	1	Induced haploid 4	mechanical_normalization	no
LF85S	lf85s	1	1	LF85S	mechanical_normalization	yes
Wuxiangjing113	wuxiangjing113	1	1	Wuxiangjing113	mechanical_normalization	no
Yandao876	yandao876	1	1	Yandao876	mechanical_normalization	no
Zengkexinxuan1	zengkexinxuan1	1	1	Zengkexinxuan1	mechanical_normalization	no
Yanxiangjing305	yanxiangjing305	1	1	Yanxiangjing305	mechanical_normalization	no
yeongwoo	yeongwoo	1	1	yeongwoo	mechanical_normalization	no
taebaekbyeo	taebaekbyeo	1	1	taebaekbyeo	mechanical_normalization	no
bigeum1	bigeum1	1	1	bigeum1	mechanical_normalization	no
baegokchal	baegokchal	1	1	baegokchal	mechanical_normalization	no
nunkeunheugchal1ho	nunkeunheugchal1ho	1	1	nunkeunheugchal1ho	mechanical_normalization	no
miwoo	miwoo	1	1	miwoo	mechanical_normalization	no
mil-yang23	milyang23	1	1	mil-yang23	mechanical_normalization	no
jinokchal	jinokchal	1	1	jinokchal	mechanical_normalization	no
jangseongbyeo	jangseongbyeo	1	1	jangseongbyeo	mechanical_normalization	no
hwaseongbyeo	hwaseongbyeo	1	1	hwaseongbyeo	mechanical_normalization	no
heukjinjubyeo	heukjinjubyeo	1	1	heukjinjubyeo	mechanical_normalization	no
hanareum4	hanareum4	1	1	hanareum4	mechanical_normalization	no
cw92mr	cw92mr	1	1	cw92mr	mechanical_normalization	no
chohong	chohong	1	1	chohong	mechanical_normalization	no
cheongwoo	cheongwoo	1	1	cheongwoo	mechanical_normalization	no
chamnuri	chamnuri	1	1	chamnuri	mechanical_normalization	no
YW1442	yw1442	1	1	YW1442	mechanical_normalization	yes
YW1428	yw1428	1	1	YW1428	mechanical_normalization	yes
Longtefu	longtefu	1	1	Longtefu	mechanical_normalization	no
baasu-alisi	baasualisi	1	1	baasu-alisi	mechanical_normalization	no
huaihuanuo	huaihuanuo	1	1	huaihuanuo	mechanical_normalization	no
xiangfandao (glutinous)	xiangfandao	1	1	xiangfandao (glutinous)	mechanical_normalization	no
xiangzhunuo2	xiangzhunuo2	1	1	xiangzhunuo2	mechanical_normalization	no
hongmangxiangjingnuo2	hongmangxiangjingnuo2	1	1	hongmangxiangjingnuo2	mechanical_normalization	no
xiangjingnuo1	xiangjingnuo1	1	1	xiangjingnuo1	mechanical_normalization	no
hongmangnuo2	hongmangnuo2	1	1	hongmangnuo2	mechanical_normalization	no
heizhong2	heizhong2	1	1	heizhong2	mechanical_normalization	no
cuganlizhihong3	cuganlizhihong3	1	1	cuganlizhihong3	mechanical_normalization	no
laolaihong2	laolaihong2	1	1	laolaihong2	mechanical_normalization	no
manhongdao	manhongdao	1	1	manhongdao	mechanical_normalization	no
niumaohuang1	niumaohuang1	1	1	niumaohuang1	mechanical_normalization	no
xiaohongdao1	xiaohongdao1	1	1	xiaohongdao1	mechanical_normalization	no
feilaifeng2	feilaifeng2	1	1	feilaifeng2	mechanical_normalization	no
gankeqing	gankeqing	1	1	gankeqing	mechanical_normalization	no
zikenuo	zikenuo	1	1	zikenuo	mechanical_normalization	no
baikenuo2	baikenuo2	1	1	baikenuo2	mechanical_normalization	no
zaomuxiqiu2	zaomuxiqiu2	1	1	zaomuxiqiu2	mechanical_normalization	no
luhuabai3	luhuabai3	1	1	luhuabai3	mechanical_normalization	no
feilaifeng1	feilaifeng1	1	1	feilaifeng1	mechanical_normalization	no
luhuabai1	luhuabai1	1	1	luhuabai1	mechanical_normalization	no
laolaiqing2	laolaiqing2	1	1	laolaiqing2	mechanical_normalization	no
laolaiqing1	laolaiqing1	1	1	laolaiqing1	mechanical_normalization	no
yanzinuo	yanzinuo	1	1	yanzinuo	mechanical_normalization	no
AUS 317::IRGC 29104-1	aus317irgc291041	1	1	AUS 317::IRGC 29104-1	mechanical_normalization	no
AUS 309::IRGC 29097-1	aus309irgc290971	1	1	AUS 309::IRGC 29097-1	mechanical_normalization	no
AUS 283::IRGC 29073-1	aus283irgc290731	1	1	AUS 283::IRGC 29073-1	mechanical_normalization	no
CODE NO BI 93::IRGC 45849-1	codenobi93irgc458491	1	1	CODE NO BI 93::IRGC 45849-1	mechanical_normalization	no
KADA 68-1::IRGC 6406-1	kada681irgc64061	1	1	KADA 68-1::IRGC 6406-1	mechanical_normalization	no
ARC 6240::IRGC 12263-1	arc6240irgc122631	1	1	ARC 6240::IRGC 12263-1	mechanical_normalization	no
NIPPONBARE::IRGC 117274-2	nipponbareirgc1172742	1	1	NIPPONBARE::IRGC 117274-2	mechanical_normalization	no
AUS 209::IRGC 29027-1	aus209irgc290271	1	1	AUS 209::IRGC 29027-1	mechanical_normalization	no
KALINDI::IRGC 34964-1	kalindiirgc349641	1	1	KALINDI::IRGC 34964-1	mechanical_normalization	no
ANJANI::IRGC 52607-1	anjaniirgc526071	1	1	ANJANI::IRGC 52607-1	mechanical_normalization	no
ARC 7098::IRGC 44027-1	arc7098irgc440271	1	1	ARC 7098::IRGC 44027-1	mechanical_normalization	no
AUSMERI::IRGC 37359-1	ausmeriirgc373591	1	1	AUSMERI::IRGC 37359-1	mechanical_normalization	no
DV85::IRGC 117725-1	dv85irgc1177251	1	1	DV85::IRGC 117725-1	mechanical_normalization	no
BRRI DHAN 28::G1-1	brridhan28g11	1	1	BRRI DHAN 28::G1-1	mechanical_normalization	no
AUS 228::IRGC 29034-1	aus228irgc290341	1	1	AUS 228::IRGC 29034-1	mechanical_normalization	no
AUS 210::IRGC 29028-1	aus210irgc290281	1	1	AUS 210::IRGC 29028-1	mechanical_normalization	no
AUS 169::IRGC 29003-1	aus169irgc290031	1	1	AUS 169::IRGC 29003-1	mechanical_normalization	no
Boraya::G1-1	borayag11	1	1	Boraya::G1-1	mechanical_normalization	no
CWF-163	cwf163	1	1	CWF-163	mechanical_normalization	yes
em255	em255	1	1	em255	mechanical_normalization	yes
em259	em259	1	1	em259	mechanical_normalization	yes
em261	em261	1	1	em261	mechanical_normalization	yes
em298	em298	1	1	em298	mechanical_normalization	yes
em264	em264	1	1	em264	mechanical_normalization	yes
em268	em268	1	1	em268	mechanical_normalization	yes
Yuejinsimiao	yuejinsimiao	1	1	Yuejinsimiao	mechanical_normalization	no
em065	em065	1	1	em065	mechanical_normalization	yes
em067	em067	1	1	em067	mechanical_normalization	yes
em068	em068	1	1	em068	mechanical_normalization	yes
em070	em070	1	1	em070	mechanical_normalization	yes
em081	em081	1	1	em081	mechanical_normalization	yes
em085	em085	1	1	em085	mechanical_normalization	yes
em086	em086	1	1	em086	mechanical_normalization	yes
em088	em088	1	1	em088	mechanical_normalization	yes
em089	em089	1	1	em089	mechanical_normalization	yes
em273	em273	1	1	em273	mechanical_normalization	yes
em092	em092	1	1	em092	mechanical_normalization	yes
em101	em101	1	1	em101	mechanical_normalization	yes
em108	em108	1	1	em108	mechanical_normalization	yes
em115	em115	1	1	em115	mechanical_normalization	yes
em226	em226	1	1	em226	mechanical_normalization	yes
em228	em228	1	1	em228	mechanical_normalization	yes
em229	em229	1	1	em229	mechanical_normalization	yes
em233	em233	1	1	em233	mechanical_normalization	yes
em236	em236	1	1	em236	mechanical_normalization	yes
em241	em241	1	1	em241	mechanical_normalization	yes
em245	em245	1	1	em245	mechanical_normalization	yes
em246	em246	1	1	em246	mechanical_normalization	yes
em277	em277	1	1	em277	mechanical_normalization	yes
em149	em149	1	1	em149	mechanical_normalization	yes
em155	em155	1	1	em155	mechanical_normalization	yes
em158	em158	1	1	em158	mechanical_normalization	yes
em161	em161	1	1	em161	mechanical_normalization	yes
em165	em165	1	1	em165	mechanical_normalization	yes
em289	em289	1	1	em289	mechanical_normalization	yes
em174	em174	1	1	em174	mechanical_normalization	yes
em203	em203	1	1	em203	mechanical_normalization	yes
em204	em204	1	1	em204	mechanical_normalization	yes
em210	em210	1	1	em210	mechanical_normalization	yes
em218	em218	1	1	em218	mechanical_normalization	yes
em294	em294	1	1	em294	mechanical_normalization	yes
em133	em133	1	1	em133	mechanical_normalization	yes
em138	em138	1	1	em138	mechanical_normalization	yes
em145	em145	1	1	em145	mechanical_normalization	yes
em178	em178	1	1	em178	mechanical_normalization	yes
em290	em290	1	1	em290	mechanical_normalization	yes
em186	em186	1	1	em186	mechanical_normalization	yes
em187	em187	1	1	em187	mechanical_normalization	yes
em196	em196	1	1	em196	mechanical_normalization	yes
em198	em198	1	1	em198	mechanical_normalization	yes
em201	em201	1	1	em201	mechanical_normalization	yes
em202	em202	1	1	em202	mechanical_normalization	yes
T9N_98	t9n98	1	1	T9N_98	mechanical_normalization	no
T9N_95	t9n95	1	1	T9N_95	mechanical_normalization	no
T9N_88	t9n88	1	1	T9N_88	mechanical_normalization	no
DN9_33	dn933	1	1	DN9_33	mechanical_normalization	yes
DN9_26	dn926	1	1	DN9_26	mechanical_normalization	yes
DN9_25	dn925	1	1	DN9_25	mechanical_normalization	yes
DN9_16	dn916	1	1	DN9_16	mechanical_normalization	yes
DN9_15	dn915	1	1	DN9_15	mechanical_normalization	yes
T9N_25	t9n25	1	1	T9N_25	mechanical_normalization	no
D9N_33	d9n33	1	1	D9N_33	mechanical_normalization	no
D9N_29	d9n29	1	1	D9N_29	mechanical_normalization	no
D9N_25	d9n25	1	1	D9N_25	mechanical_normalization	no
D9N_20	d9n20	1	1	D9N_20	mechanical_normalization	no
D9N_1	d9n1	1	1	D9N_1	mechanical_normalization	no
D9N_16	d9n16	1	1	D9N_16	mechanical_normalization	no
D9N_125	d9n125	1	1	D9N_125	mechanical_normalization	no
D9N_11	d9n11	1	1	D9N_11	mechanical_normalization	no
T9N_70	t9n70	1	1	T9N_70	mechanical_normalization	no
T9N_69	t9n69	1	1	T9N_69	mechanical_normalization	no
T9N_65	t9n65	1	1	T9N_65	mechanical_normalization	no
T9N_63	t9n63	1	1	T9N_63	mechanical_normalization	no
T9N_61	t9n61	1	1	T9N_61	mechanical_normalization	no
T9N_59	t9n59	1	1	T9N_59	mechanical_normalization	no
T9N_57	t9n57	1	1	T9N_57	mechanical_normalization	no
T9N_50	t9n50	1	1	T9N_50	mechanical_normalization	no
NN99_S1_4	nn99s14	1	1	NN99_S1_4	mechanical_normalization	no
NN99_S1_33	nn99s133	1	1	NN99_S1_33	mechanical_normalization	no
NN99_S1_31	nn99s131	1	1	NN99_S1_31	mechanical_normalization	no
NN99_S1_28	nn99s128	1	1	NN99_S1_28	mechanical_normalization	no
DN9_89	dn989	1	1	DN9_89	mechanical_normalization	yes
DN9_86	dn986	1	1	DN9_86	mechanical_normalization	yes
DN9_82	dn982	1	1	DN9_82	mechanical_normalization	yes
DN9_74	dn974	1	1	DN9_74	mechanical_normalization	yes
DN9_6	dn96	1	1	DN9_6	mechanical_normalization	yes
DN9_113	dn9113	1	1	DN9_113	mechanical_normalization	yes
DN9_110	dn9110	1	1	DN9_110	mechanical_normalization	yes
DN9_10	dn910	1	1	DN9_10	mechanical_normalization	yes
DN9_109	dn9109	1	1	DN9_109	mechanical_normalization	yes
T9N_31	t9n31	1	1	T9N_31	mechanical_normalization	no
D9N_107	d9n107	1	1	D9N_107	mechanical_normalization	no
D9N_105	d9n105	1	1	D9N_105	mechanical_normalization	no
TN9_99	tn999	1	1	TN9_99	mechanical_normalization	yes
TN9_98	tn998	1	1	TN9_98	mechanical_normalization	yes
TN9_95	tn995	1	1	TN9_95	mechanical_normalization	yes
TN9_94	tn994	1	1	TN9_94	mechanical_normalization	yes
TN9_93	tn993	1	1	TN9_93	mechanical_normalization	yes
T9N_20	t9n20	1	1	T9N_20	mechanical_normalization	no
NN99_S1_24	nn99s124	1	1	NN99_S1_24	mechanical_normalization	no
NN99_S1_13	nn99s113	1	1	NN99_S1_13	mechanical_normalization	no
99NN_S1_33	99nns133	1	1	99NN_S1_33	mechanical_normalization	no
99NN_S1_32	99nns132	1	1	99NN_S1_32	mechanical_normalization	no
DN9_68	dn968	1	1	DN9_68	mechanical_normalization	yes
DN9_67	dn967	1	1	DN9_67	mechanical_normalization	yes
DN9_65	dn965	1	1	DN9_65	mechanical_normalization	yes
T9N_39	t9n39	1	1	T9N_39	mechanical_normalization	no
DN9_62	dn962	1	1	DN9_62	mechanical_normalization	yes
DN9_54	dn954	1	1	DN9_54	mechanical_normalization	yes
DN9_51	dn951	1	1	DN9_51	mechanical_normalization	yes
DN9_45	dn945	1	1	DN9_45	mechanical_normalization	yes
DN9_41	dn941	1	1	DN9_41	mechanical_normalization	yes
D9N_94	d9n94	1	1	D9N_94	mechanical_normalization	no
D9N_85	d9n85	1	1	D9N_85	mechanical_normalization	no
D9N_80	d9n80	1	1	D9N_80	mechanical_normalization	no
TN9_81	tn981	1	1	TN9_81	mechanical_normalization	yes
TN9_75	tn975	1	1	TN9_75	mechanical_normalization	yes
TN9_72	tn972	1	1	TN9_72	mechanical_normalization	yes
T9N_18	t9n18	1	1	T9N_18	mechanical_normalization	no
TN9_65	tn965	1	1	TN9_65	mechanical_normalization	yes
TN9_64	tn964	1	1	TN9_64	mechanical_normalization	yes
99NN_S1_2	99nns12	1	1	99NN_S1_2	mechanical_normalization	no
99NN_S1_26	99nns126	1	1	99NN_S1_26	mechanical_normalization	no
99NN_S1_21	99nns121	1	1	99NN_S1_21	mechanical_normalization	no
99NN_S1_19	99nns119	1	1	99NN_S1_19	mechanical_normalization	no
99NN_S1_17	99nns117	1	1	99NN_S1_17	mechanical_normalization	no
99NN_S1_16	99nns116	1	1	99NN_S1_16	mechanical_normalization	no
99NN_S1_12	99nns112	1	1	99NN_S1_12	mechanical_normalization	no
T9N_28	t9n28	1	1	T9N_28	mechanical_normalization	no
D9N_68	d9n68	1	1	D9N_68	mechanical_normalization	no
D9N_66	d9n66	1	1	D9N_66	mechanical_normalization	no
D9N_53	d9n53	1	1	D9N_53	mechanical_normalization	no
D9N_52	d9n52	1	1	D9N_52	mechanical_normalization	no
D9N_38	d9n38	1	1	D9N_38	mechanical_normalization	no
TN9_52	tn952	1	1	TN9_52	mechanical_normalization	yes
TN9_49	tn949	1	1	TN9_49	mechanical_normalization	yes
TN9_46	tn946	1	1	TN9_46	mechanical_normalization	yes
TN9_44	tn944	1	1	TN9_44	mechanical_normalization	yes
TN9_42	tn942	1	1	TN9_42	mechanical_normalization	yes
TN9_41	tn941	1	1	TN9_41	mechanical_normalization	yes
TN9_32	tn932	1	1	TN9_32	mechanical_normalization	yes
TN9_30	tn930	1	1	TN9_30	mechanical_normalization	yes
TN9_27	tn927	1	1	TN9_27	mechanical_normalization	yes
TN9_26	tn926	1	1	TN9_26	mechanical_normalization	yes
TN9_20	tn920	1	1	TN9_20	mechanical_normalization	yes
TN9_19	tn919	1	1	TN9_19	mechanical_normalization	yes
TN9_4	tn94	1	1	TN9_4	mechanical_normalization	yes
TN9_3	tn93	1	1	TN9_3	mechanical_normalization	yes
TN9_1	tn91	1	1	TN9_1	mechanical_normalization	yes
RB_Bulk	rbbulk	1	1	RB_Bulk	mechanical_normalization	no
NIL7	nil7	1	1	NIL7	mechanical_normalization	yes
H7	h7	1	1	H7	mechanical_normalization	yes
L5	l5	1	1	L5	mechanical_normalization	yes
L16	l16	1	1	L16	mechanical_normalization	yes
Kitaake FN2735-S	kitaakefn2735s	1	1	Kitaake FN2735-S	mechanical_normalization	no
Kitaake FN2667-S	kitaakefn2667s	1	1	Kitaake FN2667-S	mechanical_normalization	no
Kitaake FN2723-S	kitaakefn2723s	1	1	Kitaake FN2723-S	mechanical_normalization	no
Kitaake FN2550-S_5-B08	kitaakefn2550s5b08	1	1	Kitaake FN2550-S_5-B08	mechanical_normalization	no
Kitaake FN2559-S_5-C04	kitaakefn2559s5c04	1	1	Kitaake FN2559-S_5-C04	mechanical_normalization	no
Kitaake FN2431_3-E04	kitaakefn24313e04	1	1	Kitaake FN2431_3-E04	mechanical_normalization	no
Kitaake FN2578-S_5-D05	kitaakefn2578s5d05	1	1	Kitaake FN2578-S_5-D05	mechanical_normalization	no
Kitaake FN2582-S_5-D09	kitaakefn2582s5d09	1	1	Kitaake FN2582-S_5-D09	mechanical_normalization	no
Kitaake FN2671-S_4-D04	kitaakefn2671s4d04	1	1	Kitaake FN2671-S_4-D04	mechanical_normalization	no
Kitaake FN2606-S_5-F01	kitaakefn2606s5f01	1	1	Kitaake FN2606-S_5-F01	mechanical_normalization	no
Kitaake FN3117-S	kitaakefn3117s	1	1	Kitaake FN3117-S	mechanical_normalization	no
Kitaake FN3147-S	kitaakefn3147s	1	1	Kitaake FN3147-S	mechanical_normalization	no
Kitaake FN3119-S	kitaakefn3119s	1	1	Kitaake FN3119-S	mechanical_normalization	no
Kitaake FN3092-S	kitaakefn3092s	1	1	Kitaake FN3092-S	mechanical_normalization	no
Kitaake FN3176-S	kitaakefn3176s	1	1	Kitaake FN3176-S	mechanical_normalization	no
Kitaake FN3173-S	kitaakefn3173s	1	1	Kitaake FN3173-S	mechanical_normalization	no
Kitaake FN3179-S	kitaakefn3179s	1	1	Kitaake FN3179-S	mechanical_normalization	no
Kitaake FN3135-S	kitaakefn3135s	1	1	Kitaake FN3135-S	mechanical_normalization	no
Kitaake FN3214-S	kitaakefn3214s	1	1	Kitaake FN3214-S	mechanical_normalization	no
Kitaake FN2434_3-H04	kitaakefn24343h04	1	1	Kitaake FN2434_3-H04	mechanical_normalization	no
parent1	parent1	1	1	parent1	mechanical_normalization	no
Longhui11	longhui11	1	1	Longhui11	mechanical_normalization	no
Jinhui275	jinhui275	1	1	Jinhui275	mechanical_normalization	no
Huhui5240	huhui5240	1	1	Huhui5240	mechanical_normalization	no
Shanhui287	shanhui287	1	1	Shanhui287	mechanical_normalization	no
Jiangerai	jiangerai	1	1	Jiangerai	mechanical_normalization	no
80B	80b	1	1	80B	mechanical_normalization	yes
Baoxie123B	baoxie123b	1	1	Baoxie123B	mechanical_normalization	no
H198	h198	1	1	H198	mechanical_normalization	yes
Guangzhan63S	guangzhan63s	1	1	Guangzhan63S	mechanical_normalization	no
Kitaake ubi-XA21 FN-241	kitaakeubixa21fn241	1	1	Kitaake ubi-XA21 FN-241	mechanical_normalization	no
Kitaake ubi-XA21 FN-254	kitaakeubixa21fn254	1	1	Kitaake ubi-XA21 FN-254	mechanical_normalization	no
Kitaake ubi-XA21 FN-258	kitaakeubixa21fn258	1	1	Kitaake ubi-XA21 FN-258	mechanical_normalization	no
Kitaake ubi-XA21 FN-253	kitaakeubixa21fn253	1	1	Kitaake ubi-XA21 FN-253	mechanical_normalization	no
Kitaake ubi-XA21 FN-247	kitaakeubixa21fn247	1	1	Kitaake ubi-XA21 FN-247	mechanical_normalization	no
Kitaake ubi-XA21 FN-249	kitaakeubixa21fn249	1	1	Kitaake ubi-XA21 FN-249	mechanical_normalization	no
Kitaake ubi-XA21 FN-255	kitaakeubixa21fn255	1	1	Kitaake ubi-XA21 FN-255	mechanical_normalization	no
Kitaake ubi-XA21 FN-293	kitaakeubixa21fn293	1	1	Kitaake ubi-XA21 FN-293	mechanical_normalization	no
Kitaake ubi-XA21 FN-295	kitaakeubixa21fn295	1	1	Kitaake ubi-XA21 FN-295	mechanical_normalization	no
Kitaake ubi-XA21 FN-299	kitaakeubixa21fn299	1	1	Kitaake ubi-XA21 FN-299	mechanical_normalization	no
Kitaake ubi-XA21 FN-308	kitaakeubixa21fn308	1	1	Kitaake ubi-XA21 FN-308	mechanical_normalization	no
Kitaake ubi-XA21 FN-329	kitaakeubixa21fn329	1	1	Kitaake ubi-XA21 FN-329	mechanical_normalization	no
Kitaake ubi-XA21 FN-334	kitaakeubixa21fn334	1	1	Kitaake ubi-XA21 FN-334	mechanical_normalization	no
Kitaake ubi-XA21 FN-309	kitaakeubixa21fn309	1	1	Kitaake ubi-XA21 FN-309	mechanical_normalization	no
Kitaake ubi-XA21 FN-310	kitaakeubixa21fn310	1	1	Kitaake ubi-XA21 FN-310	mechanical_normalization	no
Kitaake ubi-XA21 FN-348	kitaakeubixa21fn348	1	1	Kitaake ubi-XA21 FN-348	mechanical_normalization	no
Kitaake ubi-XA21 FN-366	kitaakeubixa21fn366	1	1	Kitaake ubi-XA21 FN-366	mechanical_normalization	no
Kitaake ubi-XA21 FN-372	kitaakeubixa21fn372	1	1	Kitaake ubi-XA21 FN-372	mechanical_normalization	no
Kitaake ubi-XA21 FN-371	kitaakeubixa21fn371	1	1	Kitaake ubi-XA21 FN-371	mechanical_normalization	no
Kitaake ubi-XA21 FN-392	kitaakeubixa21fn392	1	1	Kitaake ubi-XA21 FN-392	mechanical_normalization	no
Kitaake ubi-XA21 FN-384	kitaakeubixa21fn384	1	1	Kitaake ubi-XA21 FN-384	mechanical_normalization	no
Kitaake ubi-XA21 FN-382	kitaakeubixa21fn382	1	1	Kitaake ubi-XA21 FN-382	mechanical_normalization	no
Kitaake ubi-XA21 FN-399	kitaakeubixa21fn399	1	1	Kitaake ubi-XA21 FN-399	mechanical_normalization	no
kitaake FN762-S	kitaakefn762s	1	1	kitaake FN762-S	mechanical_normalization	no
kitaake FN761-S	kitaakefn761s	1	1	kitaake FN761-S	mechanical_normalization	no
kitaake FN783-S	kitaakefn783s	1	1	kitaake FN783-S	mechanical_normalization	no
kitaake FN775-S	kitaakefn775s	1	1	kitaake FN775-S	mechanical_normalization	no
kitaake FN773-S	kitaakefn773s	1	1	kitaake FN773-S	mechanical_normalization	no
kitaake FN774-S	kitaakefn774s	1	1	kitaake FN774-S	mechanical_normalization	no
kitaake FN779-S	kitaakefn779s	1	1	kitaake FN779-S	mechanical_normalization	no
kitaake FN796-S	kitaakefn796s	1	1	kitaake FN796-S	mechanical_normalization	no
kitaake FN808-S	kitaakefn808s	1	1	kitaake FN808-S	mechanical_normalization	no
kitaake FN814-S	kitaakefn814s	1	1	kitaake FN814-S	mechanical_normalization	no
kitaake FN818-S	kitaakefn818s	1	1	kitaake FN818-S	mechanical_normalization	no
kitaake FN830-S	kitaakefn830s	1	1	kitaake FN830-S	mechanical_normalization	no
kitaake FN846-S	kitaakefn846s	1	1	kitaake FN846-S	mechanical_normalization	no
kitaake FN794-S	kitaakefn794s	1	1	kitaake FN794-S	mechanical_normalization	no
kitaake FN797-S	kitaakefn797s	1	1	kitaake FN797-S	mechanical_normalization	no
Kitaake Ubi-Xa21 FN873-S	kitaakeubixa21fn873s	1	1	Kitaake Ubi-Xa21 FN873-S	mechanical_normalization	no
Kitaake Ubi-Xa21 FN880-S	kitaakeubixa21fn880s	1	1	Kitaake Ubi-Xa21 FN880-S	mechanical_normalization	no
Kitaake Ubi-Xa21 FN887-S	kitaakeubixa21fn887s	1	1	Kitaake Ubi-Xa21 FN887-S	mechanical_normalization	no
Kitaake Ubi-Xa21 FN895-S	kitaakeubixa21fn895s	1	1	Kitaake Ubi-Xa21 FN895-S	mechanical_normalization	no
Kitaake Ubi-Xa21 FN891-S	kitaakeubixa21fn891s	1	1	Kitaake Ubi-Xa21 FN891-S	mechanical_normalization	no
Kitaake Ubi-Xa21 FN899-S	kitaakeubixa21fn899s	1	1	Kitaake Ubi-Xa21 FN899-S	mechanical_normalization	no
Kitaake Ubi-Xa21 FN885-S	kitaakeubixa21fn885s	1	1	Kitaake Ubi-Xa21 FN885-S	mechanical_normalization	no
Kitaake Ubi-Xa21 FN901-S	kitaakeubixa21fn901s	1	1	Kitaake Ubi-Xa21 FN901-S	mechanical_normalization	no
Kitaake Ubi-Xa21 FN908-S	kitaakeubixa21fn908s	1	1	Kitaake Ubi-Xa21 FN908-S	mechanical_normalization	no
Kitaake Ubi-Xa21 FN927-S	kitaakeubixa21fn927s	1	1	Kitaake Ubi-Xa21 FN927-S	mechanical_normalization	no
Kitaake Ubi-Xa21 FN930-S	kitaakeubixa21fn930s	1	1	Kitaake Ubi-Xa21 FN930-S	mechanical_normalization	no
Kitaake Ubi-Xa21 FN933-S	kitaakeubixa21fn933s	1	1	Kitaake Ubi-Xa21 FN933-S	mechanical_normalization	no
Kitaake Ubi-Xa21 FN938-S	kitaakeubixa21fn938s	1	1	Kitaake Ubi-Xa21 FN938-S	mechanical_normalization	no
Kitaake Ubi-Xa21 FN942-S	kitaakeubixa21fn942s	1	1	Kitaake Ubi-Xa21 FN942-S	mechanical_normalization	no
Kitaake Ubi-Xa21 FN943-S	kitaakeubixa21fn943s	1	1	Kitaake Ubi-Xa21 FN943-S	mechanical_normalization	no
Kitaake Ubi-Xa21 FN940-S	kitaakeubixa21fn940s	1	1	Kitaake Ubi-Xa21 FN940-S	mechanical_normalization	no
Kitaake Ubi-Xa21 FN950-S	kitaakeubixa21fn950s	1	1	Kitaake Ubi-Xa21 FN950-S	mechanical_normalization	no
Kitaake Ubi-Xa21 FN951-S	kitaakeubixa21fn951s	1	1	Kitaake Ubi-Xa21 FN951-S	mechanical_normalization	no
Kitaake Ubi-Xa21 FN983-S	kitaakeubixa21fn983s	1	1	Kitaake Ubi-Xa21 FN983-S	mechanical_normalization	no
ubi-XA21 FN1016-S	ubixa21fn1016s	1	1	ubi-XA21 FN1016-S	mechanical_normalization	no
ubi-XA21 FN1012-S	ubixa21fn1012s	1	1	ubi-XA21 FN1012-S	mechanical_normalization	no
ubi-XA21 FN1026-S	ubixa21fn1026s	1	1	ubi-XA21 FN1026-S	mechanical_normalization	no
ubi-XA21 FN1045-S	ubixa21fn1045s	1	1	ubi-XA21 FN1045-S	mechanical_normalization	no
ubi-XA21 FN1263-S	ubixa21fn1263s	1	1	ubi-XA21 FN1263-S	mechanical_normalization	no
ubi-XA21 FN1049-S	ubixa21fn1049s	1	1	ubi-XA21 FN1049-S	mechanical_normalization	no
ubi-XA21 FN1261-S	ubixa21fn1261s	1	1	ubi-XA21 FN1261-S	mechanical_normalization	no
ubi-XA21 FN1276-S	ubixa21fn1276s	1	1	ubi-XA21 FN1276-S	mechanical_normalization	no
ubi-XA21 FN1284-S	ubixa21fn1284s	1	1	ubi-XA21 FN1284-S	mechanical_normalization	no
ubi-XA21 BAI-lesN-15	ubixa21bailesn15	1	1	ubi-XA21 BAI-lesN-15	mechanical_normalization	no
ubi-XA21 FN1056-S	ubixa21fn1056s	1	1	ubi-XA21 FN1056-S	mechanical_normalization	no
ubi-XA21 FN1064-S	ubixa21fn1064s	1	1	ubi-XA21 FN1064-S	mechanical_normalization	no
ubi-XA21 FN1069-S	ubixa21fn1069s	1	1	ubi-XA21 FN1069-S	mechanical_normalization	no
ubi-XA21 FN1099-S	ubixa21fn1099s	1	1	ubi-XA21 FN1099-S	mechanical_normalization	no
ubi-XA21 FN1096-S	ubixa21fn1096s	1	1	ubi-XA21 FN1096-S	mechanical_normalization	no
ubi-XA21 FN1100-S	ubixa21fn1100s	1	1	ubi-XA21 FN1100-S	mechanical_normalization	no
ubi-XA21 FN1104-S	ubixa21fn1104s	1	1	ubi-XA21 FN1104-S	mechanical_normalization	no
ubi-XA21 FN1115-S	ubixa21fn1115s	1	1	ubi-XA21 FN1115-S	mechanical_normalization	no
ubi-XA21 FN1297-S	ubixa21fn1297s	1	1	ubi-XA21 FN1297-S	mechanical_normalization	no
ubi-XA21 FN1317-S	ubixa21fn1317s	1	1	ubi-XA21 FN1317-S	mechanical_normalization	no
ubi-XA21 FN1321-S	ubixa21fn1321s	1	1	ubi-XA21 FN1321-S	mechanical_normalization	no
ubi-XA21 FN1330-S	ubixa21fn1330s	1	1	ubi-XA21 FN1330-S	mechanical_normalization	no
ubi-XA21 FN1336-S	ubixa21fn1336s	1	1	ubi-XA21 FN1336-S	mechanical_normalization	no
ubi-XA21 FN1349-S	ubixa21fn1349s	1	1	ubi-XA21 FN1349-S	mechanical_normalization	no
Kitaake ubi-XA21 FN1162-S	kitaakeubixa21fn1162s	1	1	Kitaake ubi-XA21 FN1162-S	mechanical_normalization	no
Kitaake ubi-XA21 FN1202-S	kitaakeubixa21fn1202s	1	1	Kitaake ubi-XA21 FN1202-S	mechanical_normalization	no
Kitaake ubi-XA21 FN1182-S	kitaakeubixa21fn1182s	1	1	Kitaake ubi-XA21 FN1182-S	mechanical_normalization	no
Kitaake ubi-XA21 FN1204-S	kitaakeubixa21fn1204s	1	1	Kitaake ubi-XA21 FN1204-S	mechanical_normalization	no
Kitaake ubi-XA21 FN1203-S	kitaakeubixa21fn1203s	1	1	Kitaake ubi-XA21 FN1203-S	mechanical_normalization	no
Kitaake ubi-XA21 FN1195-S	kitaakeubixa21fn1195s	1	1	Kitaake ubi-XA21 FN1195-S	mechanical_normalization	no
Kitaake ubi-XA21 FN1206-S	kitaakeubixa21fn1206s	1	1	Kitaake ubi-XA21 FN1206-S	mechanical_normalization	no
Kitaake ubi-XA21 FN1215-S	kitaakeubixa21fn1215s	1	1	Kitaake ubi-XA21 FN1215-S	mechanical_normalization	no
Kitaake ubi-XA21 FN1219-S	kitaakeubixa21fn1219s	1	1	Kitaake ubi-XA21 FN1219-S	mechanical_normalization	no
Kitaake ubi-XA21 FN1224-S	kitaakeubixa21fn1224s	1	1	Kitaake ubi-XA21 FN1224-S	mechanical_normalization	no
Kitaake ubi-XA21 FN1247-S	kitaakeubixa21fn1247s	1	1	Kitaake ubi-XA21 FN1247-S	mechanical_normalization	no
Kitaake ubi-XA21 FN1250-S	kitaakeubixa21fn1250s	1	1	Kitaake ubi-XA21 FN1250-S	mechanical_normalization	no
Kitaake ubi-XA21 FN1240-S	kitaakeubixa21fn1240s	1	1	Kitaake ubi-XA21 FN1240-S	mechanical_normalization	no
Kitaake ubi-XA21 FN244-S	kitaakeubixa21fn244s	1	1	Kitaake ubi-XA21 FN244-S	mechanical_normalization	no
Kitaake ubi-XA21 FN230-S	kitaakeubixa21fn230s	1	1	Kitaake ubi-XA21 FN230-S	mechanical_normalization	no
Kitaake ubi-XA21 FN351-S	kitaakeubixa21fn351s	1	1	Kitaake ubi-XA21 FN351-S	mechanical_normalization	no
Kitaake ubi-XA21 FN337-S	kitaakeubixa21fn337s	1	1	Kitaake ubi-XA21 FN337-S	mechanical_normalization	no
Kitaake ubi-XA21 FN400-S	kitaakeubixa21fn400s	1	1	Kitaake ubi-XA21 FN400-S	mechanical_normalization	no
Kitaake ubi-XA21 FN412-S	kitaakeubixa21fn412s	1	1	Kitaake ubi-XA21 FN412-S	mechanical_normalization	no
Kitaake ubi-XA21 FN563-S	kitaakeubixa21fn563s	1	1	Kitaake ubi-XA21 FN563-S	mechanical_normalization	no
Kitaake ubi-XA21 FN554-S	kitaakeubixa21fn554s	1	1	Kitaake ubi-XA21 FN554-S	mechanical_normalization	no
Kitaake ubi-XA21 FN561-S	kitaakeubixa21fn561s	1	1	Kitaake ubi-XA21 FN561-S	mechanical_normalization	no
Kitaake ubi-XA21 FN581-S	kitaakeubixa21fn581s	1	1	Kitaake ubi-XA21 FN581-S	mechanical_normalization	no
Kitaake ubi-XA21 FN577-S	kitaakeubixa21fn577s	1	1	Kitaake ubi-XA21 FN577-S	mechanical_normalization	no
Kitaake ubi-XA21 FN1120 -S	kitaakeubixa21fn1120s	1	1	Kitaake ubi-XA21 FN1120 -S	mechanical_normalization	no
Kitaake ubi-XA21 FN1151 -S	kitaakeubixa21fn1151s	1	1	Kitaake ubi-XA21 FN1151 -S	mechanical_normalization	no
Kitaake ubi-XA21 FN323-S	kitaakeubixa21fn323s	1	1	Kitaake ubi-XA21 FN323-S	mechanical_normalization	no
Shipigu	shipigu	1	1	Shipigu	mechanical_normalization	no
Hannuo	hannuo	1	1	Hannuo	mechanical_normalization	no
Huanghuixiang	huanghuixiang	1	1	Huanghuixiang	mechanical_normalization	no
Hannuo 1	hannuo1	1	1	Hannuo 1	mechanical_normalization	no
Biwusheng	biwusheng	1	1	Biwusheng	mechanical_normalization	no
Jiandabai	jiandabai	1	1	Jiandabai	mechanical_normalization	no
Gaogengdasui	gaogengdasui	1	1	Gaogengdasui	mechanical_normalization	no
Jinxing 1	jinxing1	1	1	Jinxing 1	mechanical_normalization	no
Wujiaozhan	wujiaozhan	1	1	Wujiaozhan	mechanical_normalization	no
Dabaigu 1	dabaigu1	1	1	Dabaigu 1	mechanical_normalization	no
Dadaonuo	dadaonuo	1	1	Dadaonuo	mechanical_normalization	no
Bengexiaohuanggu	bengexiaohuanggu	1	1	Bengexiaohuanggu	mechanical_normalization	no
Nuogu 3	nuogu3	1	1	Nuogu 3	mechanical_normalization	no
Heigu 3	heigu3	1	1	Heigu 3	mechanical_normalization	no
Guichao 2	guichao2	1	1	Guichao 2	mechanical_normalization	no
Honghexi	honghexi	1	1	Honghexi	mechanical_normalization	no
Hongguyangjie	hongguyangjie	1	1	Hongguyangjie	mechanical_normalization	no
Kitaake ubi-XA21 FN1353-S	kitaakeubixa21fn1353s	1	1	Kitaake ubi-XA21 FN1353-S	mechanical_normalization	no
Kitaake ubi-XA21 FN1357-S	kitaakeubixa21fn1357s	1	1	Kitaake ubi-XA21 FN1357-S	mechanical_normalization	no
Kitaake ubi-XA21 FN1355-S	kitaakeubixa21fn1355s	1	1	Kitaake ubi-XA21 FN1355-S	mechanical_normalization	no
Kitaake ubi-XA21 FN1383-S	kitaakeubixa21fn1383s	1	1	Kitaake ubi-XA21 FN1383-S	mechanical_normalization	no
Kitaake ubi-XA21 FN1392-S	kitaakeubixa21fn1392s	1	1	Kitaake ubi-XA21 FN1392-S	mechanical_normalization	no
Kitaake ubi-XA21 FN1413-S	kitaakeubixa21fn1413s	1	1	Kitaake ubi-XA21 FN1413-S	mechanical_normalization	no
Kitaake ubi-XA21 FN1427-S	kitaakeubixa21fn1427s	1	1	Kitaake ubi-XA21 FN1427-S	mechanical_normalization	no
Kitaake ubi-XA21 FN1421-S	kitaakeubixa21fn1421s	1	1	Kitaake ubi-XA21 FN1421-S	mechanical_normalization	no
Kitaake ubi-XA21 FN1434-S	kitaakeubixa21fn1434s	1	1	Kitaake ubi-XA21 FN1434-S	mechanical_normalization	no
Kitaake ubi-XA21 FN1431-S	kitaakeubixa21fn1431s	1	1	Kitaake ubi-XA21 FN1431-S	mechanical_normalization	no
Kitaake ubi-XA21 FN1388-S	kitaakeubixa21fn1388s	1	1	Kitaake ubi-XA21 FN1388-S	mechanical_normalization	no
Kitaake ubi-XA21 FN1439-S	kitaakeubixa21fn1439s	1	1	Kitaake ubi-XA21 FN1439-S	mechanical_normalization	no
Kitaake ubi-XA21 FN1442-S	kitaakeubixa21fn1442s	1	1	Kitaake ubi-XA21 FN1442-S	mechanical_normalization	no
Kitaake ubi-XA21 FN1445-S	kitaakeubixa21fn1445s	1	1	Kitaake ubi-XA21 FN1445-S	mechanical_normalization	no
Kitaake ubi-XA21 FN1448-S	kitaakeubixa21fn1448s	1	1	Kitaake ubi-XA21 FN1448-S	mechanical_normalization	no
Kitaake ubi-XA21 FN1458-S	kitaakeubixa21fn1458s	1	1	Kitaake ubi-XA21 FN1458-S	mechanical_normalization	no
Kitaake ubi-XA21 FN1453-S	kitaakeubixa21fn1453s	1	1	Kitaake ubi-XA21 FN1453-S	mechanical_normalization	no
Kitaake ubi-XA26 FN1379-S	kitaakeubixa26fn1379s	1	1	Kitaake ubi-XA26 FN1379-S	mechanical_normalization	no
Kitaake ubi-XA22 FN1369-S	kitaakeubixa22fn1369s	1	1	Kitaake ubi-XA22 FN1369-S	mechanical_normalization	no
Kitaake ubi-XA25 FN1374-S	kitaakeubixa25fn1374s	1	1	Kitaake ubi-XA25 FN1374-S	mechanical_normalization	no
Kitaake ubi-XA41 FN1476-S	kitaakeubixa41fn1476s	1	1	Kitaake ubi-XA41 FN1476-S	mechanical_normalization	no
Kitaake ubi-XA34 FN1460-S	kitaakeubixa34fn1460s	1	1	Kitaake ubi-XA34 FN1460-S	mechanical_normalization	no
Kitaake ubi-XA33 FN1456-S	kitaakeubixa33fn1456s	1	1	Kitaake ubi-XA33 FN1456-S	mechanical_normalization	no
Kitaake ubi-XA45 FN1481-S	kitaakeubixa45fn1481s	1	1	Kitaake ubi-XA45 FN1481-S	mechanical_normalization	no
Kitaake ubi-XA49 FN1485-S	kitaakeubixa49fn1485s	1	1	Kitaake ubi-XA49 FN1485-S	mechanical_normalization	no
Kitaake ubi-XA50 FN1486-S	kitaakeubixa50fn1486s	1	1	Kitaake ubi-XA50 FN1486-S	mechanical_normalization	no
Kitaake ubi-XA54 FN1490-S	kitaakeubixa54fn1490s	1	1	Kitaake ubi-XA54 FN1490-S	mechanical_normalization	no
Kitaake ubi-XA67 FN1508-S	kitaakeubixa67fn1508s	1	1	Kitaake ubi-XA67 FN1508-S	mechanical_normalization	no
Kitaake ubi-XA57 FN1494-S	kitaakeubixa57fn1494s	1	1	Kitaake ubi-XA57 FN1494-S	mechanical_normalization	no
Kitaake ubi-XA71 FN1514-S	kitaakeubixa71fn1514s	1	1	Kitaake ubi-XA71 FN1514-S	mechanical_normalization	no
Kitaake ubi-XA73 FN1516-S	kitaakeubixa73fn1516s	1	1	Kitaake ubi-XA73 FN1516-S	mechanical_normalization	no
Kitaake ubi-XA91 FN1543-S	kitaakeubixa91fn1543s	1	1	Kitaake ubi-XA91 FN1543-S	mechanical_normalization	no
Kitaake ubi-XA94 FN1547-S	kitaakeubixa94fn1547s	1	1	Kitaake ubi-XA94 FN1547-S	mechanical_normalization	no
Kitaake ubi-XA93 FN1546-S	kitaakeubixa93fn1546s	1	1	Kitaake ubi-XA93 FN1546-S	mechanical_normalization	no
Kitaake ubi-XA98 FN1553-S	kitaakeubixa98fn1553s	1	1	Kitaake ubi-XA98 FN1553-S	mechanical_normalization	no
Kitaake ubi-XA107 FN1565-S	kitaakeubixa107fn1565s	1	1	Kitaake ubi-XA107 FN1565-S	mechanical_normalization	no
Kitaake ubi-XA111 FN1571-S	kitaakeubixa111fn1571s	1	1	Kitaake ubi-XA111 FN1571-S	mechanical_normalization	no
Kitaake ubi-XA104 FN1561-S	kitaakeubixa104fn1561s	1	1	Kitaake ubi-XA104 FN1561-S	mechanical_normalization	no
Kitaake ubi-XA112 FN1572-S	kitaakeubixa112fn1572s	1	1	Kitaake ubi-XA112 FN1572-S	mechanical_normalization	no
Kitaake FN1582 -S	kitaakefn1582s	1	1	Kitaake FN1582 -S	mechanical_normalization	no
D187	d187	1	1	D187	mechanical_normalization	yes
D248	d248	1	1	D248	mechanical_normalization	yes
D232	d232	1	1	D232	mechanical_normalization	yes
D114	d114	1	1	D114	mechanical_normalization	yes
D112	d112	1	1	D112	mechanical_normalization	yes
19	19	1	1	19	mechanical_normalization	yes
15	15	1	1	15	mechanical_normalization	yes
12	12	1	1	12	mechanical_normalization	yes
Jugal	jugal	1	1	Jugal	mechanical_normalization	no
Nipponbare and 93-11 RIL17	nipponbareand9311ril17	1	1	Nipponbare and 93-11 RIL17	mechanical_normalization	no
Nipponbare and 93-11 RIL12	nipponbareand9311ril12	1	1	Nipponbare and 93-11 RIL12	mechanical_normalization	no
Nipponbare and 93-11 RIL10	nipponbareand9311ril10	1	1	Nipponbare and 93-11 RIL10	mechanical_normalization	no
Nipponbare and 93-11 RIL5	nipponbareand9311ril5	1	1	Nipponbare and 93-11 RIL5	mechanical_normalization	no
Nipponbare and 93-11 RIL2	nipponbareand9311ril2	1	1	Nipponbare and 93-11 RIL2	mechanical_normalization	no
Nipponbare and 93-11 RIL42	nipponbareand9311ril42	1	1	Nipponbare and 93-11 RIL42	mechanical_normalization	no
Nipponbare and 93-11 RIL40	nipponbareand9311ril40	1	1	Nipponbare and 93-11 RIL40	mechanical_normalization	no
Nipponbare and 93-11 RIL21	nipponbareand9311ril21	1	1	Nipponbare and 93-11 RIL21	mechanical_normalization	no
Nipponbare and 93-11 RIL44	nipponbareand9311ril44	1	1	Nipponbare and 93-11 RIL44	mechanical_normalization	no
Nipponbare and 93-11 RIL53	nipponbareand9311ril53	1	1	Nipponbare and 93-11 RIL53	mechanical_normalization	no
Nipponbare and 93-11 RIL54	nipponbareand9311ril54	1	1	Nipponbare and 93-11 RIL54	mechanical_normalization	no
Tam Xoan Bac Ninh	tamxoanbacninh	1	1	Tam Xoan Bac Ninh	mechanical_normalization	no
WAB 56-104	wab56104	1	1	WAB 56-104	mechanical_normalization	yes
Kitaake FN1989-S	kitaakefn1989s	1	1	Kitaake FN1989-S	mechanical_normalization	no
Kitaake FN1995-S	kitaakefn1995s	1	1	Kitaake FN1995-S	mechanical_normalization	no
Kitaake FN2016-S	kitaakefn2016s	1	1	Kitaake FN2016-S	mechanical_normalization	no
Kitaake FN2047-S	kitaakefn2047s	1	1	Kitaake FN2047-S	mechanical_normalization	no
Kitaake FN2044-S	kitaakefn2044s	1	1	Kitaake FN2044-S	mechanical_normalization	no
Kitaake FN2048-S	kitaakefn2048s	1	1	Kitaake FN2048-S	mechanical_normalization	no
Kitaake FN2053-S	kitaakefn2053s	1	1	Kitaake FN2053-S	mechanical_normalization	no
Kitaake FN2059-S	kitaakefn2059s	1	1	Kitaake FN2059-S	mechanical_normalization	no
Kitaake FN2082-S	kitaakefn2082s	1	1	Kitaake FN2082-S	mechanical_normalization	no
Kitaake FN2083-S	kitaakefn2083s	1	1	Kitaake FN2083-S	mechanical_normalization	no
Kitaake FN2085-S	kitaakefn2085s	1	1	Kitaake FN2085-S	mechanical_normalization	no
Kitaake FN2105-S	kitaakefn2105s	1	1	Kitaake FN2105-S	mechanical_normalization	no
Kitaake FN2113-S	kitaakefn2113s	1	1	Kitaake FN2113-S	mechanical_normalization	no
Kitaake FN2120-S	kitaakefn2120s	1	1	Kitaake FN2120-S	mechanical_normalization	no
Kitaake FN2125-S	kitaakefn2125s	1	1	Kitaake FN2125-S	mechanical_normalization	no
Kitaake FN2150-S	kitaakefn2150s	1	1	Kitaake FN2150-S	mechanical_normalization	no
Kitaake FN2160-S	kitaakefn2160s	1	1	Kitaake FN2160-S	mechanical_normalization	no
Kitaake FN2161-S	kitaakefn2161s	1	1	Kitaake FN2161-S	mechanical_normalization	no
Kitaake FN2158-S	kitaakefn2158s	1	1	Kitaake FN2158-S	mechanical_normalization	no
Kitaake FN1707-S	kitaakefn1707s	1	1	Kitaake FN1707-S	mechanical_normalization	no
cultivated_rice_108	cultivatedrice108	1	1	cultivated_rice_108	mechanical_normalization	no
cultivated_rice_105	cultivatedrice105	1	1	cultivated_rice_105	mechanical_normalization	no
cultivated_rice_134	cultivatedrice134	1	1	cultivated_rice_134	mechanical_normalization	no
cultivated_rice_130	cultivatedrice130	1	1	cultivated_rice_130	mechanical_normalization	no
cultivated_rice_121	cultivatedrice121	1	1	cultivated_rice_121	mechanical_normalization	no
cultivated_rice_126	cultivatedrice126	1	1	cultivated_rice_126	mechanical_normalization	no
cultivated_rice_127	cultivatedrice127	1	1	cultivated_rice_127	mechanical_normalization	no
cultivated_rice_114	cultivatedrice114	1	1	cultivated_rice_114	mechanical_normalization	no
Nekken2	nekken2	1	1	Nekken2	mechanical_normalization	no
Bengal	bengal	1	1	Bengal	mechanical_normalization	no
Fix-Tetraploid2	fixtetraploid2	1	1	Fix-Tetraploid2	mechanical_normalization	no
mtl-Haploid1	mtlhaploid1	1	1	mtl-Haploid1	mechanical_normalization	no
HT_11_7	ht117	1	1	HT_11_7	mechanical_normalization	yes
HT_11_4	ht114	1	1	HT_11_4	mechanical_normalization	yes
HT_10_4	ht104	1	1	HT_10_4	mechanical_normalization	yes
DZ-11	dz11	1	1	DZ-11	mechanical_normalization	yes
DZ-19	dz19	1	1	DZ-19	mechanical_normalization	yes
HT_7_4	ht74	1	1	HT_7_4	mechanical_normalization	yes
HT_4_5	ht45	1	1	HT_4_5	mechanical_normalization	yes
MTU3626	mtu3626	1	1	MTU3626	mechanical_normalization	yes
LB_GN_BPT5204XNLR-33892	lbgnbpt5204xnlr33892	1	1	LB_GN_BPT5204XNLR-33892	mechanical_normalization	no
Clonal-Fix-Diploid2	clonalfixdiploid2	1	1	Clonal-Fix-Diploid2	mechanical_normalization	no
Ragarasu	ragarasu	1	1	Ragarasu	mechanical_normalization	no
Korean variety-2	koreanvariety2	1	1	Korean variety-2	mechanical_normalization	no
R01	r01	1	1	R01	mechanical_normalization	yes
DuoXi-1	duoxi1	1	1	DuoXi-1	mechanical_normalization	no
1318	1318	1	1	1318	mechanical_normalization	yes
SAGCLZ-110	sagclz110	1	1	SAGCLZ-110	mechanical_normalization	no
SAGCLZ-114	sagclz114	1	1	SAGCLZ-114	mechanical_normalization	no
SAGCLZ-032	sagclz032	1	1	SAGCLZ-032	mechanical_normalization	no
SAGCLZ-027	sagclz027	1	1	SAGCLZ-027	mechanical_normalization	no
SAGCLZ-029	sagclz029	1	1	SAGCLZ-029	mechanical_normalization	no
SAGCLZ-023	sagclz023	1	1	SAGCLZ-023	mechanical_normalization	no
SAGCLZ-026	sagclz026	1	1	SAGCLZ-026	mechanical_normalization	no
SAGCLZ-095	sagclz095	1	1	SAGCLZ-095	mechanical_normalization	no
SAGCLZ-013	sagclz013	1	1	SAGCLZ-013	mechanical_normalization	no
SAGCLZ-012	sagclz012	1	1	SAGCLZ-012	mechanical_normalization	no
SAGCLZ-015	sagclz015	1	1	SAGCLZ-015	mechanical_normalization	no
SAGCLZ-017	sagclz017	1	1	SAGCLZ-017	mechanical_normalization	no
SAGCLZ-092	sagclz092	1	1	SAGCLZ-092	mechanical_normalization	no
SAGCLZ-090	sagclz090	1	1	SAGCLZ-090	mechanical_normalization	no
SAGCLZ-084	sagclz084	1	1	SAGCLZ-084	mechanical_normalization	no
SAGCLZ-082	sagclz082	1	1	SAGCLZ-082	mechanical_normalization	no
SAGCLZ-079	sagclz079	1	1	SAGCLZ-079	mechanical_normalization	no
SAGCLZ-067	sagclz067	1	1	SAGCLZ-067	mechanical_normalization	no
SAGCLZ-068	sagclz068	1	1	SAGCLZ-068	mechanical_normalization	no
SAGCLZ-069	sagclz069	1	1	SAGCLZ-069	mechanical_normalization	no
SAGCLZ-071	sagclz071	1	1	SAGCLZ-071	mechanical_normalization	no
SAGCLZ-061	sagclz061	1	1	SAGCLZ-061	mechanical_normalization	no
SAGCLZ-048	sagclz048	1	1	SAGCLZ-048	mechanical_normalization	no
SAGCLZ-043	sagclz043	1	1	SAGCLZ-043	mechanical_normalization	no
SAGCLZ-035	sagclz035	1	1	SAGCLZ-035	mechanical_normalization	no
SAGCLZ-033	sagclz033	1	1	SAGCLZ-033	mechanical_normalization	no
SAGCLZ-039	sagclz039	1	1	SAGCLZ-039	mechanical_normalization	no
wild type control	wildtypecontrol	1	1	wild type control	mechanical_normalization	no
Kitaake FN2403	kitaakefn2403	1	1	Kitaake FN2403	mechanical_normalization	no
Kitaake FN2399	kitaakefn2399	1	1	Kitaake FN2399	mechanical_normalization	no
Kitaake FN2398	kitaakefn2398	1	1	Kitaake FN2398	mechanical_normalization	no
Kitaake FN2423	kitaakefn2423	1	1	Kitaake FN2423	mechanical_normalization	no
Kitaake FN2430	kitaakefn2430	1	1	Kitaake FN2430	mechanical_normalization	no
Kitaake FN2429	kitaakefn2429	1	1	Kitaake FN2429	mechanical_normalization	no
Kitaake FN2431	kitaakefn2431	1	1	Kitaake FN2431	mechanical_normalization	no
Kitaake FN2435	kitaakefn2435	1	1	Kitaake FN2435	mechanical_normalization	no
Kitaake FN2437	kitaakefn2437	1	1	Kitaake FN2437	mechanical_normalization	no
Kitaake FN2444	kitaakefn2444	1	1	Kitaake FN2444	mechanical_normalization	no
Kitaake FN2463	kitaakefn2463	1	1	Kitaake FN2463	mechanical_normalization	no
Kitaake FN2467	kitaakefn2467	1	1	Kitaake FN2467	mechanical_normalization	no
Kitaake FN2474	kitaakefn2474	1	1	Kitaake FN2474	mechanical_normalization	no
Kitaake FN2469	kitaakefn2469	1	1	Kitaake FN2469	mechanical_normalization	no
Kitaake FN2479	kitaakefn2479	1	1	Kitaake FN2479	mechanical_normalization	no
Kitaake FN2480	kitaakefn2480	1	1	Kitaake FN2480	mechanical_normalization	no
Kitaake FN2486	kitaakefn2486	1	1	Kitaake FN2486	mechanical_normalization	no
Kitaake FN2488	kitaakefn2488	1	1	Kitaake FN2488	mechanical_normalization	no
Kitaake FN2489	kitaakefn2489	1	1	Kitaake FN2489	mechanical_normalization	no
Kitaake FN2499	kitaakefn2499	1	1	Kitaake FN2499	mechanical_normalization	no
Dahrdun Basmati	dahrdunbasmati	1	1	Dahrdun Basmati	mechanical_normalization	no
Zigu	zigu	1	1	Zigu	mechanical_normalization	no
Hejing_1hao	hejing1hao	1	1	Hejing_1hao	mechanical_normalization	no
Wuyunjing_8hao	wuyunjing8hao	1	1	Wuyunjing_8hao	mechanical_normalization	no
Zhengdao_18	zhengdao18	1	1	Zhengdao_18	mechanical_normalization	no
Zhongjing_438	zhongjing438	1	1	Zhongjing_438	mechanical_normalization	no
Suijing_3hao	suijing3hao	1	1	Suijing_3hao	mechanical_normalization	no
Yuedao_68	yuedao68	1	1	Yuedao_68	mechanical_normalization	no
BOEGI_BOERA	boegiboera	1	1	BOEGI_BOERA	mechanical_normalization	no
Sihao_4040	sihao4040	1	1	Sihao_4040	mechanical_normalization	no
Mudanjiang_28	mudanjiang28	1	1	Mudanjiang_28	mechanical_normalization	no
Nuohangu	nuohangu	1	1	Nuohangu	mechanical_normalization	no
Nongxiang_18	nongxiang18	1	1	Nongxiang_18	mechanical_normalization	no
Nongxiang_21	nongxiang21	1	1	Nongxiang_21	mechanical_normalization	no
Ningjinghui_260	ningjinghui260	1	1	Ningjinghui_260	mechanical_normalization	no
Longjing_27	longjing27	1	1	Longjing_27	mechanical_normalization	no
Longdao_8hao	longdao8hao	1	1	Longdao_8hao	mechanical_normalization	no
Yuedao_61	yuedao61	1	1	Yuedao_61	mechanical_normalization	no
Yuedao_43	yuedao43	1	1	Yuedao_43	mechanical_normalization	no
Yuedao_49	yuedao49	1	1	Yuedao_49	mechanical_normalization	no
Hongnong_5hao	hongnong5hao	1	1	Hongnong_5hao	mechanical_normalization	no
Huifeng_1	huifeng1	1	1	Huifeng_1	mechanical_normalization	no
Yuedao_12	yuedao12	1	1	Yuedao_12	mechanical_normalization	no
Jindao_12	jindao12	1	1	Jindao_12	mechanical_normalization	no
Yangfujing_4901	yangfujing4901	1	1	Yangfujing_4901	mechanical_normalization	no
Xu91075	xu91075	1	1	Xu91075	mechanical_normalization	yes
Xudao_25-7	xudao257	1	1	Xudao_25-7	mechanical_normalization	no
Xudao_5hao	xudao5hao	1	1	Xudao_5hao	mechanical_normalization	no
MTU9	mtu9	1	1	MTU9	mechanical_normalization	yes
Dinolores	dinolores	1	1	Dinolores	mechanical_normalization	no
Issamo	issamo	1	1	Issamo	mechanical_normalization	no
Malagkit Pirurutong	malagkitpirurutong	1	1	Malagkit Pirurutong	mechanical_normalization	no
FR 13 A	fr13a	1	1	FR 13 A	mechanical_normalization	yes
Sona Chur	sonachur	1	1	Sona Chur	mechanical_normalization	no
Jhona 349	jhona349	1	1	Jhona 349	mechanical_normalization	no
Tadukan	tadukan	1	1	Tadukan	mechanical_normalization	no
NP125	np125	1	1	NP125	mechanical_normalization	yes
CHAHORA 144	chahora144	1	1	CHAHORA 144	mechanical_normalization	no
63-104	63104	1	1	63-104	mechanical_normalization	yes
Hokuriku193	hokuriku193	1	1	Hokuriku193	mechanical_normalization	no
Akidawara	akidawara	1	1	Akidawara	mechanical_normalization	no
Bekogonomi	bekogonomi	1	1	Bekogonomi	mechanical_normalization	no
Kirara 397	kirara397	1	1	Kirara 397	mechanical_normalization	no
Sorachi	sorachi	1	1	Sorachi	mechanical_normalization	no
Wasefukoku	wasefukoku	1	1	Wasefukoku	mechanical_normalization	no
HOSOGARA 1	hosogara1	1	1	HOSOGARA 1	mechanical_normalization	no
KAMENOO 2	kamenoo2	1	1	KAMENOO 2	mechanical_normalization	no
YAMAZAKI MOCHI	yamazakimochi	1	1	YAMAZAKI MOCHI	mechanical_normalization	no
SUGAIPPON	sugaippon	1	1	SUGAIPPON	mechanical_normalization	no
BOUZU 1	bouzu1	1	1	BOUZU 1	mechanical_normalization	no
D109	d109	1	1	D109	mechanical_normalization	yes
Sugar-reducing rice	sugarreducingrice	1	1	Sugar-reducing rice	mechanical_normalization	no
Jixue glutinous	jixueglutinous	1	1	Jixue glutinous	mechanical_normalization	no
Longhua red	longhuared	1	1	Longhua red	mechanical_normalization	no
Sui Japonica	suijaponica	1	1	Sui Japonica	mechanical_normalization	no
Sui Hongxiang	suihongxiang	1	1	Sui Hongxiang	mechanical_normalization	no
Black sweet 1	blacksweet1	1	1	Black sweet 1	mechanical_normalization	no
Long Japonica 3	longjaponica3	1	1	Long Japonica 3	mechanical_normalization	no
DN2313	dn2313	1	1	DN2313	mechanical_normalization	yes
Wanxuan 4	wanxuan4	1	1	Wanxuan 4	mechanical_normalization	no
DN2312	dn2312	1	1	DN2312	mechanical_normalization	yes
Zidao 3	zidao3	1	1	Zidao 3	mechanical_normalization	no
Xiaoheidao	xiaoheidao	1	1	Xiaoheidao	mechanical_normalization	no
DN2327	dn2327	1	1	DN2327	mechanical_normalization	yes
Baike	baike	1	1	Baike	mechanical_normalization	no
DN2305	dn2305	1	1	DN2305	mechanical_normalization	yes
DN2309	dn2309	1	1	DN2309	mechanical_normalization	yes
