canonical_name	alias	relation	evidence	n_runs	norm_key
Zhonghua 11	ZH11	abbreviation	curated_common_usage	5349	zh11
Kitaake	Kitaake	canonical	mechanical_normalization	62	kitaake
SK1	SK1	canonical	curated_common_usage	47	sk1
Nipponbare	Nipponbare	canonical	curated_common_usage	44	nipponbare
DN416	DN416	canonical	mechanical_normalization	36	dn416
DG1	DG1	canonical	curated_common_usage	31	dg1
NIPB	NIPB	canonical	mechanical_normalization	27	nipb
Samba Mahsuri	Samba Mahsuri	canonical	mechanical_normalization	24	sambamahsuri
Taichung Native 1	Taichung Native 1 (TN1)	abbreviation	curated_common_usage	23	taichungnative1
DN423	DN423	canonical	mechanical_normalization	18	dn423
93-11	9311	abbreviation	curated_common_usage	13	9311
CY927	CY927	canonical	mechanical_normalization	13	cy927
Wanli 1	Wanli 1	canonical	mechanical_normalization	12	wanli1
Y58S	Y58S	canonical	curated_common_usage	12	y58s
Minghui 63	Minghui63	abbreviation	curated_common_usage	11	minghui63
Zhonghua 11	Zhonghua11	abbreviation	curated_common_usage	11	zhonghua11
Dular	Dular	canonical	mechanical_normalization	10	dular
Huanghuazhan	Huanghuazhan	canonical	curated_common_usage	10	huanghuazhan
IR64	IR64 (IRRI)	abbreviation	curated_common_usage	10	ir64
R900	R900	canonical	mechanical_normalization	10	r900
DV85	DV85	canonical	mechanical_normalization	9	dv85
HCS	HCS	canonical	mechanical_normalization	9	hcs
Jia58	Jia58	canonical	mechanical_normalization	9	jia58
LIU XU::IRGC 109232-1	LIU XU::IRGC 109232-1	canonical	mechanical_normalization	9	liuxuirgc1092321
NDCMP49	NDCMP49	canonical	mechanical_normalization	9	ndcmp49
Nipponbare	NPB	abbreviation	curated_common_usage	9	npb
Wuyungeng24	Wuyungeng24	canonical	mechanical_normalization	9	wuyungeng24
Fuhui838	Fuhui838	canonical	mechanical_normalization	8	fuhui838
Liangyoupei9	Liangyoupei9	canonical	mechanical_normalization	8	liangyoupei9
Longdao24	Longdao24	canonical	mechanical_normalization	8	longdao24
N22	N22	canonical	mechanical_normalization	8	n22
PA1	PA1	canonical	mechanical_normalization	7	pa1
SHZ	SHZ	canonical	mechanical_normalization	7	shz
Tetep	Tetep	canonical	mechanical_normalization	7	tetep
Yihui3551	Yihui3551	canonical	mechanical_normalization	7	yihui3551
Chunyou84 (CY84)	Chunyou84 (CY84)	canonical	mechanical_normalization	6	chunyou84
KA1	KA1	canonical	mechanical_normalization	6	ka1
Wushansimiao	Wushansimiao	canonical	mechanical_normalization	6	wushansimiao
illmi	illmi	canonical	mechanical_normalization	6	illmi
BPT-5204	BPT-5204	canonical	mechanical_normalization	5	bpt5204
Clonal CY84	Clonal CY84	canonical	mechanical_normalization	5	clonalcy84
D62	D62	canonical	mechanical_normalization	5	d62
DHX2	DHX2	canonical	mechanical_normalization	5	dhx2
Guang8	Guang8	canonical	mechanical_normalization	5	guang8
Gui630	Gui630	canonical	mechanical_normalization	5	gui630
Huazhan	Huazhan	canonical	mechanical_normalization	5	huazhan
II32	II32	canonical	mechanical_normalization	5	ii32
J4155	J4155	canonical	mechanical_normalization	5	j4155
Longliangyou1353	Longliangyou1353	canonical	mechanical_normalization	5	longliangyou1353
Mianhui725	Mianhui725	canonical	mechanical_normalization	5	mianhui725
Nam Roo	Nam Roo	canonical	mechanical_normalization	5	namroo
Tsipala Menahar	Tsipala Menahar	canonical	mechanical_normalization	5	tsipalamenahar
Tumba	Tumba	canonical	mechanical_normalization	5	tumba
02428	02428	canonical	mechanical_normalization	4	02428
93-11	93-11	canonical	curated_common_usage	4	9311
Balilla	Balilla	canonical	mechanical_normalization	4	balilla
CDR22	CDR22	canonical	mechanical_normalization	4	cdr22
Clonal Fix	Clonal Fix	canonical	mechanical_normalization	4	clonalfix
Cypress	Cypress	canonical	mechanical_normalization	4	cypress
Dobong	Dobong	canonical	mechanical_normalization	4	dobong
Dom	Dom	canonical	mechanical_normalization	4	dom
FL478	FL478	canonical	mechanical_normalization	4	fl478
Kitaake Ubi-Xa21	Kitaake Ubi-Xa21	canonical	mechanical_normalization	4	kitaakeubixa21
Kola Joha	Kola Joha	canonical	mechanical_normalization	4	kolajoha
RD31	RD31	canonical	mechanical_normalization	4	rd31
Shenglixian	Shenglixian	canonical	mechanical_normalization	4	shenglixian
Swarna	Swarna	canonical	mechanical_normalization	4	swarna
YSBR1	YSBR1	canonical	mechanical_normalization	4	ysbr1
Yuetai B	Yuetai B	canonical	mechanical_normalization	4	yuetaib
Zhenshan97	Zhenshan97	canonical	mechanical_normalization	4	zhenshan97
Samba Mahsuri	samba mahsuri	spelling_variant	mechanical_normalization	4	sambamahsuri
32	32	canonical	mechanical_normalization	3	32
91	91	canonical	mechanical_normalization	3	91
BPT-5204	BPT 5204	spelling_variant	mechanical_normalization	3	bpt5204
Badsabhog	Badsabhog	canonical	mechanical_normalization	3	badsabhog
C418	C418	canonical	mechanical_normalization	3	c418
CSSL	CSSL	canonical	mechanical_normalization	3	cssl
Cocodrie	Cocodrie	canonical	mechanical_normalization	3	cocodrie
Digludao	Digludao	canonical	mechanical_normalization	3	digludao
Guangchang13	Guangchang13	canonical	mechanical_normalization	3	guangchang13
Guichao2hao	Guichao2hao	canonical	mechanical_normalization	3	guichao2hao
HJX74	HJX74	canonical	mechanical_normalization	3	hjx74
Hopum	Hopum	canonical	mechanical_normalization	3	hopum
Huangsiguizhan	Huangsiguizhan	canonical	mechanical_normalization	3	huangsiguizhan
Hwacheong	Hwacheong	canonical	mechanical_normalization	3	hwacheong
Hwayeong	Hwayeong	canonical	mechanical_normalization	3	hwayeong
Hybrid	Hybrid	canonical	mechanical_normalization	3	hybrid
IR30	IR30	canonical	mechanical_normalization	3	ir30
IR50	IR50	canonical	mechanical_normalization	3	ir50
IRGC 127652	IRGC 127652	canonical	mechanical_normalization	3	irgc127652
IRGC 127742	IRGC 127742	canonical	mechanical_normalization	3	irgc127742
IRGC 128077	IRGC 128077	canonical	mechanical_normalization	3	irgc128077
IRGC 132278	IRGC 132278	canonical	mechanical_normalization	3	irgc132278
Minghui86	Minghui86	canonical	mechanical_normalization	3	minghui86
R527	R527	canonical	mechanical_normalization	3	r527
Shuhui527	Shuhui527	canonical	mechanical_normalization	3	shuhui527
Shuhui548	Shuhui548	canonical	mechanical_normalization	3	shuhui548
SuYuNuo	SuYuNuo	canonical	mechanical_normalization	3	suyunuo
Taipei 309 bombardment event 1	Taipei 309 bombardment event 1	canonical	mechanical_normalization	3	taipei309bombardmentevent1
Taipei 309 bombardment event 2	Taipei 309 bombardment event 2	canonical	mechanical_normalization	3	taipei309bombardmentevent2
Taipei 309 bombardment event 3	Taipei 309 bombardment event 3	canonical	mechanical_normalization	3	taipei309bombardmentevent3
Taipei 309 bombardment event 4	Taipei 309 bombardment event 4	canonical	mechanical_normalization	3	taipei309bombardmentevent4
Taipei 309 bombardment event 5	Taipei 309 bombardment event 5	canonical	mechanical_normalization	3	taipei309bombardmentevent5
Taipei 309 bombardment event 6	Taipei 309 bombardment event 6	canonical	mechanical_normalization	3	taipei309bombardmentevent6
Tulaipanji	Tulaipanji	canonical	mechanical_normalization	3	tulaipanji
Xiushui 134	Xiushui 134	canonical	mechanical_normalization	3	xiushui134
YF47	YF47	canonical	mechanical_normalization	3	yf47
Yangdao6hao	Yangdao6hao	canonical	mechanical_normalization	3	yangdao6hao
Yuzhenxiang	Yuzhenxiang	canonical	mechanical_normalization	3	yuzhenxiang
11	11	canonical	mechanical_normalization	2	11
110080	110080	canonical	mechanical_normalization	2	110080
1128	1128	canonical	mechanical_normalization	2	1128
114-7-2	114-7-2	canonical	mechanical_normalization	2	11472
1390	1390	canonical	mechanical_normalization	2	1390
1394	1394	canonical	mechanical_normalization	2	1394
14	14	canonical	mechanical_normalization	2	14
16A	16A	canonical	mechanical_normalization	2	16a
1892S	1892S	canonical	mechanical_normalization	2	1892s
2	2	canonical	mechanical_normalization	2	2
20	20	canonical	mechanical_normalization	2	20
203A	203A	canonical	mechanical_normalization	2	203a
24HZM875	24HZM875	canonical	mechanical_normalization	2	24hzm875
24HZM876	24HZM876	canonical	mechanical_normalization	2	24hzm876
24HZM877	24HZM877	canonical	mechanical_normalization	2	24hzm877
24HZM878	24HZM878	canonical	mechanical_normalization	2	24hzm878
25	25	canonical	mechanical_normalization	2	25
27	27	canonical	mechanical_normalization	2	27
30	30	canonical	mechanical_normalization	2	30
33S	33S	canonical	mechanical_normalization	2	33s
551	551	canonical	mechanical_normalization	2	551
6	6	canonical	mechanical_normalization	2	6
610234	610234	canonical	mechanical_normalization	2	610234
7	7	canonical	mechanical_normalization	2	7
79	79	canonical	mechanical_normalization	2	79
86	86	canonical	mechanical_normalization	2	86
898B	898B	canonical	mechanical_normalization	2	898b
900	900	canonical	mechanical_normalization	2	900
9311-1	9311-1	canonical	mechanical_normalization	2	93111
9311-2	9311-2	canonical	mechanical_normalization	2	93112
9311-3	9311-3	canonical	mechanical_normalization	2	93113
9311K	9311K	canonical	mechanical_normalization	2	9311k
988	988	canonical	mechanical_normalization	2	988
99S	99S	canonical	mechanical_normalization	2	99s
A06	A06	canonical	mechanical_normalization	2	a06
A15	A15	canonical	mechanical_normalization	2	a15
Aijiaonante	Aijiaonante	canonical	mechanical_normalization	2	aijiaonante
Aituogu151	Aituogu151	canonical	mechanical_normalization	2	aituogu151
Aizizhan	Aizizhan	canonical	mechanical_normalization	2	aizizhan
BALA	BALA	canonical	mechanical_normalization	2	bala
BIL_sbn	BIL_sbn	canonical	mechanical_normalization	2	bilsbn
Badshabhog	Badshabhog	canonical	mechanical_normalization	2	badshabhog
Basmati1	Basmati1	canonical	mechanical_normalization	2	basmati1
Bombilla	Bombilla	canonical	mechanical_normalization	2	bombilla
Bph68S	Bph68S	canonical	mechanical_normalization	2	bph68s
C815S	C815S	canonical	mechanical_normalization	2	c815s
CY84	CY84	canonical	mechanical_normalization	2	cy84
Carolina Gold Select	Carolina Gold Select	canonical	mechanical_normalization	2	carolinagoldselect
Ce49	Ce49	canonical	mechanical_normalization	2	ce49
Ce64	Ce64	canonical	mechanical_normalization	2	ce64
Chenga	Chenga	canonical	mechanical_normalization	2	chenga
Chenghui448	Chenghui448	canonical	mechanical_normalization	2	chenghui448
Chenghui727	Chenghui727	canonical	mechanical_normalization	2	chenghui727
Chengnongshuijing	Chengnongshuijing	canonical	mechanical_normalization	2	chengnongshuijing
Cheongcheong	Cheongcheong	canonical	mechanical_normalization	2	cheongcheong
Chuannong1	Chuannong1	canonical	mechanical_normalization	2	chuannong1
Chuannong422	Chuannong422	canonical	mechanical_normalization	2	chuannong422
Daohuaxiang	Daohuaxiang	canonical	mechanical_normalization	2	daohuaxiang
Digu	Digu	canonical	mechanical_normalization	2	digu
Dongjin	Dongjin	canonical	mechanical_normalization	2	dongjin
Dongtingwanxian	Dongtingwanxian	canonical	mechanical_normalization	2	dongtingwanxian
Enhui58	Enhui58	canonical	mechanical_normalization	2	enhui58
Exiang1hao	Exiang1hao	canonical	mechanical_normalization	2	exiang1hao
Ezao6hao	Ezao6hao	canonical	mechanical_normalization	2	ezao6hao
FS32	FS32	canonical	mechanical_normalization	2	fs32
Fuhui673	Fuhui673	canonical	mechanical_normalization	2	fuhui673
Fuhui676	Fuhui676	canonical	mechanical_normalization	2	fuhui676
Gang46	Gang46	canonical	mechanical_normalization	2	gang46
Gemdjah Beton	Gemdjah Beton	canonical	mechanical_normalization	2	gemdjahbeton
Gu154	Gu154	canonical	mechanical_normalization	2	gu154
Guangchangai	Guangchangai	canonical	mechanical_normalization	2	guangchangai
Guangqiuai	Guangqiuai	canonical	mechanical_normalization	2	guangqiuai
Guihuahuang	Guihuahuang	canonical	mechanical_normalization	2	guihuahuang
Guinongzhan	Guinongzhan	canonical	mechanical_normalization	2	guinongzhan
HOSHINOYUME	HOSHINOYUME	canonical	mechanical_normalization	2	hoshinoyume
Hanareum	Hanareum	canonical	mechanical_normalization	2	hanareum
Hanhui3	Hanhui3	canonical	mechanical_normalization	2	hanhui3
Hawara Bunar	Hawara Bunar	canonical	mechanical_normalization	2	hawarabunar
HopumR	HopumR	canonical	mechanical_normalization	2	hopumr
Huang-Jin-Ke	Huang-Jin-Ke	canonical	mechanical_normalization	2	huangjinke
Huanghuazhan:H-212	Huanghuazhan:H-212	canonical	mechanical_normalization	2	huanghuazhanh212
Huanghuazhan:H174	Huanghuazhan:H174	canonical	mechanical_normalization	2	huanghuazhanh174
Huanghuazhan:H190	Huanghuazhan:H190	canonical	mechanical_normalization	2	huanghuazhanh190
Huanghuazhan:HE-47	Huanghuazhan:HE-47	canonical	mechanical_normalization	2	huanghuazhanhe47
Huanghuazhan:HM2-S61	Huanghuazhan:HM2-S61	canonical	mechanical_normalization	2	huanghuazhanhm2s61
Huangpinuo	Huangpinuo	canonical	mechanical_normalization	2	huangpinuo
Hybrid rice 1	Hybrid rice 1	canonical	mechanical_normalization	2	hybridrice1
Hybrid rice 2	Hybrid rice 2	canonical	mechanical_normalization	2	hybridrice2
Hybrid rice 3	Hybrid rice 3	canonical	mechanical_normalization	2	hybridrice3
IR1544	IR1544	canonical	mechanical_normalization	2	ir1544
IR26	IR26	canonical	mechanical_normalization	2	ir26
IR58025B	IR58025B	canonical	mechanical_normalization	2	ir58025b
IR72	IR72	canonical	mechanical_normalization	2	ir72
IRGC 117425	IRGC 117425	canonical	mechanical_normalization	2	irgc117425
IRGC 125619	IRGC 125619	canonical	mechanical_normalization	2	irgc125619
IRGC 132424	IRGC 132424	canonical	mechanical_normalization	2	irgc132424
Indica-like/Hwacheong_F2	Indica-like/Hwacheong_F2	canonical	mechanical_normalization	2	indicalikehwacheongf2
JR2	JR2	canonical	mechanical_normalization	2	jr2
Jianzhen2hao	Jianzhen2hao	canonical	mechanical_normalization	2	jianzhen2hao
Jiegunuo	Jiegunuo	canonical	mechanical_normalization	2	jiegunuo
Jinhangsimiao	Jinhangsimiao	canonical	mechanical_normalization	2	jinhangsimiao
Jinyou1hao	Jinyou1hao	canonical	mechanical_normalization	2	jinyou1hao
Junam	Junam	canonical	mechanical_normalization	2	junam
Jupiter	Jupiter	canonical	mechanical_normalization	2	jupiter
Juppa	Juppa	canonical	mechanical_normalization	2	juppa
Kitaake FN4183-S	Kitaake FN4183-S	canonical	mechanical_normalization	2	kitaakefn4183s
Kitaake FN4187-S	Kitaake FN4187-S	canonical	mechanical_normalization	2	kitaakefn4187s
Kitaake FN4188-S	Kitaake FN4188-S	canonical	mechanical_normalization	2	kitaakefn4188s
Kitaake FN4189-S	Kitaake FN4189-S	canonical	mechanical_normalization	2	kitaakefn4189s
Kitaake FN4190-S	Kitaake FN4190-S	canonical	mechanical_normalization	2	kitaakefn4190s
Kitaake FN4240-S	Kitaake FN4240-S	canonical	mechanical_normalization	2	kitaakefn4240s
Kitaake FN4241-S	Kitaake FN4241-S	canonical	mechanical_normalization	2	kitaakefn4241s
Kitaake FN4247-S	Kitaake FN4247-S	canonical	mechanical_normalization	2	kitaakefn4247s
Kitaake FN4255-S	Kitaake FN4255-S	canonical	mechanical_normalization	2	kitaakefn4255s
Kitaake FN4279-S	Kitaake FN4279-S	canonical	mechanical_normalization	2	kitaakefn4279s
Kitaake FN4314-S	Kitaake FN4314-S	canonical	mechanical_normalization	2	kitaakefn4314s
Kitaake FN4325-S	Kitaake FN4325-S	canonical	mechanical_normalization	2	kitaakefn4325s
Kitaake ubi-XA21 FN 398-1	Kitaake ubi-XA21 FN 398-1	canonical	mechanical_normalization	2	kitaakeubixa21fn3981
Kitaake ubi-XA21 FN 398-3/4/5	Kitaake ubi-XA21 FN 398-3/4/5	canonical	mechanical_normalization	2	kitaakeubixa21fn398345
Kitaake ubi-XA21 FN-222	Kitaake ubi-XA21 FN-222	canonical	mechanical_normalization	2	kitaakeubixa21fn222
Kitaake ubi-XA21 FN-223	Kitaake ubi-XA21 FN-223	canonical	mechanical_normalization	2	kitaakeubixa21fn223
Kitaake ubi-XA21 FN-225	Kitaake ubi-XA21 FN-225	canonical	mechanical_normalization	2	kitaakeubixa21fn225
Kitaake ubi-XA21 FN-226	Kitaake ubi-XA21 FN-226	canonical	mechanical_normalization	2	kitaakeubixa21fn226
Kitaake ubi-XA21 FN-231	Kitaake ubi-XA21 FN-231	canonical	mechanical_normalization	2	kitaakeubixa21fn231
Kitaake ubi-XA21 FN-232	Kitaake ubi-XA21 FN-232	canonical	mechanical_normalization	2	kitaakeubixa21fn232
Kitaake ubi-XA21 FN-233	Kitaake ubi-XA21 FN-233	canonical	mechanical_normalization	2	kitaakeubixa21fn233
Kitaake ubi-XA21 FN-234	Kitaake ubi-XA21 FN-234	canonical	mechanical_normalization	2	kitaakeubixa21fn234
Kitaake ubi-XA21 FN-235	Kitaake ubi-XA21 FN-235	canonical	mechanical_normalization	2	kitaakeubixa21fn235
Kitaake ubi-XA21 FN-236	Kitaake ubi-XA21 FN-236	canonical	mechanical_normalization	2	kitaakeubixa21fn236
Kitaake ubi-XA21 FN-263	Kitaake ubi-XA21 FN-263	canonical	mechanical_normalization	2	kitaakeubixa21fn263
Kitaake ubi-XA21 FN-264	Kitaake ubi-XA21 FN-264	canonical	mechanical_normalization	2	kitaakeubixa21fn264
Kitaake ubi-XA21 FN-265	Kitaake ubi-XA21 FN-265	canonical	mechanical_normalization	2	kitaakeubixa21fn265
Kitaake ubi-XA21 FN-268	Kitaake ubi-XA21 FN-268	canonical	mechanical_normalization	2	kitaakeubixa21fn268
Kitaake ubi-XA21 FN-269	Kitaake ubi-XA21 FN-269	canonical	mechanical_normalization	2	kitaakeubixa21fn269
Kitaake ubi-XA21 FN-272	Kitaake ubi-XA21 FN-272	canonical	mechanical_normalization	2	kitaakeubixa21fn272
Kitaake ubi-XA21 FN-273	Kitaake ubi-XA21 FN-273	canonical	mechanical_normalization	2	kitaakeubixa21fn273
Kitaake ubi-XA21 FN-274	Kitaake ubi-XA21 FN-274	canonical	mechanical_normalization	2	kitaakeubixa21fn274
Kitaake ubi-XA21 FN-275	Kitaake ubi-XA21 FN-275	canonical	mechanical_normalization	2	kitaakeubixa21fn275
Kitaake ubi-XA21 FN-277	Kitaake ubi-XA21 FN-277	canonical	mechanical_normalization	2	kitaakeubixa21fn277
Kitaake ubi-XA21 FN-278	Kitaake ubi-XA21 FN-278	canonical	mechanical_normalization	2	kitaakeubixa21fn278
Kitaake ubi-XA21 FN-279	Kitaake ubi-XA21 FN-279	canonical	mechanical_normalization	2	kitaakeubixa21fn279
Kitaake ubi-XA21 FN-281	Kitaake ubi-XA21 FN-281	canonical	mechanical_normalization	2	kitaakeubixa21fn281
Kitaake ubi-XA21 FN-283	Kitaake ubi-XA21 FN-283	canonical	mechanical_normalization	2	kitaakeubixa21fn283
Kitaake ubi-XA21 FN-284	Kitaake ubi-XA21 FN-284	canonical	mechanical_normalization	2	kitaakeubixa21fn284
Kitaake ubi-XA21 FN-285	Kitaake ubi-XA21 FN-285	canonical	mechanical_normalization	2	kitaakeubixa21fn285
Kitaake ubi-XA21 FN-286	Kitaake ubi-XA21 FN-286	canonical	mechanical_normalization	2	kitaakeubixa21fn286
Kitaake ubi-XA21 FN-287	Kitaake ubi-XA21 FN-287	canonical	mechanical_normalization	2	kitaakeubixa21fn287
Kitaake ubi-XA21 FN-288	Kitaake ubi-XA21 FN-288	canonical	mechanical_normalization	2	kitaakeubixa21fn288
Kitaake ubi-XA21 FN-289	Kitaake ubi-XA21 FN-289	canonical	mechanical_normalization	2	kitaakeubixa21fn289
Kitaake ubi-XA21 FN-290	Kitaake ubi-XA21 FN-290	canonical	mechanical_normalization	2	kitaakeubixa21fn290
Kitaake ubi-XA21 FN-314	Kitaake ubi-XA21 FN-314	canonical	mechanical_normalization	2	kitaakeubixa21fn314
Kitaake ubi-XA21 FN-315	Kitaake ubi-XA21 FN-315	canonical	mechanical_normalization	2	kitaakeubixa21fn315
Kitaake ubi-XA21 FN-316	Kitaake ubi-XA21 FN-316	canonical	mechanical_normalization	2	kitaakeubixa21fn316
Kitaake ubi-XA21 FN-341	Kitaake ubi-XA21 FN-341	canonical	mechanical_normalization	2	kitaakeubixa21fn341
Kitaake ubi-XA21 FN-342	Kitaake ubi-XA21 FN-342	canonical	mechanical_normalization	2	kitaakeubixa21fn342
Kitaake ubi-XA21 FN-344	Kitaake ubi-XA21 FN-344	canonical	mechanical_normalization	2	kitaakeubixa21fn344
Kitaake ubi-XA21 FN-408	Kitaake ubi-XA21 FN-408	canonical	mechanical_normalization	2	kitaakeubixa21fn408
Kitaake ubi-XA21 FN-409	Kitaake ubi-XA21 FN-409	canonical	mechanical_normalization	2	kitaakeubixa21fn409
Kitaake ubi-XA21 FN-410	Kitaake ubi-XA21 FN-410	canonical	mechanical_normalization	2	kitaakeubixa21fn410
Kitaake ubi-XA21 FN1152 -S	Kitaake ubi-XA21 FN1152 -S	canonical	mechanical_normalization	2	kitaakeubixa21fn1152s
Kitaake ubi-XA52 FN1488-S	Kitaake ubi-XA52 FN1488-S	canonical	mechanical_normalization	2	kitaakeubixa52fn1488s
Kitaake ubi-XA55 FN1492-S	Kitaake ubi-XA55 FN1492-S	canonical	mechanical_normalization	2	kitaakeubixa55fn1492s
Kitaake ubi-XA56 FN1493-S	Kitaake ubi-XA56 FN1493-S	canonical	mechanical_normalization	2	kitaakeubixa56fn1493s
Kitaake ubi-XA59 FN1497-S	Kitaake ubi-XA59 FN1497-S	canonical	mechanical_normalization	2	kitaakeubixa59fn1497s
Kitaake ubi-XA62 FN1501-S	Kitaake ubi-XA62 FN1501-S	canonical	mechanical_normalization	2	kitaakeubixa62fn1501s
Kitaake ubi-XA63 FN1504-S	Kitaake ubi-XA63 FN1504-S	canonical	mechanical_normalization	2	kitaakeubixa63fn1504s
Kitaake ubi-XA64 FN1505-S	Kitaake ubi-XA64 FN1505-S	canonical	mechanical_normalization	2	kitaakeubixa64fn1505s
Kitaake ubi-XA68 FN1509-S	Kitaake ubi-XA68 FN1509-S	canonical	mechanical_normalization	2	kitaakeubixa68fn1509s
Kitaake ubi-XA72 FN1515-S	Kitaake ubi-XA72 FN1515-S	canonical	mechanical_normalization	2	kitaakeubixa72fn1515s
Kitaake ubi-XA75 FN1525-S	Kitaake ubi-XA75 FN1525-S	canonical	mechanical_normalization	2	kitaakeubixa75fn1525s
Kitaake ubi-XA79 FN1529-S	Kitaake ubi-XA79 FN1529-S	canonical	mechanical_normalization	2	kitaakeubixa79fn1529s
Kitaake ubi-XA87 FN1537-S	Kitaake ubi-XA87 FN1537-S	canonical	mechanical_normalization	2	kitaakeubixa87fn1537s
Kitaake ubi-XA96 FN1550-S	Kitaake ubi-XA96 FN1550-S	canonical	mechanical_normalization	2	kitaakeubixa96fn1550s
Kittake	Kittake	canonical	mechanical_normalization	2	kittake
Kongyu131	Kongyu131	canonical	mechanical_normalization	2	kongyu131
Lehui188	Lehui188	canonical	mechanical_normalization	2	lehui188
Lijiang Xintuan Hei Gu	Lijiang Xintuan Hei Gu	canonical	mechanical_normalization	2	lijiangxintuanheigu
Longdao5	Longdao5	canonical	mechanical_normalization	2	longdao5
Lucaihao	Lucaihao	canonical	mechanical_normalization	2	lucaihao
Luhui17	Luhui17	canonical	mechanical_normalization	2	luhui17
Luohong3A	Luohong3A	canonical	mechanical_normalization	2	luohong3a
M-ERV1-1	M-ERV1-1	canonical	mechanical_normalization	2	merv11
M-ERV1-3	M-ERV1-3	canonical	mechanical_normalization	2	merv13
Minghui	Minghui	canonical	mechanical_normalization	2	minghui
Minghui70	Minghui70	canonical	mechanical_normalization	2	minghui70
Minhui3301	Minhui3301	canonical	mechanical_normalization	2	minhui3301
Mitak	Mitak	canonical	mechanical_normalization	2	mitak
Momi	Momi	canonical	mechanical_normalization	2	momi
Nampung	Nampung	canonical	mechanical_normalization	2	nampung
Nampyeong	Nampyeong	canonical	mechanical_normalization	2	nampyeong
Nanhui511	Nanhui511	canonical	mechanical_normalization	2	nanhui511
Nantehao	Nantehao	canonical	mechanical_normalization	2	nantehao
Ninghui21	Ninghui21	canonical	mechanical_normalization	2	ninghui21
Njavara Black variety	Njavara Black variety	canonical	mechanical_normalization	2	njavarablackvariety
P-RH78-1	P-RH78-1	canonical	mechanical_normalization	2	prh781
P-RH78-3	P-RH78-3	canonical	mechanical_normalization	2	prh783
PA64s-1	PA64s-1	canonical	mechanical_normalization	2	pa64s1
PA64s-2	PA64s-2	canonical	mechanical_normalization	2	pa64s2
PA64s-3	PA64s-3	canonical	mechanical_normalization	2	pa64s3
PB1	PB1	canonical	mechanical_normalization	2	pb1
Peiai64S	Peiai64S	canonical	mechanical_normalization	2	peiai64s
Qianlijing	Qianlijing	canonical	mechanical_normalization	2	qianlijing
Qingerai	Qingerai	canonical	mechanical_normalization	2	qingerai
Qingke	Qingke	canonical	mechanical_normalization	2	qingke
R225	R225	canonical	mechanical_normalization	2	r225
R288	R288	canonical	mechanical_normalization	2	r288
R4115	R4115	canonical	mechanical_normalization	2	r4115
R465	R465	canonical	mechanical_normalization	2	r465
R600	R600	canonical	mechanical_normalization	2	r600
RGD-7S	RGD-7S	canonical	mechanical_normalization	2	rgd7s
RP Bio-226	RP Bio-226	canonical	mechanical_normalization	2	rpbio226
S23ZM205	S23ZM205	canonical	mechanical_normalization	2	s23zm205
S23ZM206	S23ZM206	canonical	mechanical_normalization	2	s23zm206
Samgwang	Samgwang	canonical	mechanical_normalization	2	samgwang
Shengtai1hao	Shengtai1hao	canonical	mechanical_normalization	2	shengtai1hao
Shuhui202	Shuhui202	canonical	mechanical_normalization	2	shuhui202
Shuhui498	Shuhui498	canonical	mechanical_normalization	2	shuhui498
Shuhui707	Shuhui707	canonical	mechanical_normalization	2	shuhui707
Sindongjin	Sindongjin	canonical	mechanical_normalization	2	sindongjin
Suijing18	Suijing18	canonical	mechanical_normalization	2	suijing18
TI 17	TI 17	canonical	mechanical_normalization	2	ti17
Taichung Native 1	TN1	abbreviation	curated_common_usage	2	tn1
Taichung Sen 10	Taichung Sen 10	canonical	mechanical_normalization	2	taichungsen10
Tainung sen 20	Tainung sen 20	canonical	mechanical_normalization	2	tainungsen20
Taipei 309 bombardment event 8	Taipei 309 bombardment event 8	canonical	mechanical_normalization	2	taipei309bombardmentevent8
Taizhongxianxuan2	Taizhongxianxuan2	canonical	mechanical_normalization	2	taizhongxianxuan2
Takanari	Takanari	canonical	mechanical_normalization	2	takanari
Tongil	Tongil	canonical	mechanical_normalization	2	tongil
Vandana	Vandana	canonical	mechanical_normalization	2	vandana
WA01	WA01	canonical	mechanical_normalization	2	wa01
WA04	WA04	canonical	mechanical_normalization	2	wa04
WA09	WA09	canonical	mechanical_normalization	2	wa09
Wanhui88	Wanhui88	canonical	mechanical_normalization	2	wanhui88
Wen229	Wen229	canonical	mechanical_normalization	2	wen229
Wild	Wild	canonical	mechanical_normalization	2	wild
Wuyunjing8	Wuyunjing8	canonical	mechanical_normalization	2	wuyunjing8
XiangaiB	XiangaiB	canonical	mechanical_normalization	2	xiangaib
Xianghui91269	Xianghui91269	canonical	mechanical_normalization	2	xianghui91269
Xiangnuo	Xiangnuo	canonical	mechanical_normalization	2	xiangnuo
Xiangwanxian3hao	Xiangwanxian3hao	canonical	mechanical_normalization	2	xiangwanxian3hao
Xiangyaxiangzhan	Xiangyaxiangzhan	canonical	mechanical_normalization	2	xiangyaxiangzhan
Xiangzaoxian7hao	Xiangzaoxian7hao	canonical	mechanical_normalization	2	xiangzaoxian7hao
Xiaohuangnuo	Xiaohuangnuo	canonical	mechanical_normalization	2	xiaohuangnuo
XinanS	XinanS	canonical	mechanical_normalization	2	xinans
YASUMURA	YASUMURA	canonical	mechanical_normalization	2	yasumura
Yahui2115	Yahui2115	canonical	mechanical_normalization	2	yahui2115
Yangdao4hao	Yangdao4hao	canonical	mechanical_normalization	2	yangdao4hao
Yeqinglun	Yeqinglun	canonical	mechanical_normalization	2	yeqinglun
Yixiang1	Yixiang1	canonical	mechanical_normalization	2	yixiang1
Yue4A	Yue4A	canonical	mechanical_normalization	2	yue4a
Yueguang	Yueguang	canonical	mechanical_normalization	2	yueguang
Yuexiangzhan	Yuexiangzhan	canonical	mechanical_normalization	2	yuexiangzhan
ZS97	ZS97	canonical	mechanical_normalization	2	zs97
Zhaiyeqing8hao	Zhaiyeqing8hao	canonical	mechanical_normalization	2	zhaiyeqing8hao
Zhefu802	Zhefu802	canonical	mechanical_normalization	2	zhefu802
Zhenzhuai	Zhenzhuai	canonical	mechanical_normalization	2	zhenzhuai
Zihui100	Zihui100	canonical	mechanical_normalization	2	zihui100
normal leaf	normal leaf	canonical	mechanical_normalization	2	normalleaf
parent2	parent2	canonical	mechanical_normalization	2	parent2
tetraploid of 9N	tetraploid of 9N	canonical	mechanical_normalization	2	tetraploidof9n
tetraploid of N9	tetraploid of N9	canonical	mechanical_normalization	2	tetraploidofn9
whitened leaf	whitened leaf	canonical	mechanical_normalization	2	whitenedleaf
02428	#02428	spelling_variant	mechanical_normalization	1	02428
002-8A	002-8A	canonical	mechanical_normalization	1	0028a
029S	029S	canonical	mechanical_normalization	1	029s
033S	033S	canonical	mechanical_normalization	1	033s
039S	039S	canonical	mechanical_normalization	1	039s
03S	03S	canonical	mechanical_normalization	1	03s
043S	043S	canonical	mechanical_normalization	1	043s
05CR89B	05CR89B	canonical	mechanical_normalization	1	05cr89b
1	1	canonical	mechanical_normalization	1	1
10	10	canonical	mechanical_normalization	1	10
1001	1001	canonical	mechanical_normalization	1	1001
1003	1003	canonical	mechanical_normalization	1	1003
1006	1006	canonical	mechanical_normalization	1	1006
1008	1008	canonical	mechanical_normalization	1	1008
1015	1015	canonical	mechanical_normalization	1	1015
1017	1017	canonical	mechanical_normalization	1	1017
1025	1025	canonical	mechanical_normalization	1	1025
1026	1026	canonical	mechanical_normalization	1	1026
1031	1031	canonical	mechanical_normalization	1	1031
10340	10340	canonical	mechanical_normalization	1	10340
1035	1035	canonical	mechanical_normalization	1	1035
103A	103A	canonical	mechanical_normalization	1	103a
1043	1043	canonical	mechanical_normalization	1	1043
1044	1044	canonical	mechanical_normalization	1	1044
1046	1046	canonical	mechanical_normalization	1	1046
1047	1047	canonical	mechanical_normalization	1	1047
1048	1048	canonical	mechanical_normalization	1	1048
1054	1054	canonical	mechanical_normalization	1	1054
1056	1056	canonical	mechanical_normalization	1	1056
1057	1057	canonical	mechanical_normalization	1	1057
1058	1058	canonical	mechanical_normalization	1	1058
1061	1061	canonical	mechanical_normalization	1	1061
1064	1064	canonical	mechanical_normalization	1	1064
1068	1068	canonical	mechanical_normalization	1	1068
1069	1069	canonical	mechanical_normalization	1	1069
1070	1070	canonical	mechanical_normalization	1	1070
1074	1074	canonical	mechanical_normalization	1	1074
1075	1075	canonical	mechanical_normalization	1	1075
1079	1079	canonical	mechanical_normalization	1	1079
1087	1087	canonical	mechanical_normalization	1	1087
1089	1089	canonical	mechanical_normalization	1	1089
1096	1096	canonical	mechanical_normalization	1	1096
1098	1098	canonical	mechanical_normalization	1	1098
1099	1099	canonical	mechanical_normalization	1	1099
1100	1100	canonical	mechanical_normalization	1	1100
1108	1108	canonical	mechanical_normalization	1	1108
1113	1113	canonical	mechanical_normalization	1	1113
1114	1114	canonical	mechanical_normalization	1	1114
1117	1117	canonical	mechanical_normalization	1	1117
1119	1119	canonical	mechanical_normalization	1	1119
1120	1120	canonical	mechanical_normalization	1	1120
1125	1125	canonical	mechanical_normalization	1	1125
1126	1126	canonical	mechanical_normalization	1	1126
1130	1130	canonical	mechanical_normalization	1	1130
1131	1131	canonical	mechanical_normalization	1	1131
1135	1135	canonical	mechanical_normalization	1	1135
1137	1137	canonical	mechanical_normalization	1	1137
11390	11390	canonical	mechanical_normalization	1	11390
1140	1140	canonical	mechanical_normalization	1	1140
1141	1141	canonical	mechanical_normalization	1	1141
1143	1143	canonical	mechanical_normalization	1	1143
1144	1144	canonical	mechanical_normalization	1	1144
1147	1147	canonical	mechanical_normalization	1	1147
1148	1148	canonical	mechanical_normalization	1	1148
1154	1154	canonical	mechanical_normalization	1	1154
1156	1156	canonical	mechanical_normalization	1	1156
1158	1158	canonical	mechanical_normalization	1	1158
1161S	1161S	canonical	mechanical_normalization	1	1161s
1165	1165	canonical	mechanical_normalization	1	1165
1166	1166	canonical	mechanical_normalization	1	1166
1168	1168	canonical	mechanical_normalization	1	1168
1173	1173	canonical	mechanical_normalization	1	1173
119	119	canonical	mechanical_normalization	1	119
1192	1192	canonical	mechanical_normalization	1	1192
12	12	canonical	mechanical_normalization	1	12
1203	1203	canonical	mechanical_normalization	1	1203
1214	1214	canonical	mechanical_normalization	1	1214
1215	1215	canonical	mechanical_normalization	1	1215
1216	1216	canonical	mechanical_normalization	1	1216
1217	1217	canonical	mechanical_normalization	1	1217
1219	1219	canonical	mechanical_normalization	1	1219
1222	1222	canonical	mechanical_normalization	1	1222
1225	1225	canonical	mechanical_normalization	1	1225
1226	1226	canonical	mechanical_normalization	1	1226
1234	1234	canonical	mechanical_normalization	1	1234
1235	1235	canonical	mechanical_normalization	1	1235
1237	1237	canonical	mechanical_normalization	1	1237
1245	1245	canonical	mechanical_normalization	1	1245
1250	1250	canonical	mechanical_normalization	1	1250
1251	1251	canonical	mechanical_normalization	1	1251
1252	1252	canonical	mechanical_normalization	1	1252
1254	1254	canonical	mechanical_normalization	1	1254
1255	1255	canonical	mechanical_normalization	1	1255
1257	1257	canonical	mechanical_normalization	1	1257
1261	1261	canonical	mechanical_normalization	1	1261
1262	1262	canonical	mechanical_normalization	1	1262
1264	1264	canonical	mechanical_normalization	1	1264
1267	1267	canonical	mechanical_normalization	1	1267
1268	1268	canonical	mechanical_normalization	1	1268
1270	1270	canonical	mechanical_normalization	1	1270
1272	1272	canonical	mechanical_normalization	1	1272
1273	1273	canonical	mechanical_normalization	1	1273
1275	1275	canonical	mechanical_normalization	1	1275
1276	1276	canonical	mechanical_normalization	1	1276
1279	1279	canonical	mechanical_normalization	1	1279
1280	1280	canonical	mechanical_normalization	1	1280
1281	1281	canonical	mechanical_normalization	1	1281
1283	1283	canonical	mechanical_normalization	1	1283
1284	1284	canonical	mechanical_normalization	1	1284
1286	1286	canonical	mechanical_normalization	1	1286
1288	1288	canonical	mechanical_normalization	1	1288
1291	1291	canonical	mechanical_normalization	1	1291
1292	1292	canonical	mechanical_normalization	1	1292
1298	1298	canonical	mechanical_normalization	1	1298
13	13	canonical	mechanical_normalization	1	13
1301	1301	canonical	mechanical_normalization	1	1301
1302	1302	canonical	mechanical_normalization	1	1302
1305	1305	canonical	mechanical_normalization	1	1305
1307	1307	canonical	mechanical_normalization	1	1307
1310	1310	canonical	mechanical_normalization	1	1310
1312A	1312A	canonical	mechanical_normalization	1	1312a
1313	1313	canonical	mechanical_normalization	1	1313
1318	1318	canonical	mechanical_normalization	1	1318
1320	1320	canonical	mechanical_normalization	1	1320
1321	1321	canonical	mechanical_normalization	1	1321
1323	1323	canonical	mechanical_normalization	1	1323
1325	1325	canonical	mechanical_normalization	1	1325
1327	1327	canonical	mechanical_normalization	1	1327
1329	1329	canonical	mechanical_normalization	1	1329
1332	1332	canonical	mechanical_normalization	1	1332
1334	1334	canonical	mechanical_normalization	1	1334
1339	1339	canonical	mechanical_normalization	1	1339
1341	1341	canonical	mechanical_normalization	1	1341
1342	1342	canonical	mechanical_normalization	1	1342
1347	1347	canonical	mechanical_normalization	1	1347
1348	1348	canonical	mechanical_normalization	1	1348
1349	1349	canonical	mechanical_normalization	1	1349
13494	13494	canonical	mechanical_normalization	1	13494
1350	1350	canonical	mechanical_normalization	1	1350
1353	1353	canonical	mechanical_normalization	1	1353
1360	1360	canonical	mechanical_normalization	1	1360
1361	1361	canonical	mechanical_normalization	1	1361
1362	1362	canonical	mechanical_normalization	1	1362
1364	1364	canonical	mechanical_normalization	1	1364
1365	1365	canonical	mechanical_normalization	1	1365
1367	1367	canonical	mechanical_normalization	1	1367
1370	1370	canonical	mechanical_normalization	1	1370
1371	1371	canonical	mechanical_normalization	1	1371
1372	1372	canonical	mechanical_normalization	1	1372
1373	1373	canonical	mechanical_normalization	1	1373
1374	1374	canonical	mechanical_normalization	1	1374
1377	1377	canonical	mechanical_normalization	1	1377
1380	1380	canonical	mechanical_normalization	1	1380
1383	1383	canonical	mechanical_normalization	1	1383
1384	1384	canonical	mechanical_normalization	1	1384
1387	1387	canonical	mechanical_normalization	1	1387
1388	1388	canonical	mechanical_normalization	1	1388
1392	1392	canonical	mechanical_normalization	1	1392
1395	1395	canonical	mechanical_normalization	1	1395
1399	1399	canonical	mechanical_normalization	1	1399
13A51	13A51	canonical	mechanical_normalization	1	13a51
13A97	13A97	canonical	mechanical_normalization	1	13a97
13B	13B	canonical	mechanical_normalization	1	13b
1400	1400	canonical	mechanical_normalization	1	1400
1403	1403	canonical	mechanical_normalization	1	1403
1409	1409	canonical	mechanical_normalization	1	1409
1416	1416	canonical	mechanical_normalization	1	1416
1420	1420	canonical	mechanical_normalization	1	1420
1431	1431	canonical	mechanical_normalization	1	1431
1435	1435	canonical	mechanical_normalization	1	1435
1436	1436	canonical	mechanical_normalization	1	1436
1438	1438	canonical	mechanical_normalization	1	1438
1442	1442	canonical	mechanical_normalization	1	1442
1445	1445	canonical	mechanical_normalization	1	1445
1449	1449	canonical	mechanical_normalization	1	1449
1453	1453	canonical	mechanical_normalization	1	1453
148S	148S	canonical	mechanical_normalization	1	148s
14HS049	14HS049	canonical	mechanical_normalization	1	14hs049
15	15	canonical	mechanical_normalization	1	15
15-64A	15-64A	canonical	mechanical_normalization	1	1564a
15-88A	15-88A	canonical	mechanical_normalization	1	1588a
158B	158B	canonical	mechanical_normalization	1	158b
15HP58	15HP58	canonical	mechanical_normalization	1	15hp58
16	16	canonical	mechanical_normalization	1	16
166 S_OS	166 S_OS	canonical	mechanical_normalization	1	166sos
17	17	canonical	mechanical_normalization	1	17
17-9-4	17-9-4	canonical	mechanical_normalization	1	1794
175-1-127	175-1-127	canonical	mechanical_normalization	1	1751127
177S	177S	canonical	mechanical_normalization	1	177s
18	18	canonical	mechanical_normalization	1	18
19	19	canonical	mechanical_normalization	1	19
191S	191S	canonical	mechanical_normalization	1	191s
19W01	19W01	canonical	mechanical_normalization	1	19w01
19W05	19W05	canonical	mechanical_normalization	1	19w05
19W14	19W14	canonical	mechanical_normalization	1	19w14
19W16	19W16	canonical	mechanical_normalization	1	19w16
19W19	19W19	canonical	mechanical_normalization	1	19w19
19W20	19W20	canonical	mechanical_normalization	1	19w20
19W24	19W24	canonical	mechanical_normalization	1	19w24
19W26	19W26	canonical	mechanical_normalization	1	19w26
19W28	19W28	canonical	mechanical_normalization	1	19w28
19W29	19W29	canonical	mechanical_normalization	1	19w29
19W32	19W32	canonical	mechanical_normalization	1	19w32
19W33	19W33	canonical	mechanical_normalization	1	19w33
19W34	19W34	canonical	mechanical_normalization	1	19w34
19W35	19W35	canonical	mechanical_normalization	1	19w35
19W36	19W36	canonical	mechanical_normalization	1	19w36
19W37	19W37	canonical	mechanical_normalization	1	19w37
19W38	19W38	canonical	mechanical_normalization	1	19w38
19W40	19W40	canonical	mechanical_normalization	1	19w40
19W43	19W43	canonical	mechanical_normalization	1	19w43
19W47	19W47	canonical	mechanical_normalization	1	19w47
19W48	19W48	canonical	mechanical_normalization	1	19w48
19W49	19W49	canonical	mechanical_normalization	1	19w49
19W50	19W50	canonical	mechanical_normalization	1	19w50
19W54	19W54	canonical	mechanical_normalization	1	19w54
19W55	19W55	canonical	mechanical_normalization	1	19w55
19W56	19W56	canonical	mechanical_normalization	1	19w56
19W59	19W59	canonical	mechanical_normalization	1	19w59
19W61	19W61	canonical	mechanical_normalization	1	19w61
19W62	19W62	canonical	mechanical_normalization	1	19w62
19W63	19W63	canonical	mechanical_normalization	1	19w63
19W66	19W66	canonical	mechanical_normalization	1	19w66
19W70	19W70	canonical	mechanical_normalization	1	19w70
19W71	19W71	canonical	mechanical_normalization	1	19w71
19W75	19W75	canonical	mechanical_normalization	1	19w75
19W82	19W82	canonical	mechanical_normalization	1	19w82
19xiang	19xiang	canonical	mechanical_normalization	1	19xiang
205R	205R	canonical	mechanical_normalization	1	205r
21	21	canonical	mechanical_normalization	1	21
2134	2134	canonical	mechanical_normalization	1	2134
22	22	canonical	mechanical_normalization	1	22
22A	22A	canonical	mechanical_normalization	1	22a
23	23	canonical	mechanical_normalization	1	23
233	233	canonical	mechanical_normalization	1	233
236S	236S	canonical	mechanical_normalization	1	236s
24	24	canonical	mechanical_normalization	1	24
24xuan17	24xuan17	canonical	mechanical_normalization	1	24xuan17
26	26	canonical	mechanical_normalization	1	26
261	261	canonical	mechanical_normalization	1	261
272S	272S	canonical	mechanical_normalization	1	272s
276	276	canonical	mechanical_normalization	1	276
278-4-1-1A	278-4-1-1A	canonical	mechanical_normalization	1	278411a
28	28	canonical	mechanical_normalization	1	28
2888	2888	canonical	mechanical_normalization	1	2888
28zhan	28zhan	canonical	mechanical_normalization	1	28zhan
29	29	canonical	mechanical_normalization	1	29
299R	299R	canonical	mechanical_normalization	1	299r
3	3	canonical	mechanical_normalization	1	3
31	31	canonical	mechanical_normalization	1	31
314	314	canonical	mechanical_normalization	1	314
32B	32B	canonical	mechanical_normalization	1	32b
33	33	canonical	mechanical_normalization	1	33
3301R	3301R	canonical	mechanical_normalization	1	3301r
36	36	canonical	mechanical_normalization	1	36
360S	360S	canonical	mechanical_normalization	1	360s
367A	367A	canonical	mechanical_normalization	1	367a
367B	367B	canonical	mechanical_normalization	1	367b
37	37	canonical	mechanical_normalization	1	37
376	376	canonical	mechanical_normalization	1	376
39	39	canonical	mechanical_normalization	1	39
4	4	canonical	mechanical_normalization	1	4
403	403	canonical	mechanical_normalization	1	403
412	412	canonical	mechanical_normalization	1	412
414	414	canonical	mechanical_normalization	1	414
423	423	canonical	mechanical_normalization	1	423
425	425	canonical	mechanical_normalization	1	425
427	427	canonical	mechanical_normalization	1	427
4302A	4302A	canonical	mechanical_normalization	1	4302a
436	436	canonical	mechanical_normalization	1	436
438	438	canonical	mechanical_normalization	1	438
44	44	canonical	mechanical_normalization	1	44
440	440	canonical	mechanical_normalization	1	440
441	441	canonical	mechanical_normalization	1	441
442	442	canonical	mechanical_normalization	1	442
446	446	canonical	mechanical_normalization	1	446
447	447	canonical	mechanical_normalization	1	447
4484	4484	canonical	mechanical_normalization	1	4484
450	450	canonical	mechanical_normalization	1	450
452	452	canonical	mechanical_normalization	1	452
453	453	canonical	mechanical_normalization	1	453
456	456	canonical	mechanical_normalization	1	456
4595	4595	canonical	mechanical_normalization	1	4595
46	46	canonical	mechanical_normalization	1	46
461	461	canonical	mechanical_normalization	1	461
462	462	canonical	mechanical_normalization	1	462
463	463	canonical	mechanical_normalization	1	463
464	464	canonical	mechanical_normalization	1	464
468	468	canonical	mechanical_normalization	1	468
469	469	canonical	mechanical_normalization	1	469
47-104	47-104	canonical	mechanical_normalization	1	47104
470	470	canonical	mechanical_normalization	1	470
471	471	canonical	mechanical_normalization	1	471
472	472	canonical	mechanical_normalization	1	472
473	473	canonical	mechanical_normalization	1	473
476	476	canonical	mechanical_normalization	1	476
477	477	canonical	mechanical_normalization	1	477
480	480	canonical	mechanical_normalization	1	480
483	483	canonical	mechanical_normalization	1	483
484	484	canonical	mechanical_normalization	1	484
489	489	canonical	mechanical_normalization	1	489
491	491	canonical	mechanical_normalization	1	491
493	493	canonical	mechanical_normalization	1	493
494	494	canonical	mechanical_normalization	1	494
495	495	canonical	mechanical_normalization	1	495
5	5	canonical	mechanical_normalization	1	5
50	50	canonical	mechanical_normalization	1	50
500	500	canonical	mechanical_normalization	1	500
50058	50058	canonical	mechanical_normalization	1	50058
500594	500594	canonical	mechanical_normalization	1	500594
501	501	canonical	mechanical_normalization	1	501
502	502	canonical	mechanical_normalization	1	502
504	504	canonical	mechanical_normalization	1	504
505	505	canonical	mechanical_normalization	1	505
507	507	canonical	mechanical_normalization	1	507
509	509	canonical	mechanical_normalization	1	509
51	51	canonical	mechanical_normalization	1	51
510	510	canonical	mechanical_normalization	1	510
511	511	canonical	mechanical_normalization	1	511
515	515	canonical	mechanical_normalization	1	515
516	516	canonical	mechanical_normalization	1	516
517	517	canonical	mechanical_normalization	1	517
518	518	canonical	mechanical_normalization	1	518
519	519	canonical	mechanical_normalization	1	519
520	520	canonical	mechanical_normalization	1	520
5202A	5202A	canonical	mechanical_normalization	1	5202a
5207	5207	canonical	mechanical_normalization	1	5207
521	521	canonical	mechanical_normalization	1	521
522	522	canonical	mechanical_normalization	1	522
523	523	canonical	mechanical_normalization	1	523
525	525	canonical	mechanical_normalization	1	525
527	527	canonical	mechanical_normalization	1	527
528	528	canonical	mechanical_normalization	1	528
530	530	canonical	mechanical_normalization	1	530
5304S	5304S	canonical	mechanical_normalization	1	5304s
5306A	5306A	canonical	mechanical_normalization	1	5306a
5308S	5308S	canonical	mechanical_normalization	1	5308s
532	532	canonical	mechanical_normalization	1	532
5350	5350	canonical	mechanical_normalization	1	5350
536	536	canonical	mechanical_normalization	1	536
539	539	canonical	mechanical_normalization	1	539
541	541	canonical	mechanical_normalization	1	541
542	542	canonical	mechanical_normalization	1	542
543	543	canonical	mechanical_normalization	1	543
5450	5450	canonical	mechanical_normalization	1	5450
546	546	canonical	mechanical_normalization	1	546
547	547	canonical	mechanical_normalization	1	547
548	548	canonical	mechanical_normalization	1	548
549	549	canonical	mechanical_normalization	1	549
553	553	canonical	mechanical_normalization	1	553
554	554	canonical	mechanical_normalization	1	554
555	555	canonical	mechanical_normalization	1	555
556	556	canonical	mechanical_normalization	1	556
557	557	canonical	mechanical_normalization	1	557
558	558	canonical	mechanical_normalization	1	558
56	56	canonical	mechanical_normalization	1	56
561	561	canonical	mechanical_normalization	1	561
562	562	canonical	mechanical_normalization	1	562
564	564	canonical	mechanical_normalization	1	564
565	565	canonical	mechanical_normalization	1	565
566	566	canonical	mechanical_normalization	1	566
5680A	5680A	canonical	mechanical_normalization	1	5680a
571	571	canonical	mechanical_normalization	1	571
572	572	canonical	mechanical_normalization	1	572
576	576	canonical	mechanical_normalization	1	576
578	578	canonical	mechanical_normalization	1	578
58	58	canonical	mechanical_normalization	1	58
581	581	canonical	mechanical_normalization	1	581
583	583	canonical	mechanical_normalization	1	583
585	585	canonical	mechanical_normalization	1	585
587	587	canonical	mechanical_normalization	1	587
588	588	canonical	mechanical_normalization	1	588
589	589	canonical	mechanical_normalization	1	589
591	591	canonical	mechanical_normalization	1	591
592	592	canonical	mechanical_normalization	1	592
593	593	canonical	mechanical_normalization	1	593
594	594	canonical	mechanical_normalization	1	594
595	595	canonical	mechanical_normalization	1	595
596	596	canonical	mechanical_normalization	1	596
598	598	canonical	mechanical_normalization	1	598
599	599	canonical	mechanical_normalization	1	599
60	60	canonical	mechanical_normalization	1	60
603	603	canonical	mechanical_normalization	1	603
6044	6044	canonical	mechanical_normalization	1	6044
606	606	canonical	mechanical_normalization	1	606
607	607	canonical	mechanical_normalization	1	607
6078	6078	canonical	mechanical_normalization	1	6078
607A	607A	canonical	mechanical_normalization	1	607a
608	608	canonical	mechanical_normalization	1	608
609	609	canonical	mechanical_normalization	1	609
6102S	6102S	canonical	mechanical_normalization	1	6102s
611	611	canonical	mechanical_normalization	1	611
612	612	canonical	mechanical_normalization	1	612
613	613	canonical	mechanical_normalization	1	613
616	616	canonical	mechanical_normalization	1	616
6185	6185	canonical	mechanical_normalization	1	6185
62	62	canonical	mechanical_normalization	1	62
620	620	canonical	mechanical_normalization	1	620
620S	620S	canonical	mechanical_normalization	1	620s
621	621	canonical	mechanical_normalization	1	621
622	622	canonical	mechanical_normalization	1	622
625	625	canonical	mechanical_normalization	1	625
628S	628S	canonical	mechanical_normalization	1	628s
63-104	63-104	canonical	mechanical_normalization	1	63104
630	630	canonical	mechanical_normalization	1	630
632	632	canonical	mechanical_normalization	1	632
633	633	canonical	mechanical_normalization	1	633
634	634	canonical	mechanical_normalization	1	634
635	635	canonical	mechanical_normalization	1	635
6360	6360	canonical	mechanical_normalization	1	6360
640	640	canonical	mechanical_normalization	1	640
643	643	canonical	mechanical_normalization	1	643
645	645	canonical	mechanical_normalization	1	645
650	650	canonical	mechanical_normalization	1	650
651	651	canonical	mechanical_normalization	1	651
653	653	canonical	mechanical_normalization	1	653
654	654	canonical	mechanical_normalization	1	654
655	655	canonical	mechanical_normalization	1	655
656	656	canonical	mechanical_normalization	1	656
658	658	canonical	mechanical_normalization	1	658
659	659	canonical	mechanical_normalization	1	659
66	66	canonical	mechanical_normalization	1	66
667	667	canonical	mechanical_normalization	1	667
66S	66S	canonical	mechanical_normalization	1	66s
671	671	canonical	mechanical_normalization	1	671
673	673	canonical	mechanical_normalization	1	673
674	674	canonical	mechanical_normalization	1	674
679	679	canonical	mechanical_normalization	1	679
680	680	canonical	mechanical_normalization	1	680
681	681	canonical	mechanical_normalization	1	681
682	682	canonical	mechanical_normalization	1	682
683	683	canonical	mechanical_normalization	1	683
684	684	canonical	mechanical_normalization	1	684
685	685	canonical	mechanical_normalization	1	685
686	686	canonical	mechanical_normalization	1	686
687	687	canonical	mechanical_normalization	1	687
688	688	canonical	mechanical_normalization	1	688
689	689	canonical	mechanical_normalization	1	689
690	690	canonical	mechanical_normalization	1	690
692	692	canonical	mechanical_normalization	1	692
694	694	canonical	mechanical_normalization	1	694
696	696	canonical	mechanical_normalization	1	696
700	700	canonical	mechanical_normalization	1	700
701	701	canonical	mechanical_normalization	1	701
7017A	7017A	canonical	mechanical_normalization	1	7017a
702	702	canonical	mechanical_normalization	1	702
704	704	canonical	mechanical_normalization	1	704
7055	7055	canonical	mechanical_normalization	1	7055
706	706	canonical	mechanical_normalization	1	706
71-72A	71-72A	canonical	mechanical_normalization	1	7172a
71-74A	71-74A	canonical	mechanical_normalization	1	7174a
711	711	canonical	mechanical_normalization	1	711
713	713	canonical	mechanical_normalization	1	713
716	716	canonical	mechanical_normalization	1	716
717	717	canonical	mechanical_normalization	1	717
721	721	canonical	mechanical_normalization	1	721
725	725	canonical	mechanical_normalization	1	725
726	726	canonical	mechanical_normalization	1	726
730	730	canonical	mechanical_normalization	1	730
731	731	canonical	mechanical_normalization	1	731
733	733	canonical	mechanical_normalization	1	733
740	740	canonical	mechanical_normalization	1	740
745	745	canonical	mechanical_normalization	1	745
75-1-127	75-1-127	canonical	mechanical_normalization	1	751127
752	752	canonical	mechanical_normalization	1	752
75P12	75P12	canonical	mechanical_normalization	1	75p12
76	76	canonical	mechanical_normalization	1	76
761	761	canonical	mechanical_normalization	1	761
762	762	canonical	mechanical_normalization	1	762
7625	7625	canonical	mechanical_normalization	1	7625
767	767	canonical	mechanical_normalization	1	767
77	77	canonical	mechanical_normalization	1	77
773	773	canonical	mechanical_normalization	1	773
78	78	canonical	mechanical_normalization	1	78
78130	78130	canonical	mechanical_normalization	1	78130
781R	781R	canonical	mechanical_normalization	1	781r
786	786	canonical	mechanical_normalization	1	786
787	787	canonical	mechanical_normalization	1	787
79-248	79-248	canonical	mechanical_normalization	1	79248
79106	79106	canonical	mechanical_normalization	1	79106
794	794	canonical	mechanical_normalization	1	794
7944	7944	canonical	mechanical_normalization	1	7944
797	797	canonical	mechanical_normalization	1	797
798	798	canonical	mechanical_normalization	1	798
8	8	canonical	mechanical_normalization	1	8
801	801	canonical	mechanical_normalization	1	801
803A	803A	canonical	mechanical_normalization	1	803a
8045A	8045A	canonical	mechanical_normalization	1	8045a
806	806	canonical	mechanical_normalization	1	806
80B	80B	canonical	mechanical_normalization	1	80b
810	810	canonical	mechanical_normalization	1	810
810S	810S	canonical	mechanical_normalization	1	810s
811	811	canonical	mechanical_normalization	1	811
812	812	canonical	mechanical_normalization	1	812
8122A	8122A	canonical	mechanical_normalization	1	8122a
813	813	canonical	mechanical_normalization	1	813
814	814	canonical	mechanical_normalization	1	814
814B	814B	canonical	mechanical_normalization	1	814b
81B/25	81B/25	canonical	mechanical_normalization	1	81b25
82	82	canonical	mechanical_normalization	1	82
822	822	canonical	mechanical_normalization	1	822
823	823	canonical	mechanical_normalization	1	823
829	829	canonical	mechanical_normalization	1	829
8303	8303	canonical	mechanical_normalization	1	8303
831	831	canonical	mechanical_normalization	1	831
832A	832A	canonical	mechanical_normalization	1	832a
837	837	canonical	mechanical_normalization	1	837
838	838	canonical	mechanical_normalization	1	838
84	84	canonical	mechanical_normalization	1	84
844	844	canonical	mechanical_normalization	1	844
846	846	canonical	mechanical_normalization	1	846
847	847	canonical	mechanical_normalization	1	847
85-24	85-24	canonical	mechanical_normalization	1	8524
851	851	canonical	mechanical_normalization	1	851
852	852	canonical	mechanical_normalization	1	852
853	853	canonical	mechanical_normalization	1	853
854	854	canonical	mechanical_normalization	1	854
85661-10	85661-10	canonical	mechanical_normalization	1	8566110
859	859	canonical	mechanical_normalization	1	859
861	861	canonical	mechanical_normalization	1	861
86315S	86315S	canonical	mechanical_normalization	1	86315s
863B	863B	canonical	mechanical_normalization	1	863b
87	87	canonical	mechanical_normalization	1	87
871	871	canonical	mechanical_normalization	1	871
874	874	canonical	mechanical_normalization	1	874
876	876	canonical	mechanical_normalization	1	876
880	880	canonical	mechanical_normalization	1	880
883	883	canonical	mechanical_normalization	1	883
885	885	canonical	mechanical_normalization	1	885
885S	885S	canonical	mechanical_normalization	1	885s
888	888	canonical	mechanical_normalization	1	888
893	893	canonical	mechanical_normalization	1	893
896	896	canonical	mechanical_normalization	1	896
897	897	canonical	mechanical_normalization	1	897
899	899	canonical	mechanical_normalization	1	899
8g04	8g04	canonical	mechanical_normalization	1	8g04
8g05	8g05	canonical	mechanical_normalization	1	8g05
9	9	canonical	mechanical_normalization	1	9
902	902	canonical	mechanical_normalization	1	902
903	903	canonical	mechanical_normalization	1	903
904	904	canonical	mechanical_normalization	1	904
905	905	canonical	mechanical_normalization	1	905
907	907	canonical	mechanical_normalization	1	907
908	908	canonical	mechanical_normalization	1	908
910	910	canonical	mechanical_normalization	1	910
912	912	canonical	mechanical_normalization	1	912
916	916	canonical	mechanical_normalization	1	916
919	919	canonical	mechanical_normalization	1	919
922	922	canonical	mechanical_normalization	1	922
923	923	canonical	mechanical_normalization	1	923
924	924	canonical	mechanical_normalization	1	924
929	929	canonical	mechanical_normalization	1	929
93072	93072	canonical	mechanical_normalization	1	93072
931	931	canonical	mechanical_normalization	1	931
93-11	9311(Wuhan)	abbreviation	curated_common_usage	1	9311
932	932	canonical	mechanical_normalization	1	932
933	933	canonical	mechanical_normalization	1	933
9348	9348	canonical	mechanical_normalization	1	9348
937	937	canonical	mechanical_normalization	1	937
941	941	canonical	mechanical_normalization	1	941
942	942	canonical	mechanical_normalization	1	942
949	949	canonical	mechanical_normalization	1	949
9522B	9522B	canonical	mechanical_normalization	1	9522b
953	953	canonical	mechanical_normalization	1	953
954	954	canonical	mechanical_normalization	1	954
963	963	canonical	mechanical_normalization	1	963
967	967	canonical	mechanical_normalization	1	967
973	973	canonical	mechanical_normalization	1	973
9771S	9771S	canonical	mechanical_normalization	1	9771s
981	981	canonical	mechanical_normalization	1	981
989	989	canonical	mechanical_normalization	1	989
98A	98A	canonical	mechanical_normalization	1	98a
99-14	99-14	canonical	mechanical_normalization	1	9914
99216	99216	canonical	mechanical_normalization	1	99216
993	993	canonical	mechanical_normalization	1	993
996	996	canonical	mechanical_normalization	1	996
999	999	canonical	mechanical_normalization	1	999
99NN_S1_1	99NN_S1_1	canonical	mechanical_normalization	1	99nns11
99NN_S1_10	99NN_S1_10	canonical	mechanical_normalization	1	99nns110
99NN_S1_11	99NN_S1_11	canonical	mechanical_normalization	1	99nns111
99NN_S1_12	99NN_S1_12	canonical	mechanical_normalization	1	99nns112
99NN_S1_13	99NN_S1_13	canonical	mechanical_normalization	1	99nns113
99NN_S1_14	99NN_S1_14	canonical	mechanical_normalization	1	99nns114
99NN_S1_15	99NN_S1_15	canonical	mechanical_normalization	1	99nns115
99NN_S1_16	99NN_S1_16	canonical	mechanical_normalization	1	99nns116
99NN_S1_17	99NN_S1_17	canonical	mechanical_normalization	1	99nns117
99NN_S1_18	99NN_S1_18	canonical	mechanical_normalization	1	99nns118
99NN_S1_19	99NN_S1_19	canonical	mechanical_normalization	1	99nns119
99NN_S1_2	99NN_S1_2	canonical	mechanical_normalization	1	99nns12
99NN_S1_20	99NN_S1_20	canonical	mechanical_normalization	1	99nns120
99NN_S1_21	99NN_S1_21	canonical	mechanical_normalization	1	99nns121
99NN_S1_22	99NN_S1_22	canonical	mechanical_normalization	1	99nns122
99NN_S1_23	99NN_S1_23	canonical	mechanical_normalization	1	99nns123
99NN_S1_24	99NN_S1_24	canonical	mechanical_normalization	1	99nns124
99NN_S1_25	99NN_S1_25	canonical	mechanical_normalization	1	99nns125
99NN_S1_26	99NN_S1_26	canonical	mechanical_normalization	1	99nns126
99NN_S1_27	99NN_S1_27	canonical	mechanical_normalization	1	99nns127
99NN_S1_28	99NN_S1_28	canonical	mechanical_normalization	1	99nns128
99NN_S1_29	99NN_S1_29	canonical	mechanical_normalization	1	99nns129
99NN_S1_3	99NN_S1_3	canonical	mechanical_normalization	1	99nns13
99NN_S1_30	99NN_S1_30	canonical	mechanical_normalization	1	99nns130
99NN_S1_31	99NN_S1_31	canonical	mechanical_normalization	1	99nns131
99NN_S1_32	99NN_S1_32	canonical	mechanical_normalization	1	99nns132
99NN_S1_33	99NN_S1_33	canonical	mechanical_normalization	1	99nns133
99NN_S1_34	99NN_S1_34	canonical	mechanical_normalization	1	99nns134
99NN_S1_4	99NN_S1_4	canonical	mechanical_normalization	1	99nns14
99NN_S1_5	99NN_S1_5	canonical	mechanical_normalization	1	99nns15
99NN_S1_6	99NN_S1_6	canonical	mechanical_normalization	1	99nns16
99NN_S1_7	99NN_S1_7	canonical	mechanical_normalization	1	99nns17
99NN_S1_8	99NN_S1_8	canonical	mechanical_normalization	1	99nns18
99NN_S1_9	99NN_S1_9	canonical	mechanical_normalization	1	99nns19
A 152	A 152	canonical	mechanical_normalization	1	a152
A 36-3	A 36-3	canonical	mechanical_normalization	1	a363
A 5	A 5	canonical	mechanical_normalization	1	a5
A-Z04	A-Z04	canonical	mechanical_normalization	1	az04
A1 (T0)	A1 (T0)	canonical	mechanical_normalization	1	a1
A7444	A7444	canonical	mechanical_normalization	1	a7444
ACM20001	ACM20001	canonical	mechanical_normalization	1	acm20001
ADT-36	ADT-36	canonical	mechanical_normalization	1	adt36
ADT-37	ADT-37	canonical	mechanical_normalization	1	adt37
ADT-38	ADT-38	canonical	mechanical_normalization	1	adt38
ADT-39	ADT-39	canonical	mechanical_normalization	1	adt39
ADT-42	ADT-42	canonical	mechanical_normalization	1	adt42
ADT-43	ADT-43	canonical	mechanical_normalization	1	adt43
ADT-54	ADT-54	canonical	mechanical_normalization	1	adt54
ADT-56	ADT-56	canonical	mechanical_normalization	1	adt56
ADT-57	ADT-57	canonical	mechanical_normalization	1	adt57
ADT-R-45	ADT-R-45	canonical	mechanical_normalization	1	adtr45
ADT-43	ADT43	spelling_variant	mechanical_normalization	1	adt43
ADT53	ADT53	canonical	mechanical_normalization	1	adt53
AGR-297	AGR-297	canonical	mechanical_normalization	1	agr297
AGRA-CRI-LOL-1-7	AGRA-CRI-LOL-1-7	canonical	mechanical_normalization	1	agracrilol17
AGRA-CRI-LOL-2-27	AGRA-CRI-LOL-2-27	canonical	mechanical_normalization	1	agracrilol227
AGRA-CRI-LOL-2-29	AGRA-CRI-LOL-2-29	canonical	mechanical_normalization	1	agracrilol229
AGRA-CRI-LOL-2-7	AGRA-CRI-LOL-2-7	canonical	mechanical_normalization	1	agracrilol27
AIKOKU f	AIKOKU f	canonical	mechanical_normalization	1	aikokuf
AKAGE_5	AKAGE_5	canonical	mechanical_normalization	1	akage5
AKP 4	AKP 4	canonical	mechanical_normalization	1	akp4
ANJANI::IRGC 52607-1	ANJANI::IRGC 52607-1	canonical	mechanical_normalization	1	anjaniirgc526071
AP	AP	canonical	mechanical_normalization	1	ap
AP423	AP423	canonical	mechanical_normalization	1	ap423
ARC 10303::GSOR 311639-G1	ARC 10303::GSOR 311639-G1	canonical	mechanical_normalization	1	arc10303gsor311639g1
ARC 10633	ARC 10633	canonical	mechanical_normalization	1	arc10633
ARC 10958::IRGC 12685-1	ARC 10958::IRGC 12685-1	canonical	mechanical_normalization	1	arc10958irgc126851
ARC 11600::IRGC 21507-1	ARC 11600::IRGC 21507-1	canonical	mechanical_normalization	1	arc11600irgc215071
ARC 14950::IRGC 41833-1	ARC 14950::IRGC 41833-1	canonical	mechanical_normalization	1	arc14950irgc418331
ARC 5959::IRGC 12160-1	ARC 5959::IRGC 12160-1	canonical	mechanical_normalization	1	arc5959irgc121601
ARC 5960::IRGC 12161-1	ARC 5960::IRGC 12161-1	canonical	mechanical_normalization	1	arc5960irgc121611
ARC 5977::IRGC 12166-1	ARC 5977::IRGC 12166-1	canonical	mechanical_normalization	1	arc5977irgc121661
ARC 6240::IRGC 12263-1	ARC 6240::IRGC 12263-1	canonical	mechanical_normalization	1	arc6240irgc122631
ARC 6578	ARC 6578	canonical	mechanical_normalization	1	arc6578
ARC 7098::IRGC 44027-1	ARC 7098::IRGC 44027-1	canonical	mechanical_normalization	1	arc7098irgc440271
ARC 7229	ARC 7229	canonical	mechanical_normalization	1	arc7229
ARC 7325::IRGC 12366-1	ARC 7325::IRGC 12366-1	canonical	mechanical_normalization	1	arc7325irgc123661
ARIAS	ARIAS	canonical	mechanical_normalization	1	arias
ARICA 3	ARICA 3	canonical	mechanical_normalization	1	arica3
ART100-56-1-1-B-B	ART100-56-1-1-B-B	canonical	mechanical_normalization	1	art1005611bb
ART108-2-1-1-B-B	ART108-2-1-1-B-B	canonical	mechanical_normalization	1	art108211bb
ART120-26-1-1-B-B	ART120-26-1-1-B-B	canonical	mechanical_normalization	1	art1202611bb
ART350:2-6-1-B	ART350:2-6-1-B	canonical	mechanical_normalization	1	art350261b
ART397-12-1-1-1-B-B	ART397-12-1-1-1-B-B	canonical	mechanical_normalization	1	art39712111bb
ART58-5-1-1-B-B	ART58-5-1-1-B-B	canonical	mechanical_normalization	1	art58511bb
ART64-31-1-1-B-B	ART64-31-1-1-B-B	canonical	mechanical_normalization	1	art643111bb
ART64-55-1-1-B-B	ART64-55-1-1-B-B	canonical	mechanical_normalization	1	art645511bb
ART68-12-1-1-B-B	ART68-12-1-1-B-B	canonical	mechanical_normalization	1	art681211bb
ART71-96-1-1-B-B	ART71-96-1-1-B-B	canonical	mechanical_normalization	1	art719611bb
ART75-33-1-1-B-B	ART75-33-1-1-B-B	canonical	mechanical_normalization	1	art753311bb
ART75-57-1-1-B-B	ART75-57-1-1-B-B	canonical	mechanical_normalization	1	art755711bb
ART93-112-1-1-B-B	ART93-112-1-1-B-B	canonical	mechanical_normalization	1	art9311211bb
AS 2::IRGC 16320-1	AS 2::IRGC 16320-1	canonical	mechanical_normalization	1	as2irgc163201
ASD16	ASD16	canonical	mechanical_normalization	1	asd16
ASD18	ASD18	canonical	mechanical_normalization	1	asd18
ASH31	ASH31	canonical	mechanical_normalization	1	ash31
ASSAM 4 (BORO)::IRGC 11482-1	ASSAM 4 (BORO)::IRGC 11482-1	canonical	mechanical_normalization	1	assam4irgc114821
ASWINA 330	ASWINA 330	canonical	mechanical_normalization	1	aswina330
AUS 125::IRGC 28979-1	AUS 125::IRGC 28979-1	canonical	mechanical_normalization	1	aus125irgc289791
AUS 12::IRGC 28875-1	AUS 12::IRGC 28875-1	canonical	mechanical_normalization	1	aus12irgc288751
AUS 152::IRGC 28995-1	AUS 152::IRGC 28995-1	canonical	mechanical_normalization	1	aus152irgc289951
AUS 169::IRGC 29003-1	AUS 169::IRGC 29003-1	canonical	mechanical_normalization	1	aus169irgc290031
AUS 180::IRGC 29010-1	AUS 180::IRGC 29010-1	canonical	mechanical_normalization	1	aus180irgc290101
AUS 204::IRGC 29022-1	AUS 204::IRGC 29022-1	canonical	mechanical_normalization	1	aus204irgc290221
AUS 209::IRGC 29027-1	AUS 209::IRGC 29027-1	canonical	mechanical_normalization	1	aus209irgc290271
AUS 210::IRGC 29028-1	AUS 210::IRGC 29028-1	canonical	mechanical_normalization	1	aus210irgc290281
AUS 228::IRGC 29034-1	AUS 228::IRGC 29034-1	canonical	mechanical_normalization	1	aus228irgc290341
AUS 273::IRGC 29063-1	AUS 273::IRGC 29063-1	canonical	mechanical_normalization	1	aus273irgc290631
AUS 280::IRGC 29070-1	AUS 280::IRGC 29070-1	canonical	mechanical_normalization	1	aus280irgc290701
AUS 283::IRGC 29073-1	AUS 283::IRGC 29073-1	canonical	mechanical_normalization	1	aus283irgc290731
AUS 298::IRGC 29086-1	AUS 298::IRGC 29086-1	canonical	mechanical_normalization	1	aus298irgc290861
AUS 29::IRGC 28892-1	AUS 29::IRGC 28892-1	canonical	mechanical_normalization	1	aus29irgc288921
AUS 309::IRGC 29097-1	AUS 309::IRGC 29097-1	canonical	mechanical_normalization	1	aus309irgc290971
AUS 314::IRGC 29101-1	AUS 314::IRGC 29101-1	canonical	mechanical_normalization	1	aus314irgc291011
AUS 317::IRGC 29104-1	AUS 317::IRGC 29104-1	canonical	mechanical_normalization	1	aus317irgc291041
AUS 323::IRGC 29110-1	AUS 323::IRGC 29110-1	canonical	mechanical_normalization	1	aus323irgc291101
AUS 364::IRGC 29151-1	AUS 364::IRGC 29151-1	canonical	mechanical_normalization	1	aus364irgc291511
AUS 414::IRGC 29197-1	AUS 414::IRGC 29197-1	canonical	mechanical_normalization	1	aus414irgc291971
AUS 420::IRGC 29203-1	AUS 420::IRGC 29203-1	canonical	mechanical_normalization	1	aus420irgc292031
AUS 440::IRGC 29222-1	AUS 440::IRGC 29222-1	canonical	mechanical_normalization	1	aus440irgc292221
AUS 454	AUS 454	canonical	mechanical_normalization	1	aus454
AUS 462::IRGC 29240-1	AUS 462::IRGC 29240-1	canonical	mechanical_normalization	1	aus462irgc292401
AUS 464::IRGC 29242-1	AUS 464::IRGC 29242-1	canonical	mechanical_normalization	1	aus464irgc292421
AUS 62::IRGC 28925-1	AUS 62::IRGC 28925-1	canonical	mechanical_normalization	1	aus62irgc289251
AUS 63::IRGC 28926-1	AUS 63::IRGC 28926-1	canonical	mechanical_normalization	1	aus63irgc289261
AUS 68::IRGC 28931-1	AUS 68::IRGC 28931-1	canonical	mechanical_normalization	1	aus68irgc289311
AUS 77::IRGC 28940-1	AUS 77::IRGC 28940-1	canonical	mechanical_normalization	1	aus77irgc289401
AUS 93::IRGC 28955-1	AUS 93::IRGC 28955-1	canonical	mechanical_normalization	1	aus93irgc289551
AUS KUSHI::IRGC 66688-1	AUS KUSHI::IRGC 66688-1	canonical	mechanical_normalization	1	auskushiirgc666881
AUS MURALI::IRGC 25834-1	AUS MURALI::IRGC 25834-1	canonical	mechanical_normalization	1	ausmuraliirgc258341
AUSMERI::IRGC 37359-1	AUSMERI::IRGC 37359-1	canonical	mechanical_normalization	1	ausmeriirgc373591
Abor-Red-B	Abor-Red-B	canonical	mechanical_normalization	1	aborredb
Acheh	Acheh	canonical	mechanical_normalization	1	acheh
Adong-Hitam	Adong-Hitam	canonical	mechanical_normalization	1	adonghitam
AgKE99-26	AgKE99-26	canonical	mechanical_normalization	1	agke9926
AgKE99-32	AgKE99-32	canonical	mechanical_normalization	1	agke9932
AgKE99-56	AgKE99-56	canonical	mechanical_normalization	1	agke9956
Ai	Ai	canonical	mechanical_normalization	1	ai
Ai Chueh Ta Pai Ku	Ai Chueh Ta Pai Ku	canonical	mechanical_normalization	1	aichuehtapaiku
Ai Fu 9	Ai Fu 9	canonical	mechanical_normalization	1	aifu9
Ai Gan Nuo Dao	Ai Gan Nuo Dao	canonical	mechanical_normalization	1	aigannuodao
Ai Qing 32	Ai Qing 32	canonical	mechanical_normalization	1	aiqing32
Ai-Chueh-Ching-Yu	Ai-Chueh-Ching-Yu	canonical	mechanical_normalization	1	aichuehchingyu
Ai-Tzu-Chung	Ai-Tzu-Chung	canonical	mechanical_normalization	1	aitzuchung
Aifu9hao	Aifu9hao	canonical	mechanical_normalization	1	aifu9hao
Aihong11hao	Aihong11hao	canonical	mechanical_normalization	1	aihong11hao
Aihong9haoA	Aihong9haoA	canonical	mechanical_normalization	1	aihong9haoa
Aihuangmi	Aihuangmi	canonical	mechanical_normalization	1	aihuangmi
Aimeizao3hAo	Aimeizao3hAo	canonical	mechanical_normalization	1	aimeizao3hao
Ainanzao1hao	Ainanzao1hao	canonical	mechanical_normalization	1	ainanzao1hao
Ainuogu	Ainuogu	canonical	mechanical_normalization	1	ainuogu
Aipei 64	Aipei 64	canonical	mechanical_normalization	1	aipei64
Aizhan43S	Aizhan43S	canonical	mechanical_normalization	1	aizhan43s
Ak Tokhum	Ak Tokhum	canonical	mechanical_normalization	1	aktokhum
Akidawara	Akidawara	canonical	mechanical_normalization	1	akidawara
Akinishiki	Akinishiki	canonical	mechanical_normalization	1	akinishiki
Albatros	Albatros	canonical	mechanical_normalization	1	albatros
AlianyuanzaoA	AlianyuanzaoA	canonical	mechanical_normalization	1	alianyuanzaoa
Amane	Amane	canonical	mechanical_normalization	1	amane
Amareles	Amareles	canonical	mechanical_normalization	1	amareles
Amarelo	Amarelo	canonical	mechanical_normalization	1	amarelo
Anandi	Anandi	canonical	mechanical_normalization	1	anandi
AnfengA	AnfengA	canonical	mechanical_normalization	1	anfenga
Anjung	Anjung	canonical	mechanical_normalization	1	anjung
Anna(R)4	Anna(R)4	canonical	mechanical_normalization	1	anna4
AnnongS-1	AnnongS-1	canonical	mechanical_normalization	1	annongs1
Ansanbyeo	Ansanbyeo	canonical	mechanical_normalization	1	ansanbyeo
Anseong	Anseong	canonical	mechanical_normalization	1	anseong
Anyuzao1hao	Anyuzao1hao	canonical	mechanical_normalization	1	anyuzao1hao
Ao Chiu 2 Hao	Ao Chiu 2 Hao	canonical	mechanical_normalization	1	aochiu2hao
AoR15	AoR15	canonical	mechanical_normalization	1	aor15
AoR18	AoR18	canonical	mechanical_normalization	1	aor18
AoR200	AoR200	canonical	mechanical_normalization	1	aor200
AoR69	AoR69	canonical	mechanical_normalization	1	aor69
AofuA	AofuA	canonical	mechanical_normalization	1	aofua
Aolong1S	Aolong1S	canonical	mechanical_normalization	1	aolong1s
ApoC1-1-1_T2	ApoC1-1-1_T2	canonical	mechanical_normalization	1	apoc111t2
ApoC1-1-2_T2	ApoC1-1-2_T2	canonical	mechanical_normalization	1	apoc112t2
ApoC1-1_T1	ApoC1-1_T1	canonical	mechanical_normalization	1	apoc11t1
ApoC1-2_T1	ApoC1-2_T1	canonical	mechanical_normalization	1	apoc12t1
ApoC2_T1	ApoC2_T1	canonical	mechanical_normalization	1	apoc2t1
Aranghyangchal	Aranghyangchal	canonical	mechanical_normalization	1	aranghyangchal
Arborio	Arborio	canonical	mechanical_normalization	1	arborio
Ardito	Ardito	canonical	mechanical_normalization	1	ardito
Arelate	Arelate	canonical	mechanical_normalization	1	arelate
Areum	Areum	canonical	mechanical_normalization	1	areum
Ariete	Ariete	canonical	mechanical_normalization	1	ariete
Ashoka 200F	Ashoka 200F	canonical	mechanical_normalization	1	ashoka200f
Aswina	Aswina	canonical	mechanical_normalization	1	aswina
B1	B1	canonical	mechanical_normalization	1	b1
B1	B1 (T0)	spelling_variant	mechanical_normalization	1	b1
B10	B10	canonical	mechanical_normalization	1	b10
B11	B11	canonical	mechanical_normalization	1	b11
B138	B138	canonical	mechanical_normalization	1	b138
B2	B2	canonical	mechanical_normalization	1	b2
B5	B5	canonical	mechanical_normalization	1	b5
B805D-MR-16-8-3	B805D-MR-16-8-3	canonical	mechanical_normalization	1	b805dmr1683
B9	B9	canonical	mechanical_normalization	1	b9
BASMATI 370	BASMATI 370	canonical	mechanical_normalization	1	basmati370
BAYUENUO	BAYUENUO	canonical	mechanical_normalization	1	bayuenuo
BC3_TCS10SBN	BC3_TCS10SBN	canonical	mechanical_normalization	1	bc3tcs10sbn
BC5_TCS10SBN	BC5_TCS10SBN	canonical	mechanical_normalization	1	bc5tcs10sbn
BCN851	BCN851	canonical	mechanical_normalization	1	bcn851
BENGUE	BENGUE	canonical	mechanical_normalization	1	bengue
BERLIN	BERLIN	canonical	mechanical_normalization	1	berlin
BETIA	BETIA	canonical	mechanical_normalization	1	betia
BG1	BG1	canonical	mechanical_normalization	1	bg1
BG304	BG304	canonical	mechanical_normalization	1	bg304
BG367-4	BG367-4	canonical	mechanical_normalization	1	bg3674
BHA	BHA	canonical	mechanical_normalization	1	bha
BHA1115	BHA1115	canonical	mechanical_normalization	1	bha1115
BHIM DHAN	BHIM DHAN	canonical	mechanical_normalization	1	bhimdhan
BICO BRANCO	BICO BRANCO	canonical	mechanical_normalization	1	bicobranco
BICO PRETO	BICO PRETO	canonical	mechanical_normalization	1	bicopreto
BINA DHAN 5::G1-1	BINA DHAN 5::G1-1	canonical	mechanical_normalization	1	binadhan5g11
BINIRHEN	BINIRHEN	canonical	mechanical_normalization	1	binirhen
BIR CONA::IRGC 53480-1	BIR CONA::IRGC 53480-1	canonical	mechanical_normalization	1	birconairgc534801
BKN 6987-68-14	BKN 6987-68-14	canonical	mechanical_normalization	1	bkn69876814
BKN6819-33-3-2-1-3	BKN6819-33-3-2-1-3	canonical	mechanical_normalization	1	bkn6819333213
BKOCK2	BKOCK2	canonical	mechanical_normalization	1	bkock2
BLUE BELLE	BLUE BELLE	canonical	mechanical_normalization	1	bluebelle
BLUE STICK	BLUE STICK	canonical	mechanical_normalization	1	bluestick
BOEGI_BOERA	BOEGI_BOERA	canonical	mechanical_normalization	1	boegiboera
BOUZU 1	BOUZU 1	canonical	mechanical_normalization	1	bouzu1
BOUZU 6	BOUZU 6	canonical	mechanical_normalization	1	bouzu6
BOWALIA 2::IRGC 27538-1	BOWALIA 2::IRGC 27538-1	canonical	mechanical_normalization	1	bowalia2irgc275381
BOZU 1	BOZU 1	canonical	mechanical_normalization	1	bozu1
BPI 9-33	BPI 9-33	canonical	mechanical_normalization	1	bpi933
BRRI DHAN 28::G1-1	BRRI DHAN 28::G1-1	canonical	mechanical_normalization	1	brridhan28g11
BRRI DHAN 45::G1-1	BRRI DHAN 45::G1-1	canonical	mechanical_normalization	1	brridhan45g11
BRRI DHAN 47::G1-1	BRRI DHAN 47::G1-1	canonical	mechanical_normalization	1	brridhan47g11
BRRI DHAN 50::G1-1	BRRI DHAN 50::G1-1	canonical	mechanical_normalization	1	brridhan50g11
BTH_31_1	BTH_31_1	canonical	mechanical_normalization	1	bth311
BTH_31_10	BTH_31_10	canonical	mechanical_normalization	1	bth3110
BTH_31_2	BTH_31_2	canonical	mechanical_normalization	1	bth312
BTH_31_3	BTH_31_3	canonical	mechanical_normalization	1	bth313
BTH_31_4	BTH_31_4	canonical	mechanical_normalization	1	bth314
BTH_31_5	BTH_31_5	canonical	mechanical_normalization	1	bth315
BTH_31_7	BTH_31_7	canonical	mechanical_normalization	1	bth317
BTH_31_8	BTH_31_8	canonical	mechanical_normalization	1	bth318
BTH_31_9	BTH_31_9	canonical	mechanical_normalization	1	bth319
BUGEL	BUGEL	canonical	mechanical_normalization	1	bugel
BULUH_BAWU	BULUH_BAWU	canonical	mechanical_normalization	1	buluhbawu
BW black	BW black	canonical	mechanical_normalization	1	bwblack
BW white	BW white	canonical	mechanical_normalization	1	bwwhite
BWF-107	BWF-107	canonical	mechanical_normalization	1	bwf107
Babaomi	Babaomi	canonical	mechanical_normalization	1	babaomi
Baegjinju	Baegjinju	canonical	mechanical_normalization	1	baegjinju
Baegjinju-byeo	Baegjinju-byeo	canonical	mechanical_normalization	1	baegjinjubyeo
Baekgokna	Baekgokna	canonical	mechanical_normalization	1	baekgokna
Baekjanggun 22	Baekjanggun 22	canonical	mechanical_normalization	1	baekjanggun22
Baekjicheongbyeo	Baekjicheongbyeo	canonical	mechanical_normalization	1	baekjicheongbyeo
Bai Guo Nuo	Bai Guo Nuo	canonical	mechanical_normalization	1	baiguonuo
Bai Xuan 1	Bai Xuan 1	canonical	mechanical_normalization	1	baixuan1
Bai Yu Geng	Bai Yu Geng	canonical	mechanical_normalization	1	baiyugeng
Baibei	Baibei	canonical	mechanical_normalization	1	baibei
Baigu	Baigu	canonical	mechanical_normalization	1	baigu
Baihebolanggu	Baihebolanggu	canonical	mechanical_normalization	1	baihebolanggu
Baihexiaomagu	Baihexiaomagu	canonical	mechanical_normalization	1	baihexiaomagu
Baike	Baike	canonical	mechanical_normalization	1	baike
Baikehualuo	Baikehualuo	canonical	mechanical_normalization	1	baikehualuo
Baikenuo	Baikenuo	canonical	mechanical_normalization	1	baikenuo
Baimidongzhan	Baimidongzhan	canonical	mechanical_normalization	1	baimidongzhan
Bainuogu	Bainuogu	canonical	mechanical_normalization	1	bainuogu
Baisbish	Baisbish	canonical	mechanical_normalization	1	baisbish
Baixiangzhan	Baixiangzhan	canonical	mechanical_normalization	1	baixiangzhan
Bajiaonuo	Bajiaonuo	canonical	mechanical_normalization	1	bajiaonuo
Bakiella 1	Bakiella 1	canonical	mechanical_normalization	1	bakiella1
Balatinaw	Balatinaw	canonical	mechanical_normalization	1	balatinaw
Ban Na 9	Ban Na 9	canonical	mechanical_normalization	1	banna9
Bangkeqiangeng	Bangkeqiangeng	canonical	mechanical_normalization	1	bangkeqiangeng
Banskopi-Red	Banskopi-Red	canonical	mechanical_normalization	1	banskopired
Bao Shang Huang Ke Nuo	Bao Shang Huang Ke Nuo	canonical	mechanical_normalization	1	baoshanghuangkenuo
Baohongxuan	Baohongxuan	canonical	mechanical_normalization	1	baohongxuan
Baoxie123B	Baoxie123B	canonical	mechanical_normalization	1	baoxie123b
Baoxintaihuqing	Baoxintaihuqing	canonical	mechanical_normalization	1	baoxintaihuqing
Basiai63	Basiai63	canonical	mechanical_normalization	1	basiai63
Basimati370	Basimati370	canonical	mechanical_normalization	1	basimati370
BASMATI 370	Basmati 370	spelling_variant	mechanical_normalization	1	basmati370
BasmatiTypeIII	BasmatiTypeIII	canonical	mechanical_normalization	1	basmatitypeiii
Bataixiangzhan	Bataixiangzhan	canonical	mechanical_normalization	1	bataixiangzhan
Batnarak	Batnarak	canonical	mechanical_normalization	1	batnarak
Bawoi::G1-1	Bawoi::G1-1	canonical	mechanical_normalization	1	bawoig11
Beizinuo	Beizinuo	canonical	mechanical_normalization	1	beizinuo
Bekogonomi	Bekogonomi	canonical	mechanical_normalization	1	bekogonomi
Bengal	Bengal	canonical	mechanical_normalization	1	bengal
Bengexiaohuanggu	Bengexiaohuanggu	canonical	mechanical_normalization	1	bengexiaohuanggu
Beni-Denia	Beni-Denia	canonical	mechanical_normalization	1	benidenia
Beras-Merah24	Beras-Merah24	canonical	mechanical_normalization	1	berasmerah24
Bg90-2	Bg90-2	canonical	mechanical_normalization	1	bg902
Bhavani	Bhavani	canonical	mechanical_normalization	1	bhavani
Biao810S	Biao810S	canonical	mechanical_normalization	1	biao810s
Biaojiyongzijing	Biaojiyongzijing	canonical	mechanical_normalization	1	biaojiyongzijing
BICO BRANCO	Bico Branco	spelling_variant	mechanical_normalization	1	bicobranco
Bin Dao 898	Bin Dao 898	canonical	mechanical_normalization	1	bindao898
Bin Dao K1	Bin Dao K1	canonical	mechanical_normalization	1	bindaok1
Bing1A	Bing1A	canonical	mechanical_normalization	1	bing1a
Bing4114	Bing4114	canonical	mechanical_normalization	1	bing4114
BingA	BingA	canonical	mechanical_normalization	1	binga
Binulawan	Binulawan	canonical	mechanical_normalization	1	binulawan
Biwusheng	Biwusheng	canonical	mechanical_normalization	1	biwusheng
Black King Kong	Black King Kong	canonical	mechanical_normalization	1	blackkingkong
Black Pearl	Black Pearl	canonical	mechanical_normalization	1	blackpearl
Black Rice	Black Rice	canonical	mechanical_normalization	1	blackrice
Black glutinous 1	Black glutinous 1	canonical	mechanical_normalization	1	blackglutinous1
Black sweet 1	Black sweet 1	canonical	mechanical_normalization	1	blacksweet1
Ble te lo	Ble te lo	canonical	mechanical_normalization	1	bletelo
Bo Luo Xing An 7	Bo Luo Xing An 7	canonical	mechanical_normalization	1	boluoxingan7
BoA	BoA	canonical	mechanical_normalization	1	boa
BoB	BoB	canonical	mechanical_normalization	1	bob
BoIIA	BoIIA	canonical	mechanical_normalization	1	boiia
BoIIIA	BoIIIA	canonical	mechanical_normalization	1	boiiia
Bogarigbeli	Bogarigbeli	canonical	mechanical_normalization	1	bogarigbeli
Bogura::G1-1	Bogura::G1-1	canonical	mechanical_normalization	1	bogurag11
Bohai	Bohai	canonical	mechanical_normalization	1	bohai
Bolanggu	Bolanggu	canonical	mechanical_normalization	1	bolanggu
BolizhanaiA	BolizhanaiA	canonical	mechanical_normalization	1	bolizhanaia
Bombon	Bombon	canonical	mechanical_normalization	1	bombon
Borami	Borami	canonical	mechanical_normalization	1	borami
Boraya::G1-1	Boraya::G1-1	canonical	mechanical_normalization	1	borayag11
Boribyeo	Boribyeo	canonical	mechanical_normalization	1	boribyeo
Botika S/R	Botika S/R	canonical	mechanical_normalization	1	botikasr
Bouake 189	Bouake 189	canonical	mechanical_normalization	1	bouake189
Bowman	Bowman	canonical	mechanical_normalization	1	bowman
British Honduras Creole	British Honduras Creole	canonical	mechanical_normalization	1	britishhondurascreole
Buan11	Buan11	canonical	mechanical_normalization	1	buan11
Budda	Budda	canonical	mechanical_normalization	1	budda
Bughan1	Bughan1	canonical	mechanical_normalization	1	bughan1
Bughan2	Bughan2	canonical	mechanical_normalization	1	bughan2
Bulu-Hitam	Bulu-Hitam	canonical	mechanical_normalization	1	buluhitam
Buphopa	Buphopa	canonical	mechanical_normalization	1	buphopa
Byeogseong1	Byeogseong1	canonical	mechanical_normalization	1	byeogseong1
Byeogseong2	Byeogseong2	canonical	mechanical_normalization	1	byeogseong2
Byeogseong3	Byeogseong3	canonical	mechanical_normalization	1	byeogseong3
Byeogseong4	Byeogseong4	canonical	mechanical_normalization	1	byeogseong4
C 22	C 22	canonical	mechanical_normalization	1	c22
C 3419-10-1-2 (Psb Rc98)	C 3419-10-1-2 (Psb Rc98)	canonical	mechanical_normalization	1	c34191012
C418	C 418	spelling_variant	mechanical_normalization	1	c418
C 5560	C 5560	canonical	mechanical_normalization	1	c5560
C 8429	C 8429	canonical	mechanical_normalization	1	c8429
C.B. II	C.B. II	canonical	mechanical_normalization	1	cbii
C101LAC	C101LAC	canonical	mechanical_normalization	1	c101lac
C70	C70	canonical	mechanical_normalization	1	c70
C71	C71	canonical	mechanical_normalization	1	c71
C84	C84	canonical	mechanical_normalization	1	c84
C927	C927	canonical	mechanical_normalization	1	c927
CAMOR	CAMOR	canonical	mechanical_normalization	1	camor
CAROLINO 164	CAROLINO 164	canonical	mechanical_normalization	1	carolino164
CARTUNA	CARTUNA	canonical	mechanical_normalization	1	cartuna
CB12132	CB12132	canonical	mechanical_normalization	1	cb12132
CBB23	CBB23	canonical	mechanical_normalization	1	cbb23
CH1157	CH1157	canonical	mechanical_normalization	1	ch1157
CHAHORA 144	CHAHORA 144	canonical	mechanical_normalization	1	chahora144
CHANDRA MUKHI::IRGC 34880-1	CHANDRA MUKHI::IRGC 34880-1	canonical	mechanical_normalization	1	chandramukhiirgc348801
CHENGRI 1::IRGC 77227-1	CHENGRI 1::IRGC 77227-1	canonical	mechanical_normalization	1	chengri1irgc772271
CHINGER::IRGC 52107-1	CHINGER::IRGC 52107-1	canonical	mechanical_normalization	1	chingerirgc521071
CHUNJIANGZAO NO. 1	CHUNJIANGZAO NO. 1	canonical	mechanical_normalization	1	chunjiangzaono1
CHZAVNGSEYU-30	CHZAVNGSEYU-30	canonical	mechanical_normalization	1	chzavngseyu30
CICA 4	CICA 4	canonical	mechanical_normalization	1	cica4
CL111	CL111	canonical	mechanical_normalization	1	cl111
CL131	CL131	canonical	mechanical_normalization	1	cl131
CL152	CL152	canonical	mechanical_normalization	1	cl152
CL261	CL261	canonical	mechanical_normalization	1	cl261
CL28	CL28	canonical	mechanical_normalization	1	cl28
CM1_ HAIPONG	CM1_ HAIPONG	canonical	mechanical_normalization	1	cm1haipong
CMS01_TaixiangA	CMS01_TaixiangA	canonical	mechanical_normalization	1	cms01taixianga
CMS02_TianfengA	CMS02_TianfengA	canonical	mechanical_normalization	1	cms02tianfenga
CMS03_De5A	CMS03_De5A	canonical	mechanical_normalization	1	cms03de5a
CMS04_843A	CMS04_843A	canonical	mechanical_normalization	1	cms04843a
CMS05_WufengA	CMS05_WufengA	canonical	mechanical_normalization	1	cms05wufenga
CMS06_JinfengA	CMS06_JinfengA	canonical	mechanical_normalization	1	cms06jinfenga
CMS07_LongS	CMS07_LongS	canonical	mechanical_normalization	1	cms07longs
CMS08A	CMS08A	canonical	mechanical_normalization	1	cms08a
CMS08B	CMS08B	canonical	mechanical_normalization	1	cms08b
CMS08_203A	CMS08_203A	canonical	mechanical_normalization	1	cms08203a
CMS09_318A	CMS09_318A	canonical	mechanical_normalization	1	cms09318a
CMS10_618A	CMS10_618A	canonical	mechanical_normalization	1	cms10618a
CMS11_6880A	CMS11_6880A	canonical	mechanical_normalization	1	cms116880a
CMS12_D1716A	CMS12_D1716A	canonical	mechanical_normalization	1	cms12d1716a
CMS13_Luohong4A	CMS13_Luohong4A	canonical	mechanical_normalization	1	cms13luohong4a
CMS14_Guangzhan63_4S	CMS14_Guangzhan63_4S	canonical	mechanical_normalization	1	cms14guangzhan634s
CMS15_Guagnzhan63_5S	CMS15_Guagnzhan63_5S	canonical	mechanical_normalization	1	cms15guagnzhan635s
CMS16_JingxiangA	CMS16_JingxiangA	canonical	mechanical_normalization	1	cms16jingxianga
CMS17_Lu56S	CMS17_Lu56S	canonical	mechanical_normalization	1	cms17lu56s
CMS18_Jiahong1A	CMS18_Jiahong1A	canonical	mechanical_normalization	1	cms18jiahong1a
CMS19_Jiawan2A	CMS19_Jiawan2A	canonical	mechanical_normalization	1	cms19jiawan2a
CMS20_111A	CMS20_111A	canonical	mechanical_normalization	1	cms20111a
CMS21_Jingxiang1A	CMS21_Jingxiang1A	canonical	mechanical_normalization	1	cms21jingxiang1a
CNG105M	CNG105M	canonical	mechanical_normalization	1	cng105m
CNG121B	CNG121B	canonical	mechanical_normalization	1	cng121b
CNG15B	CNG15B	canonical	mechanical_normalization	1	cng15b
CNG213B	CNG213B	canonical	mechanical_normalization	1	cng213b
CNG322B	CNG322B	canonical	mechanical_normalization	1	cng322b
CNG523B	CNG523B	canonical	mechanical_normalization	1	cng523b
CNG576B	CNG576B	canonical	mechanical_normalization	1	cng576b
CNG823B	CNG823B	canonical	mechanical_normalization	1	cng823b
CNG933B	CNG933B	canonical	mechanical_normalization	1	cng933b
CNTLR80076-44-1-1-1	CNTLR80076-44-1-1-1	canonical	mechanical_normalization	1	cntlr8007644111
CO 13	CO 13	canonical	mechanical_normalization	1	co13
CO 18	CO 18	canonical	mechanical_normalization	1	co18
CO-43	CO-43	canonical	mechanical_normalization	1	co43
CO-52	CO-52	canonical	mechanical_normalization	1	co52
CO-53	CO-53	canonical	mechanical_normalization	1	co53
CO-R-50	CO-R-50	canonical	mechanical_normalization	1	cor50
CODE NO BI 93::IRGC 45849-1	CODE NO BI 93::IRGC 45849-1	canonical	mechanical_normalization	1	codenobi93irgc458491
COLOMBIA 1	COLOMBIA 1	canonical	mechanical_normalization	1	colombia1
CR-1009-SUB	CR-1009-SUB	canonical	mechanical_normalization	1	cr1009sub
CR40_type	CR40_type	canonical	mechanical_normalization	1	cr40type
CRI-1-11-15-21	CRI-1-11-15-21	canonical	mechanical_normalization	1	cri1111521
CRI-1-21-5-12	CRI-1-21-5-12	canonical	mechanical_normalization	1	cri121512
CRI-AGRA	CRI-AGRA	canonical	mechanical_normalization	1	criagra
CRI-Amankwatia	CRI-Amankwatia	canonical	mechanical_normalization	1	criamankwatia
CRI-Dartey	CRI-Dartey	canonical	mechanical_normalization	1	cridartey
CRI-Emopa	CRI-Emopa	canonical	mechanical_normalization	1	criemopa
CRI-Enapa	CRI-Enapa	canonical	mechanical_normalization	1	crienapa
CRI-Kantinka	CRI-Kantinka	canonical	mechanical_normalization	1	crikantinka
CRI-Mputuo	CRI-Mputuo	canonical	mechanical_normalization	1	crimputuo
CSORNUJ	CSORNUJ	canonical	mechanical_normalization	1	csornuj
CT18685	CT18685	canonical	mechanical_normalization	1	ct18685
CT19021-3-4-1V1-1	CT19021-3-4-1V1-1	canonical	mechanical_normalization	1	ct19021341v11
CT21375-F4-43-1	CT21375-F4-43-1	canonical	mechanical_normalization	1	ct21375f4431
CTB	CTB	canonical	mechanical_normalization	1	ctb
CTG 1516::IRGC 117697-1	CTG 1516::IRGC 117697-1	canonical	mechanical_normalization	1	ctg1516irgc1176971
CWF-163	CWF-163	canonical	mechanical_normalization	1	cwf163
CY84 F2	CY84 F2	canonical	mechanical_normalization	1	cy84f2
CY84-RID1	CY84-RID1	canonical	mechanical_normalization	1	cy84rid1
CY84-RID2	CY84-RID2	canonical	mechanical_normalization	1	cy84rid2
Cai Hui Xian Nuo	Cai Hui Xian Nuo	canonical	mechanical_normalization	1	caihuixiannuo
Calrose 76	Calrose 76	canonical	mechanical_normalization	1	calrose76
Camponi	Camponi	canonical	mechanical_normalization	1	camponi
Canela de Ferro	Canela de Ferro	canonical	mechanical_normalization	1	caneladeferro
Caravela	Caravela	canonical	mechanical_normalization	1	caravela
Carnaroli	Carnaroli	canonical	mechanical_normalization	1	carnaroli
CarolinaGold	CarolinaGold	canonical	mechanical_normalization	1	carolinagold
Carolina Gold Select	CarolinaGoldSelect	spelling_variant	mechanical_normalization	1	carolinagoldselect
Catahoula	Catahoula	canonical	mechanical_normalization	1	catahoula
Cbao	Cbao	canonical	mechanical_normalization	1	cbao
Ce22	Ce22	canonical	mechanical_normalization	1	ce22
Ce235	Ce235	canonical	mechanical_normalization	1	ce235
Ce253	Ce253	canonical	mechanical_normalization	1	ce253
Ce258	Ce258	canonical	mechanical_normalization	1	ce258
Ce48	Ce48	canonical	mechanical_normalization	1	ce48
Ce49-1	Ce49-1	canonical	mechanical_normalization	1	ce491
Cehui33	Cehui33	canonical	mechanical_normalization	1	cehui33
Celiaj	Celiaj	canonical	mechanical_normalization	1	celiaj
Cempo Ireng	Cempo Ireng	canonical	mechanical_normalization	1	cempoireng
Cempo-Merah	Cempo-Merah	canonical	mechanical_normalization	1	cempomerah
Cempo-Turi	Cempo-Turi	canonical	mechanical_normalization	1	cempoturi
Cempo_Abang	Cempo_Abang	canonical	mechanical_normalization	1	cempoabang
Cempo Ireng	Cempo_Ireng	spelling_variant	mechanical_normalization	1	cempoireng
Chacareiro Uruguay	Chacareiro Uruguay	canonical	mechanical_normalization	1	chacareirouruguay
Chakhao	Chakhao	canonical	mechanical_normalization	1	chakhao
Chakhao Amubi	Chakhao Amubi	canonical	mechanical_normalization	1	chakhaoamubi
Chakhao Poireition	Chakhao Poireition	canonical	mechanical_normalization	1	chakhaopoireition
Chakhao_ML	Chakhao_ML	canonical	mechanical_normalization	1	chakhaoml
Chanarak 76	Chanarak 76	canonical	mechanical_normalization	1	chanarak76
Chang Bai 5	Chang Bai 5	canonical	mechanical_normalization	1	changbai5
Chang Geng 730	Chang Geng 730	canonical	mechanical_normalization	1	changgeng730
Chang-1	Chang-1	canonical	mechanical_normalization	1	chang1
Chang-2	Chang-2	canonical	mechanical_normalization	1	chang2
Chang-3	Chang-3	canonical	mechanical_normalization	1	chang3
Chang-4	Chang-4	canonical	mechanical_normalization	1	chang4
Chang-6	Chang-6	canonical	mechanical_normalization	1	chang6
Chang-7	Chang-7	canonical	mechanical_normalization	1	chang7
Changfei22A	Changfei22A	canonical	mechanical_normalization	1	changfei22a
ChangfengB	ChangfengB	canonical	mechanical_normalization	1	changfengb
Changhui117	Changhui117	canonical	mechanical_normalization	1	changhui117
Changhui121	Changhui121	canonical	mechanical_normalization	1	changhui121
Changhui851	Changhui851	canonical	mechanical_normalization	1	changhui851
Changhui871	Changhui871	canonical	mechanical_normalization	1	changhui871
Changhui891	Changhui891	canonical	mechanical_normalization	1	changhui891
ChanghuiT025	ChanghuiT025	canonical	mechanical_normalization	1	changhuit025
Changlinuo9008	Changlinuo9008	canonical	mechanical_normalization	1	changlinuo9008
Changmaogu 1	Changmaogu 1	canonical	mechanical_normalization	1	changmaogu1
Changmaogu 2	Changmaogu 2	canonical	mechanical_normalization	1	changmaogu2
Changnuo09-3	Changnuo09-3	canonical	mechanical_normalization	1	changnuo093
Changsizhan	Changsizhan	canonical	mechanical_normalization	1	changsizhan
Changxiangjing	Changxiangjing	canonical	mechanical_normalization	1	changxiangjing
Changzinuo	Changzinuo	canonical	mechanical_normalization	1	changzinuo
Chao40	Chao40	canonical	mechanical_normalization	1	chao40
Chaoyang1hao	Chaoyang1hao	canonical	mechanical_normalization	1	chaoyang1hao
Chaoyang1haoA	Chaoyang1haoA	canonical	mechanical_normalization	1	chaoyang1haoa
Chaoyangzao18	Chaoyangzao18	canonical	mechanical_normalization	1	chaoyangzao18
Chaoyou1000	Chaoyou1000	canonical	mechanical_normalization	1	chaoyou1000
Chashannuo	Chashannuo	canonical	mechanical_normalization	1	chashannuo
Cheng Hui 5018	Cheng Hui 5018	canonical	mechanical_normalization	1	chenghui5018
Chengdouai8hao	Chengdouai8hao	canonical	mechanical_normalization	1	chengdouai8hao
Chenghui047	Chenghui047	canonical	mechanical_normalization	1	chenghui047
Chenghui149	Chenghui149	canonical	mechanical_normalization	1	chenghui149
Chenghui177	Chenghui177	canonical	mechanical_normalization	1	chenghui177
Chenghui178	Chenghui178	canonical	mechanical_normalization	1	chenghui178
Chenghui19	Chenghui19	canonical	mechanical_normalization	1	chenghui19
Chenghui3203	Chenghui3203	canonical	mechanical_normalization	1	chenghui3203
Chenghui425	Chenghui425	canonical	mechanical_normalization	1	chenghui425
Chenghui881	Chenghui881	canonical	mechanical_normalization	1	chenghui881
ChenhongA	ChenhongA	canonical	mechanical_normalization	1	chenhonga
Chenwan3hao	Chenwan3hao	canonical	mechanical_normalization	1	chenwan3hao
Cheolwon1	Cheolwon1	canonical	mechanical_normalization	1	cheolwon1
Cheolwon2	Cheolwon2	canonical	mechanical_normalization	1	cheolwon2
Cheongan	Cheongan	canonical	mechanical_normalization	1	cheongan
Cheongcheongjinmi	Cheongcheongjinmi	canonical	mechanical_normalization	1	cheongcheongjinmi
Cheongdam	Cheongdam	canonical	mechanical_normalization	1	cheongdam
Cheonggunbyeo	Cheonggunbyeo	canonical	mechanical_normalization	1	cheonggunbyeo
Cheonghaejinmi	Cheonghaejinmi	canonical	mechanical_normalization	1	cheonghaejinmi
Cheongho	Cheongho	canonical	mechanical_normalization	1	cheongho
Cheongmyeong	Cheongmyeong	canonical	mechanical_normalization	1	cheongmyeong
Cheongpum	Cheongpum	canonical	mechanical_normalization	1	cheongpum
Cheongun	Cheongun	canonical	mechanical_normalization	1	cheongun
Chhola Boro (2)::G1-1	Chhola Boro (2)::G1-1	canonical	mechanical_normalization	1	chholaborog11
Chhola Boro (2)::G1-1	Chhola Boro::G1-1	spelling_variant	mechanical_normalization	1	chholaborog11
Chibica	Chibica	canonical	mechanical_normalization	1	chibica
Chichabyeo	Chichabyeo	canonical	mechanical_normalization	1	chichabyeo
Chiem Nho Bac Ninh 2	Chiem Nho Bac Ninh 2	canonical	mechanical_normalization	1	chiemnhobacninh2
Chiguhong	Chiguhong	canonical	mechanical_normalization	1	chiguhong
Chilbo	Chilbo	canonical	mechanical_normalization	1	chilbo
Chin Chin	Chin Chin	canonical	mechanical_normalization	1	chinchin
Chindeul	Chindeul	canonical	mechanical_normalization	1	chindeul
Chinnar-20	Chinnar-20	canonical	mechanical_normalization	1	chinnar20
Chinnong	Chinnong	canonical	mechanical_normalization	1	chinnong
Chinnor	Chinnor	canonical	mechanical_normalization	1	chinnor
Chitraj (DA 23)	Chitraj (DA 23)	canonical	mechanical_normalization	1	chitraj
Chiyominori	Chiyominori	canonical	mechanical_normalization	1	chiyominori
Choibuji	Choibuji	canonical	mechanical_normalization	1	choibuji
Chu xiang Japonica	Chu xiang Japonica	canonical	mechanical_normalization	1	chuxiangjaponica
Chuan Hui 802	Chuan Hui 802	canonical	mechanical_normalization	1	chuanhui802
Chuan Xiang You 156	Chuan Xiang You 156	canonical	mechanical_normalization	1	chuanxiangyou156
Chuan106A	Chuan106A	canonical	mechanical_normalization	1	chuan106a
Chuan_5xian	Chuan_5xian	canonical	mechanical_normalization	1	chuan5xian
Chuan_6xian	Chuan_6xian	canonical	mechanical_normalization	1	chuan6xian
Chuang5S	Chuang5S	canonical	mechanical_normalization	1	chuang5s
Chuangfeng1hao	Chuangfeng1hao	canonical	mechanical_normalization	1	chuangfeng1hao
Chuanghonggu	Chuanghonggu	canonical	mechanical_normalization	1	chuanghonggu
Chuangu1S	Chuangu1S	canonical	mechanical_normalization	1	chuangu1s
ChuanguA	ChuanguA	canonical	mechanical_normalization	1	chuangua
Chuangxiang5hao	Chuangxiang5hao	canonical	mechanical_normalization	1	chuangxiang5hao
Chuanhanghui1618	Chuanhanghui1618	canonical	mechanical_normalization	1	chuanhanghui1618
Chuanhanghui907	Chuanhanghui907	canonical	mechanical_normalization	1	chuanhanghui907
Chuanhui907	Chuanhui907	canonical	mechanical_normalization	1	chuanhui907
Chuanhuihang907	Chuanhuihang907	canonical	mechanical_normalization	1	chuanhuihang907
Chuannong1A	Chuannong1A	canonical	mechanical_normalization	1	chuannong1a
Chuannong2A	Chuannong2A	canonical	mechanical_normalization	1	chuannong2a
Chuannong3A	Chuannong3A	canonical	mechanical_normalization	1	chuannong3a
Chuannong4A	Chuannong4A	canonical	mechanical_normalization	1	chuannong4a
Chuannong5A	Chuannong5A	canonical	mechanical_normalization	1	chuannong5a
Chuanxiang29A	Chuanxiang29A	canonical	mechanical_normalization	1	chuanxiang29a
ChuanxiangB	ChuanxiangB	canonical	mechanical_normalization	1	chuanxiangb
ChuanzheA	ChuanzheA	canonical	mechanical_normalization	1	chuanzhea
Chuanzuo6A	Chuanzuo6A	canonical	mechanical_normalization	1	chuanzuo6a
Chuanzuo891A	Chuanzuo891A	canonical	mechanical_normalization	1	chuanzuo891a
Chucheong	Chucheong	canonical	mechanical_normalization	1	chucheong
Chujing 27	Chujing 27	canonical	mechanical_normalization	1	chujing27
Chun 118-33	Chun 118-33	canonical	mechanical_normalization	1	chun11833
Chun Qiu 1	Chun Qiu 1	canonical	mechanical_normalization	1	chunqiu1
Chunjiangnuo6	Chunjiangnuo6	canonical	mechanical_normalization	1	chunjiangnuo6
Chunjiangnuo8	Chunjiangnuo8	canonical	mechanical_normalization	1	chunjiangnuo8
Chunyou84 F2-1	Chunyou84 F2-1	canonical	mechanical_normalization	1	chunyou84f21
Chunyou84 F2-2	Chunyou84 F2-2	canonical	mechanical_normalization	1	chunyou84f22
Chunyou84 F2-3	Chunyou84 F2-3	canonical	mechanical_normalization	1	chunyou84f23
Chunyou84-1	Chunyou84-1	canonical	mechanical_normalization	1	chunyou841
Chunyou84-2	Chunyou84-2	canonical	mechanical_normalization	1	chunyou842
Cicih Beton	Cicih Beton	canonical	mechanical_normalization	1	cicihbeton
Clonal T1-1	Clonal T1-1	canonical	mechanical_normalization	1	clonalt11
Clonal T1-2	Clonal T1-2	canonical	mechanical_normalization	1	clonalt12
Clonal T2-1	Clonal T2-1	canonical	mechanical_normalization	1	clonalt21
Clonal T2-2	Clonal T2-2	canonical	mechanical_normalization	1	clonalt22
Clonal-Fix-Diploid1	Clonal-Fix-Diploid1	canonical	mechanical_normalization	1	clonalfixdiploid1
Clonal-Fix-Diploid2	Clonal-Fix-Diploid2	canonical	mechanical_normalization	1	clonalfixdiploid2
Cnbj 1890	Cnbj 1890	canonical	mechanical_normalization	1	cnbj1890
Colomlia	Colomlia	canonical	mechanical_normalization	1	colomlia
Coppocina	Coppocina	canonical	mechanical_normalization	1	coppocina
Cpei211	Cpei211	canonical	mechanical_normalization	1	cpei211
Cr-1009	Cr-1009	canonical	mechanical_normalization	1	cr1009
Cr104	Cr104	canonical	mechanical_normalization	1	cr104
Cr108	Cr108	canonical	mechanical_normalization	1	cr108
Cr68	Cr68	canonical	mechanical_normalization	1	cr68
Criollo Chivacoa 2	Criollo Chivacoa 2	canonical	mechanical_normalization	1	criollochivacoa2
Cungunuo	Cungunuo	canonical	mechanical_normalization	1	cungunuo
Curinga	Curinga	canonical	mechanical_normalization	1	curinga
Cypress2	Cypress2	canonical	mechanical_normalization	1	cypress2
D1	D1	canonical	mechanical_normalization	1	d1
D104	D104	canonical	mechanical_normalization	1	d104
D109	D109	canonical	mechanical_normalization	1	d109
D112	D112	canonical	mechanical_normalization	1	d112
D114	D114	canonical	mechanical_normalization	1	d114
D132	D132	canonical	mechanical_normalization	1	d132
D139	D139	canonical	mechanical_normalization	1	d139
D148	D148	canonical	mechanical_normalization	1	d148
D175	D175	canonical	mechanical_normalization	1	d175
D178	D178	canonical	mechanical_normalization	1	d178
D187	D187	canonical	mechanical_normalization	1	d187
D188	D188	canonical	mechanical_normalization	1	d188
D189	D189	canonical	mechanical_normalization	1	d189
D196	D196	canonical	mechanical_normalization	1	d196
D200	D200	canonical	mechanical_normalization	1	d200
D201	D201	canonical	mechanical_normalization	1	d201
D207	D207	canonical	mechanical_normalization	1	d207
D213	D213	canonical	mechanical_normalization	1	d213
D214	D214	canonical	mechanical_normalization	1	d214
D218	D218	canonical	mechanical_normalization	1	d218
D230	D230	canonical	mechanical_normalization	1	d230
D232	D232	canonical	mechanical_normalization	1	d232
D248	D248	canonical	mechanical_normalization	1	d248
D249	D249	canonical	mechanical_normalization	1	d249
D254	D254	canonical	mechanical_normalization	1	d254
D255	D255	canonical	mechanical_normalization	1	d255
D257	D257	canonical	mechanical_normalization	1	d257
D259	D259	canonical	mechanical_normalization	1	d259
D260	D260	canonical	mechanical_normalization	1	d260
D282	D282	canonical	mechanical_normalization	1	d282
D283	D283	canonical	mechanical_normalization	1	d283
D308	D308	canonical	mechanical_normalization	1	d308
D62A	D62A	canonical	mechanical_normalization	1	d62a
D62B	D62B	canonical	mechanical_normalization	1	d62b
D93	D93	canonical	mechanical_normalization	1	d93
D9N_1	D9N_1	canonical	mechanical_normalization	1	d9n1
D9N_100	D9N_100	canonical	mechanical_normalization	1	d9n100
D9N_101	D9N_101	canonical	mechanical_normalization	1	d9n101
D9N_102	D9N_102	canonical	mechanical_normalization	1	d9n102
D9N_104	D9N_104	canonical	mechanical_normalization	1	d9n104
D9N_105	D9N_105	canonical	mechanical_normalization	1	d9n105
D9N_107	D9N_107	canonical	mechanical_normalization	1	d9n107
D9N_108	D9N_108	canonical	mechanical_normalization	1	d9n108
D9N_109	D9N_109	canonical	mechanical_normalization	1	d9n109
D9N_11	D9N_11	canonical	mechanical_normalization	1	d9n11
D9N_110	D9N_110	canonical	mechanical_normalization	1	d9n110
D9N_111	D9N_111	canonical	mechanical_normalization	1	d9n111
D9N_112	D9N_112	canonical	mechanical_normalization	1	d9n112
D9N_113	D9N_113	canonical	mechanical_normalization	1	d9n113
D9N_114	D9N_114	canonical	mechanical_normalization	1	d9n114
D9N_115	D9N_115	canonical	mechanical_normalization	1	d9n115
D9N_117	D9N_117	canonical	mechanical_normalization	1	d9n117
D9N_118	D9N_118	canonical	mechanical_normalization	1	d9n118
D9N_120	D9N_120	canonical	mechanical_normalization	1	d9n120
D9N_121	D9N_121	canonical	mechanical_normalization	1	d9n121
D9N_122	D9N_122	canonical	mechanical_normalization	1	d9n122
D9N_123	D9N_123	canonical	mechanical_normalization	1	d9n123
D9N_124	D9N_124	canonical	mechanical_normalization	1	d9n124
D9N_125	D9N_125	canonical	mechanical_normalization	1	d9n125
D9N_14	D9N_14	canonical	mechanical_normalization	1	d9n14
D9N_15	D9N_15	canonical	mechanical_normalization	1	d9n15
D9N_16	D9N_16	canonical	mechanical_normalization	1	d9n16
D9N_17	D9N_17	canonical	mechanical_normalization	1	d9n17
D9N_18	D9N_18	canonical	mechanical_normalization	1	d9n18
D9N_19	D9N_19	canonical	mechanical_normalization	1	d9n19
D9N_2	D9N_2	canonical	mechanical_normalization	1	d9n2
D9N_20	D9N_20	canonical	mechanical_normalization	1	d9n20
D9N_21	D9N_21	canonical	mechanical_normalization	1	d9n21
D9N_22	D9N_22	canonical	mechanical_normalization	1	d9n22
D9N_25	D9N_25	canonical	mechanical_normalization	1	d9n25
D9N_26	D9N_26	canonical	mechanical_normalization	1	d9n26
D9N_29	D9N_29	canonical	mechanical_normalization	1	d9n29
D9N_33	D9N_33	canonical	mechanical_normalization	1	d9n33
D9N_34	D9N_34	canonical	mechanical_normalization	1	d9n34
D9N_36	D9N_36	canonical	mechanical_normalization	1	d9n36
D9N_38	D9N_38	canonical	mechanical_normalization	1	d9n38
D9N_40	D9N_40	canonical	mechanical_normalization	1	d9n40
D9N_41	D9N_41	canonical	mechanical_normalization	1	d9n41
D9N_42	D9N_42	canonical	mechanical_normalization	1	d9n42
D9N_43	D9N_43	canonical	mechanical_normalization	1	d9n43
D9N_45	D9N_45	canonical	mechanical_normalization	1	d9n45
D9N_47	D9N_47	canonical	mechanical_normalization	1	d9n47
D9N_48	D9N_48	canonical	mechanical_normalization	1	d9n48
D9N_49	D9N_49	canonical	mechanical_normalization	1	d9n49
D9N_5	D9N_5	canonical	mechanical_normalization	1	d9n5
D9N_50	D9N_50	canonical	mechanical_normalization	1	d9n50
D9N_51	D9N_51	canonical	mechanical_normalization	1	d9n51
D9N_52	D9N_52	canonical	mechanical_normalization	1	d9n52
D9N_53	D9N_53	canonical	mechanical_normalization	1	d9n53
D9N_54	D9N_54	canonical	mechanical_normalization	1	d9n54
D9N_56	D9N_56	canonical	mechanical_normalization	1	d9n56
D9N_57	D9N_57	canonical	mechanical_normalization	1	d9n57
D9N_58	D9N_58	canonical	mechanical_normalization	1	d9n58
D9N_59	D9N_59	canonical	mechanical_normalization	1	d9n59
D9N_60	D9N_60	canonical	mechanical_normalization	1	d9n60
D9N_62	D9N_62	canonical	mechanical_normalization	1	d9n62
D9N_63	D9N_63	canonical	mechanical_normalization	1	d9n63
D9N_64	D9N_64	canonical	mechanical_normalization	1	d9n64
D9N_66	D9N_66	canonical	mechanical_normalization	1	d9n66
D9N_67	D9N_67	canonical	mechanical_normalization	1	d9n67
D9N_68	D9N_68	canonical	mechanical_normalization	1	d9n68
D9N_69	D9N_69	canonical	mechanical_normalization	1	d9n69
D9N_7	D9N_7	canonical	mechanical_normalization	1	d9n7
D9N_70	D9N_70	canonical	mechanical_normalization	1	d9n70
D9N_71	D9N_71	canonical	mechanical_normalization	1	d9n71
D9N_74	D9N_74	canonical	mechanical_normalization	1	d9n74
D9N_75	D9N_75	canonical	mechanical_normalization	1	d9n75
D9N_76	D9N_76	canonical	mechanical_normalization	1	d9n76
D9N_77	D9N_77	canonical	mechanical_normalization	1	d9n77
D9N_78	D9N_78	canonical	mechanical_normalization	1	d9n78
D9N_79	D9N_79	canonical	mechanical_normalization	1	d9n79
D9N_80	D9N_80	canonical	mechanical_normalization	1	d9n80
D9N_81	D9N_81	canonical	mechanical_normalization	1	d9n81
D9N_82	D9N_82	canonical	mechanical_normalization	1	d9n82
D9N_83	D9N_83	canonical	mechanical_normalization	1	d9n83
D9N_84	D9N_84	canonical	mechanical_normalization	1	d9n84
D9N_85	D9N_85	canonical	mechanical_normalization	1	d9n85
D9N_87	D9N_87	canonical	mechanical_normalization	1	d9n87
D9N_88	D9N_88	canonical	mechanical_normalization	1	d9n88
D9N_89	D9N_89	canonical	mechanical_normalization	1	d9n89
D9N_92	D9N_92	canonical	mechanical_normalization	1	d9n92
D9N_93	D9N_93	canonical	mechanical_normalization	1	d9n93
D9N_94	D9N_94	canonical	mechanical_normalization	1	d9n94
D9N_95	D9N_95	canonical	mechanical_normalization	1	d9n95
D9N_96	D9N_96	canonical	mechanical_normalization	1	d9n96
D9N_97	D9N_97	canonical	mechanical_normalization	1	d9n97
D9N_99	D9N_99	canonical	mechanical_normalization	1	d9n99
DA5	DA5	canonical	mechanical_normalization	1	da5
DALAI AMAN	DALAI AMAN	canonical	mechanical_normalization	1	dalaiaman
DARMALI	DARMALI	canonical	mechanical_normalization	1	darmali
DAYEZAO	DAYEZAO	canonical	mechanical_normalization	1	dayezao
DF 3::IRGC 8363-1	DF 3::IRGC 8363-1	canonical	mechanical_normalization	1	df3irgc83631
DFF-E_OS	DFF-E_OS	canonical	mechanical_normalization	1	dffeos
DFF-L_OS	DFF-L_OS	canonical	mechanical_normalization	1	dfflos
DINALAGA	DINALAGA	canonical	mechanical_normalization	1	dinalaga
DJ 102	DJ 102	canonical	mechanical_normalization	1	dj102
DJ 24	DJ 24	canonical	mechanical_normalization	1	dj24
DJ 29::IRGC 76316-1	DJ 29::IRGC 76316-1	canonical	mechanical_normalization	1	dj29irgc763161
DJAUB	DJAUB	canonical	mechanical_normalization	1	djaub
DN2301	DN2301	canonical	mechanical_normalization	1	dn2301
DN2302	DN2302	canonical	mechanical_normalization	1	dn2302
DN2303	DN2303	canonical	mechanical_normalization	1	dn2303
DN2304	DN2304	canonical	mechanical_normalization	1	dn2304
DN2305	DN2305	canonical	mechanical_normalization	1	dn2305
DN2306	DN2306	canonical	mechanical_normalization	1	dn2306
DN2307	DN2307	canonical	mechanical_normalization	1	dn2307
DN2308	DN2308	canonical	mechanical_normalization	1	dn2308
DN2309	DN2309	canonical	mechanical_normalization	1	dn2309
DN2311	DN2311	canonical	mechanical_normalization	1	dn2311
DN2312	DN2312	canonical	mechanical_normalization	1	dn2312
DN2313	DN2313	canonical	mechanical_normalization	1	dn2313
DN2314	DN2314	canonical	mechanical_normalization	1	dn2314
DN2315	DN2315	canonical	mechanical_normalization	1	dn2315
DN2316	DN2316	canonical	mechanical_normalization	1	dn2316
DN2318	DN2318	canonical	mechanical_normalization	1	dn2318
DN2319	DN2319	canonical	mechanical_normalization	1	dn2319
DN2321	DN2321	canonical	mechanical_normalization	1	dn2321
DN2322	DN2322	canonical	mechanical_normalization	1	dn2322
DN2323	DN2323	canonical	mechanical_normalization	1	dn2323
DN2324	DN2324	canonical	mechanical_normalization	1	dn2324
DN2325	DN2325	canonical	mechanical_normalization	1	dn2325
DN2326	DN2326	canonical	mechanical_normalization	1	dn2326
DN2327	DN2327	canonical	mechanical_normalization	1	dn2327
DN2328	DN2328	canonical	mechanical_normalization	1	dn2328
DN2329	DN2329	canonical	mechanical_normalization	1	dn2329
DN2332	DN2332	canonical	mechanical_normalization	1	dn2332
DN2334	DN2334	canonical	mechanical_normalization	1	dn2334
DN2335	DN2335	canonical	mechanical_normalization	1	dn2335
DN2336	DN2336	canonical	mechanical_normalization	1	dn2336
DN2341	DN2341	canonical	mechanical_normalization	1	dn2341
DN2342	DN2342	canonical	mechanical_normalization	1	dn2342
DN2345	DN2345	canonical	mechanical_normalization	1	dn2345
DN9_1	DN9_1	canonical	mechanical_normalization	1	dn91
DN9_10	DN9_10	canonical	mechanical_normalization	1	dn910
DN9_100	DN9_100	canonical	mechanical_normalization	1	dn9100
DN9_101	DN9_101	canonical	mechanical_normalization	1	dn9101
DN9_102	DN9_102	canonical	mechanical_normalization	1	dn9102
DN9_103	DN9_103	canonical	mechanical_normalization	1	dn9103
DN9_105	DN9_105	canonical	mechanical_normalization	1	dn9105
DN9_106	DN9_106	canonical	mechanical_normalization	1	dn9106
DN9_107	DN9_107	canonical	mechanical_normalization	1	dn9107
DN9_108	DN9_108	canonical	mechanical_normalization	1	dn9108
DN9_109	DN9_109	canonical	mechanical_normalization	1	dn9109
DN9_11	DN9_11	canonical	mechanical_normalization	1	dn911
DN9_110	DN9_110	canonical	mechanical_normalization	1	dn9110
DN9_111	DN9_111	canonical	mechanical_normalization	1	dn9111
DN9_112	DN9_112	canonical	mechanical_normalization	1	dn9112
DN9_113	DN9_113	canonical	mechanical_normalization	1	dn9113
DN9_114	DN9_114	canonical	mechanical_normalization	1	dn9114
DN9_115	DN9_115	canonical	mechanical_normalization	1	dn9115
DN9_116	DN9_116	canonical	mechanical_normalization	1	dn9116
DN9_117	DN9_117	canonical	mechanical_normalization	1	dn9117
DN9_118	DN9_118	canonical	mechanical_normalization	1	dn9118
DN9_119	DN9_119	canonical	mechanical_normalization	1	dn9119
DN9_12	DN9_12	canonical	mechanical_normalization	1	dn912
DN9_120	DN9_120	canonical	mechanical_normalization	1	dn9120
DN9_122	DN9_122	canonical	mechanical_normalization	1	dn9122
DN9_123	DN9_123	canonical	mechanical_normalization	1	dn9123
DN9_124	DN9_124	canonical	mechanical_normalization	1	dn9124
DN9_125	DN9_125	canonical	mechanical_normalization	1	dn9125
DN9_126	DN9_126	canonical	mechanical_normalization	1	dn9126
DN9_127	DN9_127	canonical	mechanical_normalization	1	dn9127
DN9_128	DN9_128	canonical	mechanical_normalization	1	dn9128
DN9_129	DN9_129	canonical	mechanical_normalization	1	dn9129
DN9_13	DN9_13	canonical	mechanical_normalization	1	dn913
DN9_130	DN9_130	canonical	mechanical_normalization	1	dn9130
DN9_131	DN9_131	canonical	mechanical_normalization	1	dn9131
DN9_132	DN9_132	canonical	mechanical_normalization	1	dn9132
DN9_133	DN9_133	canonical	mechanical_normalization	1	dn9133
DN9_134	DN9_134	canonical	mechanical_normalization	1	dn9134
DN9_14	DN9_14	canonical	mechanical_normalization	1	dn914
DN9_15	DN9_15	canonical	mechanical_normalization	1	dn915
DN9_16	DN9_16	canonical	mechanical_normalization	1	dn916
DN9_17	DN9_17	canonical	mechanical_normalization	1	dn917
DN9_18	DN9_18	canonical	mechanical_normalization	1	dn918
DN9_19	DN9_19	canonical	mechanical_normalization	1	dn919
DN9_2	DN9_2	canonical	mechanical_normalization	1	dn92
DN9_20	DN9_20	canonical	mechanical_normalization	1	dn920
DN9_21	DN9_21	canonical	mechanical_normalization	1	dn921
DN9_22	DN9_22	canonical	mechanical_normalization	1	dn922
DN9_23	DN9_23	canonical	mechanical_normalization	1	dn923
DN9_24	DN9_24	canonical	mechanical_normalization	1	dn924
DN9_25	DN9_25	canonical	mechanical_normalization	1	dn925
DN9_26	DN9_26	canonical	mechanical_normalization	1	dn926
DN9_27	DN9_27	canonical	mechanical_normalization	1	dn927
DN9_28	DN9_28	canonical	mechanical_normalization	1	dn928
DN9_29	DN9_29	canonical	mechanical_normalization	1	dn929
DN9_3	DN9_3	canonical	mechanical_normalization	1	dn93
DN9_30	DN9_30	canonical	mechanical_normalization	1	dn930
DN9_31	DN9_31	canonical	mechanical_normalization	1	dn931
DN9_32	DN9_32	canonical	mechanical_normalization	1	dn932
DN9_33	DN9_33	canonical	mechanical_normalization	1	dn933
DN9_34	DN9_34	canonical	mechanical_normalization	1	dn934
DN9_35	DN9_35	canonical	mechanical_normalization	1	dn935
DN9_36	DN9_36	canonical	mechanical_normalization	1	dn936
DN9_37	DN9_37	canonical	mechanical_normalization	1	dn937
DN9_38	DN9_38	canonical	mechanical_normalization	1	dn938
DN9_39	DN9_39	canonical	mechanical_normalization	1	dn939
DN9_4	DN9_4	canonical	mechanical_normalization	1	dn94
DN9_41	DN9_41	canonical	mechanical_normalization	1	dn941
DN9_42	DN9_42	canonical	mechanical_normalization	1	dn942
DN9_43	DN9_43	canonical	mechanical_normalization	1	dn943
DN9_44	DN9_44	canonical	mechanical_normalization	1	dn944
DN9_45	DN9_45	canonical	mechanical_normalization	1	dn945
DN9_46	DN9_46	canonical	mechanical_normalization	1	dn946
DN9_48	DN9_48	canonical	mechanical_normalization	1	dn948
DN9_49	DN9_49	canonical	mechanical_normalization	1	dn949
DN9_5	DN9_5	canonical	mechanical_normalization	1	dn95
DN9_50	DN9_50	canonical	mechanical_normalization	1	dn950
DN9_51	DN9_51	canonical	mechanical_normalization	1	dn951
DN9_52	DN9_52	canonical	mechanical_normalization	1	dn952
DN9_53	DN9_53	canonical	mechanical_normalization	1	dn953
DN9_54	DN9_54	canonical	mechanical_normalization	1	dn954
DN9_55	DN9_55	canonical	mechanical_normalization	1	dn955
DN9_59	DN9_59	canonical	mechanical_normalization	1	dn959
DN9_6	DN9_6	canonical	mechanical_normalization	1	dn96
DN9_60	DN9_60	canonical	mechanical_normalization	1	dn960
DN9_61	DN9_61	canonical	mechanical_normalization	1	dn961
DN9_62	DN9_62	canonical	mechanical_normalization	1	dn962
DN9_63	DN9_63	canonical	mechanical_normalization	1	dn963
DN9_64	DN9_64	canonical	mechanical_normalization	1	dn964
DN9_65	DN9_65	canonical	mechanical_normalization	1	dn965
DN9_66	DN9_66	canonical	mechanical_normalization	1	dn966
DN9_67	DN9_67	canonical	mechanical_normalization	1	dn967
DN9_68	DN9_68	canonical	mechanical_normalization	1	dn968
DN9_69	DN9_69	canonical	mechanical_normalization	1	dn969
DN9_7	DN9_7	canonical	mechanical_normalization	1	dn97
DN9_70	DN9_70	canonical	mechanical_normalization	1	dn970
DN9_71	DN9_71	canonical	mechanical_normalization	1	dn971
DN9_72	DN9_72	canonical	mechanical_normalization	1	dn972
DN9_73	DN9_73	canonical	mechanical_normalization	1	dn973
DN9_74	DN9_74	canonical	mechanical_normalization	1	dn974
DN9_75	DN9_75	canonical	mechanical_normalization	1	dn975
DN9_77	DN9_77	canonical	mechanical_normalization	1	dn977
DN9_78	DN9_78	canonical	mechanical_normalization	1	dn978
DN9_79	DN9_79	canonical	mechanical_normalization	1	dn979
DN9_8	DN9_8	canonical	mechanical_normalization	1	dn98
DN9_80	DN9_80	canonical	mechanical_normalization	1	dn980
DN9_81	DN9_81	canonical	mechanical_normalization	1	dn981
DN9_82	DN9_82	canonical	mechanical_normalization	1	dn982
DN9_83	DN9_83	canonical	mechanical_normalization	1	dn983
DN9_84	DN9_84	canonical	mechanical_normalization	1	dn984
DN9_85	DN9_85	canonical	mechanical_normalization	1	dn985
DN9_86	DN9_86	canonical	mechanical_normalization	1	dn986
DN9_87	DN9_87	canonical	mechanical_normalization	1	dn987
DN9_88	DN9_88	canonical	mechanical_normalization	1	dn988
DN9_89	DN9_89	canonical	mechanical_normalization	1	dn989
DN9_9	DN9_9	canonical	mechanical_normalization	1	dn99
DN9_90	DN9_90	canonical	mechanical_normalization	1	dn990
DN9_91	DN9_91	canonical	mechanical_normalization	1	dn991
DN9_92	DN9_92	canonical	mechanical_normalization	1	dn992
DN9_93	DN9_93	canonical	mechanical_normalization	1	dn993
DN9_94	DN9_94	canonical	mechanical_normalization	1	dn994
DN9_95	DN9_95	canonical	mechanical_normalization	1	dn995
DN9_96	DN9_96	canonical	mechanical_normalization	1	dn996
DN9_97	DN9_97	canonical	mechanical_normalization	1	dn997
DN9_98	DN9_98	canonical	mechanical_normalization	1	dn998
DN9_99	DN9_99	canonical	mechanical_normalization	1	dn999
DNJ 121	DNJ 121	canonical	mechanical_normalization	1	dnj121
DNJ 171	DNJ 171	canonical	mechanical_normalization	1	dnj171
DNJ 179	DNJ 179	canonical	mechanical_normalization	1	dnj179
DNJ61	DNJ61	canonical	mechanical_normalization	1	dnj61
DOURADO AGULHA	DOURADO AGULHA	canonical	mechanical_normalization	1	douradoagulha
DRR Dhan 48	DRR Dhan 48	canonical	mechanical_normalization	1	drrdhan48
DS001	DS001	canonical	mechanical_normalization	1	ds001
DT001	DT001	canonical	mechanical_normalization	1	dt001
DT502	DT502	canonical	mechanical_normalization	1	dt502
DT506	DT506	canonical	mechanical_normalization	1	dt506
DULAAUS::IRGC 49180-1	DULAAUS::IRGC 49180-1	canonical	mechanical_normalization	1	dulaausirgc491801
DUOCHE	DUOCHE	canonical	mechanical_normalization	1	duoche
DV 118::GSOR 311579-G1	DV 118::GSOR 311579-G1	canonical	mechanical_normalization	1	dv118gsor311579g1
DV85::IRGC 117725-1	DV85::IRGC 117725-1	canonical	mechanical_normalization	1	dv85irgc1177251
DV86	DV86	canonical	mechanical_normalization	1	dv86
DW-2	DW-2	canonical	mechanical_normalization	1	dw2
DW-7	DW-7	canonical	mechanical_normalization	1	dw7
DW-9	DW-9	canonical	mechanical_normalization	1	dw9
DYheidao	DYheidao	canonical	mechanical_normalization	1	dyheidao
DYhongdao	DYhongdao	canonical	mechanical_normalization	1	dyhongdao
DYlvdao	DYlvdao	canonical	mechanical_normalization	1	dylvdao
DZ-11	DZ-11	canonical	mechanical_normalization	1	dz11
DZ-12	DZ-12	canonical	mechanical_normalization	1	dz12
DZ-19	DZ-19	canonical	mechanical_normalization	1	dz19
DZ78	DZ78	canonical	mechanical_normalization	1	dz78
DZ78::IRGC 117610-1	DZ78::IRGC 117610-1	canonical	mechanical_normalization	1	dz78irgc1176101
Da Niang 309	Da Niang 309	canonical	mechanical_normalization	1	daniang309
Dabaigu 1	Dabaigu 1	canonical	mechanical_normalization	1	dabaigu1
Dabaigu 2	Dabaigu 2	canonical	mechanical_normalization	1	dabaigu2
Dabaonuo	Dabaonuo	canonical	mechanical_normalization	1	dabaonuo
Dadajo	Dadajo	canonical	mechanical_normalization	1	dadajo
Dadaonuo	Dadaonuo	canonical	mechanical_normalization	1	dadaonuo
Daechan	Daechan	canonical	mechanical_normalization	1	daechan
Daedong1	Daedong1	canonical	mechanical_normalization	1	daedong1
Daedong2	Daedong2	canonical	mechanical_normalization	1	daedong2
Daedong3	Daedong3	canonical	mechanical_normalization	1	daedong3
Daedong4	Daedong4	canonical	mechanical_normalization	1	daedong4
Daedong5	Daedong5	canonical	mechanical_normalization	1	daedong5
Daedong6	Daedong6	canonical	mechanical_normalization	1	daedong6
Daedong7	Daedong7	canonical	mechanical_normalization	1	daedong7
Daedong8	Daedong8	canonical	mechanical_normalization	1	daedong8
Daegolbyeo	Daegolbyeo	canonical	mechanical_normalization	1	daegolbyeo
Daegwan1	Daegwan1	canonical	mechanical_normalization	1	daegwan1
Daegwan2	Daegwan2	canonical	mechanical_normalization	1	daegwan2
Daegwan3	Daegwan3	canonical	mechanical_normalization	1	daegwan3
Daeripbyeo 1	Daeripbyeo 1	canonical	mechanical_normalization	1	daeripbyeo1
Daeyabyeo	Daeyabyeo	canonical	mechanical_normalization	1	daeyabyeo
Dahrdun Basmati	Dahrdun Basmati	canonical	mechanical_normalization	1	dahrdunbasmati
Dahuangnuo	Dahuangnuo	canonical	mechanical_normalization	1	dahuangnuo
Daichinohoshi	Daichinohoshi	canonical	mechanical_normalization	1	daichinohoshi
Dalgolmot	Dalgolmot	canonical	mechanical_normalization	1	dalgolmot
Dalisha	Dalisha	canonical	mechanical_normalization	1	dalisha
Dalixiang15	Dalixiang15	canonical	mechanical_normalization	1	dalixiang15
Dami	Dami	canonical	mechanical_normalization	1	dami
Dan Geng 20	Dan Geng 20	canonical	mechanical_normalization	1	dangeng20
Danasuogu	Danasuogu	canonical	mechanical_normalization	1	danasuogu
Dangdo	Dangdo	canonical	mechanical_normalization	1	dangdo
Dangyu5hao	Dangyu5hao	canonical	mechanical_normalization	1	dangyu5hao
Dara	Dara	canonical	mechanical_normalization	1	dara
Dasan	Dasan	canonical	mechanical_normalization	1	dasan
Davao	Davao	canonical	mechanical_normalization	1	davao
Dawennuo	Dawennuo	canonical	mechanical_normalization	1	dawennuo
DazhulhaoA	DazhulhaoA	canonical	mechanical_normalization	1	dazhulhaoa
Ddangbyeo	Ddangbyeo	canonical	mechanical_normalization	1	ddangbyeo
De You 18	De You 18	canonical	mechanical_normalization	1	deyou18
De1B	De1B	canonical	mechanical_normalization	1	de1b
DeS	DeS	canonical	mechanical_normalization	1	des
Dee Geo Woo Gen	Dee Geo Woo Gen	canonical	mechanical_normalization	1	deegeowoogen
Dehui3485	Dehui3485	canonical	mechanical_normalization	1	dehui3485
Dehui381	Dehui381	canonical	mechanical_normalization	1	dehui381
Dehui923	Dehui923	canonical	mechanical_normalization	1	dehui923
Della2	Della2	canonical	mechanical_normalization	1	della2
Deshi Boro::G1-1	Deshi Boro::G1-1	canonical	mechanical_normalization	1	deshiborog11
Deuraechan	Deuraechan	canonical	mechanical_normalization	1	deuraechan
Dexiang074A	Dexiang074A	canonical	mechanical_normalization	1	dexiang074a
Dhagad Desi	Dhagad Desi	canonical	mechanical_normalization	1	dhagaddesi
Dhan	Dhan	canonical	mechanical_normalization	1	dhan
Dhola Aman (Lowland Aman)	Dhola Aman (Lowland Aman)	canonical	mechanical_normalization	1	dholaaman
Dian Chao 7	Dian Chao 7	canonical	mechanical_normalization	1	dianchao7
Dian Xiang Xian 1	Dian Xiang Xian 1	canonical	mechanical_normalization	1	dianxiangxian1
Dianrui409B	Dianrui409B	canonical	mechanical_normalization	1	dianrui409b
Diantun502xuanzao	Diantun502xuanzao	canonical	mechanical_normalization	1	diantun502xuanzao
Dianxian34A	Dianxian34A	canonical	mechanical_normalization	1	dianxian34a
Diaogu	Diaogu	canonical	mechanical_normalization	1	diaogu
Dichroa Alef Uslkij	Dichroa Alef Uslkij	canonical	mechanical_normalization	1	dichroaalefuslkij
DigJas-3	DigJas-3	canonical	mechanical_normalization	1	digjas3
DigJas-61	DigJas-61	canonical	mechanical_normalization	1	digjas61
DigJas-78	DigJas-78	canonical	mechanical_normalization	1	digjas78
Dijiaowujian	Dijiaowujian	canonical	mechanical_normalization	1	dijiaowujian
Dinolores	Dinolores	canonical	mechanical_normalization	1	dinolores
Dixiebelle	Dixiebelle	canonical	mechanical_normalization	1	dixiebelle
Djimoron	Djimoron	canonical	mechanical_normalization	1	djimoron
Doble Carolina	Doble Carolina	canonical	mechanical_normalization	1	doblecarolina
Dodamssal	Dodamssal	canonical	mechanical_normalization	1	dodamssal
Dodeog1	Dodeog1	canonical	mechanical_normalization	1	dodeog1
Dodeog10	Dodeog10	canonical	mechanical_normalization	1	dodeog10
Dodeog11	Dodeog11	canonical	mechanical_normalization	1	dodeog11
Dodeog12	Dodeog12	canonical	mechanical_normalization	1	dodeog12
Dodeog13	Dodeog13	canonical	mechanical_normalization	1	dodeog13
Dodeog14	Dodeog14	canonical	mechanical_normalization	1	dodeog14
Dodeog15	Dodeog15	canonical	mechanical_normalization	1	dodeog15
Dodeog16	Dodeog16	canonical	mechanical_normalization	1	dodeog16
Dodeog17	Dodeog17	canonical	mechanical_normalization	1	dodeog17
Dodeog18	Dodeog18	canonical	mechanical_normalization	1	dodeog18
Dodeog2	Dodeog2	canonical	mechanical_normalization	1	dodeog2
Dodeog3	Dodeog3	canonical	mechanical_normalization	1	dodeog3
Dodeog4	Dodeog4	canonical	mechanical_normalization	1	dodeog4
Dodeog5	Dodeog5	canonical	mechanical_normalization	1	dodeog5
Dodeog6	Dodeog6	canonical	mechanical_normalization	1	dodeog6
Dodeog7	Dodeog7	canonical	mechanical_normalization	1	dodeog7
Dodeog8	Dodeog8	canonical	mechanical_normalization	1	dodeog8
Dodeog9	Dodeog9	canonical	mechanical_normalization	1	dodeog9
Dong Fu 114	Dong Fu 114	canonical	mechanical_normalization	1	dongfu114
Dongbo	Dongbo	canonical	mechanical_normalization	1	dongbo
Dongnan201	Dongnan201	canonical	mechanical_normalization	1	dongnan201
Dongnong_430	Dongnong_430	canonical	mechanical_normalization	1	dongnong430
Dongqiubo	Dongqiubo	canonical	mechanical_normalization	1	dongqiubo
Dongtingwanxian2	Dongtingwanxian2	canonical	mechanical_normalization	1	dongtingwanxian2
Dongzheng_1640	Dongzheng_1640	canonical	mechanical_normalization	1	dongzheng1640
Dongzhengwuyunjing_21	Dongzhengwuyunjing_21	canonical	mechanical_normalization	1	dongzhengwuyunjing21
Donna	Donna	canonical	mechanical_normalization	1	donna
Dorip	Dorip	canonical	mechanical_normalization	1	dorip
Dudo	Dudo	canonical	mechanical_normalization	1	dudo
Duo Nian Sheng Dao 23	Duo Nian Sheng Dao 23	canonical	mechanical_normalization	1	duonianshengdao23
DuoXi-1	DuoXi-1	canonical	mechanical_normalization	1	duoxi1
Duohui1hao	Duohui1hao	canonical	mechanical_normalization	1	duohui1hao
Duoxi1hao	Duoxi1hao	canonical	mechanical_normalization	1	duoxi1hao
Duoxiyihao	Duoxiyihao	canonical	mechanical_normalization	1	duoxiyihao
Dxiang286A	Dxiang286A	canonical	mechanical_normalization	1	dxiang286a
E B Gopher	E B Gopher	canonical	mechanical_normalization	1	ebgopher
E Hu Hong Mi	E Hu Hong Mi	canonical	mechanical_normalization	1	ehuhongmi
E1573	E1573	canonical	mechanical_normalization	1	e1573
E164	E164	canonical	mechanical_normalization	1	e164
E24	E24	canonical	mechanical_normalization	1	e24
E45	E45	canonical	mechanical_normalization	1	e45
EARLY SUTARSAR 39::IRGC 6255-1	EARLY SUTARSAR 39::IRGC 6255-1	canonical	mechanical_normalization	1	earlysutarsar39irgc62551
EB139	EB139	canonical	mechanical_normalization	1	eb139
ECIA76-S89-1	ECIA76-S89-1	canonical	mechanical_normalization	1	ecia76s891
EMATA YIN	EMATA YIN	canonical	mechanical_normalization	1	ematayin
EMBRAPA 1200	EMBRAPA 1200	canonical	mechanical_normalization	1	embrapa1200
ERV1-1	ERV1-1	canonical	mechanical_normalization	1	erv11
ERV1-3	ERV1-3	canonical	mechanical_normalization	1	erv13
Ebinan	Ebinan	canonical	mechanical_normalization	1	ebinan
Ebusinuodao	Ebusinuodao	canonical	mechanical_normalization	1	ebusinuodao
Edomen Scented	Edomen Scented	canonical	mechanical_normalization	1	edomenscented
Egarao	Egarao	canonical	mechanical_normalization	1	egarao
Eguo	Eguo	canonical	mechanical_normalization	1	eguo
Egyptian Wild Type	Egyptian Wild Type	canonical	mechanical_normalization	1	egyptianwildtype
Ehui108	Ehui108	canonical	mechanical_normalization	1	ehui108
EjinB	EjinB	canonical	mechanical_normalization	1	ejinb
Elettra	Elettra	canonical	mechanical_normalization	1	elettra
Eliang	Eliang	canonical	mechanical_normalization	1	eliang
En Hui 1899	En Hui 1899	canonical	mechanical_normalization	1	enhui1899
Enhui69	Enhui69	canonical	mechanical_normalization	1	enhui69
Enuo9hao	Enuo9hao	canonical	mechanical_normalization	1	enuo9hao
Erbainuo	Erbainuo	canonical	mechanical_normalization	1	erbainuo
Erjiuai4haoA	Erjiuai4haoA	canonical	mechanical_normalization	1	erjiuai4haoa
Erjiufeng	Erjiufeng	canonical	mechanical_normalization	1	erjiufeng
Erjiunan1hao	Erjiunan1hao	canonical	mechanical_normalization	1	erjiunan1hao
Erjiunan1haoA	Erjiunan1haoA	canonical	mechanical_normalization	1	erjiunan1haoa
Erjiuqing	Erjiuqing	canonical	mechanical_normalization	1	erjiuqing
Erliuzhaizao	Erliuzhaizao	canonical	mechanical_normalization	1	erliuzhaizao
Esperanza	Esperanza	canonical	mechanical_normalization	1	esperanza
Ewan10hao	Ewan10hao	canonical	mechanical_normalization	1	ewan10hao
Ewan13hao	Ewan13hao	canonical	mechanical_normalization	1	ewan13hao
Ewan17B	Ewan17B	canonical	mechanical_normalization	1	ewan17b
Ex- Baika	Ex- Baika	canonical	mechanical_normalization	1	exbaika
Ezao11hao	Ezao11hao	canonical	mechanical_normalization	1	ezao11hao
Ezao17	Ezao17	canonical	mechanical_normalization	1	ezao17
Ezao18	Ezao18	canonical	mechanical_normalization	1	ezao18
Ezao7hao	Ezao7hao	canonical	mechanical_normalization	1	ezao7hao
Ezhong2Hao	Ezhong2Hao	canonical	mechanical_normalization	1	ezhong2hao
Ezhong4hao	Ezhong4hao	canonical	mechanical_normalization	1	ezhong4hao
Ezhong5hao	Ezhong5hao	canonical	mechanical_normalization	1	ezhong5hao
F160	F160	canonical	mechanical_normalization	1	f160
F2 green	F2 green	canonical	mechanical_normalization	1	f2green
F2 purple	F2 purple	canonical	mechanical_normalization	1	f2purple
F2_GW_HighBulk_BPT5204xMTU3626	F2_GW_HighBulk_BPT5204xMTU3626	canonical	mechanical_normalization	1	f2gwhighbulkbpt5204xmtu3626
F2_GW_LowBulk_BPT5204xMTU3626	F2_GW_LowBulk_BPT5204xMTU3626	canonical	mechanical_normalization	1	f2gwlowbulkbpt5204xmtu3626
F32A	F32A	canonical	mechanical_normalization	1	f32a
FENG-AI-ZAN	FENG-AI-ZAN	canonical	mechanical_normalization	1	fengaizan
FKR62N	FKR62N	canonical	mechanical_normalization	1	fkr62n
FR 13 A	FR 13 A	canonical	mechanical_normalization	1	fr13a
FUSAKOGANE	FUSAKOGANE	canonical	mechanical_normalization	1	fusakogane
FUSAOTOME	FUSAOTOME	canonical	mechanical_normalization	1	fusaotome
Fan 953	Fan 953	canonical	mechanical_normalization	1	fan953
Fan1	Fan1	canonical	mechanical_normalization	1	fan1
Fan2	Fan2	canonical	mechanical_normalization	1	fan2
Fan3	Fan3	canonical	mechanical_normalization	1	fan3
Fan43S	Fan43S	canonical	mechanical_normalization	1	fan43s
Fanny	Fanny	canonical	mechanical_normalization	1	fanny
Fedearroz174	Fedearroz174	canonical	mechanical_normalization	1	fedearroz174
Fedearroz2000	Fedearroz2000	canonical	mechanical_normalization	1	fedearroz2000
Fedearroz50	Fedearroz50	canonical	mechanical_normalization	1	fedearroz50
Fei11	Fei11	canonical	mechanical_normalization	1	fei11
Feigai122	Feigai122	canonical	mechanical_normalization	1	feigai122
Feihui6hao	Feihui6hao	canonical	mechanical_normalization	1	feihui6hao
Feng Lai Si Miao	Feng Lai Si Miao	canonical	mechanical_normalization	1	fenglaisimiao
Feng Shan Si Miao	Feng Shan Si Miao	canonical	mechanical_normalization	1	fengshansimiao
Feng9	Feng9	canonical	mechanical_normalization	1	feng9
Feng986	Feng986	canonical	mechanical_normalization	1	feng986
FengS	FengS	canonical	mechanical_normalization	1	fengs
Fengaizhang1hao	Fengaizhang1hao	canonical	mechanical_normalization	1	fengaizhang1hao
Fengbazhan	Fengbazhan	canonical	mechanical_normalization	1	fengbazhan
Fengdengnuo398	Fengdengnuo398	canonical	mechanical_normalization	1	fengdengnuo398
Fenghuazhan	Fenghuazhan	canonical	mechanical_normalization	1	fenghuazhan
Fengmeizhan	Fengmeizhan	canonical	mechanical_normalization	1	fengmeizhan
Fengnuo22	Fengnuo22	canonical	mechanical_normalization	1	fengnuo22
Fengqingai	Fengqingai	canonical	mechanical_normalization	1	fengqingai
FengqingzaoA	FengqingzaoA	canonical	mechanical_normalization	1	fengqingzaoa
Fengsizhan	Fengsizhan	canonical	mechanical_normalization	1	fengsizhan
Fengtian1A	Fengtian1A	canonical	mechanical_normalization	1	fengtian1a
Fengyouwan_8hao	Fengyouwan_8hao	canonical	mechanical_normalization	1	fengyouwan8hao
FengyuanA	FengyuanA	canonical	mechanical_normalization	1	fengyuana
Fix-Diploid1	Fix-Diploid1	canonical	mechanical_normalization	1	fixdiploid1
Fix-Diploid2	Fix-Diploid2	canonical	mechanical_normalization	1	fixdiploid2
Fix-Tetraploid1	Fix-Tetraploid1	canonical	mechanical_normalization	1	fixtetraploid1
Fix-Tetraploid2	Fix-Tetraploid2	canonical	mechanical_normalization	1	fixtetraploid2
Forbiprotife	Forbiprotife	canonical	mechanical_normalization	1	forbiprotife
Fu He Dao 9463	Fu He Dao 9463	canonical	mechanical_normalization	1	fuhedao9463
Fu Xiang Zhan	Fu Xiang Zhan	canonical	mechanical_normalization	1	fuxiangzhan
Fu228S	Fu228S	canonical	mechanical_normalization	1	fu228s
Fu36-2	Fu36-2	canonical	mechanical_normalization	1	fu362
Fufengnuo446	Fufengnuo446	canonical	mechanical_normalization	1	fufengnuo446
Fuhui016	Fuhui016	canonical	mechanical_normalization	1	fuhui016
Fuhui0724	Fuhui0724	canonical	mechanical_normalization	1	fuhui0724
Fuhui2098	Fuhui2098	canonical	mechanical_normalization	1	fuhui2098
Fuhui5138	Fuhui5138	canonical	mechanical_normalization	1	fuhui5138
Fuhui636	Fuhui636	canonical	mechanical_normalization	1	fuhui636
Fuhui636_1	Fuhui636_1	canonical	mechanical_normalization	1	fuhui6361
Fuhui639	Fuhui639	canonical	mechanical_normalization	1	fuhui639
Fuhui639_1	Fuhui639_1	canonical	mechanical_normalization	1	fuhui6391
Fuhui667	Fuhui667	canonical	mechanical_normalization	1	fuhui667
Fuhui669	Fuhui669	canonical	mechanical_normalization	1	fuhui669
Fuhui676_1	Fuhui676_1	canonical	mechanical_normalization	1	fuhui6761
Fuhui676_2	Fuhui676_2	canonical	mechanical_normalization	1	fuhui6762
Fuhui676_3	Fuhui676_3	canonical	mechanical_normalization	1	fuhui6763
Fuhui683	Fuhui683	canonical	mechanical_normalization	1	fuhui683
Fuhui696	Fuhui696	canonical	mechanical_normalization	1	fuhui696
Fuhui696_1	Fuhui696_1	canonical	mechanical_normalization	1	fuhui6961
Fuhui699_1	Fuhui699_1	canonical	mechanical_normalization	1	fuhui6991
Fuhui7185	Fuhui7185	canonical	mechanical_normalization	1	fuhui7185
Fuhui802	Fuhui802	canonical	mechanical_normalization	1	fuhui802
Fuhui838S	Fuhui838S	canonical	mechanical_normalization	1	fuhui838s
Fuhui9303	Fuhui9303	canonical	mechanical_normalization	1	fuhui9303
Fuhui964	Fuhui964	canonical	mechanical_normalization	1	fuhui964
Fuhui9801	Fuhui9801	canonical	mechanical_normalization	1	fuhui9801
Fuhui9802	Fuhui9802	canonical	mechanical_normalization	1	fuhui9802
Fujisaka 5	Fujisaka 5	canonical	mechanical_normalization	1	fujisaka5
Fukkurinko	Fukkurinko	canonical	mechanical_normalization	1	fukkurinko
Fukunishiki	Fukunishiki	canonical	mechanical_normalization	1	fukunishiki
FulongS2	FulongS2	canonical	mechanical_normalization	1	fulongs2
Funonglvxiang	Funonglvxiang	canonical	mechanical_normalization	1	funonglvxiang
Fuxiang1A	Fuxiang1A	canonical	mechanical_normalization	1	fuxiang1a
Fu Xiang Zhan	Fuxiangzhan	spelling_variant	mechanical_normalization	1	fuxiangzhan
FuyiA	FuyiA	canonical	mechanical_normalization	1	fuyia
Fuyu1haoA	Fuyu1haoA	canonical	mechanical_normalization	1	fuyu1haoa
FuyuanA	FuyuanA	canonical	mechanical_normalization	1	fuyuana
FuzhenA	FuzhenA	canonical	mechanical_normalization	1	fuzhena
G1143	G1143	canonical	mechanical_normalization	1	g1143
G201A	G201A	canonical	mechanical_normalization	1	g201a
G2480A	G2480A	canonical	mechanical_normalization	1	g2480a
G374	G374	canonical	mechanical_normalization	1	g374
G40011	G40011	canonical	mechanical_normalization	1	g40011
G40021	G40021	canonical	mechanical_normalization	1	g40021
G40031	G40031	canonical	mechanical_normalization	1	g40031
G40041	G40041	canonical	mechanical_normalization	1	g40041
G40061	G40061	canonical	mechanical_normalization	1	g40061
G40091	G40091	canonical	mechanical_normalization	1	g40091
G40101	G40101	canonical	mechanical_normalization	1	g40101
G40111	G40111	canonical	mechanical_normalization	1	g40111
G40121	G40121	canonical	mechanical_normalization	1	g40121
G40131	G40131	canonical	mechanical_normalization	1	g40131
G40141	G40141	canonical	mechanical_normalization	1	g40141
G40151	G40151	canonical	mechanical_normalization	1	g40151
G40171	G40171	canonical	mechanical_normalization	1	g40171
G40181	G40181	canonical	mechanical_normalization	1	g40181
G40191	G40191	canonical	mechanical_normalization	1	g40191
G40201	G40201	canonical	mechanical_normalization	1	g40201
G40211	G40211	canonical	mechanical_normalization	1	g40211
G40221	G40221	canonical	mechanical_normalization	1	g40221
G40231	G40231	canonical	mechanical_normalization	1	g40231
G40242	G40242	canonical	mechanical_normalization	1	g40242
G40251	G40251	canonical	mechanical_normalization	1	g40251
G40261	G40261	canonical	mechanical_normalization	1	g40261
G40271	G40271	canonical	mechanical_normalization	1	g40271
G40281	G40281	canonical	mechanical_normalization	1	g40281
G40291	G40291	canonical	mechanical_normalization	1	g40291
G40301	G40301	canonical	mechanical_normalization	1	g40301
G40321	G40321	canonical	mechanical_normalization	1	g40321
G40331	G40331	canonical	mechanical_normalization	1	g40331
G40341	G40341	canonical	mechanical_normalization	1	g40341
G40351	G40351	canonical	mechanical_normalization	1	g40351
G40361	G40361	canonical	mechanical_normalization	1	g40361
G40381	G40381	canonical	mechanical_normalization	1	g40381
G40391	G40391	canonical	mechanical_normalization	1	g40391
G40431	G40431	canonical	mechanical_normalization	1	g40431
G40451	G40451	canonical	mechanical_normalization	1	g40451
G40461	G40461	canonical	mechanical_normalization	1	g40461
G40471	G40471	canonical	mechanical_normalization	1	g40471
G40481	G40481	canonical	mechanical_normalization	1	g40481
G40491	G40491	canonical	mechanical_normalization	1	g40491
G40501	G40501	canonical	mechanical_normalization	1	g40501
G40511	G40511	canonical	mechanical_normalization	1	g40511
G40521	G40521	canonical	mechanical_normalization	1	g40521
G40531	G40531	canonical	mechanical_normalization	1	g40531
G40541	G40541	canonical	mechanical_normalization	1	g40541
G40551	G40551	canonical	mechanical_normalization	1	g40551
G40561	G40561	canonical	mechanical_normalization	1	g40561
G40571	G40571	canonical	mechanical_normalization	1	g40571
G40581	G40581	canonical	mechanical_normalization	1	g40581
G40591	G40591	canonical	mechanical_normalization	1	g40591
G40601	G40601	canonical	mechanical_normalization	1	g40601
G40611	G40611	canonical	mechanical_normalization	1	g40611
G40621	G40621	canonical	mechanical_normalization	1	g40621
G40631	G40631	canonical	mechanical_normalization	1	g40631
G40641	G40641	canonical	mechanical_normalization	1	g40641
G40651	G40651	canonical	mechanical_normalization	1	g40651
G40661	G40661	canonical	mechanical_normalization	1	g40661
G40671	G40671	canonical	mechanical_normalization	1	g40671
G40681	G40681	canonical	mechanical_normalization	1	g40681
G40691	G40691	canonical	mechanical_normalization	1	g40691
G40701	G40701	canonical	mechanical_normalization	1	g40701
G40711	G40711	canonical	mechanical_normalization	1	g40711
G40721	G40721	canonical	mechanical_normalization	1	g40721
G40731	G40731	canonical	mechanical_normalization	1	g40731
G40741	G40741	canonical	mechanical_normalization	1	g40741
G40751	G40751	canonical	mechanical_normalization	1	g40751
G40771	G40771	canonical	mechanical_normalization	1	g40771
G40781	G40781	canonical	mechanical_normalization	1	g40781
G40791	G40791	canonical	mechanical_normalization	1	g40791
G40801	G40801	canonical	mechanical_normalization	1	g40801
G40811	G40811	canonical	mechanical_normalization	1	g40811
G40821	G40821	canonical	mechanical_normalization	1	g40821
G40832	G40832	canonical	mechanical_normalization	1	g40832
G40841	G40841	canonical	mechanical_normalization	1	g40841
G40851	G40851	canonical	mechanical_normalization	1	g40851
G40871	G40871	canonical	mechanical_normalization	1	g40871
G40892	G40892	canonical	mechanical_normalization	1	g40892
G40901	G40901	canonical	mechanical_normalization	1	g40901
G40911	G40911	canonical	mechanical_normalization	1	g40911
G40931	G40931	canonical	mechanical_normalization	1	g40931
G40951	G40951	canonical	mechanical_normalization	1	g40951
G40961	G40961	canonical	mechanical_normalization	1	g40961
G40972	G40972	canonical	mechanical_normalization	1	g40972
G40991	G40991	canonical	mechanical_normalization	1	g40991
G41021	G41021	canonical	mechanical_normalization	1	g41021
G41031	G41031	canonical	mechanical_normalization	1	g41031
G41051	G41051	canonical	mechanical_normalization	1	g41051
G41061	G41061	canonical	mechanical_normalization	1	g41061
G41071	G41071	canonical	mechanical_normalization	1	g41071
G41081	G41081	canonical	mechanical_normalization	1	g41081
G41091	G41091	canonical	mechanical_normalization	1	g41091
G41101	G41101	canonical	mechanical_normalization	1	g41101
G41111	G41111	canonical	mechanical_normalization	1	g41111
G41121	G41121	canonical	mechanical_normalization	1	g41121
G41141	G41141	canonical	mechanical_normalization	1	g41141
G41151	G41151	canonical	mechanical_normalization	1	g41151
G41161	G41161	canonical	mechanical_normalization	1	g41161
G41171	G41171	canonical	mechanical_normalization	1	g41171
G41181	G41181	canonical	mechanical_normalization	1	g41181
G41191	G41191	canonical	mechanical_normalization	1	g41191
G41201	G41201	canonical	mechanical_normalization	1	g41201
G41211	G41211	canonical	mechanical_normalization	1	g41211
G41221	G41221	canonical	mechanical_normalization	1	g41221
G41231	G41231	canonical	mechanical_normalization	1	g41231
G41241	G41241	canonical	mechanical_normalization	1	g41241
G41261	G41261	canonical	mechanical_normalization	1	g41261
G41271	G41271	canonical	mechanical_normalization	1	g41271
G41281	G41281	canonical	mechanical_normalization	1	g41281
G41291	G41291	canonical	mechanical_normalization	1	g41291
G41301	G41301	canonical	mechanical_normalization	1	g41301
G41311	G41311	canonical	mechanical_normalization	1	g41311
G41322	G41322	canonical	mechanical_normalization	1	g41322
G41331	G41331	canonical	mechanical_normalization	1	g41331
G41341	G41341	canonical	mechanical_normalization	1	g41341
G41351	G41351	canonical	mechanical_normalization	1	g41351
G41371	G41371	canonical	mechanical_normalization	1	g41371
G41381	G41381	canonical	mechanical_normalization	1	g41381
G41391	G41391	canonical	mechanical_normalization	1	g41391
G41401	G41401	canonical	mechanical_normalization	1	g41401
G41411	G41411	canonical	mechanical_normalization	1	g41411
G41421	G41421	canonical	mechanical_normalization	1	g41421
G41431	G41431	canonical	mechanical_normalization	1	g41431
G41441	G41441	canonical	mechanical_normalization	1	g41441
G41451	G41451	canonical	mechanical_normalization	1	g41451
G41481	G41481	canonical	mechanical_normalization	1	g41481
G41491	G41491	canonical	mechanical_normalization	1	g41491
G41511	G41511	canonical	mechanical_normalization	1	g41511
G41521	G41521	canonical	mechanical_normalization	1	g41521
G41531	G41531	canonical	mechanical_normalization	1	g41531
G41541	G41541	canonical	mechanical_normalization	1	g41541
G41551	G41551	canonical	mechanical_normalization	1	g41551
G41561	G41561	canonical	mechanical_normalization	1	g41561
G41571	G41571	canonical	mechanical_normalization	1	g41571
G41581	G41581	canonical	mechanical_normalization	1	g41581
G41601	G41601	canonical	mechanical_normalization	1	g41601
G41611	G41611	canonical	mechanical_normalization	1	g41611
G41621	G41621	canonical	mechanical_normalization	1	g41621
G41631	G41631	canonical	mechanical_normalization	1	g41631
G41641	G41641	canonical	mechanical_normalization	1	g41641
G41651	G41651	canonical	mechanical_normalization	1	g41651
G41661	G41661	canonical	mechanical_normalization	1	g41661
G41671	G41671	canonical	mechanical_normalization	1	g41671
G41681	G41681	canonical	mechanical_normalization	1	g41681
G41691	G41691	canonical	mechanical_normalization	1	g41691
G41701	G41701	canonical	mechanical_normalization	1	g41701
G41711	G41711	canonical	mechanical_normalization	1	g41711
G41721	G41721	canonical	mechanical_normalization	1	g41721
G41731	G41731	canonical	mechanical_normalization	1	g41731
G41741	G41741	canonical	mechanical_normalization	1	g41741
G41761	G41761	canonical	mechanical_normalization	1	g41761
G41771	G41771	canonical	mechanical_normalization	1	g41771
G41781	G41781	canonical	mechanical_normalization	1	g41781
G41791	G41791	canonical	mechanical_normalization	1	g41791
G41801	G41801	canonical	mechanical_normalization	1	g41801
G41811	G41811	canonical	mechanical_normalization	1	g41811
G41821	G41821	canonical	mechanical_normalization	1	g41821
G41831	G41831	canonical	mechanical_normalization	1	g41831
G41861	G41861	canonical	mechanical_normalization	1	g41861
G41871	G41871	canonical	mechanical_normalization	1	g41871
G41891	G41891	canonical	mechanical_normalization	1	g41891
G41901	G41901	canonical	mechanical_normalization	1	g41901
G41911	G41911	canonical	mechanical_normalization	1	g41911
G41921	G41921	canonical	mechanical_normalization	1	g41921
G41941	G41941	canonical	mechanical_normalization	1	g41941
G41951	G41951	canonical	mechanical_normalization	1	g41951
G41961	G41961	canonical	mechanical_normalization	1	g41961
G41971	G41971	canonical	mechanical_normalization	1	g41971
G41991	G41991	canonical	mechanical_normalization	1	g41991
G42001	G42001	canonical	mechanical_normalization	1	g42001
G42021	G42021	canonical	mechanical_normalization	1	g42021
G42031	G42031	canonical	mechanical_normalization	1	g42031
G42051	G42051	canonical	mechanical_normalization	1	g42051
G42081	G42081	canonical	mechanical_normalization	1	g42081
G42091	G42091	canonical	mechanical_normalization	1	g42091
G42101	G42101	canonical	mechanical_normalization	1	g42101
G42131	G42131	canonical	mechanical_normalization	1	g42131
G42151	G42151	canonical	mechanical_normalization	1	g42151
G42171	G42171	canonical	mechanical_normalization	1	g42171
G42191	G42191	canonical	mechanical_normalization	1	g42191
G42221	G42221	canonical	mechanical_normalization	1	g42221
G42241	G42241	canonical	mechanical_normalization	1	g42241
G42281	G42281	canonical	mechanical_normalization	1	g42281
G42301	G42301	canonical	mechanical_normalization	1	g42301
G42351	G42351	canonical	mechanical_normalization	1	g42351
G42361	G42361	canonical	mechanical_normalization	1	g42361
G42371	G42371	canonical	mechanical_normalization	1	g42371
G42391	G42391	canonical	mechanical_normalization	1	g42391
G46B	G46B	canonical	mechanical_normalization	1	g46b
G6H1	G6H1	canonical	mechanical_normalization	1	g6h1
GANLANGU	GANLANGU	canonical	mechanical_normalization	1	ganlangu
GD-1S	GD-1S	canonical	mechanical_normalization	1	gd1s
GD-7S	GD-7S	canonical	mechanical_normalization	1	gd7s
GH-2	GH-2	canonical	mechanical_normalization	1	gh2
GH-3	GH-3	canonical	mechanical_normalization	1	gh3
GH-6	GH-6	canonical	mechanical_normalization	1	gh6
GL84	GL84	canonical	mechanical_normalization	1	gl84
GPNO 1106	GPNO 1106	canonical	mechanical_normalization	1	gpno1106
GPNO 5055	GPNO 5055	canonical	mechanical_normalization	1	gpno5055
GR18-SARI	GR18-SARI	canonical	mechanical_normalization	1	gr18sari
GUNDIL_PUTIH	GUNDIL_PUTIH	canonical	mechanical_normalization	1	gundilputih
GUYANE 1	GUYANE 1	canonical	mechanical_normalization	1	guyane1
GW-1	GW-1	canonical	mechanical_normalization	1	gw1
GW-2	GW-2	canonical	mechanical_normalization	1	gw2
Gaekjujodo	Gaekjujodo	canonical	mechanical_normalization	1	gaekjujodo
Gageron	Gageron	canonical	mechanical_normalization	1	gageron
Gajin1	Gajin1	canonical	mechanical_normalization	1	gajin1
Gajin2	Gajin2	canonical	mechanical_normalization	1	gajin2
Gallawa	Gallawa	canonical	mechanical_normalization	1	gallawa
Galsaekggaraksyare	Galsaekggaraksyare	canonical	mechanical_normalization	1	galsaekggaraksyare
Galsaeksyare	Galsaeksyare	canonical	mechanical_normalization	1	galsaeksyare
Gamadi	Gamadi	canonical	mechanical_normalization	1	gamadi
Gan Ju 1	Gan Ju 1	canonical	mechanical_normalization	1	ganju1
Gan Ning Geng 2	Gan Ning Geng 2	canonical	mechanical_normalization	1	ganninggeng2
Gan Xiang Zhan 1	Gan Xiang Zhan 1	canonical	mechanical_normalization	1	ganxiangzhan1
Ganbo 4	Ganbo 4	canonical	mechanical_normalization	1	ganbo4
Gang46A	Gang46A	canonical	mechanical_normalization	1	gang46a
Gang48A	Gang48A	canonical	mechanical_normalization	1	gang48a
Gang901A	Gang901A	canonical	mechanical_normalization	1	gang901a
Gangchan	Gangchan	canonical	mechanical_normalization	1	gangchan
Ganggr442	Ganggr442	canonical	mechanical_normalization	1	ganggr442
Ganggye 1	Ganggye 1	canonical	mechanical_normalization	1	ganggye1
Ganggye 10	Ganggye 10	canonical	mechanical_normalization	1	ganggye10
Ganggye 11	Ganggye 11	canonical	mechanical_normalization	1	ganggye11
Ganggye 12	Ganggye 12	canonical	mechanical_normalization	1	ganggye12
Ganggye 2	Ganggye 2	canonical	mechanical_normalization	1	ganggye2
Ganggye 3	Ganggye 3	canonical	mechanical_normalization	1	ganggye3
Ganggye 4	Ganggye 4	canonical	mechanical_normalization	1	ganggye4
Ganggye 5	Ganggye 5	canonical	mechanical_normalization	1	ganggye5
Ganggye 6	Ganggye 6	canonical	mechanical_normalization	1	ganggye6
Ganggye 7	Ganggye 7	canonical	mechanical_normalization	1	ganggye7
Ganggye 8	Ganggye 8	canonical	mechanical_normalization	1	ganggye8
Ganggye 9	Ganggye 9	canonical	mechanical_normalization	1	ganggye9
Ganghui988	Ganghui988	canonical	mechanical_normalization	1	ganghui988
Gangnyeong1	Gangnyeong1	canonical	mechanical_normalization	1	gangnyeong1
Gangnyeong10	Gangnyeong10	canonical	mechanical_normalization	1	gangnyeong10
Gangnyeong2	Gangnyeong2	canonical	mechanical_normalization	1	gangnyeong2
Gangnyeong3	Gangnyeong3	canonical	mechanical_normalization	1	gangnyeong3
Gangnyeong4	Gangnyeong4	canonical	mechanical_normalization	1	gangnyeong4
Gangnyeong5	Gangnyeong5	canonical	mechanical_normalization	1	gangnyeong5
Gangnyeong6	Gangnyeong6	canonical	mechanical_normalization	1	gangnyeong6
Gangnyeong7	Gangnyeong7	canonical	mechanical_normalization	1	gangnyeong7
Gangnyeong8	Gangnyeong8	canonical	mechanical_normalization	1	gangnyeong8
Gangnyeong9	Gangnyeong9	canonical	mechanical_normalization	1	gangnyeong9
Gangreungdo	Gangreungdo	canonical	mechanical_normalization	1	gangreungdo
Gangwondo	Gangwondo	canonical	mechanical_normalization	1	gangwondo
Gangxiang1A	Gangxiang1A	canonical	mechanical_normalization	1	gangxiang1a
Ganwannuo7hao	Ganwannuo7hao	canonical	mechanical_normalization	1	ganwannuo7hao
Ganwanxian14hao	Ganwanxian14hao	canonical	mechanical_normalization	1	ganwanxian14hao
Ganwanxian19	Ganwanxian19	canonical	mechanical_normalization	1	ganwanxian19
Ganwanxian30	Ganwanxian30	canonical	mechanical_normalization	1	ganwanxian30
Ganwanxian32hao	Ganwanxian32hao	canonical	mechanical_normalization	1	ganwanxian32hao
Ganwanxian37hao	Ganwanxian37hao	canonical	mechanical_normalization	1	ganwanxian37hao
Ganxiang	Ganxiang	canonical	mechanical_normalization	1	ganxiang
GanxiangB-1	GanxiangB-1	canonical	mechanical_normalization	1	ganxiangb1
GanxiangB-2	GanxiangB-2	canonical	mechanical_normalization	1	ganxiangb2
Ganzaoxian37hao	Ganzaoxian37hao	canonical	mechanical_normalization	1	ganzaoxian37hao
Ganzaoxian48hao	Ganzaoxian48hao	canonical	mechanical_normalization	1	ganzaoxian48hao
Ganzaoxian49hao	Ganzaoxian49hao	canonical	mechanical_normalization	1	ganzaoxian49hao
Ganzaoxian51hao	Ganzaoxian51hao	canonical	mechanical_normalization	1	ganzaoxian51hao
Ganzaoxian55hao	Ganzaoxian55hao	canonical	mechanical_normalization	1	ganzaoxian55hao
Gao	Gao	canonical	mechanical_normalization	1	gao
Gaodanbaixiangdao	Gaodanbaixiangdao	canonical	mechanical_normalization	1	gaodanbaixiangdao
Gaogengdasui	Gaogengdasui	canonical	mechanical_normalization	1	gaogengdasui
Gaoliangdao	Gaoliangdao	canonical	mechanical_normalization	1	gaoliangdao
Gasym Hany	Gasym Hany	canonical	mechanical_normalization	1	gasymhany
Gaya	Gaya	canonical	mechanical_normalization	1	gaya
Gazan	Gazan	canonical	mechanical_normalization	1	gazan
Gendjah_Gempol	Gendjah_Gempol	canonical	mechanical_normalization	1	gendjahgempol
Genfengsimiao	Genfengsimiao	canonical	mechanical_normalization	1	genfengsimiao
Geng You 1	Geng You 1	canonical	mechanical_normalization	1	gengyou1
Geng You 7699	Geng You 7699	canonical	mechanical_normalization	1	gengyou7699
Geonganghongmi	Geonganghongmi	canonical	mechanical_normalization	1	geonganghongmi
Ggaebyeo	Ggaebyeo	canonical	mechanical_normalization	1	ggaebyeo
Gia Loc 37	Gia Loc 37	canonical	mechanical_normalization	1	gialoc37
Gigante	Gigante	canonical	mechanical_normalization	1	gigante
Giho	Giho	canonical	mechanical_normalization	1	giho
Giza14	Giza14	canonical	mechanical_normalization	1	giza14
Giza177	Giza177	canonical	mechanical_normalization	1	giza177
Giza181	Giza181	canonical	mechanical_normalization	1	giza181
Goami	Goami	canonical	mechanical_normalization	1	goami
Godawee	Godawee	canonical	mechanical_normalization	1	godawee
Gompa 2	Gompa 2	canonical	mechanical_normalization	1	gompa2
Gong Mi 9	Gong Mi 9	canonical	mechanical_normalization	1	gongmi9
Gongzhuling03	Gongzhuling03	canonical	mechanical_normalization	1	gongzhuling03
Gongzhuling06	Gongzhuling06	canonical	mechanical_normalization	1	gongzhuling06
Gongzhuling07	Gongzhuling07	canonical	mechanical_normalization	1	gongzhuling07
Gopum	Gopum	canonical	mechanical_normalization	1	gopum
Goryeong 13	Goryeong 13	canonical	mechanical_normalization	1	goryeong13
Gou Dang 3	Gou Dang 3	canonical	mechanical_normalization	1	goudang3
Goun	Goun	canonical	mechanical_normalization	1	goun
Grassy	Grassy	canonical	mechanical_normalization	1	grassy
Green Pearl 3	Green Pearl 3	canonical	mechanical_normalization	1	greenpearl3
Gu223	Gu223	canonical	mechanical_normalization	1	gu223
Gu34	Gu34	canonical	mechanical_normalization	1	gu34
Guang Chang Ai 6	Guang Chang Ai 6	canonical	mechanical_normalization	1	guangchangai6
Guang Hui 1288	Guang Hui 1288	canonical	mechanical_normalization	1	guanghui1288
Guang Liang You19	Guang Liang You19	canonical	mechanical_normalization	1	guangliangyou19
Guang You 7289	Guang You 7289	canonical	mechanical_normalization	1	guangyou7289
Guang lu ai4	Guang lu ai4	canonical	mechanical_normalization	1	guangluai4
Guang23A	Guang23A	canonical	mechanical_normalization	1	guang23a
Guang8B	Guang8B	canonical	mechanical_normalization	1	guang8b
Guangchangai3784	Guangchangai3784	canonical	mechanical_normalization	1	guangchangai3784
Guangchangai4182	Guangchangai4182	canonical	mechanical_normalization	1	guangchangai4182
Guangdong223A	Guangdong223A	canonical	mechanical_normalization	1	guangdong223a
Guanger104	Guanger104	canonical	mechanical_normalization	1	guanger104
Guangershi	Guangershi	canonical	mechanical_normalization	1	guangershi
GuangheA	GuangheA	canonical	mechanical_normalization	1	guanghea
Guanghui122	Guanghui122	canonical	mechanical_normalization	1	guanghui122
Guanghui128	Guanghui128	canonical	mechanical_normalization	1	guanghui128
Guanghui312	Guanghui312	canonical	mechanical_normalization	1	guanghui312
Guanghui3550	Guanghui3550	canonical	mechanical_normalization	1	guanghui3550
Guanghui368	Guanghui368	canonical	mechanical_normalization	1	guanghui368
Guanghui380	Guanghui380	canonical	mechanical_normalization	1	guanghui380
Guanghui880	Guanghui880	canonical	mechanical_normalization	1	guanghui880
Guanghui998	Guanghui998	canonical	mechanical_normalization	1	guanghui998
Guangjie9hao	Guangjie9hao	canonical	mechanical_normalization	1	guangjie9hao
Guangkang13A	Guangkang13A	canonical	mechanical_normalization	1	guangkang13a
Guangluai4hao	Guangluai4hao	canonical	mechanical_normalization	1	guangluai4hao
GuanglugenA	GuanglugenA	canonical	mechanical_normalization	1	guanglugena
Guangmingnuo2	Guangmingnuo2	canonical	mechanical_normalization	1	guangmingnuo2
GuangmoHS	GuangmoHS	canonical	mechanical_normalization	1	guangmohs
GuangmoS	GuangmoS	canonical	mechanical_normalization	1	guangmos
Guangnuo	Guangnuo	canonical	mechanical_normalization	1	guangnuo
Guangtang69A	Guangtang69A	canonical	mechanical_normalization	1	guangtang69a
Guangxiang24S	Guangxiang24S	canonical	mechanical_normalization	1	guangxiang24s
Guangxuan3hao	Guangxuan3hao	canonical	mechanical_normalization	1	guangxuan3hao
Guangyuanzhan5hao	Guangyuanzhan5hao	canonical	mechanical_normalization	1	guangyuanzhan5hao
Guangzhan63-4S	Guangzhan63-4S	canonical	mechanical_normalization	1	guangzhan634s
Guangzhan63S	Guangzhan63S	canonical	mechanical_normalization	1	guangzhan63s
Guanzhangnuo	Guanzhangnuo	canonical	mechanical_normalization	1	guanzhangnuo
Guemnam	Guemnam	canonical	mechanical_normalization	1	guemnam
GufengA	GufengA	canonical	mechanical_normalization	1	gufenga
Gugui1563	Gugui1563	canonical	mechanical_normalization	1	gugui1563
Guhwangdo	Guhwangdo	canonical	mechanical_normalization	1	guhwangdo
Gui 826	Gui 826	canonical	mechanical_normalization	1	gui826
Gui Feng Xiang Zhan	Gui Feng Xiang Zhan	canonical	mechanical_normalization	1	guifengxiangzhan
Gui Fu 3	Gui Fu 3	canonical	mechanical_normalization	1	guifu3
Gui Hui 051	Gui Hui 051	canonical	mechanical_normalization	1	guihui051
Gui Yu 18	Gui Yu 18	canonical	mechanical_normalization	1	guiyu18
Gui1025	Gui1025	canonical	mechanical_normalization	1	gui1025
Gui44	Gui44	canonical	mechanical_normalization	1	gui44
Gui553	Gui553	canonical	mechanical_normalization	1	gui553
Gui582	Gui582	canonical	mechanical_normalization	1	gui582
Gui649	Gui649	canonical	mechanical_normalization	1	gui649
Gui99	Gui99	canonical	mechanical_normalization	1	gui99
Guichao 2	Guichao 2	canonical	mechanical_normalization	1	guichao2
Guichao13	Guichao13	canonical	mechanical_normalization	1	guichao13
Guifeng105A	Guifeng105A	canonical	mechanical_normalization	1	guifeng105a
Guifengxiang306A	Guifengxiang306A	canonical	mechanical_normalization	1	guifengxiang306a
Guifu3hao	Guifu3hao	canonical	mechanical_normalization	1	guifu3hao
Guihuahuang2	Guihuahuang2	canonical	mechanical_normalization	1	guihuahuang2
Guihuaqiu	Guihuaqiu	canonical	mechanical_normalization	1	guihuaqiu
Guihuazhan	Guihuazhan	canonical	mechanical_normalization	1	guihuazhan
Guihui985	Guihui985	canonical	mechanical_normalization	1	guihui985
Guike-2S	Guike-2S	canonical	mechanical_normalization	1	guike2s
Guiluai3hao	Guiluai3hao	canonical	mechanical_normalization	1	guiluai3hao
Guiluai8hao	Guiluai8hao	canonical	mechanical_normalization	1	guiluai8hao
Guiyangai49	Guiyangai49	canonical	mechanical_normalization	1	guiyangai49
Gujang1	Gujang1	canonical	mechanical_normalization	1	gujang1
Gujang2	Gujang2	canonical	mechanical_normalization	1	gujang2
Gujang3	Gujang3	canonical	mechanical_normalization	1	gujang3
Gujang4	Gujang4	canonical	mechanical_normalization	1	gujang4
Gujungdo 99	Gujungdo 99	canonical	mechanical_normalization	1	gujungdo99
Gul Tepi::G1-1	Gul Tepi::G1-1	canonical	mechanical_normalization	1	gultepig11
Gumpangar	Gumpangar	canonical	mechanical_normalization	1	gumpangar
Gunong2923	Gunong2923	canonical	mechanical_normalization	1	gunong2923
Guojisuo1hao	Guojisuo1hao	canonical	mechanical_normalization	1	guojisuo1hao
Guoximomi	Guoximomi	canonical	mechanical_normalization	1	guoximomi
Guoyou12	Guoyou12	canonical	mechanical_normalization	1	guoyou12
Gwangan	Gwangan	canonical	mechanical_normalization	1	gwangan
Gwiseong1	Gwiseong1	canonical	mechanical_normalization	1	gwiseong1
Gwiseong10	Gwiseong10	canonical	mechanical_normalization	1	gwiseong10
Gwiseong11	Gwiseong11	canonical	mechanical_normalization	1	gwiseong11
Gwiseong12	Gwiseong12	canonical	mechanical_normalization	1	gwiseong12
Gwiseong2	Gwiseong2	canonical	mechanical_normalization	1	gwiseong2
Gwiseong3	Gwiseong3	canonical	mechanical_normalization	1	gwiseong3
Gwiseong4	Gwiseong4	canonical	mechanical_normalization	1	gwiseong4
Gwiseong5	Gwiseong5	canonical	mechanical_normalization	1	gwiseong5
Gwiseong6	Gwiseong6	canonical	mechanical_normalization	1	gwiseong6
Gwiseong7	Gwiseong7	canonical	mechanical_normalization	1	gwiseong7
Gwiseong8	Gwiseong8	canonical	mechanical_normalization	1	gwiseong8
Gwiseong9	Gwiseong9	canonical	mechanical_normalization	1	gwiseong9
Gyehwa	Gyehwa	canonical	mechanical_normalization	1	gyehwa
H1	H1	canonical	mechanical_normalization	1	h1
H1-F6	H1-F6	canonical	mechanical_normalization	1	h1f6
H175S	H175S	canonical	mechanical_normalization	1	h175s
H18	H18	canonical	mechanical_normalization	1	h18
H198	H198	canonical	mechanical_normalization	1	h198
H2-F6	H2-F6	canonical	mechanical_normalization	1	h2f6
H21	H21	canonical	mechanical_normalization	1	h21
H24	H24	canonical	mechanical_normalization	1	h24
H256-76-1-1-1	H256-76-1-1-1	canonical	mechanical_normalization	1	h25676111
H26	H26	canonical	mechanical_normalization	1	h26
H282	H282	canonical	mechanical_normalization	1	h282
H3-F6	H3-F6	canonical	mechanical_normalization	1	h3f6
H30	H30	canonical	mechanical_normalization	1	h30
H396	H396	canonical	mechanical_normalization	1	h396
H4-F6	H4-F6	canonical	mechanical_normalization	1	h4f6
H5	H5	canonical	mechanical_normalization	1	h5
H5-F6	H5-F6	canonical	mechanical_normalization	1	h5f6
H52	H52	canonical	mechanical_normalization	1	h52
H57-3-1	H57-3-1	canonical	mechanical_normalization	1	h5731
H6	H6	canonical	mechanical_normalization	1	h6
H6-F6	H6-F6	canonical	mechanical_normalization	1	h6f6
H611	H611	canonical	mechanical_normalization	1	h611
H7	H7	canonical	mechanical_normalization	1	h7
H7-F6	H7-F6	canonical	mechanical_normalization	1	h7f6
H78	H78	canonical	mechanical_normalization	1	h78
H8-F6	H8-F6	canonical	mechanical_normalization	1	h8f6
H819	H819	canonical	mechanical_normalization	1	h819
H9	H9	canonical	mechanical_normalization	1	h9
H947	H947	canonical	mechanical_normalization	1	h947
HANDAO 3	HANDAO 3	canonical	mechanical_normalization	1	handao3
HANDAO 8	HANDAO 8	canonical	mechanical_normalization	1	handao8
HANHUI 15	HANHUI 15	canonical	mechanical_normalization	1	hanhui15
Hanhui3	HANHUI 3	spelling_variant	mechanical_normalization	1	hanhui3
HAOGANG	HAOGANG	canonical	mechanical_normalization	1	haogang
HAOHAI	HAOHAI	canonical	mechanical_normalization	1	haohai
HB	HB	canonical	mechanical_normalization	1	hb
HB-6-2	HB-6-2	canonical	mechanical_normalization	1	hb62
HB569	HB569	canonical	mechanical_normalization	1	hb569
HB82A	HB82A	canonical	mechanical_normalization	1	hb82a
HB_GN_F2_BPT5204XNLR-33892	HB_GN_F2_BPT5204XNLR-33892	canonical	mechanical_normalization	1	hbgnf2bpt5204xnlr33892
HD961	HD961	canonical	mechanical_normalization	1	hd961
HD9802S	HD9802S	canonical	mechanical_normalization	1	hd9802s
HEGANXIANNIAN	HEGANXIANNIAN	canonical	mechanical_normalization	1	heganxiannian
HIGE	HIGE	canonical	mechanical_normalization	1	hige
HKG 98	HKG 98	canonical	mechanical_normalization	1	hkg98
HOSOGARA 1	HOSOGARA 1	canonical	mechanical_normalization	1	hosogara1
HOSOGARA BOUZU	HOSOGARA BOUZU	canonical	mechanical_normalization	1	hosogarabouzu
HR1128	HR1128	canonical	mechanical_normalization	1	hr1128
HR32067F1-3-5-1	HR32067F1-3-5-1	canonical	mechanical_normalization	1	hr32067f1351
HR32067F1-4-16-1	HR32067F1-4-16-1	canonical	mechanical_normalization	1	hr32067f14161
HR32069F1-1-3-1	HR32069F1-1-3-1	canonical	mechanical_normalization	1	hr32069f1131
HS-3	HS-3	canonical	mechanical_normalization	1	hs3
HTGW	HTGW	canonical	mechanical_normalization	1	htgw
HT_10_1	HT_10_1	canonical	mechanical_normalization	1	ht101
HT_10_2	HT_10_2	canonical	mechanical_normalization	1	ht102
HT_10_3	HT_10_3	canonical	mechanical_normalization	1	ht103
HT_10_4	HT_10_4	canonical	mechanical_normalization	1	ht104
HT_10_5	HT_10_5	canonical	mechanical_normalization	1	ht105
HT_11_1	HT_11_1	canonical	mechanical_normalization	1	ht111
HT_11_2	HT_11_2	canonical	mechanical_normalization	1	ht112
HT_11_3	HT_11_3	canonical	mechanical_normalization	1	ht113
HT_11_4	HT_11_4	canonical	mechanical_normalization	1	ht114
HT_11_5	HT_11_5	canonical	mechanical_normalization	1	ht115
HT_11_7	HT_11_7	canonical	mechanical_normalization	1	ht117
HT_4_2	HT_4_2	canonical	mechanical_normalization	1	ht42
HT_4_3	HT_4_3	canonical	mechanical_normalization	1	ht43
HT_4_4	HT_4_4	canonical	mechanical_normalization	1	ht44
HT_4_5	HT_4_5	canonical	mechanical_normalization	1	ht45
HT_4_6	HT_4_6	canonical	mechanical_normalization	1	ht46
HT_7_1	HT_7_1	canonical	mechanical_normalization	1	ht71
HT_7_2	HT_7_2	canonical	mechanical_normalization	1	ht72
HT_7_3	HT_7_3	canonical	mechanical_normalization	1	ht73
HT_7_4	HT_7_4	canonical	mechanical_normalization	1	ht74
HT_7_5	HT_7_5	canonical	mechanical_normalization	1	ht75
HUHAN 15	HUHAN 15	canonical	mechanical_normalization	1	huhan15
HUHAN 1B	HUHAN 1B	canonical	mechanical_normalization	1	huhan1b
HUHAN 2B	HUHAN 2B	canonical	mechanical_normalization	1	huhan2b
HUHAN 3	HUHAN 3	canonical	mechanical_normalization	1	huhan3
HUHAN 7B	HUHAN 7B	canonical	mechanical_normalization	1	huhan7b
Haechanmulgyeol	Haechanmulgyeol	canonical	mechanical_normalization	1	haechanmulgyeol
Haedamssal	Haedamssal	canonical	mechanical_normalization	1	haedamssal
Haeoreumi	Haeoreumi	canonical	mechanical_normalization	1	haeoreumi
Haepyeong	Haepyeong	canonical	mechanical_normalization	1	haepyeong
Haiami	Haiami	canonical	mechanical_normalization	1	haiami
Hainanxian_R	Hainanxian_R	canonical	mechanical_normalization	1	hainanxianr
Haitian diploid	Haitian diploid	canonical	mechanical_normalization	1	haitiandiploid
Haitian tetraploid	Haitian tetraploid	canonical	mechanical_normalization	1	haitiantetraploid
Haitian tetraploid self-reverted diploid	Haitian tetraploid self-reverted diploid	canonical	mechanical_normalization	1	haitiantetraploidselfreverteddiploid
Haixiuzhan9hao	Haixiuzhan9hao	canonical	mechanical_normalization	1	haixiuzhan9hao
HaiyeA	HaiyeA	canonical	mechanical_normalization	1	haiyea
Hakutyoumochi	Hakutyoumochi	canonical	mechanical_normalization	1	hakutyoumochi
Hamyeong1-1	Hamyeong1-1	canonical	mechanical_normalization	1	hamyeong11
Han Dao 306	Han Dao 306	canonical	mechanical_normalization	1	handao306
Han Hui 2	Han Hui 2	canonical	mechanical_normalization	1	hanhui2
Hanam	Hanam	canonical	mechanical_normalization	1	hanam
Hanareum 2	Hanareum 2	canonical	mechanical_normalization	1	hanareum2
Handeul	Handeul	canonical	mechanical_normalization	1	handeul
Hang1hao	Hang1hao	canonical	mechanical_normalization	1	hang1hao
Hang959	Hang959	canonical	mechanical_normalization	1	hang959
Hanghui570	Hanghui570	canonical	mechanical_normalization	1	hanghui570
Hangibuji	Hangibuji	canonical	mechanical_normalization	1	hangibuji
Hanhui3hao	Hanhui3hao	canonical	mechanical_normalization	1	hanhui3hao
Hanmadao	Hanmadao	canonical	mechanical_normalization	1	hanmadao
Hanmaeum	Hanmaeum	canonical	mechanical_normalization	1	hanmaeum
Hannuo	Hannuo	canonical	mechanical_normalization	1	hannuo
Hannuo 1	Hannuo 1	canonical	mechanical_normalization	1	hannuo1
Hanseol	Hanseol	canonical	mechanical_normalization	1	hanseol
Hanyou3	Hanyou3	canonical	mechanical_normalization	1	hanyou3
Hanyou73	Hanyou73	canonical	mechanical_normalization	1	hanyou73
Haoanhong	Haoanhong	canonical	mechanical_normalization	1	haoanhong
Haoanhuang	Haoanhuang	canonical	mechanical_normalization	1	haoanhuang
Haoanlai	Haoanlai	canonical	mechanical_normalization	1	haoanlai
Haobuqia	Haobuqia	canonical	mechanical_normalization	1	haobuqia
Haodali	Haodali	canonical	mechanical_normalization	1	haodali
Haofengyao	Haofengyao	canonical	mechanical_normalization	1	haofengyao
Haohai 1	Haohai 1	canonical	mechanical_normalization	1	haohai1
Haoyao	Haoyao	canonical	mechanical_normalization	1	haoyao
Haploid1-1	Haploid1-1	canonical	mechanical_normalization	1	haploid11
Haploid1-2	Haploid1-2	canonical	mechanical_normalization	1	haploid12
Haploid1-3	Haploid1-3	canonical	mechanical_normalization	1	haploid13
Haploid2-1	Haploid2-1	canonical	mechanical_normalization	1	haploid21
Haploid2-2	Haploid2-2	canonical	mechanical_normalization	1	haploid22
Haploid2-3	Haploid2-3	canonical	mechanical_normalization	1	haploid23
Hasawi	Hasawi	canonical	mechanical_normalization	1	hasawi
Hatsuboshi	Hatsuboshi	canonical	mechanical_normalization	1	hatsuboshi
He Xi Feng Zhan	He Xi Feng Zhan	canonical	mechanical_normalization	1	hexifengzhan
Heenati	Heenati	canonical	mechanical_normalization	1	heenati
Hefengzhan	Hefengzhan	canonical	mechanical_normalization	1	hefengzhan
HefengzhanB	HefengzhanB	canonical	mechanical_normalization	1	hefengzhanb
Hehui6813	Hehui6813	canonical	mechanical_normalization	1	hehui6813
Hei Da G195	Hei Da G195	canonical	mechanical_normalization	1	heidag195
Hei Geng Nuo 3	Hei Geng Nuo 3	canonical	mechanical_normalization	1	heigengnuo3
Heidou4hao	Heidou4hao	canonical	mechanical_normalization	1	heidou4hao
Heigu 1	Heigu 1	canonical	mechanical_normalization	1	heigu1
Heigu 2	Heigu 2	canonical	mechanical_normalization	1	heigu2
Heigu 3	Heigu 3	canonical	mechanical_normalization	1	heigu3
Heiguomi	Heiguomi	canonical	mechanical_normalization	1	heiguomi
Heijunuo	Heijunuo	canonical	mechanical_normalization	1	heijunuo
Heinuo	Heinuo	canonical	mechanical_normalization	1	heinuo
Heinuomi	Heinuomi	canonical	mechanical_normalization	1	heinuomi
Heizuigu	Heizuigu	canonical	mechanical_normalization	1	heizuigu
Hejiang 19	Hejiang 19	canonical	mechanical_normalization	1	hejiang19
Hejiang 20	Hejiang 20	canonical	mechanical_normalization	1	hejiang20
Hejiang 5	Hejiang 5	canonical	mechanical_normalization	1	hejiang5
Hejing_1hao	Hejing_1hao	canonical	mechanical_normalization	1	hejing1hao
HengfengA	HengfengA	canonical	mechanical_normalization	1	hengfenga
Hengxiangnuo488	Hengxiangnuo488	canonical	mechanical_normalization	1	hengxiangnuo488
Henongsimiao	Henongsimiao	canonical	mechanical_normalization	1	henongsimiao
Henuo215	Henuo215	canonical	mechanical_normalization	1	henuo215
Heo Trang	Heo Trang	canonical	mechanical_normalization	1	heotrang
Heocheon1	Heocheon1	canonical	mechanical_normalization	1	heocheon1
Heocheon2	Heocheon2	canonical	mechanical_normalization	1	heocheon2
Heocheon3	Heocheon3	canonical	mechanical_normalization	1	heocheon3
Heocheon4	Heocheon4	canonical	mechanical_normalization	1	heocheon4
Heughyang	Heughyang	canonical	mechanical_normalization	1	heughyang
Heugjinju	Heugjinju	canonical	mechanical_normalization	1	heugjinju
Heugkwang	Heugkwang	canonical	mechanical_normalization	1	heugkwang
Heugseol	Heugseol	canonical	mechanical_normalization	1	heugseol
HeyeguangxuanzaoA	HeyeguangxuanzaoA	canonical	mechanical_normalization	1	heyeguangxuanzaoa
Hi Muke	Hi Muke	canonical	mechanical_normalization	1	himuke
Hidalgo	Hidalgo	canonical	mechanical_normalization	1	hidalgo
Hilay	Hilay	canonical	mechanical_normalization	1	hilay
Hinohikari	Hinohikari	canonical	mechanical_normalization	1	hinohikari
Hoban	Hoban	canonical	mechanical_normalization	1	hoban
Hoeyang1	Hoeyang1	canonical	mechanical_normalization	1	hoeyang1
Hoeyang2	Hoeyang2	canonical	mechanical_normalization	1	hoeyang2
Hoeyang3	Hoeyang3	canonical	mechanical_normalization	1	hoeyang3
Hokkaiwase	Hokkaiwase	canonical	mechanical_normalization	1	hokkaiwase
Hokuriku 130	Hokuriku 130	canonical	mechanical_normalization	1	hokuriku130
Hokuriku193	Hokuriku193	canonical	mechanical_normalization	1	hokuriku193
Homarenishiki	Homarenishiki	canonical	mechanical_normalization	1	homarenishiki
Homina	Homina	canonical	mechanical_normalization	1	homina
Hong Cheng 26	Hong Cheng 26	canonical	mechanical_normalization	1	hongcheng26
Hong Mi Dao	Hong Mi Dao	canonical	mechanical_normalization	1	hongmidao
Hong Qing Zao	Hong Qing Zao	canonical	mechanical_normalization	1	hongqingzao
Hong Se Ma Ke Xian	Hong Se Ma Ke Xian	canonical	mechanical_normalization	1	hongsemakexian
Hong Yang 2 Hao	Hong Yang 2 Hao	canonical	mechanical_normalization	1	hongyang2hao
Hong You 2	Hong You 2	canonical	mechanical_normalization	1	hongyou2
Hong410	Hong410	canonical	mechanical_normalization	1	hong410
HongA	HongA	canonical	mechanical_normalization	1	honga
Honggu 1	Honggu 1	canonical	mechanical_normalization	1	honggu1
Honggu 2	Honggu 2	canonical	mechanical_normalization	1	honggu2
Honggu 3	Honggu 3	canonical	mechanical_normalization	1	honggu3
Hongguomi	Hongguomi	canonical	mechanical_normalization	1	hongguomi
Hongguyangjie	Hongguyangjie	canonical	mechanical_normalization	1	hongguyangjie
Honghexi	Honghexi	canonical	mechanical_normalization	1	honghexi
Honghua15A	Honghua15A	canonical	mechanical_normalization	1	honghua15a
Hongjiaozhan	Hongjiaozhan	canonical	mechanical_normalization	1	hongjiaozhan
Hongjinju	Hongjinju	canonical	mechanical_normalization	1	hongjinju
Hongke	Hongke	canonical	mechanical_normalization	1	hongke
Hongkemi	Hongkemi	canonical	mechanical_normalization	1	hongkemi
Hongmangshajing	Hongmangshajing	canonical	mechanical_normalization	1	hongmangshajing
Hongnan	Hongnan	canonical	mechanical_normalization	1	hongnan
Hongnong_5hao	Hongnong_5hao	canonical	mechanical_normalization	1	hongnong5hao
Hongseong1	Hongseong1	canonical	mechanical_normalization	1	hongseong1
Hongxiang 1	Hongxiang 1	canonical	mechanical_normalization	1	hongxiang1
Hongxiang2hao	Hongxiang2hao	canonical	mechanical_normalization	1	hongxiang2hao
Hongxiangmi	Hongxiangmi	canonical	mechanical_normalization	1	hongxiangmi
Hongyun33	Hongyun33	canonical	mechanical_normalization	1	hongyun33
Honoka 224	Honoka 224	canonical	mechanical_normalization	1	honoka224
HopumA	HopumA	canonical	mechanical_normalization	1	hopuma
Hounenwase	Hounenwase	canonical	mechanical_normalization	1	hounenwase
Hsin Hsing Pai Ku	Hsin Hsing Pai Ku	canonical	mechanical_normalization	1	hsinhsingpaiku
Hu Han19	Hu Han19	canonical	mechanical_normalization	1	huhan19
Hu Hui 8258	Hu Hui 8258	canonical	mechanical_normalization	1	huhui8258
Hua 99115	Hua 99115	canonical	mechanical_normalization	1	hua99115
Hua Hang 31	Hua Hang 31	canonical	mechanical_normalization	1	huahang31
Hua Jing	Hua Jing	canonical	mechanical_normalization	1	huajing
Hua Si Zhan	Hua Si Zhan	canonical	mechanical_normalization	1	huasizhan
Huazhan	Hua Zhan	spelling_variant	mechanical_normalization	1	huazhan
Hua-2	Hua-2	canonical	mechanical_normalization	1	hua2
Hua-Lou	Hua-Lou	canonical	mechanical_normalization	1	hualou
Hua1015S	Hua1015S	canonical	mechanical_normalization	1	hua1015s
Hua1037S	Hua1037S	canonical	mechanical_normalization	1	hua1037s
Hua1165S	Hua1165S	canonical	mechanical_normalization	1	hua1165s
Hua1201S	Hua1201S	canonical	mechanical_normalization	1	hua1201s
Hua1903	Hua1903	canonical	mechanical_normalization	1	hua1903
Hua1A	Hua1A	canonical	mechanical_normalization	1	hua1a
Hua2A	Hua2A	canonical	mechanical_normalization	1	hua2a
Hua3234	Hua3234	canonical	mechanical_normalization	1	hua3234
Hua68S	Hua68S	canonical	mechanical_normalization	1	hua68s
Hua7620	Hua7620	canonical	mechanical_normalization	1	hua7620
Huabanggu "Heidagu	Huabanggu "Heidagu	canonical	mechanical_normalization	1	huabangguheidagu
Huafeng1A	Huafeng1A	canonical	mechanical_normalization	1	huafeng1a
Huagengxian74	Huagengxian74	canonical	mechanical_normalization	1	huagengxian74
Hua Hang 31	Huahang31	spelling_variant	mechanical_normalization	1	huahang31
Huahangsimiao	Huahangsimiao	canonical	mechanical_normalization	1	huahangsimiao
Huahui118	Huahui118	canonical	mechanical_normalization	1	huahui118
Huahui352	Huahui352	canonical	mechanical_normalization	1	huahui352
Huai96-1	Huai96-1	canonical	mechanical_normalization	1	huai961
Huaidao40	Huaidao40	canonical	mechanical_normalization	1	huaidao40
Huaidao5hao	Huaidao5hao	canonical	mechanical_normalization	1	huaidao5hao
Huaidao9hao	Huaidao9hao	canonical	mechanical_normalization	1	huaidao9hao
Huaidao_11hao	Huaidao_11hao	canonical	mechanical_normalization	1	huaidao11hao
Huaidao_8hao	Huaidao_8hao	canonical	mechanical_normalization	1	huaidao8hao
Huaidao9hao	Huaidao_9hao	spelling_variant	mechanical_normalization	1	huaidao9hao
Huaijingnuo20	Huaijingnuo20	canonical	mechanical_normalization	1	huaijingnuo20
Huainuo0628	Huainuo0628	canonical	mechanical_normalization	1	huainuo0628
Huainuo12	Huainuo12	canonical	mechanical_normalization	1	huainuo12
Huajing_5hao	Huajing_5hao	canonical	mechanical_normalization	1	huajing5hao
Huajing_6hao	Huajing_6hao	canonical	mechanical_normalization	1	huajing6hao
Huajingxian74	Huajingxian74	canonical	mechanical_normalization	1	huajingxian74
Huakehangu	Huakehangu	canonical	mechanical_normalization	1	huakehangu
Hualien124	Hualien124	canonical	mechanical_normalization	1	hualien124
Hualien133	Hualien133	canonical	mechanical_normalization	1	hualien133
Huamang	Huamang	canonical	mechanical_normalization	1	huamang
Huanan15	Huanan15	canonical	mechanical_normalization	1	huanan15
Huanghuazhan	Huang Hua Zhan	abbreviation	curated_common_usage	1	huanghuazhan
Huang Ke Xiang 1	Huang Ke Xiang 1	canonical	mechanical_normalization	1	huangkexiang1
Huang Li Zhan	Huang Li Zhan	canonical	mechanical_normalization	1	huanglizhan
Huangbansuo	Huangbansuo	canonical	mechanical_normalization	1	huangbansuo
Huangchaozhan	Huangchaozhan	canonical	mechanical_normalization	1	huangchaozhan
Huanghuazhan-1	Huanghuazhan-1	canonical	mechanical_normalization	1	huanghuazhan1
Huanghuazhan-2	Huanghuazhan-2	canonical	mechanical_normalization	1	huanghuazhan2
Huanghuazhan:HM2-S125	Huanghuazhan:HM2-S125	canonical	mechanical_normalization	1	huanghuazhanhm2s125
Huanghuazhan:HM2-S55	Huanghuazhan:HM2-S55	canonical	mechanical_normalization	1	huanghuazhanhm2s55
Huanghuixiang	Huanghuixiang	canonical	mechanical_normalization	1	huanghuixiang
Huangkenuo 1	Huangkenuo 1	canonical	mechanical_normalization	1	huangkenuo1
Huangkenuo 2	Huangkenuo 2	canonical	mechanical_normalization	1	huangkenuo2
Huang Li Zhan	HuanglizHan	spelling_variant	mechanical_normalization	1	huanglizhan
Huangsinuogu	Huangsinuogu	canonical	mechanical_normalization	1	huangsinuogu
Huangxiang2hao	Huangxiang2hao	canonical	mechanical_normalization	1	huangxiang2hao
Huangxinzhan	Huangxinzhan	canonical	mechanical_normalization	1	huangxinzhan
HuangxiuzHan	HuangxiuzHan	canonical	mechanical_normalization	1	huangxiuzhan
HuangxiuzHan	Huangxiuzhan	spelling_variant	mechanical_normalization	1	huangxiuzhan
Huangxuan3R	Huangxuan3R	canonical	mechanical_normalization	1	huangxuan3r
Huarun2hao	Huarun2hao	canonical	mechanical_normalization	1	huarun2hao
Hua Si Zhan	Huasizhan	spelling_variant	mechanical_normalization	1	huasizhan
HuaxiangA	HuaxiangA	canonical	mechanical_normalization	1	huaxianga
Huaye rice	Huaye rice	canonical	mechanical_normalization	1	huayerice
Huaye3	Huaye3	canonical	mechanical_normalization	1	huaye3
Huaye3-4x-G1	Huaye3-4x-G1	canonical	mechanical_normalization	1	huaye34xg1
Huaye3-4x-G2	Huaye3-4x-G2	canonical	mechanical_normalization	1	huaye34xg2
Huaye3-4x-G3	Huaye3-4x-G3	canonical	mechanical_normalization	1	huaye34xg3
Huayu 13	Huayu 13	canonical	mechanical_normalization	1	huayu13
Huayu4127S	Huayu4127S	canonical	mechanical_normalization	1	huayu4127s
Huazhan47	Huazhan47	canonical	mechanical_normalization	1	huazhan47
Huazhenuo	Huazhenuo	canonical	mechanical_normalization	1	huazhenuo
Hugeng137	Hugeng137	canonical	mechanical_normalization	1	hugeng137
Huhan1517	Huhan1517	canonical	mechanical_normalization	1	huhan1517
Huhan1A	Huhan1A	canonical	mechanical_normalization	1	huhan1a
Huhan3Hao	Huhan3Hao	canonical	mechanical_normalization	1	huhan3hao
Huhan3Hao	Huhan3hao	spelling_variant	mechanical_normalization	1	huhan3hao
Huhan41	Huhan41	canonical	mechanical_normalization	1	huhan41
Huhan7A	Huhan7A	canonical	mechanical_normalization	1	huhan7a
Huhui5240	Huhui5240	canonical	mechanical_normalization	1	huhui5240
Hui Geng Xiang 1	Hui Geng Xiang 1	canonical	mechanical_normalization	1	huigengxiang1
Hui Hong Nuo 8	Hui Hong Nuo 8	canonical	mechanical_normalization	1	huihongnuo8
Hui Nong Zao 1	Hui Nong Zao 1	canonical	mechanical_normalization	1	huinongzao1
Hui Yu Hei Nuo	Hui Yu Hei Nuo	canonical	mechanical_normalization	1	huiyuheinuo
Hui2	Hui2	canonical	mechanical_normalization	1	hui2
Huifeng_1	Huifeng_1	canonical	mechanical_normalization	1	huifeng1
Huifeng_2	Huifeng_2	canonical	mechanical_normalization	1	huifeng2
Huinuo	Huinuo	canonical	mechanical_normalization	1	huinuo
Huixiangnuo101	Huixiangnuo101	canonical	mechanical_normalization	1	huixiangnuo101
Huixiangnuo103	Huixiangnuo103	canonical	mechanical_normalization	1	huixiangnuo103
Huke1A	Huke1A	canonical	mechanical_normalization	1	huke1a
Huke3hao	Huke3hao	canonical	mechanical_normalization	1	huke3hao
Huojingnuo903	Huojingnuo903	canonical	mechanical_normalization	1	huojingnuo903
Huruan1212	Huruan1212	canonical	mechanical_normalization	1	huruan1212
Huxiang618A	Huxiang618A	canonical	mechanical_normalization	1	huxiang618a
Hwadae1	Hwadae1	canonical	mechanical_normalization	1	hwadae1
Hwadae10	Hwadae10	canonical	mechanical_normalization	1	hwadae10
Hwadae11	Hwadae11	canonical	mechanical_normalization	1	hwadae11
Hwadae12	Hwadae12	canonical	mechanical_normalization	1	hwadae12
Hwadae13	Hwadae13	canonical	mechanical_normalization	1	hwadae13
Hwadae14	Hwadae14	canonical	mechanical_normalization	1	hwadae14
Hwadae15	Hwadae15	canonical	mechanical_normalization	1	hwadae15
Hwadae2	Hwadae2	canonical	mechanical_normalization	1	hwadae2
Hwadae3	Hwadae3	canonical	mechanical_normalization	1	hwadae3
Hwadae4	Hwadae4	canonical	mechanical_normalization	1	hwadae4
Hwadae5	Hwadae5	canonical	mechanical_normalization	1	hwadae5
Hwadae6	Hwadae6	canonical	mechanical_normalization	1	hwadae6
Hwadae7	Hwadae7	canonical	mechanical_normalization	1	hwadae7
Hwadae8	Hwadae8	canonical	mechanical_normalization	1	hwadae8
Hwadae9	Hwadae9	canonical	mechanical_normalization	1	hwadae9
Hwajinbyeo	Hwajinbyeo	canonical	mechanical_normalization	1	hwajinbyeo
Hwajung	Hwajung	canonical	mechanical_normalization	1	hwajung
Hwanambyeo	Hwanambyeo	canonical	mechanical_normalization	1	hwanambyeo
Hwang-Mu	Hwang-Mu	canonical	mechanical_normalization	1	hwangmu
Hwanggeumnodeul	Hwanggeumnodeul	canonical	mechanical_normalization	1	hwanggeumnodeul
Hwanggeumnuri	Hwanggeumnuri	canonical	mechanical_normalization	1	hwanggeumnuri
Hwangtojo	Hwangtojo	canonical	mechanical_normalization	1	hwangtojo
Hwarang	Hwarang	canonical	mechanical_normalization	1	hwarang
Hwasambyeo	Hwasambyeo	canonical	mechanical_normalization	1	hwasambyeo
Hwaseong	Hwaseong	canonical	mechanical_normalization	1	hwaseong
Hwaseongbatchal	Hwaseongbatchal	canonical	mechanical_normalization	1	hwaseongbatchal
Hwasin	Hwasin	canonical	mechanical_normalization	1	hwasin
Hyangmi 1	Hyangmi 1	canonical	mechanical_normalization	1	hyangmi1
Hyangnam	Hyangnam	canonical	mechanical_normalization	1	hyangnam
Hyangnambyeo	Hyangnambyeo	canonical	mechanical_normalization	1	hyangnambyeo
Hybrid rice	Hybrid rice	canonical	mechanical_normalization	1	hybridrice
Hybrid rice 4	Hybrid rice 4	canonical	mechanical_normalization	1	hybridrice4
Hybrid rice 5	Hybrid rice 5	canonical	mechanical_normalization	1	hybridrice5
Hybrid rice 6	Hybrid rice 6	canonical	mechanical_normalization	1	hybridrice6
Hybrid rice 7	Hybrid rice 7	canonical	mechanical_normalization	1	hybridrice7
Hybrid rice 8	Hybrid rice 8	canonical	mechanical_normalization	1	hybridrice8
IAC 1	IAC 1	canonical	mechanical_normalization	1	iac1
IAC 1246	IAC 1246	canonical	mechanical_normalization	1	iac1246
IAC 5100	IAC 5100	canonical	mechanical_normalization	1	iac5100
IAC600	IAC600	canonical	mechanical_normalization	1	iac600
IARI 6621	IARI 6621	canonical	mechanical_normalization	1	iari6621
IARI 6621::GSOR 311046-G1	IARI 6621::GSOR 311046-G1	canonical	mechanical_normalization	1	iari6621gsor311046g1
IARI 6626	IARI 6626	canonical	mechanical_normalization	1	iari6626
IARI 7449::GSOR 310318-G1	IARI 7449::GSOR 310318-G1	canonical	mechanical_normalization	1	iari7449gsor310318g1
IDSA 85	IDSA 85	canonical	mechanical_normalization	1	idsa85
IET2080	IET2080	canonical	mechanical_normalization	1	iet2080
IET28835	IET28835	canonical	mechanical_normalization	1	iet28835
IGUAPE CATETO	IGUAPE CATETO	canonical	mechanical_normalization	1	iguapecateto
II-32 B	II-32 B	canonical	mechanical_normalization	1	ii32b
II-32A	II-32A	canonical	mechanical_normalization	1	ii32a
II-32 B	II-32B	spelling_variant	mechanical_normalization	1	ii32b
IL38	IL38	canonical	mechanical_normalization	1	il38
INIAP 7	INIAP 7	canonical	mechanical_normalization	1	iniap7
IPEACO 162	IPEACO 162	canonical	mechanical_normalization	1	ipeaco162
IR 10781-75-3-2-2	IR 10781-75-3-2-2	canonical	mechanical_normalization	1	ir1078175322
IR 1487-372-4	IR 1487-372-4	canonical	mechanical_normalization	1	ir14873724
IR 2061-214-2-3	IR 2061-214-2-3	canonical	mechanical_normalization	1	ir206121423
IR 238	IR 238	canonical	mechanical_normalization	1	ir238
IR 29	IR 29	canonical	mechanical_normalization	1	ir29
IR 30358-084-1-1	IR 30358-084-1-1	canonical	mechanical_normalization	1	ir3035808411
IR 42	IR 42	canonical	mechanical_normalization	1	ir42
IR 442-2-58	IR 442-2-58	canonical	mechanical_normalization	1	ir442258
IR 4482-5-3-9-5	IR 4482-5-3-9-5	canonical	mechanical_normalization	1	ir44825395
IR 58	IR 58	canonical	mechanical_normalization	1	ir58
IR 58614-B-B-8-2	IR 58614-B-B-8-2	canonical	mechanical_normalization	1	ir58614bb82
IR 64-21	IR 64-21	canonical	mechanical_normalization	1	ir6421
IR 65907-116-1-B	IR 65907-116-1-B	canonical	mechanical_normalization	1	ir659071161b
IR 66417-18-1-1-1	IR 66417-18-1-1-1	canonical	mechanical_normalization	1	ir6641718111
IR 75942-9	IR 75942-9	canonical	mechanical_normalization	1	ir759429
IR 9660-48-1-1-2	IR 9660-48-1-1-2	canonical	mechanical_normalization	1	ir966048112
IR-20	IR-20	canonical	mechanical_normalization	1	ir20
IR50	IR-50	spelling_variant	mechanical_normalization	1	ir50
IR1112-116	IR1112-116	canonical	mechanical_normalization	1	ir1112116
IR112	IR112	canonical	mechanical_normalization	1	ir112
IR127-80-1-10	IR127-80-1-10	canonical	mechanical_normalization	1	ir12780110
IR13149-19-1	IR13149-19-1	canonical	mechanical_normalization	1	ir13149191
IR13188-9	IR13188-9	canonical	mechanical_normalization	1	ir131889
IR13535-64-6-2-3-2	IR13535-64-6-2-3-2	canonical	mechanical_normalization	1	ir13535646232
IR14497-15-2	IR14497-15-2	canonical	mechanical_normalization	1	ir14497152
IR15314-43-2-3-3	IR15314-43-2-3-3	canonical	mechanical_normalization	1	ir1531443233
IR1544-181-1-1	IR1544-181-1-1	canonical	mechanical_normalization	1	ir154418111
IR15795-232-3-3-3-2	IR15795-232-3-3-3-2	canonical	mechanical_normalization	1	ir157952323332
IR15847-135-1-1	IR15847-135-1-1	canonical	mechanical_normalization	1	ir1584713511
IR15975-232-3-3-3-2	IR15975-232-3-3-3-2	canonical	mechanical_normalization	1	ir159752323332
IR18272-1-1-3	IR18272-1-1-3	canonical	mechanical_normalization	1	ir18272113
IR18272-13-2	IR18272-13-2	canonical	mechanical_normalization	1	ir18272132
IR18272-27-3-1	IR18272-27-3-1	canonical	mechanical_normalization	1	ir182722731
IR18342-66-2-1	IR18342-66-2-1	canonical	mechanical_normalization	1	ir183426621
IR18348-36-3-3	IR18348-36-3-3	canonical	mechanical_normalization	1	ir183483633
IR19225-289-3-1-4	IR19225-289-3-1-4	canonical	mechanical_normalization	1	ir19225289314
IR19228-83-1-3	IR19228-83-1-3	canonical	mechanical_normalization	1	ir192288313
IR19392-115-3	IR19392-115-3	canonical	mechanical_normalization	1	ir193921153
IR19660-187-2-2-3-2	IR19660-187-2-2-3-2	canonical	mechanical_normalization	1	ir196601872232
IR19674-146-1-1-3-2	IR19674-146-1-1-3-2	canonical	mechanical_normalization	1	ir196741461132
IR19675-34-2-2-3-3A	IR19675-34-2-2-3-3A	canonical	mechanical_normalization	1	ir19675342233a
IR19728-9-2-2-3-3	IR19728-9-2-2-3-3	canonical	mechanical_normalization	1	ir1972892233
IR2031-724-2-3-4	IR2031-724-2-3-4	canonical	mechanical_normalization	1	ir2031724234
IR2055	IR2055	canonical	mechanical_normalization	1	ir2055
IR2070-178-2-3	IR2070-178-2-3	canonical	mechanical_normalization	1	ir207017823
IR2071-77-9-3-5	IR2071-77-9-3-5	canonical	mechanical_normalization	1	ir207177935
IR2153-26-3-5-6	IR2153-26-3-5-6	canonical	mechanical_normalization	1	ir215326356
IR2153-43-2-5-4	IR2153-43-2-5-4	canonical	mechanical_normalization	1	ir215343254
IR2153-550-2-6	IR2153-550-2-6	canonical	mechanical_normalization	1	ir215355026
IR21817-50-2	IR21817-50-2	canonical	mechanical_normalization	1	ir21817502
IR21840-186-3	IR21840-186-3	canonical	mechanical_normalization	1	ir218401863
IR21841-97-3-3	IR21841-97-3-3	canonical	mechanical_normalization	1	ir218419733
IR21845-90-3Msp-2A	IR21845-90-3Msp-2A	canonical	mechanical_normalization	1	ir21845903msp2a
IR21845-90-3Msp3aA	IR21845-90-3Msp3aA	canonical	mechanical_normalization	1	ir21845903msp3aa
IR21931-78-2-2	IR21931-78-2-2	canonical	mechanical_normalization	1	ir219317822
IR24-1	IR24-1	canonical	mechanical_normalization	1	ir241
IR24-2	IR24-2	canonical	mechanical_normalization	1	ir242
IR24609-134-3-3	IR24609-134-3-3	canonical	mechanical_normalization	1	ir2460913433
IR24609-4-2-3-1	IR24609-4-2-3-1	canonical	mechanical_normalization	1	ir246094231
IR2546-58-1	IR2546-58-1	canonical	mechanical_normalization	1	ir2546581
IR25572-87-3-3	IR25572-87-3-3	canonical	mechanical_normalization	1	ir255728733
IR25588-7-3-1	IR25588-7-3-1	canonical	mechanical_normalization	1	ir25588731
IR25621-135-1-1	IR25621-135-1-1	canonical	mechanical_normalization	1	ir2562113511
IR25840-83-3-2	IR25840-83-3-2	canonical	mechanical_normalization	1	ir258408332
IR25898-60-2-3	IR25898-60-2-3	canonical	mechanical_normalization	1	ir258986023
IR25924-92-1-3	IR25924-92-1-3	canonical	mechanical_normalization	1	ir259249213
IR25926-14-3-2	IR25926-14-3-2	canonical	mechanical_normalization	1	ir259261432
IR26-1	IR26-1	canonical	mechanical_normalization	1	ir261
IR26-2	IR26-2	canonical	mechanical_normalization	1	ir262
IR27300-124-2	IR27300-124-2	canonical	mechanical_normalization	1	ir273001242
IR27301-62-3	IR27301-62-3	canonical	mechanical_normalization	1	ir27301623
IR28	IR28	canonical	mechanical_normalization	1	ir28
IR28-1	IR28-1	canonical	mechanical_normalization	1	ir281
IR28-2	IR28-2	canonical	mechanical_normalization	1	ir282
IR28212-71-4-2-3	IR28212-71-4-2-3	canonical	mechanical_normalization	1	ir2821271423
IR2863-6-3	IR2863-6-3	canonical	mechanical_normalization	1	ir286363
IR29670-15-2-3	IR29670-15-2-3	canonical	mechanical_normalization	1	ir296701523
IR29692-65-2-3-3	IR29692-65-2-3-3	canonical	mechanical_normalization	1	ir2969265233
IR29708-113-3-2-2	IR29708-113-3-2-2	canonical	mechanical_normalization	1	ir29708113322
IR29725-109-1-2-1	IR29725-109-1-2-1	canonical	mechanical_normalization	1	ir29725109121
IR29725-109-1-2-l	IR29725-109-1-2-l	canonical	mechanical_normalization	1	ir2972510912l
IR29725-63-3-3-2	IR29725-63-3-3-2	canonical	mechanical_normalization	1	ir2972563332
IR31775-30-3-2-2-2	IR31775-30-3-2-2-2	canonical	mechanical_normalization	1	ir31775303222
IR31802-48-2-2-2	IR31802-48-2-2-2	canonical	mechanical_normalization	1	ir3180248222
IR31805-20-1-3-3	IR31805-20-1-3-3	canonical	mechanical_normalization	1	ir3180520133
IR31851-63-1-2-3-2	IR31851-63-1-2-3-2	canonical	mechanical_normalization	1	ir31851631232
IR31906-67-1-1-2-2	IR31906-67-1-1-2-2	canonical	mechanical_normalization	1	ir31906671122
IR32272-67-3-2-3	IR32272-67-3-2-3	canonical	mechanical_normalization	1	ir3227267323
IR32307-107-3-2-2	IR32307-107-3-2-2	canonical	mechanical_normalization	1	ir32307107322
IR32307-45-2-3-2	IR32307-45-2-3-2	canonical	mechanical_normalization	1	ir3230745232
IR32307-75-1-3-1	IR32307-75-1-3-1	canonical	mechanical_normalization	1	ir3230775131
IR32358-39-3-1-1	IR32358-39-3-1-1	canonical	mechanical_normalization	1	ir3235839311
IR32429-122-3-1-2	IR32429-122-3-1-2	canonical	mechanical_normalization	1	ir32429122312
IR32489-130-2-2-2	IR32489-130-2-2-2	canonical	mechanical_normalization	1	ir32489130222
IR32876-54-2-2-2	IR32876-54-2-2-2	canonical	mechanical_normalization	1	ir3287654222
IR34	IR34	canonical	mechanical_normalization	1	ir34
IR34631-6-1-3	IR34631-6-1-3	canonical	mechanical_normalization	1	ir34631613
IR34638-57-1-2	IR34638-57-1-2	canonical	mechanical_normalization	1	ir346385712
IR34681-107-3-3-3	IR34681-107-3-3-3	canonical	mechanical_normalization	1	ir34681107333
IR35286-18-3-3-2-3	IR35286-18-3-3-2-3	canonical	mechanical_normalization	1	ir35286183323
IR38	IR38	canonical	mechanical_normalization	1	ir38
IR 42	IR42	spelling_variant	mechanical_normalization	1	ir42
IR4422-480-2-3-3	IR4422-480-2-3-3	canonical	mechanical_normalization	1	ir4422480233
IR4422-51-1	IR4422-51-1	canonical	mechanical_normalization	1	ir4422511
IR46829A	IR46829A	canonical	mechanical_normalization	1	ir46829a
IR46830A	IR46830A	canonical	mechanical_normalization	1	ir46830a
IR48	IR48	canonical	mechanical_normalization	1	ir48
IR56	IR56	canonical	mechanical_normalization	1	ir56
IR5657-33-2	IR5657-33-2	canonical	mechanical_normalization	1	ir5657332
IR6	IR6	canonical	mechanical_normalization	1	ir6
IR64/RYMV1-2	IR64/RYMV1-2	canonical	mechanical_normalization	1	ir64rymv12
IR64/RYMV1-3	IR64/RYMV1-3	canonical	mechanical_normalization	1	ir64rymv13
IR64/RYMV3	IR64/RYMV3	canonical	mechanical_normalization	1	ir64rymv3
IR65482-17-511-5-7-B	IR65482-17-511-5-7-B	canonical	mechanical_normalization	1	ir654821751157b
IR65482-4-136-2-2-8	IR65482-4-136-2-2-8	canonical	mechanical_normalization	1	ir654824136228
IR65598-112-2	IR65598-112-2	canonical	mechanical_normalization	1	ir655981122
IR661	IR661	canonical	mechanical_normalization	1	ir661
IR665	IR665	canonical	mechanical_normalization	1	ir665
IR68552-55-3-2	IR68552-55-3-2	canonical	mechanical_normalization	1	ir685525532
IR749B2-44-2-37	IR749B2-44-2-37	canonical	mechanical_normalization	1	ir749b244237
IR77674-3B-8-2-2-8-3-AJY2	IR77674-3B-8-2-2-8-3-AJY2	canonical	mechanical_normalization	1	ir776743b82283ajy2
IR80404-28-2-3-2	IR80404-28-2-3-2	canonical	mechanical_normalization	1	ir8040428232
IR841	IR841	canonical	mechanical_normalization	1	ir841
IR9828-91-2-3	IR9828-91-2-3	canonical	mechanical_normalization	1	ir98289123
IR9859-6-3-3	IR9859-6-3-3	canonical	mechanical_normalization	1	ir9859633
IRAT 109	IRAT 109	canonical	mechanical_normalization	1	irat109
IRAT 13	IRAT 13	canonical	mechanical_normalization	1	irat13
IRAT26	IRAT26	canonical	mechanical_normalization	1	irat26
IRATOM 24::G1-1	IRATOM 24::G1-1	canonical	mechanical_normalization	1	iratom24g11
IRBB21	IRBB21	canonical	mechanical_normalization	1	irbb21
IRGA424	IRGA424	canonical	mechanical_normalization	1	irga424
IRGA427	IRGA427	canonical	mechanical_normalization	1	irga427
IRGC 127564	IRGC 127564	canonical	mechanical_normalization	1	irgc127564
IRGC102206	IRGC102206	canonical	mechanical_normalization	1	irgc102206
IRGC_23359	IRGC_23359	canonical	mechanical_normalization	1	irgc23359
IRGC_23361	IRGC_23361	canonical	mechanical_normalization	1	irgc23361
IRGC_23362	IRGC_23362	canonical	mechanical_normalization	1	irgc23362
IRGC_60574	IRGC_60574	canonical	mechanical_normalization	1	irgc60574
IRGC_60589	IRGC_60589	canonical	mechanical_normalization	1	irgc60589
IRGC_60590	IRGC_60590	canonical	mechanical_normalization	1	irgc60590
IRGC_60596	IRGC_60596	canonical	mechanical_normalization	1	irgc60596
IRGC_60605	IRGC_60605	canonical	mechanical_normalization	1	irgc60605
IRGC_71844	IRGC_71844	canonical	mechanical_normalization	1	irgc71844
IRGC_8022	IRGC_8022	canonical	mechanical_normalization	1	irgc8022
IRGC_8043	IRGC_8043	canonical	mechanical_normalization	1	irgc8043
IRGC_8115	IRGC_8115	canonical	mechanical_normalization	1	irgc8115
IRGC_8172	IRGC_8172	canonical	mechanical_normalization	1	irgc8172
ISM	ISM	canonical	mechanical_normalization	1	ism
ISMS	ISMS	canonical	mechanical_normalization	1	isms
ITA 141	ITA 141	canonical	mechanical_normalization	1	ita141
IW-Ponni	IW-Ponni	canonical	mechanical_normalization	1	iwponni
IYOSENGOKU 3	IYOSENGOKU 3	canonical	mechanical_normalization	1	iyosengoku3
Ii-32B An	Ii-32B An	canonical	mechanical_normalization	1	ii32ban
Ilmi	Ilmi	canonical	mechanical_normalization	1	ilmi
Ilpumbyeo	Ilpumbyeo	canonical	mechanical_normalization	1	ilpumbyeo
Inbujido	Inbujido	canonical	mechanical_normalization	1	inbujido
Indica-like_SNU	Indica-like_SNU	canonical	mechanical_normalization	1	indicalikesnu
Induced haploid 1	Induced haploid 1	canonical	mechanical_normalization	1	inducedhaploid1
Induced haploid 2	Induced haploid 2	canonical	mechanical_normalization	1	inducedhaploid2
Induced haploid 3	Induced haploid 3	canonical	mechanical_normalization	1	inducedhaploid3
Induced haploid 4	Induced haploid 4	canonical	mechanical_normalization	1	inducedhaploid4
Induced haploid 5	Induced haploid 5	canonical	mechanical_normalization	1	inducedhaploid5
Induced haploid 6	Induced haploid 6	canonical	mechanical_normalization	1	inducedhaploid6
Injwa24	Injwa24	canonical	mechanical_normalization	1	injwa24
Inwol	Inwol	canonical	mechanical_normalization	1	inwol
Ir 22082-41-2	Ir 22082-41-2	canonical	mechanical_normalization	1	ir22082412
Ir 70210-39-Cpa 7-1-1-4-2	Ir 70210-39-Cpa 7-1-1-4-2	canonical	mechanical_normalization	1	ir7021039cpa71142
Ir 80375-13-3-3	Ir 80375-13-3-3	canonical	mechanical_normalization	1	ir803751333
Ir 80413-B-10-3	Ir 80413-B-10-3	canonical	mechanical_normalization	1	ir80413b103
Ir 81166-97-3-1-1	Ir 81166-97-3-1-1	canonical	mechanical_normalization	1	ir8116697311
Ir 84194-139	Ir 84194-139	canonical	mechanical_normalization	1	ir84194139
Ir-44595	Ir-44595	canonical	mechanical_normalization	1	ir44595
Ir-Bb60(Ir72920-1-44-4)	Ir-Bb60(Ir72920-1-44-4)	canonical	mechanical_normalization	1	irbb60
Ir-Bb66	Ir-Bb66	canonical	mechanical_normalization	1	irbb66
Issamo	Issamo	canonical	mechanical_normalization	1	issamo
Itadaki	Itadaki	canonical	mechanical_normalization	1	itadaki
Italica Carolina	Italica Carolina	canonical	mechanical_normalization	1	italicacarolina
Ittikulama	Ittikulama	canonical	mechanical_normalization	1	ittikulama
J.P. 5	J.P. 5	canonical	mechanical_normalization	1	jp5
J23	J23	canonical	mechanical_normalization	1	j23
JABAHUL::IRGC 86978-1	JABAHUL::IRGC 86978-1	canonical	mechanical_normalization	1	jabahulirgc869781
JABAR SAIL::IRGC 58738-1	JABAR SAIL::IRGC 58738-1	canonical	mechanical_normalization	1	jabarsailirgc587381
JAGLE BORO::IRGC 37452-1	JAGLE BORO::IRGC 37452-1	canonical	mechanical_normalization	1	jagleboroirgc374521
JAPPENI TUNGKUNGO	JAPPENI TUNGKUNGO	canonical	mechanical_normalization	1	jappenitungkungo
JATI AUS::IRGC 34940-1	JATI AUS::IRGC 34940-1	canonical	mechanical_normalization	1	jatiausirgc349401
JC148	JC148	canonical	mechanical_normalization	1	jc148
JC149	JC149	canonical	mechanical_normalization	1	jc149
JC91	JC91	canonical	mechanical_normalization	1	jc91
JC93	JC93	canonical	mechanical_normalization	1	jc93
JFY3	JFY3	canonical	mechanical_normalization	1	jfy3
JH112A	JH112A	canonical	mechanical_normalization	1	jh112a
JINHUANGZHAN	JINHUANGZHAN	canonical	mechanical_normalization	1	jinhuangzhan
JKE56-12	JKE56-12	canonical	mechanical_normalization	1	jke5612
JKE56-3	JKE56-3	canonical	mechanical_normalization	1	jke563
JKE56-30	JKE56-30	canonical	mechanical_normalization	1	jke5630
JN100	JN100	canonical	mechanical_normalization	1	jn100
J.P. 5	JP 5	spelling_variant	mechanical_normalization	1	jp5
JSendra	JSendra	canonical	mechanical_normalization	1	jsendra
JUMALI	JUMALI	canonical	mechanical_normalization	1	jumali
Jaeraejongna	Jaeraejongna	canonical	mechanical_normalization	1	jaeraejongna
Jangan	Jangan	canonical	mechanical_normalization	1	jangan
Jasmine 85- SARI	Jasmine 85- SARI	canonical	mechanical_normalization	1	jasmine85sari
Jazzman	Jazzman	canonical	mechanical_normalization	1	jazzman
Jazzman2	Jazzman2	canonical	mechanical_normalization	1	jazzman2
Jeogjinju	Jeogjinju	canonical	mechanical_normalization	1	jeogjinju
Jeokbakna	Jeokbakna	canonical	mechanical_normalization	1	jeokbakna
Jeokdo	Jeokdo	canonical	mechanical_normalization	1	jeokdo
Jeonggijosaeng	Jeonggijosaeng	canonical	mechanical_normalization	1	jeonggijosaeng
Jeongjo	Jeongjo	canonical	mechanical_normalization	1	jeongjo
Jeongjonghwa	Jeongjonghwa	canonical	mechanical_normalization	1	jeongjonghwa
Jeongseon7	Jeongseon7	canonical	mechanical_normalization	1	jeongseon7
Jeosaekdo	Jeosaekdo	canonical	mechanical_normalization	1	jeosaekdo
Jhona 349	Jhona 349	canonical	mechanical_normalization	1	jhona349
Ji Geng 211	Ji Geng 211	canonical	mechanical_normalization	1	jigeng211
Ji Geng 555	Ji Geng 555	canonical	mechanical_normalization	1	jigeng555
Ji Nong Da 604	Ji Nong Da 604	canonical	mechanical_normalization	1	jinongda604
Ji Xiang Geng 2	Ji Xiang Geng 2	canonical	mechanical_normalization	1	jixianggeng2
Ji2A	Ji2A	canonical	mechanical_normalization	1	ji2a
Jia Gou Xiang Dao	Jia Gou Xiang Dao	canonical	mechanical_normalization	1	jiagouxiangdao
Jia Shao 1	Jia Shao 1	canonical	mechanical_normalization	1	jiashao1
Jia Xing 35	Jia Xing 35	canonical	mechanical_normalization	1	jiaxing35
Jiabala	Jiabala	canonical	mechanical_normalization	1	jiabala
Jiafeng68S	Jiafeng68S	canonical	mechanical_normalization	1	jiafeng68s
Jiafuzhan	Jiafuzhan	canonical	mechanical_normalization	1	jiafuzhan
Jiahenuo1	Jiahenuo1	canonical	mechanical_normalization	1	jiahenuo1
Jiahezaozhan	Jiahezaozhan	canonical	mechanical_normalization	1	jiahezaozhan
Jian645B	Jian645B	canonical	mechanical_normalization	1	jian645b
JianS-1	JianS-1	canonical	mechanical_normalization	1	jians1
JianS-2	JianS-2	canonical	mechanical_normalization	1	jians2
Jiandabai	Jiandabai	canonical	mechanical_normalization	1	jiandabai
Jiangerai	Jiangerai	canonical	mechanical_normalization	1	jiangerai
Jianghangsimiao	Jianghangsimiao	canonical	mechanical_normalization	1	jianghangsimiao
Jianghui151	Jianghui151	canonical	mechanical_normalization	1	jianghui151
Jianglin9A	Jianglin9A	canonical	mechanical_normalization	1	jianglin9a
Jiangnongzao1hao	Jiangnongzao1hao	canonical	mechanical_normalization	1	jiangnongzao1hao
Jiangpuchangliheimidao	Jiangpuchangliheimidao	canonical	mechanical_normalization	1	jiangpuchangliheimidao
Jiangxiang1	Jiangxiang1	canonical	mechanical_normalization	1	jiangxiang1
Jiangyu1S	Jiangyu1S	canonical	mechanical_normalization	1	jiangyu1s
Jianongnuo_2hao	Jianongnuo_2hao	canonical	mechanical_normalization	1	jianongnuo2hao
Jiaoyuan5A	Jiaoyuan5A	canonical	mechanical_normalization	1	jiaoyuan5a
Jiaxiangmi	Jiaxiangmi	canonical	mechanical_normalization	1	jiaxiangmi
Jiaxing8hao	Jiaxing8hao	canonical	mechanical_normalization	1	jiaxing8hao
Jiayu143	Jiayu143	canonical	mechanical_normalization	1	jiayu143
Jiayu164	Jiayu164	canonical	mechanical_normalization	1	jiayu164
Jiayu253	Jiayu253	canonical	mechanical_normalization	1	jiayu253
Jiayu280	Jiayu280	canonical	mechanical_normalization	1	jiayu280
Jiayu293	Jiayu293	canonical	mechanical_normalization	1	jiayu293
Jiayu60	Jiayu60	canonical	mechanical_normalization	1	jiayu60
Jiayu948	Jiayu948	canonical	mechanical_normalization	1	jiayu948
Jiazao1hao	Jiazao1hao	canonical	mechanical_normalization	1	jiazao1hao
Jiduilun	Jiduilun	canonical	mechanical_normalization	1	jiduilun
JifengA	JifengA	canonical	mechanical_normalization	1	jifenga
Jijing88	Jijing88	canonical	mechanical_normalization	1	jijing88
Jin Dao 272	Jin Dao 272	canonical	mechanical_normalization	1	jindao272
Jin Ke 3	Jin Ke 3	canonical	mechanical_normalization	1	jinke3
Jin Nong	Jin Nong	canonical	mechanical_normalization	1	jinnong
Jin Nuo 517	Jin Nuo 517	canonical	mechanical_normalization	1	jinnuo517
Jin Qiu 1	Jin Qiu 1	canonical	mechanical_normalization	1	jinqiu1
Jin Sui 22	Jin Sui 22	canonical	mechanical_normalization	1	jinsui22
Jin Xiang Nuo	Jin Xiang Nuo	canonical	mechanical_normalization	1	jinxiangnuo
Jin Yuan 88	Jin Yuan 88	canonical	mechanical_normalization	1	jinyuan88
Jin23A	Jin23A	canonical	mechanical_normalization	1	jin23a
Jin23B	Jin23B	canonical	mechanical_normalization	1	jin23b
Jin304A	Jin304A	canonical	mechanical_normalization	1	jin304a
Jin319A	Jin319A	canonical	mechanical_normalization	1	jin319a
Jin322A	Jin322A	canonical	mechanical_normalization	1	jin322a
Jin4128S	Jin4128S	canonical	mechanical_normalization	1	jin4128s
Jinando	Jinando	canonical	mechanical_normalization	1	jinando
Jinbo	Jinbo	canonical	mechanical_normalization	1	jinbo
Jinbu	Jinbu	canonical	mechanical_normalization	1	jinbu
JindaoA1	JindaoA1	canonical	mechanical_normalization	1	jindaoa1
JindaoA10	JindaoA10	canonical	mechanical_normalization	1	jindaoa10
JindaoA12	JindaoA12	canonical	mechanical_normalization	1	jindaoa12
JindaoA18	JindaoA18	canonical	mechanical_normalization	1	jindaoa18
JindaoA6	JindaoA6	canonical	mechanical_normalization	1	jindaoa6
JindaoR24	JindaoR24	canonical	mechanical_normalization	1	jindaor24
Jindao_1007	Jindao_1007	canonical	mechanical_normalization	1	jindao1007
Jindao_12	Jindao_12	canonical	mechanical_normalization	1	jindao12
Jindo	Jindo	canonical	mechanical_normalization	1	jindo
Jinfeng1hao	Jinfeng1hao	canonical	mechanical_normalization	1	jinfeng1hao
Jing Dao 5 Hao	Jing Dao 5 Hao	canonical	mechanical_normalization	1	jingdao5hao
Jing Geng 3	Jing Geng 3	canonical	mechanical_normalization	1	jinggeng3
Jing Gui Zhan	Jing Gui Zhan	canonical	mechanical_normalization	1	jingguizhan
Jing Run	Jing Run	canonical	mechanical_normalization	1	jingrun
Jing Xuan 365	Jing Xuan 365	canonical	mechanical_normalization	1	jingxuan365
Jing1B	Jing1B	canonical	mechanical_normalization	1	jing1b
Jing3A	Jing3A	canonical	mechanical_normalization	1	jing3a
Jing4155S	Jing4155S	canonical	mechanical_normalization	1	jing4155s
Jing7A	Jing7A	canonical	mechanical_normalization	1	jing7a
Jingfu1A	Jingfu1A	canonical	mechanical_normalization	1	jingfu1a
Jingfu2A	Jingfu2A	canonical	mechanical_normalization	1	jingfu2a
Jingliangyou534	Jingliangyou534	canonical	mechanical_normalization	1	jingliangyou534
Jingnuo_330	Jingnuo_330	canonical	mechanical_normalization	1	jingnuo330
JinguA	JinguA	canonical	mechanical_normalization	1	jingua
Jingxian89	Jingxian89	canonical	mechanical_normalization	1	jingxian89
Jingxiang 1	Jingxiang 1	canonical	mechanical_normalization	1	jingxiang1
Jingxiang1A	Jingxiang1A	canonical	mechanical_normalization	1	jingxiang1a
Jinheung	Jinheung	canonical	mechanical_normalization	1	jinheung
Jinhuang 1	Jinhuang 1	canonical	mechanical_normalization	1	jinhuang1
Jinhui10	Jinhui10	canonical	mechanical_normalization	1	jinhui10
Jinhui16	Jinhui16	canonical	mechanical_normalization	1	jinhui16
Jinhui18	Jinhui18	canonical	mechanical_normalization	1	jinhui18
Jinhui275	Jinhui275	canonical	mechanical_normalization	1	jinhui275
Jinhui34	Jinhui34	canonical	mechanical_normalization	1	jinhui34
Jinhwa	Jinhwa	canonical	mechanical_normalization	1	jinhwa
Jini Xiang Zhan	Jini Xiang Zhan	canonical	mechanical_normalization	1	jinixiangzhan
Jinjiangdalinuo	Jinjiangdalinuo	canonical	mechanical_normalization	1	jinjiangdalinuo
Jinkeyou651	Jinkeyou651	canonical	mechanical_normalization	1	jinkeyou651
Jinlingxiangnuo	Jinlingxiangnuo	canonical	mechanical_normalization	1	jinlingxiangnuo
Jinmi	Jinmi	canonical	mechanical_normalization	1	jinmi
Jinnanfeng	Jinnanfeng	canonical	mechanical_normalization	1	jinnanfeng
Jinnante43A	Jinnante43A	canonical	mechanical_normalization	1	jinnante43a
Jinnante43B	Jinnante43B	canonical	mechanical_normalization	1	jinnante43b
JinnanteA	JinnanteA	canonical	mechanical_normalization	1	jinnantea
Jinnanwan	Jinnanwan	canonical	mechanical_normalization	1	jinnanwan
Jinnongsimiao	Jinnongsimiao	canonical	mechanical_normalization	1	jinnongsimiao
JinshanS-2	JinshanS-2	canonical	mechanical_normalization	1	jinshans2
Jinsui128	Jinsui128	canonical	mechanical_normalization	1	jinsui128
Jinsumi	Jinsumi	canonical	mechanical_normalization	1	jinsumi
Jinwan3hao	Jinwan3hao	canonical	mechanical_normalization	1	jinwan3hao
Jinxiangnuo1	Jinxiangnuo1	canonical	mechanical_normalization	1	jinxiangnuo1
JinxiangyuA	JinxiangyuA	canonical	mechanical_normalization	1	jinxiangyua
Jinxing 1	Jinxing 1	canonical	mechanical_normalization	1	jinxing1
Jinzao47	Jinzao47	canonical	mechanical_normalization	1	jinzao47
Jinzao6hao	Jinzao6hao	canonical	mechanical_normalization	1	jinzao6hao
Jiu Feng Geng 1	Jiu Feng Geng 1	canonical	mechanical_normalization	1	jiufenggeng1
Jixi 1	Jixi 1	canonical	mechanical_normalization	1	jixi1
Jixue glutinous	Jixue glutinous	canonical	mechanical_normalization	1	jixueglutinous
Jjoljangbyeo	Jjoljangbyeo	canonical	mechanical_normalization	1	jjoljangbyeo
Joan	Joan	canonical	mechanical_normalization	1	joan
Jodo	Jodo	canonical	mechanical_normalization	1	jodo
Jodongji	Jodongji	canonical	mechanical_normalization	1	jodongji
Jodujo	Jodujo	canonical	mechanical_normalization	1	jodujo
Jogwang	Jogwang	canonical	mechanical_normalization	1	jogwang
Jonajo	Jonajo	canonical	mechanical_normalization	1	jonajo
Jongjobaekjo	Jongjobaekjo	canonical	mechanical_normalization	1	jongjobaekjo
Jopyeong	Jopyeong	canonical	mechanical_normalization	1	jopyeong
Joryeong	Joryeong	canonical	mechanical_normalization	1	joryeong
Joseondo	Joseondo	canonical	mechanical_normalization	1	joseondo
Jotajo	Jotajo	canonical	mechanical_normalization	1	jotajo
Joun	Joun	canonical	mechanical_normalization	1	joun
Juanye661	Juanye661	canonical	mechanical_normalization	1	juanye661
Jugal	Jugal	canonical	mechanical_normalization	1	jugal
Jumli dhan	Jumli dhan	canonical	mechanical_normalization	1	jumlidhan
Jun Lian Zao	Jun Lian Zao	canonical	mechanical_normalization	1	junlianzao
Jun Xie	Jun Xie	canonical	mechanical_normalization	1	junxie
Junamjosaeng	Junamjosaeng	canonical	mechanical_normalization	1	junamjosaeng
Junganjeunbaengi	Junganjeunbaengi	canonical	mechanical_normalization	1	junganjeunbaengi
Junghwabyeo	Junghwabyeo	canonical	mechanical_normalization	1	junghwabyeo
Junjiangxiang 2	Junjiangxiang 2	canonical	mechanical_normalization	1	junjiangxiang2
Jwiipparibyeo	Jwiipparibyeo	canonical	mechanical_normalization	1	jwiipparibyeo
Jx6	Jx6	canonical	mechanical_normalization	1	jx6
Jyanak	Jyanak	canonical	mechanical_normalization	1	jyanak
Jyothi	Jyothi	canonical	mechanical_normalization	1	jyothi
K	K	canonical	mechanical_normalization	1	k
K169	K169	canonical	mechanical_normalization	1	k169
K17B	K17B	canonical	mechanical_normalization	1	k17b
K18B	K18B	canonical	mechanical_normalization	1	k18b
K22B	K22B	canonical	mechanical_normalization	1	k22b
K4806	K4806	canonical	mechanical_normalization	1	k4806
K8C-263-3	K8C-263-3	canonical	mechanical_normalization	1	k8c2633
KADA 68-1::IRGC 6406-1	KADA 68-1::IRGC 6406-1	canonical	mechanical_normalization	1	kada681irgc64061
KAF 228	KAF 228	canonical	mechanical_normalization	1	kaf228
KAL BURI::IRGC 31588-1	KAL BURI::IRGC 31588-1	canonical	mechanical_normalization	1	kalburiirgc315881
KALAMKATI	KALAMKATI	canonical	mechanical_normalization	1	kalamkati
KALAMKATI::IRGC 117773-1	KALAMKATI::IRGC 117773-1	canonical	mechanical_normalization	1	kalamkatiirgc1177731
KALIBORO 138-2::IRGC 29361-1	KALIBORO 138-2::IRGC 29361-1	canonical	mechanical_normalization	1	kaliboro1382irgc293611
KALIBORO 2-2::IRGC 29353-1	KALIBORO 2-2::IRGC 29353-1	canonical	mechanical_normalization	1	kaliboro22irgc293531
KALIBORO 704::IRGC 29368-1	KALIBORO 704::IRGC 29368-1	canonical	mechanical_normalization	1	kaliboro704irgc293681
KALIBORO 80-3::IRGC 29358-1	KALIBORO 80-3::IRGC 29358-1	canonical	mechanical_normalization	1	kaliboro803irgc293581
KALINDI::IRGC 34964-1	KALINDI::IRGC 34964-1	canonical	mechanical_normalization	1	kalindiirgc349641
KALOSHAITA::IRGC 25878-1	KALOSHAITA::IRGC 25878-1	canonical	mechanical_normalization	1	kaloshaitairgc258781
KAMENOO 2	KAMENOO 2	canonical	mechanical_normalization	1	kamenoo2
KASALATH::IRGC 117617-1	KASALATH::IRGC 117617-1	canonical	mechanical_normalization	1	kasalathirgc1176171
KAUKKYI ANI	KAUKKYI ANI	canonical	mechanical_normalization	1	kaukkyiani
KBR10	KBR10	canonical	mechanical_normalization	1	kbr10
KBR12	KBR12	canonical	mechanical_normalization	1	kbr12
KBR2	KBR2	canonical	mechanical_normalization	1	kbr2
KBRV4	KBRV4	canonical	mechanical_normalization	1	kbrv4
KECHENGNUO NO. 4	KECHENGNUO NO. 4	canonical	mechanical_normalization	1	kechengnuono4
KELE (AUS)::IRGC 11486-1	KELE (AUS)::IRGC 11486-1	canonical	mechanical_normalization	1	keleirgc114861
KEQING 3	KEQING 3	canonical	mechanical_normalization	1	keqing3
KHAILAORGOABEZ::IRGC 9947-1	KHAILAORGOABEZ::IRGC 9947-1	canonical	mechanical_normalization	1	khailaorgoabezirgc99471
KHAO DAWK MALI 105	KHAO DAWK MALI 105	canonical	mechanical_normalization	1	khaodawkmali105
KHASHIA PANJA::IRGC 34996-1	KHASHIA PANJA::IRGC 34996-1	canonical	mechanical_normalization	1	khashiapanjairgc349961
KHAU MEO	KHAU MEO	canonical	mechanical_normalization	1	khaumeo
KHUMAL4	KHUMAL4	canonical	mechanical_normalization	1	khumal4
KN 361-1-8-6	KN 361-1-8-6	canonical	mechanical_normalization	1	kn361186
KRASNODARSKIJ 3352	KRASNODARSKIJ 3352	canonical	mechanical_normalization	1	krasnodarskij3352
KRASNODARSKIJ 424	KRASNODARSKIJ 424	canonical	mechanical_normalization	1	krasnodarskij424
KRSV	KRSV	canonical	mechanical_normalization	1	krsv
KT27S	KT27S	canonical	mechanical_normalization	1	kt27s
KU 70-1	KU 70-1	canonical	mechanical_normalization	1	ku701
KUBANETS 508	KUBANETS 508	canonical	mechanical_normalization	1	kubanets508
KUMRI::IRGC 25883-1	KUMRI::IRGC 25883-1	canonical	mechanical_normalization	1	kumriirgc258831
KYC20	KYC20	canonical	mechanical_normalization	1	kyc20
KYC3	KYC3	canonical	mechanical_normalization	1	kyc3
KYCH7	KYCH7	canonical	mechanical_normalization	1	kych7
KYCN2	KYCN2	canonical	mechanical_normalization	1	kycn2
KYCN3	KYCN3	canonical	mechanical_normalization	1	kycn3
Kabotsumame	Kabotsumame	canonical	mechanical_normalization	1	kabotsumame
Kaivari-Samba	Kaivari-Samba	canonical	mechanical_normalization	1	kaivarisamba
Kalanamak	Kalanamak	canonical	mechanical_normalization	1	kalanamak
Kalinga III	Kalinga III	canonical	mechanical_normalization	1	kalingaiii
Kalonunia	Kalonunia	canonical	mechanical_normalization	1	kalonunia
Kalubalawee	Kalubalawee	canonical	mechanical_normalization	1	kalubalawee
Kang19	Kang19	canonical	mechanical_normalization	1	kang19
Kang201S	Kang201S	canonical	mechanical_normalization	1	kang201s
Kangbingyueguang	Kangbingyueguang	canonical	mechanical_normalization	1	kangbingyueguang
Kanghui63	Kanghui63	canonical	mechanical_normalization	1	kanghui63
Kangwenqingzhan	Kangwenqingzhan	canonical	mechanical_normalization	1	kangwenqingzhan
Kantou 51	Kantou 51	canonical	mechanical_normalization	1	kantou51
Kao Chio Lin Chou	Kao Chio Lin Chou	canonical	mechanical_normalization	1	kaochiolinchou
Kaoshiung 142	Kaoshiung 142	canonical	mechanical_normalization	1	kaoshiung142
Karabaschak	Karabaschak	canonical	mechanical_normalization	1	karabaschak
Karang Serang	Karang Serang	canonical	mechanical_normalization	1	karangserang
Karasukara-Surankasu	Karasukara-Surankasu	canonical	mechanical_normalization	1	karasukarasurankasu
Karayal	Karayal	canonical	mechanical_normalization	1	karayal
Kavuni	Kavuni	canonical	mechanical_normalization	1	kavuni
Ke Xiang 1	Ke Xiang 1	canonical	mechanical_normalization	1	kexiang1
Ke113A	Ke113A	canonical	mechanical_normalization	1	ke113a
Ke20A	Ke20A	canonical	mechanical_normalization	1	ke20a
Ke76-1BS	Ke76-1BS	canonical	mechanical_normalization	1	ke761bs
Ke958BS	Ke958BS	canonical	mechanical_normalization	1	ke958bs
Kefuhong2hao	Kefuhong2hao	canonical	mechanical_normalization	1	kefuhong2hao
Kehui746	Kehui746	canonical	mechanical_normalization	1	kehui746
Kejiexuan17	Kejiexuan17	canonical	mechanical_normalization	1	kejiexuan17
KejinA	KejinA	canonical	mechanical_normalization	1	kejina
Ken Dao 1866	Ken Dao 1866	canonical	mechanical_normalization	1	kendao1866
Kendao_13	Kendao_13	canonical	mechanical_normalization	1	kendao13
Kendao_19	Kendao_19	canonical	mechanical_normalization	1	kendao19
KeqiandaoA	KeqiandaoA	canonical	mechanical_normalization	1	keqiandaoa
Keriting Tinggi	Keriting Tinggi	canonical	mechanical_normalization	1	keritingtinggi
Ketan-Adang	Ketan-Adang	canonical	mechanical_normalization	1	ketanadang
Ketan-Hitam	Ketan-Hitam	canonical	mechanical_normalization	1	ketanhitam
Ketan-Ireng1	Ketan-Ireng1	canonical	mechanical_normalization	1	ketanireng1
Ketan-Ireng2	Ketan-Ireng2	canonical	mechanical_normalization	1	ketanireng2
Ketan-Ireng3	Ketan-Ireng3	canonical	mechanical_normalization	1	ketanireng3
Keteki Joha	Keteki Joha	canonical	mechanical_normalization	1	ketekijoha
Kezhen145	Kezhen145	canonical	mechanical_normalization	1	kezhen145
Khao Luang	Khao Luang	canonical	mechanical_normalization	1	khaoluang
Khao Phoi	Khao Phoi	canonical	mechanical_normalization	1	khaophoi
Khao-Gam-Niaw	Khao-Gam-Niaw	canonical	mechanical_normalization	1	khaogamniaw
Khao-Khan-Nwe	Khao-Khan-Nwe	canonical	mechanical_normalization	1	khaokhannwe
Khao-Niaw-Dam	Khao-Niaw-Dam	canonical	mechanical_normalization	1	khaoniawdam
Khaohsiung 64	Khaohsiung 64	canonical	mechanical_normalization	1	khaohsiung64
Khau Mac Buoc	Khau Mac Buoc	canonical	mechanical_normalization	1	khaumacbuoc
Khongan	Khongan	canonical	mechanical_normalization	1	khongan
Khoya-Motor	Khoya-Motor	canonical	mechanical_normalization	1	khoyamotor
Kian	Kian	canonical	mechanical_normalization	1	kian
Kin Shan Zim	Kin Shan Zim	canonical	mechanical_normalization	1	kinshanzim
Kinuhikari	Kinuhikari	canonical	mechanical_normalization	1	kinuhikari
Kirara 397	Kirara 397	canonical	mechanical_normalization	1	kirara397
Kitaake FN1052BCF2-34	Kitaake FN1052BCF2-34	canonical	mechanical_normalization	1	kitaakefn1052bcf234
Kitaake FN1136-19 -S	Kitaake FN1136-19 -S	canonical	mechanical_normalization	1	kitaakefn113619s
Kitaake FN1450 -S	Kitaake FN1450 -S	canonical	mechanical_normalization	1	kitaakefn1450s
Kitaake FN1468 -S	Kitaake FN1468 -S	canonical	mechanical_normalization	1	kitaakefn1468s
Kitaake FN1470 -S	Kitaake FN1470 -S	canonical	mechanical_normalization	1	kitaakefn1470s
Kitaake FN1519 -S	Kitaake FN1519 -S	canonical	mechanical_normalization	1	kitaakefn1519s
Kitaake FN1520 -S	Kitaake FN1520 -S	canonical	mechanical_normalization	1	kitaakefn1520s
Kitaake FN1521 -S	Kitaake FN1521 -S	canonical	mechanical_normalization	1	kitaakefn1521s
Kitaake FN1522 -S	Kitaake FN1522 -S	canonical	mechanical_normalization	1	kitaakefn1522s
Kitaake FN1523 -S	Kitaake FN1523 -S	canonical	mechanical_normalization	1	kitaakefn1523s
Kitaake FN1568-S	Kitaake FN1568-S	canonical	mechanical_normalization	1	kitaakefn1568s
Kitaake FN1573 -S	Kitaake FN1573 -S	canonical	mechanical_normalization	1	kitaakefn1573s
Kitaake FN1575 -S	Kitaake FN1575 -S	canonical	mechanical_normalization	1	kitaakefn1575s
Kitaake FN1576 -S	Kitaake FN1576 -S	canonical	mechanical_normalization	1	kitaakefn1576s
Kitaake FN1577 -S	Kitaake FN1577 -S	canonical	mechanical_normalization	1	kitaakefn1577s
Kitaake FN1579 -S	Kitaake FN1579 -S	canonical	mechanical_normalization	1	kitaakefn1579s
Kitaake FN1582 -S	Kitaake FN1582 -S	canonical	mechanical_normalization	1	kitaakefn1582s
Kitaake FN1583 -S	Kitaake FN1583 -S	canonical	mechanical_normalization	1	kitaakefn1583s
Kitaake FN1585 -S	Kitaake FN1585 -S	canonical	mechanical_normalization	1	kitaakefn1585s
Kitaake FN1586 -S	Kitaake FN1586 -S	canonical	mechanical_normalization	1	kitaakefn1586s
Kitaake FN1590 -S	Kitaake FN1590 -S	canonical	mechanical_normalization	1	kitaakefn1590s
Kitaake FN1596 -S	Kitaake FN1596 -S	canonical	mechanical_normalization	1	kitaakefn1596s
Kitaake FN1600 -S	Kitaake FN1600 -S	canonical	mechanical_normalization	1	kitaakefn1600s
Kitaake FN1602 -S	Kitaake FN1602 -S	canonical	mechanical_normalization	1	kitaakefn1602s
Kitaake FN1606 -S	Kitaake FN1606 -S	canonical	mechanical_normalization	1	kitaakefn1606s
Kitaake FN1610 -S	Kitaake FN1610 -S	canonical	mechanical_normalization	1	kitaakefn1610s
Kitaake FN1613 -S	Kitaake FN1613 -S	canonical	mechanical_normalization	1	kitaakefn1613s
Kitaake FN1614 -S	Kitaake FN1614 -S	canonical	mechanical_normalization	1	kitaakefn1614s
Kitaake FN1615 -S	Kitaake FN1615 -S	canonical	mechanical_normalization	1	kitaakefn1615s
Kitaake FN1617 -S	Kitaake FN1617 -S	canonical	mechanical_normalization	1	kitaakefn1617s
Kitaake FN1618 -S	Kitaake FN1618 -S	canonical	mechanical_normalization	1	kitaakefn1618s
Kitaake FN1619 -S	Kitaake FN1619 -S	canonical	mechanical_normalization	1	kitaakefn1619s
Kitaake FN1622 -S	Kitaake FN1622 -S	canonical	mechanical_normalization	1	kitaakefn1622s
Kitaake FN1623 -S	Kitaake FN1623 -S	canonical	mechanical_normalization	1	kitaakefn1623s
Kitaake FN1624 -S	Kitaake FN1624 -S	canonical	mechanical_normalization	1	kitaakefn1624s
Kitaake FN1625 -S	Kitaake FN1625 -S	canonical	mechanical_normalization	1	kitaakefn1625s
Kitaake FN1627 -S	Kitaake FN1627 -S	canonical	mechanical_normalization	1	kitaakefn1627s
Kitaake FN1630 -S	Kitaake FN1630 -S	canonical	mechanical_normalization	1	kitaakefn1630s
Kitaake FN1631 -S	Kitaake FN1631 -S	canonical	mechanical_normalization	1	kitaakefn1631s
Kitaake FN1633 -S	Kitaake FN1633 -S	canonical	mechanical_normalization	1	kitaakefn1633s
Kitaake FN1634 -S	Kitaake FN1634 -S	canonical	mechanical_normalization	1	kitaakefn1634s
Kitaake FN1636 -S	Kitaake FN1636 -S	canonical	mechanical_normalization	1	kitaakefn1636s
Kitaake FN1638 -S	Kitaake FN1638 -S	canonical	mechanical_normalization	1	kitaakefn1638s
Kitaake FN1639 -S	Kitaake FN1639 -S	canonical	mechanical_normalization	1	kitaakefn1639s
Kitaake FN1640 -S	Kitaake FN1640 -S	canonical	mechanical_normalization	1	kitaakefn1640s
Kitaake FN1641 -S	Kitaake FN1641 -S	canonical	mechanical_normalization	1	kitaakefn1641s
Kitaake FN1642 -S	Kitaake FN1642 -S	canonical	mechanical_normalization	1	kitaakefn1642s
Kitaake FN1643 -S	Kitaake FN1643 -S	canonical	mechanical_normalization	1	kitaakefn1643s
Kitaake FN1644 -S	Kitaake FN1644 -S	canonical	mechanical_normalization	1	kitaakefn1644s
Kitaake FN1645 -S	Kitaake FN1645 -S	canonical	mechanical_normalization	1	kitaakefn1645s
Kitaake FN1646 -S	Kitaake FN1646 -S	canonical	mechanical_normalization	1	kitaakefn1646s
Kitaake FN1647 -S	Kitaake FN1647 -S	canonical	mechanical_normalization	1	kitaakefn1647s
Kitaake FN1648 -S	Kitaake FN1648 -S	canonical	mechanical_normalization	1	kitaakefn1648s
Kitaake FN1650 -S	Kitaake FN1650 -S	canonical	mechanical_normalization	1	kitaakefn1650s
Kitaake FN1651 -S	Kitaake FN1651 -S	canonical	mechanical_normalization	1	kitaakefn1651s
Kitaake FN1652 -S	Kitaake FN1652 -S	canonical	mechanical_normalization	1	kitaakefn1652s
Kitaake FN1655 -S	Kitaake FN1655 -S	canonical	mechanical_normalization	1	kitaakefn1655s
Kitaake FN1656 -S	Kitaake FN1656 -S	canonical	mechanical_normalization	1	kitaakefn1656s
Kitaake FN1657 -S	Kitaake FN1657 -S	canonical	mechanical_normalization	1	kitaakefn1657s
Kitaake FN1660 -S	Kitaake FN1660 -S	canonical	mechanical_normalization	1	kitaakefn1660s
Kitaake FN1661 -S	Kitaake FN1661 -S	canonical	mechanical_normalization	1	kitaakefn1661s
Kitaake FN1662 -S	Kitaake FN1662 -S	canonical	mechanical_normalization	1	kitaakefn1662s
Kitaake FN1665 -S	Kitaake FN1665 -S	canonical	mechanical_normalization	1	kitaakefn1665s
Kitaake FN1698-S	Kitaake FN1698-S	canonical	mechanical_normalization	1	kitaakefn1698s
Kitaake FN1707-S	Kitaake FN1707-S	canonical	mechanical_normalization	1	kitaakefn1707s
Kitaake FN185-2/3/4	Kitaake FN185-2/3/4	canonical	mechanical_normalization	1	kitaakefn185234
Kitaake FN1978-S	Kitaake FN1978-S	canonical	mechanical_normalization	1	kitaakefn1978s
Kitaake FN1981-S	Kitaake FN1981-S	canonical	mechanical_normalization	1	kitaakefn1981s
Kitaake FN1982-S	Kitaake FN1982-S	canonical	mechanical_normalization	1	kitaakefn1982s
Kitaake FN1983-S	Kitaake FN1983-S	canonical	mechanical_normalization	1	kitaakefn1983s
Kitaake FN1984-S	Kitaake FN1984-S	canonical	mechanical_normalization	1	kitaakefn1984s
Kitaake FN1985-S	Kitaake FN1985-S	canonical	mechanical_normalization	1	kitaakefn1985s
Kitaake FN1989-S	Kitaake FN1989-S	canonical	mechanical_normalization	1	kitaakefn1989s
Kitaake FN1990-S	Kitaake FN1990-S	canonical	mechanical_normalization	1	kitaakefn1990s
Kitaake FN1994-S	Kitaake FN1994-S	canonical	mechanical_normalization	1	kitaakefn1994s
Kitaake FN1995-S	Kitaake FN1995-S	canonical	mechanical_normalization	1	kitaakefn1995s
Kitaake FN1997-S	Kitaake FN1997-S	canonical	mechanical_normalization	1	kitaakefn1997s
Kitaake FN1998-S	Kitaake FN1998-S	canonical	mechanical_normalization	1	kitaakefn1998s
Kitaake FN1999-S	Kitaake FN1999-S	canonical	mechanical_normalization	1	kitaakefn1999s
Kitaake FN2001-S	Kitaake FN2001-S	canonical	mechanical_normalization	1	kitaakefn2001s
Kitaake FN2007-S	Kitaake FN2007-S	canonical	mechanical_normalization	1	kitaakefn2007s
Kitaake FN2009-S	Kitaake FN2009-S	canonical	mechanical_normalization	1	kitaakefn2009s
Kitaake FN2016-S	Kitaake FN2016-S	canonical	mechanical_normalization	1	kitaakefn2016s
Kitaake FN2021-S	Kitaake FN2021-S	canonical	mechanical_normalization	1	kitaakefn2021s
Kitaake FN2024-S	Kitaake FN2024-S	canonical	mechanical_normalization	1	kitaakefn2024s
Kitaake FN2042-S	Kitaake FN2042-S	canonical	mechanical_normalization	1	kitaakefn2042s
Kitaake FN2044-S	Kitaake FN2044-S	canonical	mechanical_normalization	1	kitaakefn2044s
Kitaake FN2046-S	Kitaake FN2046-S	canonical	mechanical_normalization	1	kitaakefn2046s
Kitaake FN2047-S	Kitaake FN2047-S	canonical	mechanical_normalization	1	kitaakefn2047s
Kitaake FN2048-S	Kitaake FN2048-S	canonical	mechanical_normalization	1	kitaakefn2048s
Kitaake FN2052-S	Kitaake FN2052-S	canonical	mechanical_normalization	1	kitaakefn2052s
Kitaake FN2053-S	Kitaake FN2053-S	canonical	mechanical_normalization	1	kitaakefn2053s
Kitaake FN2055-S	Kitaake FN2055-S	canonical	mechanical_normalization	1	kitaakefn2055s
Kitaake FN2056-S	Kitaake FN2056-S	canonical	mechanical_normalization	1	kitaakefn2056s
Kitaake FN2059-S	Kitaake FN2059-S	canonical	mechanical_normalization	1	kitaakefn2059s
Kitaake FN2065-S	Kitaake FN2065-S	canonical	mechanical_normalization	1	kitaakefn2065s
Kitaake FN2081-S	Kitaake FN2081-S	canonical	mechanical_normalization	1	kitaakefn2081s
Kitaake FN2082-S	Kitaake FN2082-S	canonical	mechanical_normalization	1	kitaakefn2082s
Kitaake FN2083-S	Kitaake FN2083-S	canonical	mechanical_normalization	1	kitaakefn2083s
Kitaake FN2084-S	Kitaake FN2084-S	canonical	mechanical_normalization	1	kitaakefn2084s
Kitaake FN2085-S	Kitaake FN2085-S	canonical	mechanical_normalization	1	kitaakefn2085s
Kitaake FN2086-S	Kitaake FN2086-S	canonical	mechanical_normalization	1	kitaakefn2086s
Kitaake FN2088-S	Kitaake FN2088-S	canonical	mechanical_normalization	1	kitaakefn2088s
Kitaake FN2089-S	Kitaake FN2089-S	canonical	mechanical_normalization	1	kitaakefn2089s
Kitaake FN2103-S	Kitaake FN2103-S	canonical	mechanical_normalization	1	kitaakefn2103s
Kitaake FN2104-S	Kitaake FN2104-S	canonical	mechanical_normalization	1	kitaakefn2104s
Kitaake FN2105-S	Kitaake FN2105-S	canonical	mechanical_normalization	1	kitaakefn2105s
Kitaake FN2106-S	Kitaake FN2106-S	canonical	mechanical_normalization	1	kitaakefn2106s
Kitaake FN2107-S	Kitaake FN2107-S	canonical	mechanical_normalization	1	kitaakefn2107s
Kitaake FN2108-S	Kitaake FN2108-S	canonical	mechanical_normalization	1	kitaakefn2108s
Kitaake FN2109-S	Kitaake FN2109-S	canonical	mechanical_normalization	1	kitaakefn2109s
Kitaake FN2110-S	Kitaake FN2110-S	canonical	mechanical_normalization	1	kitaakefn2110s
Kitaake FN2112-S	Kitaake FN2112-S	canonical	mechanical_normalization	1	kitaakefn2112s
Kitaake FN2113-S	Kitaake FN2113-S	canonical	mechanical_normalization	1	kitaakefn2113s
Kitaake FN2114-S	Kitaake FN2114-S	canonical	mechanical_normalization	1	kitaakefn2114s
Kitaake FN2115-S	Kitaake FN2115-S	canonical	mechanical_normalization	1	kitaakefn2115s
Kitaake FN2116-S	Kitaake FN2116-S	canonical	mechanical_normalization	1	kitaakefn2116s
Kitaake FN2117-S	Kitaake FN2117-S	canonical	mechanical_normalization	1	kitaakefn2117s
Kitaake FN2118-S	Kitaake FN2118-S	canonical	mechanical_normalization	1	kitaakefn2118s
Kitaake FN2119-S	Kitaake FN2119-S	canonical	mechanical_normalization	1	kitaakefn2119s
Kitaake FN2120-S	Kitaake FN2120-S	canonical	mechanical_normalization	1	kitaakefn2120s
Kitaake FN2121-S	Kitaake FN2121-S	canonical	mechanical_normalization	1	kitaakefn2121s
Kitaake FN2122-S	Kitaake FN2122-S	canonical	mechanical_normalization	1	kitaakefn2122s
Kitaake FN2123-S	Kitaake FN2123-S	canonical	mechanical_normalization	1	kitaakefn2123s
Kitaake FN2124-S	Kitaake FN2124-S	canonical	mechanical_normalization	1	kitaakefn2124s
Kitaake FN2125-S	Kitaake FN2125-S	canonical	mechanical_normalization	1	kitaakefn2125s
Kitaake FN2126-S	Kitaake FN2126-S	canonical	mechanical_normalization	1	kitaakefn2126s
Kitaake FN2128-S	Kitaake FN2128-S	canonical	mechanical_normalization	1	kitaakefn2128s
Kitaake FN2129-S	Kitaake FN2129-S	canonical	mechanical_normalization	1	kitaakefn2129s
Kitaake FN2130-S	Kitaake FN2130-S	canonical	mechanical_normalization	1	kitaakefn2130s
Kitaake FN2136-S	Kitaake FN2136-S	canonical	mechanical_normalization	1	kitaakefn2136s
Kitaake FN2137-S	Kitaake FN2137-S	canonical	mechanical_normalization	1	kitaakefn2137s
Kitaake FN2138-S	Kitaake FN2138-S	canonical	mechanical_normalization	1	kitaakefn2138s
Kitaake FN2139-S	Kitaake FN2139-S	canonical	mechanical_normalization	1	kitaakefn2139s
Kitaake FN2140-S	Kitaake FN2140-S	canonical	mechanical_normalization	1	kitaakefn2140s
Kitaake FN2141-S	Kitaake FN2141-S	canonical	mechanical_normalization	1	kitaakefn2141s
Kitaake FN2142-S	Kitaake FN2142-S	canonical	mechanical_normalization	1	kitaakefn2142s
Kitaake FN2146-S	Kitaake FN2146-S	canonical	mechanical_normalization	1	kitaakefn2146s
Kitaake FN2147-S	Kitaake FN2147-S	canonical	mechanical_normalization	1	kitaakefn2147s
Kitaake FN2149-S	Kitaake FN2149-S	canonical	mechanical_normalization	1	kitaakefn2149s
Kitaake FN2150-S	Kitaake FN2150-S	canonical	mechanical_normalization	1	kitaakefn2150s
Kitaake FN2151-S	Kitaake FN2151-S	canonical	mechanical_normalization	1	kitaakefn2151s
Kitaake FN2152-S	Kitaake FN2152-S	canonical	mechanical_normalization	1	kitaakefn2152s
Kitaake FN2153-S	Kitaake FN2153-S	canonical	mechanical_normalization	1	kitaakefn2153s
Kitaake FN2155-S	Kitaake FN2155-S	canonical	mechanical_normalization	1	kitaakefn2155s
Kitaake FN2157-S	Kitaake FN2157-S	canonical	mechanical_normalization	1	kitaakefn2157s
Kitaake FN2158-S	Kitaake FN2158-S	canonical	mechanical_normalization	1	kitaakefn2158s
Kitaake FN2160-S	Kitaake FN2160-S	canonical	mechanical_normalization	1	kitaakefn2160s
Kitaake FN2161-S	Kitaake FN2161-S	canonical	mechanical_normalization	1	kitaakefn2161s
Kitaake FN2162-S	Kitaake FN2162-S	canonical	mechanical_normalization	1	kitaakefn2162s
Kitaake FN2163-S	Kitaake FN2163-S	canonical	mechanical_normalization	1	kitaakefn2163s
Kitaake FN2164-S	Kitaake FN2164-S	canonical	mechanical_normalization	1	kitaakefn2164s
Kitaake FN2165-S	Kitaake FN2165-S	canonical	mechanical_normalization	1	kitaakefn2165s
Kitaake FN2166-S	Kitaake FN2166-S	canonical	mechanical_normalization	1	kitaakefn2166s
Kitaake FN2167-S	Kitaake FN2167-S	canonical	mechanical_normalization	1	kitaakefn2167s
Kitaake FN2169-S	Kitaake FN2169-S	canonical	mechanical_normalization	1	kitaakefn2169s
Kitaake FN2171-S	Kitaake FN2171-S	canonical	mechanical_normalization	1	kitaakefn2171s
Kitaake FN2172-S	Kitaake FN2172-S	canonical	mechanical_normalization	1	kitaakefn2172s
Kitaake FN2173-S	Kitaake FN2173-S	canonical	mechanical_normalization	1	kitaakefn2173s
Kitaake FN2174-S	Kitaake FN2174-S	canonical	mechanical_normalization	1	kitaakefn2174s
Kitaake FN2175-S	Kitaake FN2175-S	canonical	mechanical_normalization	1	kitaakefn2175s
Kitaake FN2177-S	Kitaake FN2177-S	canonical	mechanical_normalization	1	kitaakefn2177s
Kitaake FN2178-S	Kitaake FN2178-S	canonical	mechanical_normalization	1	kitaakefn2178s
Kitaake FN2179-S	Kitaake FN2179-S	canonical	mechanical_normalization	1	kitaakefn2179s
Kitaake FN2186-S	Kitaake FN2186-S	canonical	mechanical_normalization	1	kitaakefn2186s
Kitaake FN2281	Kitaake FN2281	canonical	mechanical_normalization	1	kitaakefn2281
Kitaake FN2282	Kitaake FN2282	canonical	mechanical_normalization	1	kitaakefn2282
Kitaake FN2283	Kitaake FN2283	canonical	mechanical_normalization	1	kitaakefn2283
Kitaake FN2284	Kitaake FN2284	canonical	mechanical_normalization	1	kitaakefn2284
Kitaake FN2285	Kitaake FN2285	canonical	mechanical_normalization	1	kitaakefn2285
Kitaake FN2286	Kitaake FN2286	canonical	mechanical_normalization	1	kitaakefn2286
Kitaake FN2288	Kitaake FN2288	canonical	mechanical_normalization	1	kitaakefn2288
Kitaake FN2289	Kitaake FN2289	canonical	mechanical_normalization	1	kitaakefn2289
Kitaake FN2290	Kitaake FN2290	canonical	mechanical_normalization	1	kitaakefn2290
Kitaake FN2291	Kitaake FN2291	canonical	mechanical_normalization	1	kitaakefn2291
Kitaake FN2292	Kitaake FN2292	canonical	mechanical_normalization	1	kitaakefn2292
Kitaake FN2293	Kitaake FN2293	canonical	mechanical_normalization	1	kitaakefn2293
Kitaake FN2295	Kitaake FN2295	canonical	mechanical_normalization	1	kitaakefn2295
Kitaake FN2296	Kitaake FN2296	canonical	mechanical_normalization	1	kitaakefn2296
Kitaake FN2297	Kitaake FN2297	canonical	mechanical_normalization	1	kitaakefn2297
Kitaake FN2298	Kitaake FN2298	canonical	mechanical_normalization	1	kitaakefn2298
Kitaake FN2299	Kitaake FN2299	canonical	mechanical_normalization	1	kitaakefn2299
Kitaake FN2300	Kitaake FN2300	canonical	mechanical_normalization	1	kitaakefn2300
Kitaake FN2301	Kitaake FN2301	canonical	mechanical_normalization	1	kitaakefn2301
Kitaake FN2302	Kitaake FN2302	canonical	mechanical_normalization	1	kitaakefn2302
Kitaake FN2304	Kitaake FN2304	canonical	mechanical_normalization	1	kitaakefn2304
Kitaake FN2305	Kitaake FN2305	canonical	mechanical_normalization	1	kitaakefn2305
Kitaake FN2306	Kitaake FN2306	canonical	mechanical_normalization	1	kitaakefn2306
Kitaake FN2307	Kitaake FN2307	canonical	mechanical_normalization	1	kitaakefn2307
Kitaake FN2308	Kitaake FN2308	canonical	mechanical_normalization	1	kitaakefn2308
Kitaake FN2309	Kitaake FN2309	canonical	mechanical_normalization	1	kitaakefn2309
Kitaake FN2310	Kitaake FN2310	canonical	mechanical_normalization	1	kitaakefn2310
Kitaake FN2311	Kitaake FN2311	canonical	mechanical_normalization	1	kitaakefn2311
Kitaake FN2312	Kitaake FN2312	canonical	mechanical_normalization	1	kitaakefn2312
Kitaake FN2313	Kitaake FN2313	canonical	mechanical_normalization	1	kitaakefn2313
Kitaake FN2314	Kitaake FN2314	canonical	mechanical_normalization	1	kitaakefn2314
Kitaake FN2315	Kitaake FN2315	canonical	mechanical_normalization	1	kitaakefn2315
Kitaake FN2316	Kitaake FN2316	canonical	mechanical_normalization	1	kitaakefn2316
Kitaake FN2317	Kitaake FN2317	canonical	mechanical_normalization	1	kitaakefn2317
Kitaake FN2318	Kitaake FN2318	canonical	mechanical_normalization	1	kitaakefn2318
Kitaake FN2320	Kitaake FN2320	canonical	mechanical_normalization	1	kitaakefn2320
Kitaake FN2321	Kitaake FN2321	canonical	mechanical_normalization	1	kitaakefn2321
Kitaake FN2322	Kitaake FN2322	canonical	mechanical_normalization	1	kitaakefn2322
Kitaake FN2323	Kitaake FN2323	canonical	mechanical_normalization	1	kitaakefn2323
Kitaake FN2324	Kitaake FN2324	canonical	mechanical_normalization	1	kitaakefn2324
Kitaake FN2325	Kitaake FN2325	canonical	mechanical_normalization	1	kitaakefn2325
Kitaake FN2326	Kitaake FN2326	canonical	mechanical_normalization	1	kitaakefn2326
Kitaake FN2327	Kitaake FN2327	canonical	mechanical_normalization	1	kitaakefn2327
Kitaake FN2328	Kitaake FN2328	canonical	mechanical_normalization	1	kitaakefn2328
Kitaake FN2329	Kitaake FN2329	canonical	mechanical_normalization	1	kitaakefn2329
Kitaake FN2330	Kitaake FN2330	canonical	mechanical_normalization	1	kitaakefn2330
Kitaake FN2331	Kitaake FN2331	canonical	mechanical_normalization	1	kitaakefn2331
Kitaake FN2332	Kitaake FN2332	canonical	mechanical_normalization	1	kitaakefn2332
Kitaake FN2333	Kitaake FN2333	canonical	mechanical_normalization	1	kitaakefn2333
Kitaake FN2334	Kitaake FN2334	canonical	mechanical_normalization	1	kitaakefn2334
Kitaake FN2335	Kitaake FN2335	canonical	mechanical_normalization	1	kitaakefn2335
Kitaake FN2337	Kitaake FN2337	canonical	mechanical_normalization	1	kitaakefn2337
Kitaake FN2338	Kitaake FN2338	canonical	mechanical_normalization	1	kitaakefn2338
Kitaake FN2339	Kitaake FN2339	canonical	mechanical_normalization	1	kitaakefn2339
Kitaake FN2340	Kitaake FN2340	canonical	mechanical_normalization	1	kitaakefn2340
Kitaake FN2342	Kitaake FN2342	canonical	mechanical_normalization	1	kitaakefn2342
Kitaake FN2344	Kitaake FN2344	canonical	mechanical_normalization	1	kitaakefn2344
Kitaake FN2345	Kitaake FN2345	canonical	mechanical_normalization	1	kitaakefn2345
Kitaake FN2347	Kitaake FN2347	canonical	mechanical_normalization	1	kitaakefn2347
Kitaake FN2348	Kitaake FN2348	canonical	mechanical_normalization	1	kitaakefn2348
Kitaake FN2349	Kitaake FN2349	canonical	mechanical_normalization	1	kitaakefn2349
Kitaake FN2350	Kitaake FN2350	canonical	mechanical_normalization	1	kitaakefn2350
Kitaake FN2351	Kitaake FN2351	canonical	mechanical_normalization	1	kitaakefn2351
Kitaake FN2352	Kitaake FN2352	canonical	mechanical_normalization	1	kitaakefn2352
Kitaake FN2353	Kitaake FN2353	canonical	mechanical_normalization	1	kitaakefn2353
Kitaake FN2354	Kitaake FN2354	canonical	mechanical_normalization	1	kitaakefn2354
Kitaake FN2355	Kitaake FN2355	canonical	mechanical_normalization	1	kitaakefn2355
Kitaake FN2356	Kitaake FN2356	canonical	mechanical_normalization	1	kitaakefn2356
Kitaake FN2357	Kitaake FN2357	canonical	mechanical_normalization	1	kitaakefn2357
Kitaake FN2358	Kitaake FN2358	canonical	mechanical_normalization	1	kitaakefn2358
Kitaake FN2359	Kitaake FN2359	canonical	mechanical_normalization	1	kitaakefn2359
Kitaake FN2360	Kitaake FN2360	canonical	mechanical_normalization	1	kitaakefn2360
Kitaake FN2361	Kitaake FN2361	canonical	mechanical_normalization	1	kitaakefn2361
Kitaake FN2362	Kitaake FN2362	canonical	mechanical_normalization	1	kitaakefn2362
Kitaake FN2364	Kitaake FN2364	canonical	mechanical_normalization	1	kitaakefn2364
Kitaake FN2365	Kitaake FN2365	canonical	mechanical_normalization	1	kitaakefn2365
Kitaake FN2366	Kitaake FN2366	canonical	mechanical_normalization	1	kitaakefn2366
Kitaake FN2370	Kitaake FN2370	canonical	mechanical_normalization	1	kitaakefn2370
Kitaake FN2372	Kitaake FN2372	canonical	mechanical_normalization	1	kitaakefn2372
Kitaake FN2373	Kitaake FN2373	canonical	mechanical_normalization	1	kitaakefn2373
Kitaake FN2374	Kitaake FN2374	canonical	mechanical_normalization	1	kitaakefn2374
Kitaake FN2375	Kitaake FN2375	canonical	mechanical_normalization	1	kitaakefn2375
Kitaake FN2376	Kitaake FN2376	canonical	mechanical_normalization	1	kitaakefn2376
Kitaake FN2377	Kitaake FN2377	canonical	mechanical_normalization	1	kitaakefn2377
Kitaake FN2378	Kitaake FN2378	canonical	mechanical_normalization	1	kitaakefn2378
Kitaake FN2379	Kitaake FN2379	canonical	mechanical_normalization	1	kitaakefn2379
Kitaake FN2380	Kitaake FN2380	canonical	mechanical_normalization	1	kitaakefn2380
Kitaake FN2381	Kitaake FN2381	canonical	mechanical_normalization	1	kitaakefn2381
Kitaake FN2383	Kitaake FN2383	canonical	mechanical_normalization	1	kitaakefn2383
Kitaake FN2385	Kitaake FN2385	canonical	mechanical_normalization	1	kitaakefn2385
Kitaake FN2386	Kitaake FN2386	canonical	mechanical_normalization	1	kitaakefn2386
Kitaake FN2387	Kitaake FN2387	canonical	mechanical_normalization	1	kitaakefn2387
Kitaake FN2388	Kitaake FN2388	canonical	mechanical_normalization	1	kitaakefn2388
Kitaake FN2390	Kitaake FN2390	canonical	mechanical_normalization	1	kitaakefn2390
Kitaake FN2392	Kitaake FN2392	canonical	mechanical_normalization	1	kitaakefn2392
Kitaake FN2395	Kitaake FN2395	canonical	mechanical_normalization	1	kitaakefn2395
Kitaake FN2397	Kitaake FN2397	canonical	mechanical_normalization	1	kitaakefn2397
Kitaake FN2398	Kitaake FN2398	canonical	mechanical_normalization	1	kitaakefn2398
Kitaake FN2399	Kitaake FN2399	canonical	mechanical_normalization	1	kitaakefn2399
Kitaake FN2401	Kitaake FN2401	canonical	mechanical_normalization	1	kitaakefn2401
Kitaake FN2403	Kitaake FN2403	canonical	mechanical_normalization	1	kitaakefn2403
Kitaake FN2404	Kitaake FN2404	canonical	mechanical_normalization	1	kitaakefn2404
Kitaake FN2407	Kitaake FN2407	canonical	mechanical_normalization	1	kitaakefn2407
Kitaake FN2408	Kitaake FN2408	canonical	mechanical_normalization	1	kitaakefn2408
Kitaake FN2410	Kitaake FN2410	canonical	mechanical_normalization	1	kitaakefn2410
Kitaake FN2411	Kitaake FN2411	canonical	mechanical_normalization	1	kitaakefn2411
Kitaake FN2412	Kitaake FN2412	canonical	mechanical_normalization	1	kitaakefn2412
Kitaake FN2415	Kitaake FN2415	canonical	mechanical_normalization	1	kitaakefn2415
Kitaake FN2417	Kitaake FN2417	canonical	mechanical_normalization	1	kitaakefn2417
Kitaake FN2418	Kitaake FN2418	canonical	mechanical_normalization	1	kitaakefn2418
Kitaake FN2418_3-B03	Kitaake FN2418_3-B03	canonical	mechanical_normalization	1	kitaakefn24183b03
Kitaake FN2419	Kitaake FN2419	canonical	mechanical_normalization	1	kitaakefn2419
Kitaake FN2420	Kitaake FN2420	canonical	mechanical_normalization	1	kitaakefn2420
Kitaake FN2421	Kitaake FN2421	canonical	mechanical_normalization	1	kitaakefn2421
Kitaake FN2422	Kitaake FN2422	canonical	mechanical_normalization	1	kitaakefn2422
Kitaake FN2423	Kitaake FN2423	canonical	mechanical_normalization	1	kitaakefn2423
Kitaake FN2424	Kitaake FN2424	canonical	mechanical_normalization	1	kitaakefn2424
Kitaake FN2426	Kitaake FN2426	canonical	mechanical_normalization	1	kitaakefn2426
Kitaake FN2428	Kitaake FN2428	canonical	mechanical_normalization	1	kitaakefn2428
Kitaake FN2429	Kitaake FN2429	canonical	mechanical_normalization	1	kitaakefn2429
Kitaake FN2430	Kitaake FN2430	canonical	mechanical_normalization	1	kitaakefn2430
Kitaake FN2431	Kitaake FN2431	canonical	mechanical_normalization	1	kitaakefn2431
Kitaake FN2431_3-E04	Kitaake FN2431_3-E04	canonical	mechanical_normalization	1	kitaakefn24313e04
Kitaake FN2432	Kitaake FN2432	canonical	mechanical_normalization	1	kitaakefn2432
Kitaake FN2433	Kitaake FN2433	canonical	mechanical_normalization	1	kitaakefn2433
Kitaake FN2434	Kitaake FN2434	canonical	mechanical_normalization	1	kitaakefn2434
Kitaake FN2434_3-H04	Kitaake FN2434_3-H04	canonical	mechanical_normalization	1	kitaakefn24343h04
Kitaake FN2435	Kitaake FN2435	canonical	mechanical_normalization	1	kitaakefn2435
Kitaake FN2436	Kitaake FN2436	canonical	mechanical_normalization	1	kitaakefn2436
Kitaake FN2437	Kitaake FN2437	canonical	mechanical_normalization	1	kitaakefn2437
Kitaake FN2438	Kitaake FN2438	canonical	mechanical_normalization	1	kitaakefn2438
Kitaake FN2439	Kitaake FN2439	canonical	mechanical_normalization	1	kitaakefn2439
Kitaake FN2439_3-E05	Kitaake FN2439_3-E05	canonical	mechanical_normalization	1	kitaakefn24393e05
Kitaake FN2440	Kitaake FN2440	canonical	mechanical_normalization	1	kitaakefn2440
Kitaake FN2441	Kitaake FN2441	canonical	mechanical_normalization	1	kitaakefn2441
Kitaake FN2442	Kitaake FN2442	canonical	mechanical_normalization	1	kitaakefn2442
Kitaake FN2444	Kitaake FN2444	canonical	mechanical_normalization	1	kitaakefn2444
Kitaake FN2445	Kitaake FN2445	canonical	mechanical_normalization	1	kitaakefn2445
Kitaake FN2446	Kitaake FN2446	canonical	mechanical_normalization	1	kitaakefn2446
Kitaake FN2447	Kitaake FN2447	canonical	mechanical_normalization	1	kitaakefn2447
Kitaake FN2448	Kitaake FN2448	canonical	mechanical_normalization	1	kitaakefn2448
Kitaake FN2449	Kitaake FN2449	canonical	mechanical_normalization	1	kitaakefn2449
Kitaake FN2450	Kitaake FN2450	canonical	mechanical_normalization	1	kitaakefn2450
Kitaake FN2451	Kitaake FN2451	canonical	mechanical_normalization	1	kitaakefn2451
Kitaake FN2452	Kitaake FN2452	canonical	mechanical_normalization	1	kitaakefn2452
Kitaake FN2453	Kitaake FN2453	canonical	mechanical_normalization	1	kitaakefn2453
Kitaake FN2454	Kitaake FN2454	canonical	mechanical_normalization	1	kitaakefn2454
Kitaake FN2455	Kitaake FN2455	canonical	mechanical_normalization	1	kitaakefn2455
Kitaake FN2456	Kitaake FN2456	canonical	mechanical_normalization	1	kitaakefn2456
Kitaake FN2457	Kitaake FN2457	canonical	mechanical_normalization	1	kitaakefn2457
Kitaake FN2458	Kitaake FN2458	canonical	mechanical_normalization	1	kitaakefn2458
Kitaake FN2459	Kitaake FN2459	canonical	mechanical_normalization	1	kitaakefn2459
Kitaake FN2460	Kitaake FN2460	canonical	mechanical_normalization	1	kitaakefn2460
Kitaake FN2461	Kitaake FN2461	canonical	mechanical_normalization	1	kitaakefn2461
Kitaake FN2462	Kitaake FN2462	canonical	mechanical_normalization	1	kitaakefn2462
Kitaake FN2463	Kitaake FN2463	canonical	mechanical_normalization	1	kitaakefn2463
Kitaake FN2464	Kitaake FN2464	canonical	mechanical_normalization	1	kitaakefn2464
Kitaake FN2465	Kitaake FN2465	canonical	mechanical_normalization	1	kitaakefn2465
Kitaake FN2467	Kitaake FN2467	canonical	mechanical_normalization	1	kitaakefn2467
Kitaake FN2468	Kitaake FN2468	canonical	mechanical_normalization	1	kitaakefn2468
Kitaake FN2468_3-H08	Kitaake FN2468_3-H08	canonical	mechanical_normalization	1	kitaakefn24683h08
Kitaake FN2469	Kitaake FN2469	canonical	mechanical_normalization	1	kitaakefn2469
Kitaake FN2470	Kitaake FN2470	canonical	mechanical_normalization	1	kitaakefn2470
Kitaake FN2471	Kitaake FN2471	canonical	mechanical_normalization	1	kitaakefn2471
Kitaake FN2472	Kitaake FN2472	canonical	mechanical_normalization	1	kitaakefn2472
Kitaake FN2473	Kitaake FN2473	canonical	mechanical_normalization	1	kitaakefn2473
Kitaake FN2474	Kitaake FN2474	canonical	mechanical_normalization	1	kitaakefn2474
Kitaake FN2475	Kitaake FN2475	canonical	mechanical_normalization	1	kitaakefn2475
Kitaake FN2476	Kitaake FN2476	canonical	mechanical_normalization	1	kitaakefn2476
Kitaake FN2477	Kitaake FN2477	canonical	mechanical_normalization	1	kitaakefn2477
Kitaake FN2478	Kitaake FN2478	canonical	mechanical_normalization	1	kitaakefn2478
Kitaake FN2479	Kitaake FN2479	canonical	mechanical_normalization	1	kitaakefn2479
Kitaake FN2480	Kitaake FN2480	canonical	mechanical_normalization	1	kitaakefn2480
Kitaake FN2481	Kitaake FN2481	canonical	mechanical_normalization	1	kitaakefn2481
Kitaake FN2482	Kitaake FN2482	canonical	mechanical_normalization	1	kitaakefn2482
Kitaake FN2482_3-F10	Kitaake FN2482_3-F10	canonical	mechanical_normalization	1	kitaakefn24823f10
Kitaake FN2483	Kitaake FN2483	canonical	mechanical_normalization	1	kitaakefn2483
Kitaake FN2484	Kitaake FN2484	canonical	mechanical_normalization	1	kitaakefn2484
Kitaake FN2485	Kitaake FN2485	canonical	mechanical_normalization	1	kitaakefn2485
Kitaake FN2486	Kitaake FN2486	canonical	mechanical_normalization	1	kitaakefn2486
Kitaake FN2487	Kitaake FN2487	canonical	mechanical_normalization	1	kitaakefn2487
Kitaake FN2488	Kitaake FN2488	canonical	mechanical_normalization	1	kitaakefn2488
Kitaake FN2489	Kitaake FN2489	canonical	mechanical_normalization	1	kitaakefn2489
Kitaake FN2491	Kitaake FN2491	canonical	mechanical_normalization	1	kitaakefn2491
Kitaake FN2492	Kitaake FN2492	canonical	mechanical_normalization	1	kitaakefn2492
Kitaake FN2493	Kitaake FN2493	canonical	mechanical_normalization	1	kitaakefn2493
Kitaake FN2494	Kitaake FN2494	canonical	mechanical_normalization	1	kitaakefn2494
Kitaake FN2495	Kitaake FN2495	canonical	mechanical_normalization	1	kitaakefn2495
Kitaake FN2496	Kitaake FN2496	canonical	mechanical_normalization	1	kitaakefn2496
Kitaake FN2497	Kitaake FN2497	canonical	mechanical_normalization	1	kitaakefn2497
Kitaake FN2498	Kitaake FN2498	canonical	mechanical_normalization	1	kitaakefn2498
Kitaake FN2499	Kitaake FN2499	canonical	mechanical_normalization	1	kitaakefn2499
Kitaake FN2500	Kitaake FN2500	canonical	mechanical_normalization	1	kitaakefn2500
Kitaake FN2536-S_5-A08	Kitaake FN2536-S_5-A08	canonical	mechanical_normalization	1	kitaakefn2536s5a08
Kitaake FN2547-S_5-B06	Kitaake FN2547-S_5-B06	canonical	mechanical_normalization	1	kitaakefn2547s5b06
Kitaake FN2549-S_5-B07	Kitaake FN2549-S_5-B07	canonical	mechanical_normalization	1	kitaakefn2549s5b07
Kitaake FN2550-S_5-B08	Kitaake FN2550-S_5-B08	canonical	mechanical_normalization	1	kitaakefn2550s5b08
Kitaake FN2557-S_5-C02	Kitaake FN2557-S_5-C02	canonical	mechanical_normalization	1	kitaakefn2557s5c02
Kitaake FN2559-S_5-C04	Kitaake FN2559-S_5-C04	canonical	mechanical_normalization	1	kitaakefn2559s5c04
Kitaake FN2560-S_5-C05	Kitaake FN2560-S_5-C05	canonical	mechanical_normalization	1	kitaakefn2560s5c05
Kitaake FN2561-S_5-C06	Kitaake FN2561-S_5-C06	canonical	mechanical_normalization	1	kitaakefn2561s5c06
Kitaake FN2563-S_5-C08	Kitaake FN2563-S_5-C08	canonical	mechanical_normalization	1	kitaakefn2563s5c08
Kitaake FN2564-S_5-C09	Kitaake FN2564-S_5-C09	canonical	mechanical_normalization	1	kitaakefn2564s5c09
Kitaake FN2566-S_5-C10	Kitaake FN2566-S_5-C10	canonical	mechanical_normalization	1	kitaakefn2566s5c10
Kitaake FN2568-S_5-C11	Kitaake FN2568-S_5-C11	canonical	mechanical_normalization	1	kitaakefn2568s5c11
Kitaake FN2573-S_5-D01	Kitaake FN2573-S_5-D01	canonical	mechanical_normalization	1	kitaakefn2573s5d01
Kitaake FN2574-S_5-D02	Kitaake FN2574-S_5-D02	canonical	mechanical_normalization	1	kitaakefn2574s5d02
Kitaake FN2578-S_5-D05	Kitaake FN2578-S_5-D05	canonical	mechanical_normalization	1	kitaakefn2578s5d05
Kitaake FN2581-S_5-D08	Kitaake FN2581-S_5-D08	canonical	mechanical_normalization	1	kitaakefn2581s5d08
Kitaake FN2582-S_5-D09	Kitaake FN2582-S_5-D09	canonical	mechanical_normalization	1	kitaakefn2582s5d09
Kitaake FN2591-S_5-E02	Kitaake FN2591-S_5-E02	canonical	mechanical_normalization	1	kitaakefn2591s5e02
Kitaake FN2606-S_5-F01	Kitaake FN2606-S_5-F01	canonical	mechanical_normalization	1	kitaakefn2606s5f01
Kitaake FN2607-S_5-F02	Kitaake FN2607-S_5-F02	canonical	mechanical_normalization	1	kitaakefn2607s5f02
Kitaake FN2608-S_5-F03	Kitaake FN2608-S_5-F03	canonical	mechanical_normalization	1	kitaakefn2608s5f03
Kitaake FN2647-S	Kitaake FN2647-S	canonical	mechanical_normalization	1	kitaakefn2647s
Kitaake FN2651-S	Kitaake FN2651-S	canonical	mechanical_normalization	1	kitaakefn2651s
Kitaake FN2654-S	Kitaake FN2654-S	canonical	mechanical_normalization	1	kitaakefn2654s
Kitaake FN2666-S	Kitaake FN2666-S	canonical	mechanical_normalization	1	kitaakefn2666s
Kitaake FN2667-S	Kitaake FN2667-S	canonical	mechanical_normalization	1	kitaakefn2667s
Kitaake FN2669-S	Kitaake FN2669-S	canonical	mechanical_normalization	1	kitaakefn2669s
Kitaake FN2671-S_4-D04	Kitaake FN2671-S_4-D04	canonical	mechanical_normalization	1	kitaakefn2671s4d04
Kitaake FN2682-S	Kitaake FN2682-S	canonical	mechanical_normalization	1	kitaakefn2682s
Kitaake FN2686-S_4-E05	Kitaake FN2686-S_4-E05	canonical	mechanical_normalization	1	kitaakefn2686s4e05
Kitaake FN2687-S	Kitaake FN2687-S	canonical	mechanical_normalization	1	kitaakefn2687s
Kitaake FN2688-S_4-E07	Kitaake FN2688-S_4-E07	canonical	mechanical_normalization	1	kitaakefn2688s4e07
Kitaake FN2704-S	Kitaake FN2704-S	canonical	mechanical_normalization	1	kitaakefn2704s
Kitaake FN2714-S	Kitaake FN2714-S	canonical	mechanical_normalization	1	kitaakefn2714s
Kitaake FN2715-S	Kitaake FN2715-S	canonical	mechanical_normalization	1	kitaakefn2715s
Kitaake FN2719-S	Kitaake FN2719-S	canonical	mechanical_normalization	1	kitaakefn2719s
Kitaake FN2723-S	Kitaake FN2723-S	canonical	mechanical_normalization	1	kitaakefn2723s
Kitaake FN2725-S	Kitaake FN2725-S	canonical	mechanical_normalization	1	kitaakefn2725s
Kitaake FN2726-S	Kitaake FN2726-S	canonical	mechanical_normalization	1	kitaakefn2726s
Kitaake FN2727-S	Kitaake FN2727-S	canonical	mechanical_normalization	1	kitaakefn2727s
Kitaake FN2729-S	Kitaake FN2729-S	canonical	mechanical_normalization	1	kitaakefn2729s
Kitaake FN2730-S_4-G09	Kitaake FN2730-S_4-G09	canonical	mechanical_normalization	1	kitaakefn2730s4g09
Kitaake FN2734-S	Kitaake FN2734-S	canonical	mechanical_normalization	1	kitaakefn2734s
Kitaake FN2735-S	Kitaake FN2735-S	canonical	mechanical_normalization	1	kitaakefn2735s
Kitaake FN2752-S	Kitaake FN2752-S	canonical	mechanical_normalization	1	kitaakefn2752s
Kitaake FN2753-S	Kitaake FN2753-S	canonical	mechanical_normalization	1	kitaakefn2753s
Kitaake FN2755-S	Kitaake FN2755-S	canonical	mechanical_normalization	1	kitaakefn2755s
Kitaake FN2760-S	Kitaake FN2760-S	canonical	mechanical_normalization	1	kitaakefn2760s
Kitaake FN2882-S	Kitaake FN2882-S	canonical	mechanical_normalization	1	kitaakefn2882s
Kitaake FN2883-S	Kitaake FN2883-S	canonical	mechanical_normalization	1	kitaakefn2883s
Kitaake FN2885-S	Kitaake FN2885-S	canonical	mechanical_normalization	1	kitaakefn2885s
Kitaake FN2886-S	Kitaake FN2886-S	canonical	mechanical_normalization	1	kitaakefn2886s
Kitaake FN2887-S	Kitaake FN2887-S	canonical	mechanical_normalization	1	kitaakefn2887s
Kitaake FN2888-S	Kitaake FN2888-S	canonical	mechanical_normalization	1	kitaakefn2888s
Kitaake FN2889-S	Kitaake FN2889-S	canonical	mechanical_normalization	1	kitaakefn2889s
Kitaake FN2890-S	Kitaake FN2890-S	canonical	mechanical_normalization	1	kitaakefn2890s
Kitaake FN2891-S	Kitaake FN2891-S	canonical	mechanical_normalization	1	kitaakefn2891s
Kitaake FN2892-S	Kitaake FN2892-S	canonical	mechanical_normalization	1	kitaakefn2892s
Kitaake FN2893-S	Kitaake FN2893-S	canonical	mechanical_normalization	1	kitaakefn2893s
Kitaake FN2894-S	Kitaake FN2894-S	canonical	mechanical_normalization	1	kitaakefn2894s
Kitaake FN2895-S	Kitaake FN2895-S	canonical	mechanical_normalization	1	kitaakefn2895s
Kitaake FN2896-S	Kitaake FN2896-S	canonical	mechanical_normalization	1	kitaakefn2896s
Kitaake FN2897-S	Kitaake FN2897-S	canonical	mechanical_normalization	1	kitaakefn2897s
Kitaake FN2898-S	Kitaake FN2898-S	canonical	mechanical_normalization	1	kitaakefn2898s
Kitaake FN2899-S	Kitaake FN2899-S	canonical	mechanical_normalization	1	kitaakefn2899s
Kitaake FN2901-S	Kitaake FN2901-S	canonical	mechanical_normalization	1	kitaakefn2901s
Kitaake FN2902-S	Kitaake FN2902-S	canonical	mechanical_normalization	1	kitaakefn2902s
Kitaake FN2904-S	Kitaake FN2904-S	canonical	mechanical_normalization	1	kitaakefn2904s
Kitaake FN2909-S	Kitaake FN2909-S	canonical	mechanical_normalization	1	kitaakefn2909s
Kitaake FN2912-S	Kitaake FN2912-S	canonical	mechanical_normalization	1	kitaakefn2912s
Kitaake FN2913-S	Kitaake FN2913-S	canonical	mechanical_normalization	1	kitaakefn2913s
Kitaake FN2914-S	Kitaake FN2914-S	canonical	mechanical_normalization	1	kitaakefn2914s
Kitaake FN2915-S	Kitaake FN2915-S	canonical	mechanical_normalization	1	kitaakefn2915s
Kitaake FN2917-S	Kitaake FN2917-S	canonical	mechanical_normalization	1	kitaakefn2917s
Kitaake FN2918-S	Kitaake FN2918-S	canonical	mechanical_normalization	1	kitaakefn2918s
Kitaake FN2921-S	Kitaake FN2921-S	canonical	mechanical_normalization	1	kitaakefn2921s
Kitaake FN2922-S	Kitaake FN2922-S	canonical	mechanical_normalization	1	kitaakefn2922s
Kitaake FN2929-S	Kitaake FN2929-S	canonical	mechanical_normalization	1	kitaakefn2929s
Kitaake FN2932-S	Kitaake FN2932-S	canonical	mechanical_normalization	1	kitaakefn2932s
Kitaake FN2933-S	Kitaake FN2933-S	canonical	mechanical_normalization	1	kitaakefn2933s
Kitaake FN2939-S	Kitaake FN2939-S	canonical	mechanical_normalization	1	kitaakefn2939s
Kitaake FN2940-S	Kitaake FN2940-S	canonical	mechanical_normalization	1	kitaakefn2940s
Kitaake FN2942-S	Kitaake FN2942-S	canonical	mechanical_normalization	1	kitaakefn2942s
Kitaake FN2944-S	Kitaake FN2944-S	canonical	mechanical_normalization	1	kitaakefn2944s
Kitaake FN2947-S	Kitaake FN2947-S	canonical	mechanical_normalization	1	kitaakefn2947s
Kitaake FN2951-S	Kitaake FN2951-S	canonical	mechanical_normalization	1	kitaakefn2951s
Kitaake FN2953-S	Kitaake FN2953-S	canonical	mechanical_normalization	1	kitaakefn2953s
Kitaake FN2958-S	Kitaake FN2958-S	canonical	mechanical_normalization	1	kitaakefn2958s
Kitaake FN2967-S	Kitaake FN2967-S	canonical	mechanical_normalization	1	kitaakefn2967s
Kitaake FN2968-S	Kitaake FN2968-S	canonical	mechanical_normalization	1	kitaakefn2968s
Kitaake FN2970-S	Kitaake FN2970-S	canonical	mechanical_normalization	1	kitaakefn2970s
Kitaake FN2973-S	Kitaake FN2973-S	canonical	mechanical_normalization	1	kitaakefn2973s
Kitaake FN2976-S	Kitaake FN2976-S	canonical	mechanical_normalization	1	kitaakefn2976s
Kitaake FN2979-S	Kitaake FN2979-S	canonical	mechanical_normalization	1	kitaakefn2979s
Kitaake FN2986-S	Kitaake FN2986-S	canonical	mechanical_normalization	1	kitaakefn2986s
Kitaake FN2990-S	Kitaake FN2990-S	canonical	mechanical_normalization	1	kitaakefn2990s
Kitaake FN2991-S	Kitaake FN2991-S	canonical	mechanical_normalization	1	kitaakefn2991s
Kitaake FN2994-S	Kitaake FN2994-S	canonical	mechanical_normalization	1	kitaakefn2994s
Kitaake FN2996-S	Kitaake FN2996-S	canonical	mechanical_normalization	1	kitaakefn2996s
Kitaake FN3014-S	Kitaake FN3014-S	canonical	mechanical_normalization	1	kitaakefn3014s
Kitaake FN3015-S	Kitaake FN3015-S	canonical	mechanical_normalization	1	kitaakefn3015s
Kitaake FN3016-S	Kitaake FN3016-S	canonical	mechanical_normalization	1	kitaakefn3016s
Kitaake FN3019-S	Kitaake FN3019-S	canonical	mechanical_normalization	1	kitaakefn3019s
Kitaake FN3028-S	Kitaake FN3028-S	canonical	mechanical_normalization	1	kitaakefn3028s
Kitaake FN3033-S	Kitaake FN3033-S	canonical	mechanical_normalization	1	kitaakefn3033s
Kitaake FN3067-S	Kitaake FN3067-S	canonical	mechanical_normalization	1	kitaakefn3067s
Kitaake FN3085-S	Kitaake FN3085-S	canonical	mechanical_normalization	1	kitaakefn3085s
Kitaake FN3092-S	Kitaake FN3092-S	canonical	mechanical_normalization	1	kitaakefn3092s
Kitaake FN3094-S	Kitaake FN3094-S	canonical	mechanical_normalization	1	kitaakefn3094s
Kitaake FN3114-S	Kitaake FN3114-S	canonical	mechanical_normalization	1	kitaakefn3114s
Kitaake FN3117-S	Kitaake FN3117-S	canonical	mechanical_normalization	1	kitaakefn3117s
Kitaake FN3119-S	Kitaake FN3119-S	canonical	mechanical_normalization	1	kitaakefn3119s
Kitaake FN3123-S	Kitaake FN3123-S	canonical	mechanical_normalization	1	kitaakefn3123s
Kitaake FN3126-S	Kitaake FN3126-S	canonical	mechanical_normalization	1	kitaakefn3126s
Kitaake FN3129-S	Kitaake FN3129-S	canonical	mechanical_normalization	1	kitaakefn3129s
Kitaake FN3132-S	Kitaake FN3132-S	canonical	mechanical_normalization	1	kitaakefn3132s
Kitaake FN3134-S	Kitaake FN3134-S	canonical	mechanical_normalization	1	kitaakefn3134s
Kitaake FN3135-S	Kitaake FN3135-S	canonical	mechanical_normalization	1	kitaakefn3135s
Kitaake FN3142-S	Kitaake FN3142-S	canonical	mechanical_normalization	1	kitaakefn3142s
Kitaake FN3145-S	Kitaake FN3145-S	canonical	mechanical_normalization	1	kitaakefn3145s
Kitaake FN3146-S	Kitaake FN3146-S	canonical	mechanical_normalization	1	kitaakefn3146s
Kitaake FN3147-S	Kitaake FN3147-S	canonical	mechanical_normalization	1	kitaakefn3147s
Kitaake FN3150-S	Kitaake FN3150-S	canonical	mechanical_normalization	1	kitaakefn3150s
Kitaake FN3151-S	Kitaake FN3151-S	canonical	mechanical_normalization	1	kitaakefn3151s
Kitaake FN3155-S	Kitaake FN3155-S	canonical	mechanical_normalization	1	kitaakefn3155s
Kitaake FN3160-S	Kitaake FN3160-S	canonical	mechanical_normalization	1	kitaakefn3160s
Kitaake FN3164-S	Kitaake FN3164-S	canonical	mechanical_normalization	1	kitaakefn3164s
Kitaake FN3165-S	Kitaake FN3165-S	canonical	mechanical_normalization	1	kitaakefn3165s
Kitaake FN3171-S	Kitaake FN3171-S	canonical	mechanical_normalization	1	kitaakefn3171s
Kitaake FN3172-S	Kitaake FN3172-S	canonical	mechanical_normalization	1	kitaakefn3172s
Kitaake FN3173-S	Kitaake FN3173-S	canonical	mechanical_normalization	1	kitaakefn3173s
Kitaake FN3174-S	Kitaake FN3174-S	canonical	mechanical_normalization	1	kitaakefn3174s
Kitaake FN3175-S	Kitaake FN3175-S	canonical	mechanical_normalization	1	kitaakefn3175s
Kitaake FN3176-S	Kitaake FN3176-S	canonical	mechanical_normalization	1	kitaakefn3176s
Kitaake FN3177-S	Kitaake FN3177-S	canonical	mechanical_normalization	1	kitaakefn3177s
Kitaake FN3178-S	Kitaake FN3178-S	canonical	mechanical_normalization	1	kitaakefn3178s
Kitaake FN3179-S	Kitaake FN3179-S	canonical	mechanical_normalization	1	kitaakefn3179s
Kitaake FN3181-S	Kitaake FN3181-S	canonical	mechanical_normalization	1	kitaakefn3181s
Kitaake FN3182-S	Kitaake FN3182-S	canonical	mechanical_normalization	1	kitaakefn3182s
Kitaake FN3183-S	Kitaake FN3183-S	canonical	mechanical_normalization	1	kitaakefn3183s
Kitaake FN3184-S	Kitaake FN3184-S	canonical	mechanical_normalization	1	kitaakefn3184s
Kitaake FN3185-S	Kitaake FN3185-S	canonical	mechanical_normalization	1	kitaakefn3185s
Kitaake FN3187-S	Kitaake FN3187-S	canonical	mechanical_normalization	1	kitaakefn3187s
Kitaake FN3189-S	Kitaake FN3189-S	canonical	mechanical_normalization	1	kitaakefn3189s
Kitaake FN3199-S	Kitaake FN3199-S	canonical	mechanical_normalization	1	kitaakefn3199s
Kitaake FN3200-S	Kitaake FN3200-S	canonical	mechanical_normalization	1	kitaakefn3200s
Kitaake FN3201-S	Kitaake FN3201-S	canonical	mechanical_normalization	1	kitaakefn3201s
Kitaake FN3202-S	Kitaake FN3202-S	canonical	mechanical_normalization	1	kitaakefn3202s
Kitaake FN3203-S	Kitaake FN3203-S	canonical	mechanical_normalization	1	kitaakefn3203s
Kitaake FN3204-S	Kitaake FN3204-S	canonical	mechanical_normalization	1	kitaakefn3204s
Kitaake FN3205-S	Kitaake FN3205-S	canonical	mechanical_normalization	1	kitaakefn3205s
Kitaake FN3206-S	Kitaake FN3206-S	canonical	mechanical_normalization	1	kitaakefn3206s
Kitaake FN3207-S	Kitaake FN3207-S	canonical	mechanical_normalization	1	kitaakefn3207s
Kitaake FN3208-S	Kitaake FN3208-S	canonical	mechanical_normalization	1	kitaakefn3208s
Kitaake FN3209-S	Kitaake FN3209-S	canonical	mechanical_normalization	1	kitaakefn3209s
Kitaake FN3210-S	Kitaake FN3210-S	canonical	mechanical_normalization	1	kitaakefn3210s
Kitaake FN3211-S	Kitaake FN3211-S	canonical	mechanical_normalization	1	kitaakefn3211s
Kitaake FN3212-S	Kitaake FN3212-S	canonical	mechanical_normalization	1	kitaakefn3212s
Kitaake FN3214-S	Kitaake FN3214-S	canonical	mechanical_normalization	1	kitaakefn3214s
Kitaake FN3215-S	Kitaake FN3215-S	canonical	mechanical_normalization	1	kitaakefn3215s
Kitaake FN3216-S	Kitaake FN3216-S	canonical	mechanical_normalization	1	kitaakefn3216s
Kitaake FN3217-S	Kitaake FN3217-S	canonical	mechanical_normalization	1	kitaakefn3217s
Kitaake FN3218-S	Kitaake FN3218-S	canonical	mechanical_normalization	1	kitaakefn3218s
Kitaake FN3219-S	Kitaake FN3219-S	canonical	mechanical_normalization	1	kitaakefn3219s
Kitaake FN3221-S	Kitaake FN3221-S	canonical	mechanical_normalization	1	kitaakefn3221s
Kitaake FN3222-S	Kitaake FN3222-S	canonical	mechanical_normalization	1	kitaakefn3222s
Kitaake FN3223-S	Kitaake FN3223-S	canonical	mechanical_normalization	1	kitaakefn3223s
Kitaake FN3226-S	Kitaake FN3226-S	canonical	mechanical_normalization	1	kitaakefn3226s
Kitaake FN3227-S	Kitaake FN3227-S	canonical	mechanical_normalization	1	kitaakefn3227s
Kitaake FN3228-S	Kitaake FN3228-S	canonical	mechanical_normalization	1	kitaakefn3228s
Kitaake FN3229-S	Kitaake FN3229-S	canonical	mechanical_normalization	1	kitaakefn3229s
Kitaake FN3230-S	Kitaake FN3230-S	canonical	mechanical_normalization	1	kitaakefn3230s
Kitaake FN3231-S	Kitaake FN3231-S	canonical	mechanical_normalization	1	kitaakefn3231s
Kitaake FN3232-S	Kitaake FN3232-S	canonical	mechanical_normalization	1	kitaakefn3232s
Kitaake FN3233-S	Kitaake FN3233-S	canonical	mechanical_normalization	1	kitaakefn3233s
Kitaake FN3234-S	Kitaake FN3234-S	canonical	mechanical_normalization	1	kitaakefn3234s
Kitaake FN3235-S	Kitaake FN3235-S	canonical	mechanical_normalization	1	kitaakefn3235s
Kitaake FN3236-S	Kitaake FN3236-S	canonical	mechanical_normalization	1	kitaakefn3236s
Kitaake FN3239-S	Kitaake FN3239-S	canonical	mechanical_normalization	1	kitaakefn3239s
Kitaake FN3241-S	Kitaake FN3241-S	canonical	mechanical_normalization	1	kitaakefn3241s
Kitaake FN3242-S	Kitaake FN3242-S	canonical	mechanical_normalization	1	kitaakefn3242s
Kitaake FN3243-S	Kitaake FN3243-S	canonical	mechanical_normalization	1	kitaakefn3243s
Kitaake FN3245-S	Kitaake FN3245-S	canonical	mechanical_normalization	1	kitaakefn3245s
Kitaake FN3248-S	Kitaake FN3248-S	canonical	mechanical_normalization	1	kitaakefn3248s
Kitaake FN3250-S	Kitaake FN3250-S	canonical	mechanical_normalization	1	kitaakefn3250s
Kitaake FN3251-S	Kitaake FN3251-S	canonical	mechanical_normalization	1	kitaakefn3251s
Kitaake FN3252-S	Kitaake FN3252-S	canonical	mechanical_normalization	1	kitaakefn3252s
Kitaake FN3253-S	Kitaake FN3253-S	canonical	mechanical_normalization	1	kitaakefn3253s
Kitaake FN3254-S	Kitaake FN3254-S	canonical	mechanical_normalization	1	kitaakefn3254s
Kitaake FN3255-S	Kitaake FN3255-S	canonical	mechanical_normalization	1	kitaakefn3255s
Kitaake FN3256-S	Kitaake FN3256-S	canonical	mechanical_normalization	1	kitaakefn3256s
Kitaake FN3257-S	Kitaake FN3257-S	canonical	mechanical_normalization	1	kitaakefn3257s
Kitaake FN3261-S	Kitaake FN3261-S	canonical	mechanical_normalization	1	kitaakefn3261s
Kitaake FN3262-S	Kitaake FN3262-S	canonical	mechanical_normalization	1	kitaakefn3262s
Kitaake FN3263-S	Kitaake FN3263-S	canonical	mechanical_normalization	1	kitaakefn3263s
Kitaake FN3268-S	Kitaake FN3268-S	canonical	mechanical_normalization	1	kitaakefn3268s
Kitaake FN3269-S	Kitaake FN3269-S	canonical	mechanical_normalization	1	kitaakefn3269s
Kitaake FN3270-S	Kitaake FN3270-S	canonical	mechanical_normalization	1	kitaakefn3270s
Kitaake FN3271-S	Kitaake FN3271-S	canonical	mechanical_normalization	1	kitaakefn3271s
Kitaake FN3273-S	Kitaake FN3273-S	canonical	mechanical_normalization	1	kitaakefn3273s
Kitaake FN3276-S	Kitaake FN3276-S	canonical	mechanical_normalization	1	kitaakefn3276s
Kitaake FN3278-S	Kitaake FN3278-S	canonical	mechanical_normalization	1	kitaakefn3278s
Kitaake FN3279-S	Kitaake FN3279-S	canonical	mechanical_normalization	1	kitaakefn3279s
Kitaake FN4182-S	Kitaake FN4182-S	canonical	mechanical_normalization	1	kitaakefn4182s
Kitaake FN4184-S	Kitaake FN4184-S	canonical	mechanical_normalization	1	kitaakefn4184s
Kitaake FN4185-S	Kitaake FN4185-S	canonical	mechanical_normalization	1	kitaakefn4185s
Kitaake FN4249-S	Kitaake FN4249-S	canonical	mechanical_normalization	1	kitaakefn4249s
Kitaake FN4253-S	Kitaake FN4253-S	canonical	mechanical_normalization	1	kitaakefn4253s
Kitaake FN4258-S	Kitaake FN4258-S	canonical	mechanical_normalization	1	kitaakefn4258s
Kitaake FN4260-S	Kitaake FN4260-S	canonical	mechanical_normalization	1	kitaakefn4260s
Kitaake FN4271-S	Kitaake FN4271-S	canonical	mechanical_normalization	1	kitaakefn4271s
Kitaake FN4272-S	Kitaake FN4272-S	canonical	mechanical_normalization	1	kitaakefn4272s
Kitaake FN4275-S	Kitaake FN4275-S	canonical	mechanical_normalization	1	kitaakefn4275s
Kitaake FN4300-S	Kitaake FN4300-S	canonical	mechanical_normalization	1	kitaakefn4300s
Kitaake FN4302-S	Kitaake FN4302-S	canonical	mechanical_normalization	1	kitaakefn4302s
Kitaake FN4304-S	Kitaake FN4304-S	canonical	mechanical_normalization	1	kitaakefn4304s
Kitaake FN4305-S	Kitaake FN4305-S	canonical	mechanical_normalization	1	kitaakefn4305s
Kitaake FN4311-S	Kitaake FN4311-S	canonical	mechanical_normalization	1	kitaakefn4311s
Kitaake FN4312-S	Kitaake FN4312-S	canonical	mechanical_normalization	1	kitaakefn4312s
Kitaake FN4344-S	Kitaake FN4344-S	canonical	mechanical_normalization	1	kitaakefn4344s
Kitaake FN4353-S	Kitaake FN4353-S	canonical	mechanical_normalization	1	kitaakefn4353s
Kitaake FN4354-S	Kitaake FN4354-S	canonical	mechanical_normalization	1	kitaakefn4354s
Kitaake FN4361-S	Kitaake FN4361-S	canonical	mechanical_normalization	1	kitaakefn4361s
Kitaake FN4366-S	Kitaake FN4366-S	canonical	mechanical_normalization	1	kitaakefn4366s
Kitaake FN4367-S	Kitaake FN4367-S	canonical	mechanical_normalization	1	kitaakefn4367s
Kitaake FN4372-S	Kitaake FN4372-S	canonical	mechanical_normalization	1	kitaakefn4372s
Kitaake FN4377-S	Kitaake FN4377-S	canonical	mechanical_normalization	1	kitaakefn4377s
Kitaake FN4378-S	Kitaake FN4378-S	canonical	mechanical_normalization	1	kitaakefn4378s
Kitaake FN4379-S	Kitaake FN4379-S	canonical	mechanical_normalization	1	kitaakefn4379s
Kitaake FN4380-S	Kitaake FN4380-S	canonical	mechanical_normalization	1	kitaakefn4380s
Kitaake FN4381-S	Kitaake FN4381-S	canonical	mechanical_normalization	1	kitaakefn4381s
Kitaake FN4382-S	Kitaake FN4382-S	canonical	mechanical_normalization	1	kitaakefn4382s
Kitaake FN4383-S	Kitaake FN4383-S	canonical	mechanical_normalization	1	kitaakefn4383s
Kitaake FN4385-S	Kitaake FN4385-S	canonical	mechanical_normalization	1	kitaakefn4385s
Kitaake FN4386-2-S	Kitaake FN4386-2-S	canonical	mechanical_normalization	1	kitaakefn43862s
Kitaake FN4387-S	Kitaake FN4387-S	canonical	mechanical_normalization	1	kitaakefn4387s
Kitaake FN4388-S	Kitaake FN4388-S	canonical	mechanical_normalization	1	kitaakefn4388s
Kitaake FN4389-S	Kitaake FN4389-S	canonical	mechanical_normalization	1	kitaakefn4389s
Kitaake FN4390-S	Kitaake FN4390-S	canonical	mechanical_normalization	1	kitaakefn4390s
Kitaake FN4391-S	Kitaake FN4391-S	canonical	mechanical_normalization	1	kitaakefn4391s
Kitaake FN4392-S	Kitaake FN4392-S	canonical	mechanical_normalization	1	kitaakefn4392s
Kitaake FN4393-S	Kitaake FN4393-S	canonical	mechanical_normalization	1	kitaakefn4393s
Kitaake FN4394-S	Kitaake FN4394-S	canonical	mechanical_normalization	1	kitaakefn4394s
Kitaake FN4395-S	Kitaake FN4395-S	canonical	mechanical_normalization	1	kitaakefn4395s
Kitaake FN4396-S	Kitaake FN4396-S	canonical	mechanical_normalization	1	kitaakefn4396s
Kitaake FN4397-S	Kitaake FN4397-S	canonical	mechanical_normalization	1	kitaakefn4397s
Kitaake FN4398-S	Kitaake FN4398-S	canonical	mechanical_normalization	1	kitaakefn4398s
Kitaake FN4399-S	Kitaake FN4399-S	canonical	mechanical_normalization	1	kitaakefn4399s
Kitaake FN4400-S	Kitaake FN4400-S	canonical	mechanical_normalization	1	kitaakefn4400s
Kitaake FN4401-S	Kitaake FN4401-S	canonical	mechanical_normalization	1	kitaakefn4401s
Kitaake FN4402-S	Kitaake FN4402-S	canonical	mechanical_normalization	1	kitaakefn4402s
Kitaake FN4404-S	Kitaake FN4404-S	canonical	mechanical_normalization	1	kitaakefn4404s
Kitaake FN4405-S	Kitaake FN4405-S	canonical	mechanical_normalization	1	kitaakefn4405s
Kitaake FN4406-S	Kitaake FN4406-S	canonical	mechanical_normalization	1	kitaakefn4406s
Kitaake FN4411-S	Kitaake FN4411-S	canonical	mechanical_normalization	1	kitaakefn4411s
Kitaake FN4412-S	Kitaake FN4412-S	canonical	mechanical_normalization	1	kitaakefn4412s
Kitaake FN4413-S	Kitaake FN4413-S	canonical	mechanical_normalization	1	kitaakefn4413s
Kitaake FN4417-S	Kitaake FN4417-S	canonical	mechanical_normalization	1	kitaakefn4417s
Kitaake FN4425-S	Kitaake FN4425-S	canonical	mechanical_normalization	1	kitaakefn4425s
Kitaake FN4427-S	Kitaake FN4427-S	canonical	mechanical_normalization	1	kitaakefn4427s
Kitaake FN4434-S	Kitaake FN4434-S	canonical	mechanical_normalization	1	kitaakefn4434s
Kitaake FN4435-S	Kitaake FN4435-S	canonical	mechanical_normalization	1	kitaakefn4435s
Kitaake FN4440-S	Kitaake FN4440-S	canonical	mechanical_normalization	1	kitaakefn4440s
Kitaake FN4444-S	Kitaake FN4444-S	canonical	mechanical_normalization	1	kitaakefn4444s
Kitaake FN4445-S	Kitaake FN4445-S	canonical	mechanical_normalization	1	kitaakefn4445s
Kitaake FN4446-S	Kitaake FN4446-S	canonical	mechanical_normalization	1	kitaakefn4446s
Kitaake FN4448-S	Kitaake FN4448-S	canonical	mechanical_normalization	1	kitaakefn4448s
Kitaake FN4449-S	Kitaake FN4449-S	canonical	mechanical_normalization	1	kitaakefn4449s
Kitaake FN4451-S	Kitaake FN4451-S	canonical	mechanical_normalization	1	kitaakefn4451s
Kitaake FN4452-S	Kitaake FN4452-S	canonical	mechanical_normalization	1	kitaakefn4452s
Kitaake FN4453-S	Kitaake FN4453-S	canonical	mechanical_normalization	1	kitaakefn4453s
Kitaake FN4454-S	Kitaake FN4454-S	canonical	mechanical_normalization	1	kitaakefn4454s
Kitaake FN4455-S	Kitaake FN4455-S	canonical	mechanical_normalization	1	kitaakefn4455s
Kitaake FN4458-S	Kitaake FN4458-S	canonical	mechanical_normalization	1	kitaakefn4458s
Kitaake FN4463-S	Kitaake FN4463-S	canonical	mechanical_normalization	1	kitaakefn4463s
Kitaake FN4464-S	Kitaake FN4464-S	canonical	mechanical_normalization	1	kitaakefn4464s
Kitaake FN4466-S	Kitaake FN4466-S	canonical	mechanical_normalization	1	kitaakefn4466s
Kitaake FN4468-S	Kitaake FN4468-S	canonical	mechanical_normalization	1	kitaakefn4468s
Kitaake FN4469-S	Kitaake FN4469-S	canonical	mechanical_normalization	1	kitaakefn4469s
Kitaake FN4471-S	Kitaake FN4471-S	canonical	mechanical_normalization	1	kitaakefn4471s
Kitaake FN4472-S	Kitaake FN4472-S	canonical	mechanical_normalization	1	kitaakefn4472s
Kitaake FN4473-S	Kitaake FN4473-S	canonical	mechanical_normalization	1	kitaakefn4473s
Kitaake FN4474-S	Kitaake FN4474-S	canonical	mechanical_normalization	1	kitaakefn4474s
Kitaake FN4475-S	Kitaake FN4475-S	canonical	mechanical_normalization	1	kitaakefn4475s
Kitaake FN4476-S	Kitaake FN4476-S	canonical	mechanical_normalization	1	kitaakefn4476s
Kitaake FN4477-S	Kitaake FN4477-S	canonical	mechanical_normalization	1	kitaakefn4477s
Kitaake FN4478-S	Kitaake FN4478-S	canonical	mechanical_normalization	1	kitaakefn4478s
Kitaake FN4480-S	Kitaake FN4480-S	canonical	mechanical_normalization	1	kitaakefn4480s
Kitaake FN4481-S	Kitaake FN4481-S	canonical	mechanical_normalization	1	kitaakefn4481s
Kitaake FN4482-S	Kitaake FN4482-S	canonical	mechanical_normalization	1	kitaakefn4482s
Kitaake FN4483-S	Kitaake FN4483-S	canonical	mechanical_normalization	1	kitaakefn4483s
Kitaake FN4488-S	Kitaake FN4488-S	canonical	mechanical_normalization	1	kitaakefn4488s
Kitaake FN4489-S	Kitaake FN4489-S	canonical	mechanical_normalization	1	kitaakefn4489s
Kitaake FN4490-S	Kitaake FN4490-S	canonical	mechanical_normalization	1	kitaakefn4490s
Kitaake FN4491-S	Kitaake FN4491-S	canonical	mechanical_normalization	1	kitaakefn4491s
Kitaake FN4492-S	Kitaake FN4492-S	canonical	mechanical_normalization	1	kitaakefn4492s
Kitaake FN4493-S	Kitaake FN4493-S	canonical	mechanical_normalization	1	kitaakefn4493s
Kitaake FN4494-S	Kitaake FN4494-S	canonical	mechanical_normalization	1	kitaakefn4494s
Kitaake FN4495-S	Kitaake FN4495-S	canonical	mechanical_normalization	1	kitaakefn4495s
Kitaake FN4498-S	Kitaake FN4498-S	canonical	mechanical_normalization	1	kitaakefn4498s
Kitaake FN4501-S	Kitaake FN4501-S	canonical	mechanical_normalization	1	kitaakefn4501s
Kitaake FN4502-S	Kitaake FN4502-S	canonical	mechanical_normalization	1	kitaakefn4502s
Kitaake FN4505-S	Kitaake FN4505-S	canonical	mechanical_normalization	1	kitaakefn4505s
Kitaake FN4510-S	Kitaake FN4510-S	canonical	mechanical_normalization	1	kitaakefn4510s
Kitaake FN4514-S	Kitaake FN4514-S	canonical	mechanical_normalization	1	kitaakefn4514s
Kitaake FN4515-S	Kitaake FN4515-S	canonical	mechanical_normalization	1	kitaakefn4515s
Kitaake FN4517-S	Kitaake FN4517-S	canonical	mechanical_normalization	1	kitaakefn4517s
Kitaake FN4518-S	Kitaake FN4518-S	canonical	mechanical_normalization	1	kitaakefn4518s
Kitaake FN4519-S	Kitaake FN4519-S	canonical	mechanical_normalization	1	kitaakefn4519s
Kitaake FN4522-S	Kitaake FN4522-S	canonical	mechanical_normalization	1	kitaakefn4522s
Kitaake FN4524-S	Kitaake FN4524-S	canonical	mechanical_normalization	1	kitaakefn4524s
Kitaake FN4526-S	Kitaake FN4526-S	canonical	mechanical_normalization	1	kitaakefn4526s
Kitaake FN4528-S	Kitaake FN4528-S	canonical	mechanical_normalization	1	kitaakefn4528s
Kitaake FN4529-S	Kitaake FN4529-S	canonical	mechanical_normalization	1	kitaakefn4529s
Kitaake FN4530-S	Kitaake FN4530-S	canonical	mechanical_normalization	1	kitaakefn4530s
Kitaake FN4533-S	Kitaake FN4533-S	canonical	mechanical_normalization	1	kitaakefn4533s
Kitaake FN4536-S	Kitaake FN4536-S	canonical	mechanical_normalization	1	kitaakefn4536s
Kitaake FN4539-S	Kitaake FN4539-S	canonical	mechanical_normalization	1	kitaakefn4539s
Kitaake FN4540-S	Kitaake FN4540-S	canonical	mechanical_normalization	1	kitaakefn4540s
Kitaake FN4545-S	Kitaake FN4545-S	canonical	mechanical_normalization	1	kitaakefn4545s
Kitaake FN4546-S	Kitaake FN4546-S	canonical	mechanical_normalization	1	kitaakefn4546s
Kitaake FN4547-2-S	Kitaake FN4547-2-S	canonical	mechanical_normalization	1	kitaakefn45472s
Kitaake FN4549-S	Kitaake FN4549-S	canonical	mechanical_normalization	1	kitaakefn4549s
Kitaake FN4554-2-S	Kitaake FN4554-2-S	canonical	mechanical_normalization	1	kitaakefn45542s
Kitaake FN4558-S	Kitaake FN4558-S	canonical	mechanical_normalization	1	kitaakefn4558s
Kitaake FN4559-S	Kitaake FN4559-S	canonical	mechanical_normalization	1	kitaakefn4559s
Kitaake FN4560-S	Kitaake FN4560-S	canonical	mechanical_normalization	1	kitaakefn4560s
Kitaake FN4562-S	Kitaake FN4562-S	canonical	mechanical_normalization	1	kitaakefn4562s
Kitaake FN4563-S	Kitaake FN4563-S	canonical	mechanical_normalization	1	kitaakefn4563s
Kitaake FN4564-S	Kitaake FN4564-S	canonical	mechanical_normalization	1	kitaakefn4564s
Kitaake FN4565-S	Kitaake FN4565-S	canonical	mechanical_normalization	1	kitaakefn4565s
Kitaake FN4566-S	Kitaake FN4566-S	canonical	mechanical_normalization	1	kitaakefn4566s
Kitaake FN4568-S	Kitaake FN4568-S	canonical	mechanical_normalization	1	kitaakefn4568s
Kitaake FN4569-S	Kitaake FN4569-S	canonical	mechanical_normalization	1	kitaakefn4569s
Kitaake FN4570-S	Kitaake FN4570-S	canonical	mechanical_normalization	1	kitaakefn4570s
Kitaake FN4571-S	Kitaake FN4571-S	canonical	mechanical_normalization	1	kitaakefn4571s
Kitaake FN4572-S	Kitaake FN4572-S	canonical	mechanical_normalization	1	kitaakefn4572s
Kitaake FN4573-S	Kitaake FN4573-S	canonical	mechanical_normalization	1	kitaakefn4573s
Kitaake FN4574-2-S	Kitaake FN4574-2-S	canonical	mechanical_normalization	1	kitaakefn45742s
Kitaake FN4575-S	Kitaake FN4575-S	canonical	mechanical_normalization	1	kitaakefn4575s
Kitaake FN4576-S	Kitaake FN4576-S	canonical	mechanical_normalization	1	kitaakefn4576s
Kitaake FN4577-S	Kitaake FN4577-S	canonical	mechanical_normalization	1	kitaakefn4577s
Kitaake FN4578-S	Kitaake FN4578-S	canonical	mechanical_normalization	1	kitaakefn4578s
Kitaake FN4579-S	Kitaake FN4579-S	canonical	mechanical_normalization	1	kitaakefn4579s
Kitaake FN4582-S	Kitaake FN4582-S	canonical	mechanical_normalization	1	kitaakefn4582s
Kitaake FN4583-S	Kitaake FN4583-S	canonical	mechanical_normalization	1	kitaakefn4583s
Kitaake FN4584-S	Kitaake FN4584-S	canonical	mechanical_normalization	1	kitaakefn4584s
Kitaake FN4585-S	Kitaake FN4585-S	canonical	mechanical_normalization	1	kitaakefn4585s
Kitaake FN4586-S	Kitaake FN4586-S	canonical	mechanical_normalization	1	kitaakefn4586s
Kitaake FN4587-S	Kitaake FN4587-S	canonical	mechanical_normalization	1	kitaakefn4587s
Kitaake FN4589-S	Kitaake FN4589-S	canonical	mechanical_normalization	1	kitaakefn4589s
Kitaake FN4590-2-S	Kitaake FN4590-2-S	canonical	mechanical_normalization	1	kitaakefn45902s
Kitaake FN4591-S	Kitaake FN4591-S	canonical	mechanical_normalization	1	kitaakefn4591s
Kitaake FN4592-S	Kitaake FN4592-S	canonical	mechanical_normalization	1	kitaakefn4592s
Kitaake FN4593-S	Kitaake FN4593-S	canonical	mechanical_normalization	1	kitaakefn4593s
Kitaake FN4594-S	Kitaake FN4594-S	canonical	mechanical_normalization	1	kitaakefn4594s
Kitaake FN4595-2-S	Kitaake FN4595-2-S	canonical	mechanical_normalization	1	kitaakefn45952s
Kitaake FN4597-S	Kitaake FN4597-S	canonical	mechanical_normalization	1	kitaakefn4597s
Kitaake FN4600-S	Kitaake FN4600-S	canonical	mechanical_normalization	1	kitaakefn4600s
Kitaake FN4603-S	Kitaake FN4603-S	canonical	mechanical_normalization	1	kitaakefn4603s
Kitaake FN4604-2-S	Kitaake FN4604-2-S	canonical	mechanical_normalization	1	kitaakefn46042s
Kitaake FN4605-S	Kitaake FN4605-S	canonical	mechanical_normalization	1	kitaakefn4605s
Kitaake FN4606-2-S	Kitaake FN4606-2-S	canonical	mechanical_normalization	1	kitaakefn46062s
Kitaake FN4607-S	Kitaake FN4607-S	canonical	mechanical_normalization	1	kitaakefn4607s
Kitaake FN4608-S	Kitaake FN4608-S	canonical	mechanical_normalization	1	kitaakefn4608s
Kitaake FN4610-S	Kitaake FN4610-S	canonical	mechanical_normalization	1	kitaakefn4610s
Kitaake FN4680-S	Kitaake FN4680-S	canonical	mechanical_normalization	1	kitaakefn4680s
Kitaake FN4687-S	Kitaake FN4687-S	canonical	mechanical_normalization	1	kitaakefn4687s
Kitaake FN4716-S	Kitaake FN4716-S	canonical	mechanical_normalization	1	kitaakefn4716s
Kitaake FN4742-S	Kitaake FN4742-S	canonical	mechanical_normalization	1	kitaakefn4742s
Kitaake FN4745-S	Kitaake FN4745-S	canonical	mechanical_normalization	1	kitaakefn4745s
Kitaake FN4752-S	Kitaake FN4752-S	canonical	mechanical_normalization	1	kitaakefn4752s
Kitaake FN4758-S	Kitaake FN4758-S	canonical	mechanical_normalization	1	kitaakefn4758s
Kitaake FN4766-S	Kitaake FN4766-S	canonical	mechanical_normalization	1	kitaakefn4766s
Kitaake FN4767-S	Kitaake FN4767-S	canonical	mechanical_normalization	1	kitaakefn4767s
Kitaake FN4773-S	Kitaake FN4773-S	canonical	mechanical_normalization	1	kitaakefn4773s
Kitaake FN4775-S	Kitaake FN4775-S	canonical	mechanical_normalization	1	kitaakefn4775s
Kitaake FN4847-S	Kitaake FN4847-S	canonical	mechanical_normalization	1	kitaakefn4847s
Kitaake FN4862-S	Kitaake FN4862-S	canonical	mechanical_normalization	1	kitaakefn4862s
Kitaake FN567-1-3	Kitaake FN567-1-3	canonical	mechanical_normalization	1	kitaakefn56713
Kitaake Kitaake	Kitaake Kitaake	canonical	mechanical_normalization	1	kitaakekitaake
Kitaake NxG	Kitaake NxG	canonical	mechanical_normalization	1	kitaakenxg
Kitaake NxM	Kitaake NxM	canonical	mechanical_normalization	1	kitaakenxm
Kitaake Ubi-Xa21 FN861-S	Kitaake Ubi-Xa21 FN861-S	canonical	mechanical_normalization	1	kitaakeubixa21fn861s
Kitaake Ubi-Xa21 FN862-S	Kitaake Ubi-Xa21 FN862-S	canonical	mechanical_normalization	1	kitaakeubixa21fn862s
Kitaake Ubi-Xa21 FN863-S	Kitaake Ubi-Xa21 FN863-S	canonical	mechanical_normalization	1	kitaakeubixa21fn863s
Kitaake Ubi-Xa21 FN864-S	Kitaake Ubi-Xa21 FN864-S	canonical	mechanical_normalization	1	kitaakeubixa21fn864s
Kitaake Ubi-Xa21 FN865-S	Kitaake Ubi-Xa21 FN865-S	canonical	mechanical_normalization	1	kitaakeubixa21fn865s
Kitaake Ubi-Xa21 FN866-S	Kitaake Ubi-Xa21 FN866-S	canonical	mechanical_normalization	1	kitaakeubixa21fn866s
Kitaake Ubi-Xa21 FN867-S	Kitaake Ubi-Xa21 FN867-S	canonical	mechanical_normalization	1	kitaakeubixa21fn867s
Kitaake Ubi-Xa21 FN868-S	Kitaake Ubi-Xa21 FN868-S	canonical	mechanical_normalization	1	kitaakeubixa21fn868s
Kitaake Ubi-Xa21 FN869-S	Kitaake Ubi-Xa21 FN869-S	canonical	mechanical_normalization	1	kitaakeubixa21fn869s
Kitaake Ubi-Xa21 FN870-S	Kitaake Ubi-Xa21 FN870-S	canonical	mechanical_normalization	1	kitaakeubixa21fn870s
Kitaake Ubi-Xa21 FN871-S	Kitaake Ubi-Xa21 FN871-S	canonical	mechanical_normalization	1	kitaakeubixa21fn871s
Kitaake Ubi-Xa21 FN872-S	Kitaake Ubi-Xa21 FN872-S	canonical	mechanical_normalization	1	kitaakeubixa21fn872s
Kitaake Ubi-Xa21 FN873-S	Kitaake Ubi-Xa21 FN873-S	canonical	mechanical_normalization	1	kitaakeubixa21fn873s
Kitaake Ubi-Xa21 FN874-S	Kitaake Ubi-Xa21 FN874-S	canonical	mechanical_normalization	1	kitaakeubixa21fn874s
Kitaake Ubi-Xa21 FN875-S	Kitaake Ubi-Xa21 FN875-S	canonical	mechanical_normalization	1	kitaakeubixa21fn875s
Kitaake Ubi-Xa21 FN876-S	Kitaake Ubi-Xa21 FN876-S	canonical	mechanical_normalization	1	kitaakeubixa21fn876s
Kitaake Ubi-Xa21 FN877-S	Kitaake Ubi-Xa21 FN877-S	canonical	mechanical_normalization	1	kitaakeubixa21fn877s
Kitaake Ubi-Xa21 FN878-S	Kitaake Ubi-Xa21 FN878-S	canonical	mechanical_normalization	1	kitaakeubixa21fn878s
Kitaake Ubi-Xa21 FN879-S	Kitaake Ubi-Xa21 FN879-S	canonical	mechanical_normalization	1	kitaakeubixa21fn879s
Kitaake Ubi-Xa21 FN880-S	Kitaake Ubi-Xa21 FN880-S	canonical	mechanical_normalization	1	kitaakeubixa21fn880s
Kitaake Ubi-Xa21 FN881-S	Kitaake Ubi-Xa21 FN881-S	canonical	mechanical_normalization	1	kitaakeubixa21fn881s
Kitaake Ubi-Xa21 FN882-S	Kitaake Ubi-Xa21 FN882-S	canonical	mechanical_normalization	1	kitaakeubixa21fn882s
Kitaake Ubi-Xa21 FN883-S	Kitaake Ubi-Xa21 FN883-S	canonical	mechanical_normalization	1	kitaakeubixa21fn883s
Kitaake Ubi-Xa21 FN884-S	Kitaake Ubi-Xa21 FN884-S	canonical	mechanical_normalization	1	kitaakeubixa21fn884s
Kitaake Ubi-Xa21 FN885-S	Kitaake Ubi-Xa21 FN885-S	canonical	mechanical_normalization	1	kitaakeubixa21fn885s
Kitaake Ubi-Xa21 FN886-S	Kitaake Ubi-Xa21 FN886-S	canonical	mechanical_normalization	1	kitaakeubixa21fn886s
Kitaake Ubi-Xa21 FN887-S	Kitaake Ubi-Xa21 FN887-S	canonical	mechanical_normalization	1	kitaakeubixa21fn887s
Kitaake Ubi-Xa21 FN888-S	Kitaake Ubi-Xa21 FN888-S	canonical	mechanical_normalization	1	kitaakeubixa21fn888s
Kitaake Ubi-Xa21 FN889-S	Kitaake Ubi-Xa21 FN889-S	canonical	mechanical_normalization	1	kitaakeubixa21fn889s
Kitaake Ubi-Xa21 FN890-S	Kitaake Ubi-Xa21 FN890-S	canonical	mechanical_normalization	1	kitaakeubixa21fn890s
Kitaake Ubi-Xa21 FN891-S	Kitaake Ubi-Xa21 FN891-S	canonical	mechanical_normalization	1	kitaakeubixa21fn891s
Kitaake Ubi-Xa21 FN892-S	Kitaake Ubi-Xa21 FN892-S	canonical	mechanical_normalization	1	kitaakeubixa21fn892s
Kitaake Ubi-Xa21 FN893-S	Kitaake Ubi-Xa21 FN893-S	canonical	mechanical_normalization	1	kitaakeubixa21fn893s
Kitaake Ubi-Xa21 FN894-S	Kitaake Ubi-Xa21 FN894-S	canonical	mechanical_normalization	1	kitaakeubixa21fn894s
Kitaake Ubi-Xa21 FN895-S	Kitaake Ubi-Xa21 FN895-S	canonical	mechanical_normalization	1	kitaakeubixa21fn895s
Kitaake Ubi-Xa21 FN896-S	Kitaake Ubi-Xa21 FN896-S	canonical	mechanical_normalization	1	kitaakeubixa21fn896s
Kitaake Ubi-Xa21 FN897-S	Kitaake Ubi-Xa21 FN897-S	canonical	mechanical_normalization	1	kitaakeubixa21fn897s
Kitaake Ubi-Xa21 FN898-S	Kitaake Ubi-Xa21 FN898-S	canonical	mechanical_normalization	1	kitaakeubixa21fn898s
Kitaake Ubi-Xa21 FN899-S	Kitaake Ubi-Xa21 FN899-S	canonical	mechanical_normalization	1	kitaakeubixa21fn899s
Kitaake Ubi-Xa21 FN900-S	Kitaake Ubi-Xa21 FN900-S	canonical	mechanical_normalization	1	kitaakeubixa21fn900s
Kitaake Ubi-Xa21 FN901-S	Kitaake Ubi-Xa21 FN901-S	canonical	mechanical_normalization	1	kitaakeubixa21fn901s
Kitaake Ubi-Xa21 FN902-S	Kitaake Ubi-Xa21 FN902-S	canonical	mechanical_normalization	1	kitaakeubixa21fn902s
Kitaake Ubi-Xa21 FN903-S	Kitaake Ubi-Xa21 FN903-S	canonical	mechanical_normalization	1	kitaakeubixa21fn903s
Kitaake Ubi-Xa21 FN904-S	Kitaake Ubi-Xa21 FN904-S	canonical	mechanical_normalization	1	kitaakeubixa21fn904s
Kitaake Ubi-Xa21 FN905-S	Kitaake Ubi-Xa21 FN905-S	canonical	mechanical_normalization	1	kitaakeubixa21fn905s
Kitaake Ubi-Xa21 FN906-S	Kitaake Ubi-Xa21 FN906-S	canonical	mechanical_normalization	1	kitaakeubixa21fn906s
Kitaake Ubi-Xa21 FN907-S	Kitaake Ubi-Xa21 FN907-S	canonical	mechanical_normalization	1	kitaakeubixa21fn907s
Kitaake Ubi-Xa21 FN908-S	Kitaake Ubi-Xa21 FN908-S	canonical	mechanical_normalization	1	kitaakeubixa21fn908s
Kitaake Ubi-Xa21 FN909-S	Kitaake Ubi-Xa21 FN909-S	canonical	mechanical_normalization	1	kitaakeubixa21fn909s
Kitaake Ubi-Xa21 FN910-S	Kitaake Ubi-Xa21 FN910-S	canonical	mechanical_normalization	1	kitaakeubixa21fn910s
Kitaake Ubi-Xa21 FN911-S	Kitaake Ubi-Xa21 FN911-S	canonical	mechanical_normalization	1	kitaakeubixa21fn911s
Kitaake Ubi-Xa21 FN912-S	Kitaake Ubi-Xa21 FN912-S	canonical	mechanical_normalization	1	kitaakeubixa21fn912s
Kitaake Ubi-Xa21 FN913-S	Kitaake Ubi-Xa21 FN913-S	canonical	mechanical_normalization	1	kitaakeubixa21fn913s
Kitaake Ubi-Xa21 FN914-S	Kitaake Ubi-Xa21 FN914-S	canonical	mechanical_normalization	1	kitaakeubixa21fn914s
Kitaake Ubi-Xa21 FN915-S	Kitaake Ubi-Xa21 FN915-S	canonical	mechanical_normalization	1	kitaakeubixa21fn915s
Kitaake Ubi-Xa21 FN916-S	Kitaake Ubi-Xa21 FN916-S	canonical	mechanical_normalization	1	kitaakeubixa21fn916s
Kitaake Ubi-Xa21 FN917-S	Kitaake Ubi-Xa21 FN917-S	canonical	mechanical_normalization	1	kitaakeubixa21fn917s
Kitaake Ubi-Xa21 FN918-S	Kitaake Ubi-Xa21 FN918-S	canonical	mechanical_normalization	1	kitaakeubixa21fn918s
Kitaake Ubi-Xa21 FN919-S	Kitaake Ubi-Xa21 FN919-S	canonical	mechanical_normalization	1	kitaakeubixa21fn919s
Kitaake Ubi-Xa21 FN920-S	Kitaake Ubi-Xa21 FN920-S	canonical	mechanical_normalization	1	kitaakeubixa21fn920s
Kitaake Ubi-Xa21 FN921-S	Kitaake Ubi-Xa21 FN921-S	canonical	mechanical_normalization	1	kitaakeubixa21fn921s
Kitaake Ubi-Xa21 FN922-S	Kitaake Ubi-Xa21 FN922-S	canonical	mechanical_normalization	1	kitaakeubixa21fn922s
Kitaake Ubi-Xa21 FN923-S	Kitaake Ubi-Xa21 FN923-S	canonical	mechanical_normalization	1	kitaakeubixa21fn923s
Kitaake Ubi-Xa21 FN924-S	Kitaake Ubi-Xa21 FN924-S	canonical	mechanical_normalization	1	kitaakeubixa21fn924s
Kitaake Ubi-Xa21 FN925-S	Kitaake Ubi-Xa21 FN925-S	canonical	mechanical_normalization	1	kitaakeubixa21fn925s
Kitaake Ubi-Xa21 FN926-S	Kitaake Ubi-Xa21 FN926-S	canonical	mechanical_normalization	1	kitaakeubixa21fn926s
Kitaake Ubi-Xa21 FN927-S	Kitaake Ubi-Xa21 FN927-S	canonical	mechanical_normalization	1	kitaakeubixa21fn927s
Kitaake Ubi-Xa21 FN928-S	Kitaake Ubi-Xa21 FN928-S	canonical	mechanical_normalization	1	kitaakeubixa21fn928s
Kitaake Ubi-Xa21 FN929-S	Kitaake Ubi-Xa21 FN929-S	canonical	mechanical_normalization	1	kitaakeubixa21fn929s
Kitaake Ubi-Xa21 FN930-S	Kitaake Ubi-Xa21 FN930-S	canonical	mechanical_normalization	1	kitaakeubixa21fn930s
Kitaake Ubi-Xa21 FN931-S	Kitaake Ubi-Xa21 FN931-S	canonical	mechanical_normalization	1	kitaakeubixa21fn931s
Kitaake Ubi-Xa21 FN932-S	Kitaake Ubi-Xa21 FN932-S	canonical	mechanical_normalization	1	kitaakeubixa21fn932s
Kitaake Ubi-Xa21 FN933-S	Kitaake Ubi-Xa21 FN933-S	canonical	mechanical_normalization	1	kitaakeubixa21fn933s
Kitaake Ubi-Xa21 FN934-S	Kitaake Ubi-Xa21 FN934-S	canonical	mechanical_normalization	1	kitaakeubixa21fn934s
Kitaake Ubi-Xa21 FN935-S	Kitaake Ubi-Xa21 FN935-S	canonical	mechanical_normalization	1	kitaakeubixa21fn935s
Kitaake Ubi-Xa21 FN936-S	Kitaake Ubi-Xa21 FN936-S	canonical	mechanical_normalization	1	kitaakeubixa21fn936s
Kitaake Ubi-Xa21 FN937-S	Kitaake Ubi-Xa21 FN937-S	canonical	mechanical_normalization	1	kitaakeubixa21fn937s
Kitaake Ubi-Xa21 FN938-S	Kitaake Ubi-Xa21 FN938-S	canonical	mechanical_normalization	1	kitaakeubixa21fn938s
Kitaake Ubi-Xa21 FN939-S	Kitaake Ubi-Xa21 FN939-S	canonical	mechanical_normalization	1	kitaakeubixa21fn939s
Kitaake Ubi-Xa21 FN940-S	Kitaake Ubi-Xa21 FN940-S	canonical	mechanical_normalization	1	kitaakeubixa21fn940s
Kitaake Ubi-Xa21 FN941-S	Kitaake Ubi-Xa21 FN941-S	canonical	mechanical_normalization	1	kitaakeubixa21fn941s
Kitaake Ubi-Xa21 FN942-S	Kitaake Ubi-Xa21 FN942-S	canonical	mechanical_normalization	1	kitaakeubixa21fn942s
Kitaake Ubi-Xa21 FN943-S	Kitaake Ubi-Xa21 FN943-S	canonical	mechanical_normalization	1	kitaakeubixa21fn943s
Kitaake Ubi-Xa21 FN944-S	Kitaake Ubi-Xa21 FN944-S	canonical	mechanical_normalization	1	kitaakeubixa21fn944s
Kitaake Ubi-Xa21 FN945-S	Kitaake Ubi-Xa21 FN945-S	canonical	mechanical_normalization	1	kitaakeubixa21fn945s
Kitaake Ubi-Xa21 FN946-S	Kitaake Ubi-Xa21 FN946-S	canonical	mechanical_normalization	1	kitaakeubixa21fn946s
Kitaake Ubi-Xa21 FN947-S	Kitaake Ubi-Xa21 FN947-S	canonical	mechanical_normalization	1	kitaakeubixa21fn947s
Kitaake Ubi-Xa21 FN948-S	Kitaake Ubi-Xa21 FN948-S	canonical	mechanical_normalization	1	kitaakeubixa21fn948s
Kitaake Ubi-Xa21 FN949-S	Kitaake Ubi-Xa21 FN949-S	canonical	mechanical_normalization	1	kitaakeubixa21fn949s
Kitaake Ubi-Xa21 FN950-S	Kitaake Ubi-Xa21 FN950-S	canonical	mechanical_normalization	1	kitaakeubixa21fn950s
Kitaake Ubi-Xa21 FN951-S	Kitaake Ubi-Xa21 FN951-S	canonical	mechanical_normalization	1	kitaakeubixa21fn951s
Kitaake Ubi-Xa21 FN952-S	Kitaake Ubi-Xa21 FN952-S	canonical	mechanical_normalization	1	kitaakeubixa21fn952s
Kitaake Ubi-Xa21 FN964-S	Kitaake Ubi-Xa21 FN964-S	canonical	mechanical_normalization	1	kitaakeubixa21fn964s
Kitaake Ubi-Xa21 FN983-S	Kitaake Ubi-Xa21 FN983-S	canonical	mechanical_normalization	1	kitaakeubixa21fn983s
Kitaake UxG	Kitaake UxG	canonical	mechanical_normalization	1	kitaakeuxg
Kitaake Xa21_Flag	Kitaake Xa21_Flag	canonical	mechanical_normalization	1	kitaakexa21flag
Kitaake Xa26-8-3-2	Kitaake Xa26-8-3-2	canonical	mechanical_normalization	1	kitaakexa26832
Kitaake ubi-XA100 FN1555-S	Kitaake ubi-XA100 FN1555-S	canonical	mechanical_normalization	1	kitaakeubixa100fn1555s
Kitaake ubi-XA101 FN1556-S	Kitaake ubi-XA101 FN1556-S	canonical	mechanical_normalization	1	kitaakeubixa101fn1556s
Kitaake ubi-XA102 FN1557-S	Kitaake ubi-XA102 FN1557-S	canonical	mechanical_normalization	1	kitaakeubixa102fn1557s
Kitaake ubi-XA103 FN1559-S	Kitaake ubi-XA103 FN1559-S	canonical	mechanical_normalization	1	kitaakeubixa103fn1559s
Kitaake ubi-XA104 FN1561-S	Kitaake ubi-XA104 FN1561-S	canonical	mechanical_normalization	1	kitaakeubixa104fn1561s
Kitaake ubi-XA106 FN1563-S	Kitaake ubi-XA106 FN1563-S	canonical	mechanical_normalization	1	kitaakeubixa106fn1563s
Kitaake ubi-XA107 FN1565-S	Kitaake ubi-XA107 FN1565-S	canonical	mechanical_normalization	1	kitaakeubixa107fn1565s
Kitaake ubi-XA108 FN1566-S	Kitaake ubi-XA108 FN1566-S	canonical	mechanical_normalization	1	kitaakeubixa108fn1566s
Kitaake ubi-XA110 FN1570-S	Kitaake ubi-XA110 FN1570-S	canonical	mechanical_normalization	1	kitaakeubixa110fn1570s
Kitaake ubi-XA111 FN1571-S	Kitaake ubi-XA111 FN1571-S	canonical	mechanical_normalization	1	kitaakeubixa111fn1571s
Kitaake ubi-XA112 FN1572-S	Kitaake ubi-XA112 FN1572-S	canonical	mechanical_normalization	1	kitaakeubixa112fn1572s
Kitaake ubi-XA21 701-3	Kitaake ubi-XA21 701-3	canonical	mechanical_normalization	1	kitaakeubixa217013
Kitaake ubi-XA21 703-4	Kitaake ubi-XA21 703-4	canonical	mechanical_normalization	1	kitaakeubixa217034
Kitaake ubi-XA21 CW-631-3-1	Kitaake ubi-XA21 CW-631-3-1	canonical	mechanical_normalization	1	kitaakeubixa21cw63131
Kitaake ubi-XA21 FN-227	Kitaake ubi-XA21 FN-227	canonical	mechanical_normalization	1	kitaakeubixa21fn227
Kitaake ubi-XA21 FN-228	Kitaake ubi-XA21 FN-228	canonical	mechanical_normalization	1	kitaakeubixa21fn228
Kitaake ubi-XA21 FN-237	Kitaake ubi-XA21 FN-237	canonical	mechanical_normalization	1	kitaakeubixa21fn237
Kitaake ubi-XA21 FN-238	Kitaake ubi-XA21 FN-238	canonical	mechanical_normalization	1	kitaakeubixa21fn238
Kitaake ubi-XA21 FN-240	Kitaake ubi-XA21 FN-240	canonical	mechanical_normalization	1	kitaakeubixa21fn240
Kitaake ubi-XA21 FN-241	Kitaake ubi-XA21 FN-241	canonical	mechanical_normalization	1	kitaakeubixa21fn241
Kitaake ubi-XA21 FN-243	Kitaake ubi-XA21 FN-243	canonical	mechanical_normalization	1	kitaakeubixa21fn243
Kitaake ubi-XA21 FN-245	Kitaake ubi-XA21 FN-245	canonical	mechanical_normalization	1	kitaakeubixa21fn245
Kitaake ubi-XA21 FN-246	Kitaake ubi-XA21 FN-246	canonical	mechanical_normalization	1	kitaakeubixa21fn246
Kitaake ubi-XA21 FN-247	Kitaake ubi-XA21 FN-247	canonical	mechanical_normalization	1	kitaakeubixa21fn247
Kitaake ubi-XA21 FN-248	Kitaake ubi-XA21 FN-248	canonical	mechanical_normalization	1	kitaakeubixa21fn248
Kitaake ubi-XA21 FN-249	Kitaake ubi-XA21 FN-249	canonical	mechanical_normalization	1	kitaakeubixa21fn249
Kitaake ubi-XA21 FN-250	Kitaake ubi-XA21 FN-250	canonical	mechanical_normalization	1	kitaakeubixa21fn250
Kitaake ubi-XA21 FN-251	Kitaake ubi-XA21 FN-251	canonical	mechanical_normalization	1	kitaakeubixa21fn251
Kitaake ubi-XA21 FN-252	Kitaake ubi-XA21 FN-252	canonical	mechanical_normalization	1	kitaakeubixa21fn252
Kitaake ubi-XA21 FN-253	Kitaake ubi-XA21 FN-253	canonical	mechanical_normalization	1	kitaakeubixa21fn253
Kitaake ubi-XA21 FN-254	Kitaake ubi-XA21 FN-254	canonical	mechanical_normalization	1	kitaakeubixa21fn254
Kitaake ubi-XA21 FN-255	Kitaake ubi-XA21 FN-255	canonical	mechanical_normalization	1	kitaakeubixa21fn255
Kitaake ubi-XA21 FN-256	Kitaake ubi-XA21 FN-256	canonical	mechanical_normalization	1	kitaakeubixa21fn256
Kitaake ubi-XA21 FN-257	Kitaake ubi-XA21 FN-257	canonical	mechanical_normalization	1	kitaakeubixa21fn257
Kitaake ubi-XA21 FN-258	Kitaake ubi-XA21 FN-258	canonical	mechanical_normalization	1	kitaakeubixa21fn258
Kitaake ubi-XA21 FN-259	Kitaake ubi-XA21 FN-259	canonical	mechanical_normalization	1	kitaakeubixa21fn259
Kitaake ubi-XA21 FN-261	Kitaake ubi-XA21 FN-261	canonical	mechanical_normalization	1	kitaakeubixa21fn261
Kitaake ubi-XA21 FN-262	Kitaake ubi-XA21 FN-262	canonical	mechanical_normalization	1	kitaakeubixa21fn262
Kitaake ubi-XA21 FN-291	Kitaake ubi-XA21 FN-291	canonical	mechanical_normalization	1	kitaakeubixa21fn291
Kitaake ubi-XA21 FN-292	Kitaake ubi-XA21 FN-292	canonical	mechanical_normalization	1	kitaakeubixa21fn292
Kitaake ubi-XA21 FN-293	Kitaake ubi-XA21 FN-293	canonical	mechanical_normalization	1	kitaakeubixa21fn293
Kitaake ubi-XA21 FN-294	Kitaake ubi-XA21 FN-294	canonical	mechanical_normalization	1	kitaakeubixa21fn294
Kitaake ubi-XA21 FN-295	Kitaake ubi-XA21 FN-295	canonical	mechanical_normalization	1	kitaakeubixa21fn295
Kitaake ubi-XA21 FN-296	Kitaake ubi-XA21 FN-296	canonical	mechanical_normalization	1	kitaakeubixa21fn296
Kitaake ubi-XA21 FN-298	Kitaake ubi-XA21 FN-298	canonical	mechanical_normalization	1	kitaakeubixa21fn298
Kitaake ubi-XA21 FN-299	Kitaake ubi-XA21 FN-299	canonical	mechanical_normalization	1	kitaakeubixa21fn299
Kitaake ubi-XA21 FN-300	Kitaake ubi-XA21 FN-300	canonical	mechanical_normalization	1	kitaakeubixa21fn300
Kitaake ubi-XA21 FN-301	Kitaake ubi-XA21 FN-301	canonical	mechanical_normalization	1	kitaakeubixa21fn301
Kitaake ubi-XA21 FN-303	Kitaake ubi-XA21 FN-303	canonical	mechanical_normalization	1	kitaakeubixa21fn303
Kitaake ubi-XA21 FN-304	Kitaake ubi-XA21 FN-304	canonical	mechanical_normalization	1	kitaakeubixa21fn304
Kitaake ubi-XA21 FN-305	Kitaake ubi-XA21 FN-305	canonical	mechanical_normalization	1	kitaakeubixa21fn305
Kitaake ubi-XA21 FN-306	Kitaake ubi-XA21 FN-306	canonical	mechanical_normalization	1	kitaakeubixa21fn306
Kitaake ubi-XA21 FN-307	Kitaake ubi-XA21 FN-307	canonical	mechanical_normalization	1	kitaakeubixa21fn307
Kitaake ubi-XA21 FN-308	Kitaake ubi-XA21 FN-308	canonical	mechanical_normalization	1	kitaakeubixa21fn308
Kitaake ubi-XA21 FN-309	Kitaake ubi-XA21 FN-309	canonical	mechanical_normalization	1	kitaakeubixa21fn309
Kitaake ubi-XA21 FN-310	Kitaake ubi-XA21 FN-310	canonical	mechanical_normalization	1	kitaakeubixa21fn310
Kitaake ubi-XA21 FN-311	Kitaake ubi-XA21 FN-311	canonical	mechanical_normalization	1	kitaakeubixa21fn311
Kitaake ubi-XA21 FN-312	Kitaake ubi-XA21 FN-312	canonical	mechanical_normalization	1	kitaakeubixa21fn312
Kitaake ubi-XA21 FN-313	Kitaake ubi-XA21 FN-313	canonical	mechanical_normalization	1	kitaakeubixa21fn313
Kitaake ubi-XA21 FN-325	Kitaake ubi-XA21 FN-325	canonical	mechanical_normalization	1	kitaakeubixa21fn325
Kitaake ubi-XA21 FN-327	Kitaake ubi-XA21 FN-327	canonical	mechanical_normalization	1	kitaakeubixa21fn327
Kitaake ubi-XA21 FN-328	Kitaake ubi-XA21 FN-328	canonical	mechanical_normalization	1	kitaakeubixa21fn328
Kitaake ubi-XA21 FN-329	Kitaake ubi-XA21 FN-329	canonical	mechanical_normalization	1	kitaakeubixa21fn329
Kitaake ubi-XA21 FN-330	Kitaake ubi-XA21 FN-330	canonical	mechanical_normalization	1	kitaakeubixa21fn330
Kitaake ubi-XA21 FN-332	Kitaake ubi-XA21 FN-332	canonical	mechanical_normalization	1	kitaakeubixa21fn332
Kitaake ubi-XA21 FN-333	Kitaake ubi-XA21 FN-333	canonical	mechanical_normalization	1	kitaakeubixa21fn333
Kitaake ubi-XA21 FN-334	Kitaake ubi-XA21 FN-334	canonical	mechanical_normalization	1	kitaakeubixa21fn334
Kitaake ubi-XA21 FN-335	Kitaake ubi-XA21 FN-335	canonical	mechanical_normalization	1	kitaakeubixa21fn335
Kitaake ubi-XA21 FN-336	Kitaake ubi-XA21 FN-336	canonical	mechanical_normalization	1	kitaakeubixa21fn336
Kitaake ubi-XA21 FN-338	Kitaake ubi-XA21 FN-338	canonical	mechanical_normalization	1	kitaakeubixa21fn338
Kitaake ubi-XA21 FN-339	Kitaake ubi-XA21 FN-339	canonical	mechanical_normalization	1	kitaakeubixa21fn339
Kitaake ubi-XA21 FN-345	Kitaake ubi-XA21 FN-345	canonical	mechanical_normalization	1	kitaakeubixa21fn345
Kitaake ubi-XA21 FN-346	Kitaake ubi-XA21 FN-346	canonical	mechanical_normalization	1	kitaakeubixa21fn346
Kitaake ubi-XA21 FN-348	Kitaake ubi-XA21 FN-348	canonical	mechanical_normalization	1	kitaakeubixa21fn348
Kitaake ubi-XA21 FN-349	Kitaake ubi-XA21 FN-349	canonical	mechanical_normalization	1	kitaakeubixa21fn349
Kitaake ubi-XA21 FN-350	Kitaake ubi-XA21 FN-350	canonical	mechanical_normalization	1	kitaakeubixa21fn350
Kitaake ubi-XA21 FN-353	Kitaake ubi-XA21 FN-353	canonical	mechanical_normalization	1	kitaakeubixa21fn353
Kitaake ubi-XA21 FN-356	Kitaake ubi-XA21 FN-356	canonical	mechanical_normalization	1	kitaakeubixa21fn356
Kitaake ubi-XA21 FN-359	Kitaake ubi-XA21 FN-359	canonical	mechanical_normalization	1	kitaakeubixa21fn359
Kitaake ubi-XA21 FN-361	Kitaake ubi-XA21 FN-361	canonical	mechanical_normalization	1	kitaakeubixa21fn361
Kitaake ubi-XA21 FN-362	Kitaake ubi-XA21 FN-362	canonical	mechanical_normalization	1	kitaakeubixa21fn362
Kitaake ubi-XA21 FN-363	Kitaake ubi-XA21 FN-363	canonical	mechanical_normalization	1	kitaakeubixa21fn363
Kitaake ubi-XA21 FN-364	Kitaake ubi-XA21 FN-364	canonical	mechanical_normalization	1	kitaakeubixa21fn364
Kitaake ubi-XA21 FN-365	Kitaake ubi-XA21 FN-365	canonical	mechanical_normalization	1	kitaakeubixa21fn365
Kitaake ubi-XA21 FN-366	Kitaake ubi-XA21 FN-366	canonical	mechanical_normalization	1	kitaakeubixa21fn366
Kitaake ubi-XA21 FN-368	Kitaake ubi-XA21 FN-368	canonical	mechanical_normalization	1	kitaakeubixa21fn368
Kitaake ubi-XA21 FN-370	Kitaake ubi-XA21 FN-370	canonical	mechanical_normalization	1	kitaakeubixa21fn370
Kitaake ubi-XA21 FN-371	Kitaake ubi-XA21 FN-371	canonical	mechanical_normalization	1	kitaakeubixa21fn371
Kitaake ubi-XA21 FN-372	Kitaake ubi-XA21 FN-372	canonical	mechanical_normalization	1	kitaakeubixa21fn372
Kitaake ubi-XA21 FN-374	Kitaake ubi-XA21 FN-374	canonical	mechanical_normalization	1	kitaakeubixa21fn374
Kitaake ubi-XA21 FN-375	Kitaake ubi-XA21 FN-375	canonical	mechanical_normalization	1	kitaakeubixa21fn375
Kitaake ubi-XA21 FN-377	Kitaake ubi-XA21 FN-377	canonical	mechanical_normalization	1	kitaakeubixa21fn377
Kitaake ubi-XA21 FN-379	Kitaake ubi-XA21 FN-379	canonical	mechanical_normalization	1	kitaakeubixa21fn379
Kitaake ubi-XA21 FN-380	Kitaake ubi-XA21 FN-380	canonical	mechanical_normalization	1	kitaakeubixa21fn380
Kitaake ubi-XA21 FN-381	Kitaake ubi-XA21 FN-381	canonical	mechanical_normalization	1	kitaakeubixa21fn381
Kitaake ubi-XA21 FN-382	Kitaake ubi-XA21 FN-382	canonical	mechanical_normalization	1	kitaakeubixa21fn382
Kitaake ubi-XA21 FN-384	Kitaake ubi-XA21 FN-384	canonical	mechanical_normalization	1	kitaakeubixa21fn384
Kitaake ubi-XA21 FN-386	Kitaake ubi-XA21 FN-386	canonical	mechanical_normalization	1	kitaakeubixa21fn386
Kitaake ubi-XA21 FN-387	Kitaake ubi-XA21 FN-387	canonical	mechanical_normalization	1	kitaakeubixa21fn387
Kitaake ubi-XA21 FN-388	Kitaake ubi-XA21 FN-388	canonical	mechanical_normalization	1	kitaakeubixa21fn388
Kitaake ubi-XA21 FN-390	Kitaake ubi-XA21 FN-390	canonical	mechanical_normalization	1	kitaakeubixa21fn390
Kitaake ubi-XA21 FN-392	Kitaake ubi-XA21 FN-392	canonical	mechanical_normalization	1	kitaakeubixa21fn392
Kitaake ubi-XA21 FN-393	Kitaake ubi-XA21 FN-393	canonical	mechanical_normalization	1	kitaakeubixa21fn393
Kitaake ubi-XA21 FN-394	Kitaake ubi-XA21 FN-394	canonical	mechanical_normalization	1	kitaakeubixa21fn394
Kitaake ubi-XA21 FN-396	Kitaake ubi-XA21 FN-396	canonical	mechanical_normalization	1	kitaakeubixa21fn396
Kitaake ubi-XA21 FN-397	Kitaake ubi-XA21 FN-397	canonical	mechanical_normalization	1	kitaakeubixa21fn397
Kitaake ubi-XA21 FN-399	Kitaake ubi-XA21 FN-399	canonical	mechanical_normalization	1	kitaakeubixa21fn399
Kitaake ubi-XA21 FN-400	Kitaake ubi-XA21 FN-400	canonical	mechanical_normalization	1	kitaakeubixa21fn400
Kitaake ubi-XA21 FN-401	Kitaake ubi-XA21 FN-401	canonical	mechanical_normalization	1	kitaakeubixa21fn401
Kitaake ubi-XA21 FN-402	Kitaake ubi-XA21 FN-402	canonical	mechanical_normalization	1	kitaakeubixa21fn402
Kitaake ubi-XA21 FN-403	Kitaake ubi-XA21 FN-403	canonical	mechanical_normalization	1	kitaakeubixa21fn403
Kitaake ubi-XA21 FN-404	Kitaake ubi-XA21 FN-404	canonical	mechanical_normalization	1	kitaakeubixa21fn404
Kitaake ubi-XA21 FN-405	Kitaake ubi-XA21 FN-405	canonical	mechanical_normalization	1	kitaakeubixa21fn405
Kitaake ubi-XA21 FN-406	Kitaake ubi-XA21 FN-406	canonical	mechanical_normalization	1	kitaakeubixa21fn406
Kitaake ubi-XA21 FN-407	Kitaake ubi-XA21 FN-407	canonical	mechanical_normalization	1	kitaakeubixa21fn407
Kitaake ubi-XA21 FN-411	Kitaake ubi-XA21 FN-411	canonical	mechanical_normalization	1	kitaakeubixa21fn411
Kitaake ubi-XA21 FN-412	Kitaake ubi-XA21 FN-412	canonical	mechanical_normalization	1	kitaakeubixa21fn412
Kitaake ubi-XA21 FN1120 -S	Kitaake ubi-XA21 FN1120 -S	canonical	mechanical_normalization	1	kitaakeubixa21fn1120s
Kitaake ubi-XA21 FN1121 -S	Kitaake ubi-XA21 FN1121 -S	canonical	mechanical_normalization	1	kitaakeubixa21fn1121s
Kitaake ubi-XA21 FN1122 -S	Kitaake ubi-XA21 FN1122 -S	canonical	mechanical_normalization	1	kitaakeubixa21fn1122s
Kitaake ubi-XA21 FN1123 -S	Kitaake ubi-XA21 FN1123 -S	canonical	mechanical_normalization	1	kitaakeubixa21fn1123s
Kitaake ubi-XA21 FN1124 -S	Kitaake ubi-XA21 FN1124 -S	canonical	mechanical_normalization	1	kitaakeubixa21fn1124s
Kitaake ubi-XA21 FN1128 -S	Kitaake ubi-XA21 FN1128 -S	canonical	mechanical_normalization	1	kitaakeubixa21fn1128s
Kitaake ubi-XA21 FN1129 -S	Kitaake ubi-XA21 FN1129 -S	canonical	mechanical_normalization	1	kitaakeubixa21fn1129s
Kitaake ubi-XA21 FN1131 -S	Kitaake ubi-XA21 FN1131 -S	canonical	mechanical_normalization	1	kitaakeubixa21fn1131s
Kitaake ubi-XA21 FN1133 -S	Kitaake ubi-XA21 FN1133 -S	canonical	mechanical_normalization	1	kitaakeubixa21fn1133s
Kitaake ubi-XA21 FN1134 -S	Kitaake ubi-XA21 FN1134 -S	canonical	mechanical_normalization	1	kitaakeubixa21fn1134s
Kitaake ubi-XA21 FN1135 -S	Kitaake ubi-XA21 FN1135 -S	canonical	mechanical_normalization	1	kitaakeubixa21fn1135s
Kitaake ubi-XA21 FN1140 -S	Kitaake ubi-XA21 FN1140 -S	canonical	mechanical_normalization	1	kitaakeubixa21fn1140s
Kitaake ubi-XA21 FN1142 -S	Kitaake ubi-XA21 FN1142 -S	canonical	mechanical_normalization	1	kitaakeubixa21fn1142s
Kitaake ubi-XA21 FN1150 -S	Kitaake ubi-XA21 FN1150 -S	canonical	mechanical_normalization	1	kitaakeubixa21fn1150s
Kitaake ubi-XA21 FN1151 -S	Kitaake ubi-XA21 FN1151 -S	canonical	mechanical_normalization	1	kitaakeubixa21fn1151s
Kitaake ubi-XA21 FN1153-S	Kitaake ubi-XA21 FN1153-S	canonical	mechanical_normalization	1	kitaakeubixa21fn1153s
Kitaake ubi-XA21 FN1154-S	Kitaake ubi-XA21 FN1154-S	canonical	mechanical_normalization	1	kitaakeubixa21fn1154s
Kitaake ubi-XA21 FN1156-S	Kitaake ubi-XA21 FN1156-S	canonical	mechanical_normalization	1	kitaakeubixa21fn1156s
Kitaake ubi-XA21 FN1158-S	Kitaake ubi-XA21 FN1158-S	canonical	mechanical_normalization	1	kitaakeubixa21fn1158s
Kitaake ubi-XA21 FN1162-S	Kitaake ubi-XA21 FN1162-S	canonical	mechanical_normalization	1	kitaakeubixa21fn1162s
Kitaake ubi-XA21 FN1163-S	Kitaake ubi-XA21 FN1163-S	canonical	mechanical_normalization	1	kitaakeubixa21fn1163s
Kitaake ubi-XA21 FN1170-S	Kitaake ubi-XA21 FN1170-S	canonical	mechanical_normalization	1	kitaakeubixa21fn1170s
Kitaake ubi-XA21 FN1173-S	Kitaake ubi-XA21 FN1173-S	canonical	mechanical_normalization	1	kitaakeubixa21fn1173s
Kitaake ubi-XA21 FN1175-S	Kitaake ubi-XA21 FN1175-S	canonical	mechanical_normalization	1	kitaakeubixa21fn1175s
Kitaake ubi-XA21 FN1176-S	Kitaake ubi-XA21 FN1176-S	canonical	mechanical_normalization	1	kitaakeubixa21fn1176s
Kitaake ubi-XA21 FN1179-S	Kitaake ubi-XA21 FN1179-S	canonical	mechanical_normalization	1	kitaakeubixa21fn1179s
Kitaake ubi-XA21 FN1180-S	Kitaake ubi-XA21 FN1180-S	canonical	mechanical_normalization	1	kitaakeubixa21fn1180s
Kitaake ubi-XA21 FN1182-S	Kitaake ubi-XA21 FN1182-S	canonical	mechanical_normalization	1	kitaakeubixa21fn1182s
Kitaake ubi-XA21 FN1184-S	Kitaake ubi-XA21 FN1184-S	canonical	mechanical_normalization	1	kitaakeubixa21fn1184s
Kitaake ubi-XA21 FN1186-S	Kitaake ubi-XA21 FN1186-S	canonical	mechanical_normalization	1	kitaakeubixa21fn1186s
Kitaake ubi-XA21 FN1188-S	Kitaake ubi-XA21 FN1188-S	canonical	mechanical_normalization	1	kitaakeubixa21fn1188s
Kitaake ubi-XA21 FN1190-S	Kitaake ubi-XA21 FN1190-S	canonical	mechanical_normalization	1	kitaakeubixa21fn1190s
Kitaake ubi-XA21 FN1192-S	Kitaake ubi-XA21 FN1192-S	canonical	mechanical_normalization	1	kitaakeubixa21fn1192s
Kitaake ubi-XA21 FN1193-S	Kitaake ubi-XA21 FN1193-S	canonical	mechanical_normalization	1	kitaakeubixa21fn1193s
Kitaake ubi-XA21 FN1195-S	Kitaake ubi-XA21 FN1195-S	canonical	mechanical_normalization	1	kitaakeubixa21fn1195s
Kitaake ubi-XA21 FN1196-S	Kitaake ubi-XA21 FN1196-S	canonical	mechanical_normalization	1	kitaakeubixa21fn1196s
Kitaake ubi-XA21 FN1197-S	Kitaake ubi-XA21 FN1197-S	canonical	mechanical_normalization	1	kitaakeubixa21fn1197s
Kitaake ubi-XA21 FN1198-S	Kitaake ubi-XA21 FN1198-S	canonical	mechanical_normalization	1	kitaakeubixa21fn1198s
Kitaake ubi-XA21 FN1200-S	Kitaake ubi-XA21 FN1200-S	canonical	mechanical_normalization	1	kitaakeubixa21fn1200s
Kitaake ubi-XA21 FN1202-S	Kitaake ubi-XA21 FN1202-S	canonical	mechanical_normalization	1	kitaakeubixa21fn1202s
Kitaake ubi-XA21 FN1203-S	Kitaake ubi-XA21 FN1203-S	canonical	mechanical_normalization	1	kitaakeubixa21fn1203s
Kitaake ubi-XA21 FN1204-S	Kitaake ubi-XA21 FN1204-S	canonical	mechanical_normalization	1	kitaakeubixa21fn1204s
Kitaake ubi-XA21 FN1205-S	Kitaake ubi-XA21 FN1205-S	canonical	mechanical_normalization	1	kitaakeubixa21fn1205s
Kitaake ubi-XA21 FN1206-S	Kitaake ubi-XA21 FN1206-S	canonical	mechanical_normalization	1	kitaakeubixa21fn1206s
Kitaake ubi-XA21 FN1209-S	Kitaake ubi-XA21 FN1209-S	canonical	mechanical_normalization	1	kitaakeubixa21fn1209s
Kitaake ubi-XA21 FN1210-S	Kitaake ubi-XA21 FN1210-S	canonical	mechanical_normalization	1	kitaakeubixa21fn1210s
Kitaake ubi-XA21 FN1211-S	Kitaake ubi-XA21 FN1211-S	canonical	mechanical_normalization	1	kitaakeubixa21fn1211s
Kitaake ubi-XA21 FN1212-S	Kitaake ubi-XA21 FN1212-S	canonical	mechanical_normalization	1	kitaakeubixa21fn1212s
Kitaake ubi-XA21 FN1213-S	Kitaake ubi-XA21 FN1213-S	canonical	mechanical_normalization	1	kitaakeubixa21fn1213s
Kitaake ubi-XA21 FN1214-S	Kitaake ubi-XA21 FN1214-S	canonical	mechanical_normalization	1	kitaakeubixa21fn1214s
Kitaake ubi-XA21 FN1215-S	Kitaake ubi-XA21 FN1215-S	canonical	mechanical_normalization	1	kitaakeubixa21fn1215s
Kitaake ubi-XA21 FN1216-S	Kitaake ubi-XA21 FN1216-S	canonical	mechanical_normalization	1	kitaakeubixa21fn1216s
Kitaake ubi-XA21 FN1217-S	Kitaake ubi-XA21 FN1217-S	canonical	mechanical_normalization	1	kitaakeubixa21fn1217s
Kitaake ubi-XA21 FN1219-S	Kitaake ubi-XA21 FN1219-S	canonical	mechanical_normalization	1	kitaakeubixa21fn1219s
Kitaake ubi-XA21 FN1220-S	Kitaake ubi-XA21 FN1220-S	canonical	mechanical_normalization	1	kitaakeubixa21fn1220s
Kitaake ubi-XA21 FN1221-S	Kitaake ubi-XA21 FN1221-S	canonical	mechanical_normalization	1	kitaakeubixa21fn1221s
Kitaake ubi-XA21 FN1222-S	Kitaake ubi-XA21 FN1222-S	canonical	mechanical_normalization	1	kitaakeubixa21fn1222s
Kitaake ubi-XA21 FN1224-S	Kitaake ubi-XA21 FN1224-S	canonical	mechanical_normalization	1	kitaakeubixa21fn1224s
Kitaake ubi-XA21 FN1227-S	Kitaake ubi-XA21 FN1227-S	canonical	mechanical_normalization	1	kitaakeubixa21fn1227s
Kitaake ubi-XA21 FN1228-S	Kitaake ubi-XA21 FN1228-S	canonical	mechanical_normalization	1	kitaakeubixa21fn1228s
Kitaake ubi-XA21 FN1229-S	Kitaake ubi-XA21 FN1229-S	canonical	mechanical_normalization	1	kitaakeubixa21fn1229s
Kitaake ubi-XA21 FN1230-S	Kitaake ubi-XA21 FN1230-S	canonical	mechanical_normalization	1	kitaakeubixa21fn1230s
Kitaake ubi-XA21 FN1231-S	Kitaake ubi-XA21 FN1231-S	canonical	mechanical_normalization	1	kitaakeubixa21fn1231s
Kitaake ubi-XA21 FN1232-S	Kitaake ubi-XA21 FN1232-S	canonical	mechanical_normalization	1	kitaakeubixa21fn1232s
Kitaake ubi-XA21 FN1233-S	Kitaake ubi-XA21 FN1233-S	canonical	mechanical_normalization	1	kitaakeubixa21fn1233s
Kitaake ubi-XA21 FN1234-S	Kitaake ubi-XA21 FN1234-S	canonical	mechanical_normalization	1	kitaakeubixa21fn1234s
Kitaake ubi-XA21 FN1236-S	Kitaake ubi-XA21 FN1236-S	canonical	mechanical_normalization	1	kitaakeubixa21fn1236s
Kitaake ubi-XA21 FN1237-S	Kitaake ubi-XA21 FN1237-S	canonical	mechanical_normalization	1	kitaakeubixa21fn1237s
Kitaake ubi-XA21 FN1239-S	Kitaake ubi-XA21 FN1239-S	canonical	mechanical_normalization	1	kitaakeubixa21fn1239s
Kitaake ubi-XA21 FN1240-S	Kitaake ubi-XA21 FN1240-S	canonical	mechanical_normalization	1	kitaakeubixa21fn1240s
Kitaake ubi-XA21 FN1241-S	Kitaake ubi-XA21 FN1241-S	canonical	mechanical_normalization	1	kitaakeubixa21fn1241s
Kitaake ubi-XA21 FN1243-S	Kitaake ubi-XA21 FN1243-S	canonical	mechanical_normalization	1	kitaakeubixa21fn1243s
Kitaake ubi-XA21 FN1247-S	Kitaake ubi-XA21 FN1247-S	canonical	mechanical_normalization	1	kitaakeubixa21fn1247s
Kitaake ubi-XA21 FN1249-S	Kitaake ubi-XA21 FN1249-S	canonical	mechanical_normalization	1	kitaakeubixa21fn1249s
Kitaake ubi-XA21 FN1250-S	Kitaake ubi-XA21 FN1250-S	canonical	mechanical_normalization	1	kitaakeubixa21fn1250s
Kitaake ubi-XA21 FN1251-S	Kitaake ubi-XA21 FN1251-S	canonical	mechanical_normalization	1	kitaakeubixa21fn1251s
Kitaake ubi-XA21 FN1252-S	Kitaake ubi-XA21 FN1252-S	canonical	mechanical_normalization	1	kitaakeubixa21fn1252s
Kitaake ubi-XA21 FN1350-S	Kitaake ubi-XA21 FN1350-S	canonical	mechanical_normalization	1	kitaakeubixa21fn1350s
Kitaake ubi-XA21 FN1351-S	Kitaake ubi-XA21 FN1351-S	canonical	mechanical_normalization	1	kitaakeubixa21fn1351s
Kitaake ubi-XA21 FN1353-S	Kitaake ubi-XA21 FN1353-S	canonical	mechanical_normalization	1	kitaakeubixa21fn1353s
Kitaake ubi-XA21 FN1355-S	Kitaake ubi-XA21 FN1355-S	canonical	mechanical_normalization	1	kitaakeubixa21fn1355s
Kitaake ubi-XA21 FN1356-S	Kitaake ubi-XA21 FN1356-S	canonical	mechanical_normalization	1	kitaakeubixa21fn1356s
Kitaake ubi-XA21 FN1357-S	Kitaake ubi-XA21 FN1357-S	canonical	mechanical_normalization	1	kitaakeubixa21fn1357s
Kitaake ubi-XA21 FN1358-S	Kitaake ubi-XA21 FN1358-S	canonical	mechanical_normalization	1	kitaakeubixa21fn1358s
Kitaake ubi-XA21 FN1363-S	Kitaake ubi-XA21 FN1363-S	canonical	mechanical_normalization	1	kitaakeubixa21fn1363s
Kitaake ubi-XA21 FN1366-S	Kitaake ubi-XA21 FN1366-S	canonical	mechanical_normalization	1	kitaakeubixa21fn1366s
Kitaake ubi-XA21 FN1367-S	Kitaake ubi-XA21 FN1367-S	canonical	mechanical_normalization	1	kitaakeubixa21fn1367s
Kitaake ubi-XA21 FN1368-S	Kitaake ubi-XA21 FN1368-S	canonical	mechanical_normalization	1	kitaakeubixa21fn1368s
Kitaake ubi-XA21 FN1372-S	Kitaake ubi-XA21 FN1372-S	canonical	mechanical_normalization	1	kitaakeubixa21fn1372s
Kitaake ubi-XA21 FN1375-S	Kitaake ubi-XA21 FN1375-S	canonical	mechanical_normalization	1	kitaakeubixa21fn1375s
Kitaake ubi-XA21 FN1376-S	Kitaake ubi-XA21 FN1376-S	canonical	mechanical_normalization	1	kitaakeubixa21fn1376s
Kitaake ubi-XA21 FN1380-S	Kitaake ubi-XA21 FN1380-S	canonical	mechanical_normalization	1	kitaakeubixa21fn1380s
Kitaake ubi-XA21 FN1381-S	Kitaake ubi-XA21 FN1381-S	canonical	mechanical_normalization	1	kitaakeubixa21fn1381s
Kitaake ubi-XA21 FN1382-S	Kitaake ubi-XA21 FN1382-S	canonical	mechanical_normalization	1	kitaakeubixa21fn1382s
Kitaake ubi-XA21 FN1383-S	Kitaake ubi-XA21 FN1383-S	canonical	mechanical_normalization	1	kitaakeubixa21fn1383s
Kitaake ubi-XA21 FN1384-S	Kitaake ubi-XA21 FN1384-S	canonical	mechanical_normalization	1	kitaakeubixa21fn1384s
Kitaake ubi-XA21 FN1385-S	Kitaake ubi-XA21 FN1385-S	canonical	mechanical_normalization	1	kitaakeubixa21fn1385s
Kitaake ubi-XA21 FN1388-S	Kitaake ubi-XA21 FN1388-S	canonical	mechanical_normalization	1	kitaakeubixa21fn1388s
Kitaake ubi-XA21 FN1392-S	Kitaake ubi-XA21 FN1392-S	canonical	mechanical_normalization	1	kitaakeubixa21fn1392s
Kitaake ubi-XA21 FN1394-S	Kitaake ubi-XA21 FN1394-S	canonical	mechanical_normalization	1	kitaakeubixa21fn1394s
Kitaake ubi-XA21 FN1395-S	Kitaake ubi-XA21 FN1395-S	canonical	mechanical_normalization	1	kitaakeubixa21fn1395s
Kitaake ubi-XA21 FN1396-S	Kitaake ubi-XA21 FN1396-S	canonical	mechanical_normalization	1	kitaakeubixa21fn1396s
Kitaake ubi-XA21 FN1399-S	Kitaake ubi-XA21 FN1399-S	canonical	mechanical_normalization	1	kitaakeubixa21fn1399s
Kitaake ubi-XA21 FN1400-S	Kitaake ubi-XA21 FN1400-S	canonical	mechanical_normalization	1	kitaakeubixa21fn1400s
Kitaake ubi-XA21 FN1401-S	Kitaake ubi-XA21 FN1401-S	canonical	mechanical_normalization	1	kitaakeubixa21fn1401s
Kitaake ubi-XA21 FN1402-S	Kitaake ubi-XA21 FN1402-S	canonical	mechanical_normalization	1	kitaakeubixa21fn1402s
Kitaake ubi-XA21 FN1403-S	Kitaake ubi-XA21 FN1403-S	canonical	mechanical_normalization	1	kitaakeubixa21fn1403s
Kitaake ubi-XA21 FN1405-S	Kitaake ubi-XA21 FN1405-S	canonical	mechanical_normalization	1	kitaakeubixa21fn1405s
Kitaake ubi-XA21 FN1409-S	Kitaake ubi-XA21 FN1409-S	canonical	mechanical_normalization	1	kitaakeubixa21fn1409s
Kitaake ubi-XA21 FN1410-S	Kitaake ubi-XA21 FN1410-S	canonical	mechanical_normalization	1	kitaakeubixa21fn1410s
Kitaake ubi-XA21 FN1411-S	Kitaake ubi-XA21 FN1411-S	canonical	mechanical_normalization	1	kitaakeubixa21fn1411s
Kitaake ubi-XA21 FN1412-S	Kitaake ubi-XA21 FN1412-S	canonical	mechanical_normalization	1	kitaakeubixa21fn1412s
Kitaake ubi-XA21 FN1413-S	Kitaake ubi-XA21 FN1413-S	canonical	mechanical_normalization	1	kitaakeubixa21fn1413s
Kitaake ubi-XA21 FN1414-S	Kitaake ubi-XA21 FN1414-S	canonical	mechanical_normalization	1	kitaakeubixa21fn1414s
Kitaake ubi-XA21 FN1416-S	Kitaake ubi-XA21 FN1416-S	canonical	mechanical_normalization	1	kitaakeubixa21fn1416s
Kitaake ubi-XA21 FN1419-S	Kitaake ubi-XA21 FN1419-S	canonical	mechanical_normalization	1	kitaakeubixa21fn1419s
Kitaake ubi-XA21 FN1420-S	Kitaake ubi-XA21 FN1420-S	canonical	mechanical_normalization	1	kitaakeubixa21fn1420s
Kitaake ubi-XA21 FN1421-S	Kitaake ubi-XA21 FN1421-S	canonical	mechanical_normalization	1	kitaakeubixa21fn1421s
Kitaake ubi-XA21 FN1424-S	Kitaake ubi-XA21 FN1424-S	canonical	mechanical_normalization	1	kitaakeubixa21fn1424s
Kitaake ubi-XA21 FN1426-S	Kitaake ubi-XA21 FN1426-S	canonical	mechanical_normalization	1	kitaakeubixa21fn1426s
Kitaake ubi-XA21 FN1427-S	Kitaake ubi-XA21 FN1427-S	canonical	mechanical_normalization	1	kitaakeubixa21fn1427s
Kitaake ubi-XA21 FN1429-S	Kitaake ubi-XA21 FN1429-S	canonical	mechanical_normalization	1	kitaakeubixa21fn1429s
Kitaake ubi-XA21 FN1430-S	Kitaake ubi-XA21 FN1430-S	canonical	mechanical_normalization	1	kitaakeubixa21fn1430s
Kitaake ubi-XA21 FN1431-S	Kitaake ubi-XA21 FN1431-S	canonical	mechanical_normalization	1	kitaakeubixa21fn1431s
Kitaake ubi-XA21 FN1433-S	Kitaake ubi-XA21 FN1433-S	canonical	mechanical_normalization	1	kitaakeubixa21fn1433s
Kitaake ubi-XA21 FN1434-S	Kitaake ubi-XA21 FN1434-S	canonical	mechanical_normalization	1	kitaakeubixa21fn1434s
Kitaake ubi-XA21 FN1435-S	Kitaake ubi-XA21 FN1435-S	canonical	mechanical_normalization	1	kitaakeubixa21fn1435s
Kitaake ubi-XA21 FN1436-S	Kitaake ubi-XA21 FN1436-S	canonical	mechanical_normalization	1	kitaakeubixa21fn1436s
Kitaake ubi-XA21 FN1438-S	Kitaake ubi-XA21 FN1438-S	canonical	mechanical_normalization	1	kitaakeubixa21fn1438s
Kitaake ubi-XA21 FN1439-S	Kitaake ubi-XA21 FN1439-S	canonical	mechanical_normalization	1	kitaakeubixa21fn1439s
Kitaake ubi-XA21 FN1440-S	Kitaake ubi-XA21 FN1440-S	canonical	mechanical_normalization	1	kitaakeubixa21fn1440s
Kitaake ubi-XA21 FN1441-S	Kitaake ubi-XA21 FN1441-S	canonical	mechanical_normalization	1	kitaakeubixa21fn1441s
Kitaake ubi-XA21 FN1442-S	Kitaake ubi-XA21 FN1442-S	canonical	mechanical_normalization	1	kitaakeubixa21fn1442s
Kitaake ubi-XA21 FN1443-S	Kitaake ubi-XA21 FN1443-S	canonical	mechanical_normalization	1	kitaakeubixa21fn1443s
Kitaake ubi-XA21 FN1444-S	Kitaake ubi-XA21 FN1444-S	canonical	mechanical_normalization	1	kitaakeubixa21fn1444s
Kitaake ubi-XA21 FN1445-S	Kitaake ubi-XA21 FN1445-S	canonical	mechanical_normalization	1	kitaakeubixa21fn1445s
Kitaake ubi-XA21 FN1446-S	Kitaake ubi-XA21 FN1446-S	canonical	mechanical_normalization	1	kitaakeubixa21fn1446s
Kitaake ubi-XA21 FN1448-S	Kitaake ubi-XA21 FN1448-S	canonical	mechanical_normalization	1	kitaakeubixa21fn1448s
Kitaake ubi-XA21 FN1449-S	Kitaake ubi-XA21 FN1449-S	canonical	mechanical_normalization	1	kitaakeubixa21fn1449s
Kitaake ubi-XA21 FN1451-S	Kitaake ubi-XA21 FN1451-S	canonical	mechanical_normalization	1	kitaakeubixa21fn1451s
Kitaake ubi-XA21 FN1452-S	Kitaake ubi-XA21 FN1452-S	canonical	mechanical_normalization	1	kitaakeubixa21fn1452s
Kitaake ubi-XA21 FN1453-S	Kitaake ubi-XA21 FN1453-S	canonical	mechanical_normalization	1	kitaakeubixa21fn1453s
Kitaake ubi-XA21 FN1455-S	Kitaake ubi-XA21 FN1455-S	canonical	mechanical_normalization	1	kitaakeubixa21fn1455s
Kitaake ubi-XA21 FN1458-S	Kitaake ubi-XA21 FN1458-S	canonical	mechanical_normalization	1	kitaakeubixa21fn1458s
Kitaake ubi-XA21 FN1459-S	Kitaake ubi-XA21 FN1459-S	canonical	mechanical_normalization	1	kitaakeubixa21fn1459s
Kitaake ubi-XA21 FN1461-S	Kitaake ubi-XA21 FN1461-S	canonical	mechanical_normalization	1	kitaakeubixa21fn1461s
Kitaake ubi-XA21 FN1463-S	Kitaake ubi-XA21 FN1463-S	canonical	mechanical_normalization	1	kitaakeubixa21fn1463s
Kitaake ubi-XA21 FN1464-S	Kitaake ubi-XA21 FN1464-S	canonical	mechanical_normalization	1	kitaakeubixa21fn1464s
Kitaake ubi-XA21 FN1465-S	Kitaake ubi-XA21 FN1465-S	canonical	mechanical_normalization	1	kitaakeubixa21fn1465s
Kitaake ubi-XA21 FN1467-S	Kitaake ubi-XA21 FN1467-S	canonical	mechanical_normalization	1	kitaakeubixa21fn1467s
Kitaake ubi-XA21 FN224-S	Kitaake ubi-XA21 FN224-S	canonical	mechanical_normalization	1	kitaakeubixa21fn224s
Kitaake ubi-XA21 FN230-S	Kitaake ubi-XA21 FN230-S	canonical	mechanical_normalization	1	kitaakeubixa21fn230s
Kitaake ubi-XA21 FN242-S	Kitaake ubi-XA21 FN242-S	canonical	mechanical_normalization	1	kitaakeubixa21fn242s
Kitaake ubi-XA21 FN244-S	Kitaake ubi-XA21 FN244-S	canonical	mechanical_normalization	1	kitaakeubixa21fn244s
Kitaake ubi-XA21 FN2572-S	Kitaake ubi-XA21 FN2572-S	canonical	mechanical_normalization	1	kitaakeubixa21fn2572s
Kitaake ubi-XA21 FN266-S	Kitaake ubi-XA21 FN266-S	canonical	mechanical_normalization	1	kitaakeubixa21fn266s
Kitaake ubi-XA21 FN267-S	Kitaake ubi-XA21 FN267-S	canonical	mechanical_normalization	1	kitaakeubixa21fn267s
Kitaake ubi-XA21 FN276-S	Kitaake ubi-XA21 FN276-S	canonical	mechanical_normalization	1	kitaakeubixa21fn276s
Kitaake ubi-XA21 FN282-S	Kitaake ubi-XA21 FN282-S	canonical	mechanical_normalization	1	kitaakeubixa21fn282s
Kitaake ubi-XA21 FN302-S	Kitaake ubi-XA21 FN302-S	canonical	mechanical_normalization	1	kitaakeubixa21fn302s
Kitaake ubi-XA21 FN323-S	Kitaake ubi-XA21 FN323-S	canonical	mechanical_normalization	1	kitaakeubixa21fn323s
Kitaake ubi-XA21 FN337-S	Kitaake ubi-XA21 FN337-S	canonical	mechanical_normalization	1	kitaakeubixa21fn337s
Kitaake ubi-XA21 FN343-S	Kitaake ubi-XA21 FN343-S	canonical	mechanical_normalization	1	kitaakeubixa21fn343s
Kitaake ubi-XA21 FN347-S	Kitaake ubi-XA21 FN347-S	canonical	mechanical_normalization	1	kitaakeubixa21fn347s
Kitaake ubi-XA21 FN351-S	Kitaake ubi-XA21 FN351-S	canonical	mechanical_normalization	1	kitaakeubixa21fn351s
Kitaake ubi-XA21 FN354-S	Kitaake ubi-XA21 FN354-S	canonical	mechanical_normalization	1	kitaakeubixa21fn354s
Kitaake ubi-XA21 FN355-S	Kitaake ubi-XA21 FN355-S	canonical	mechanical_normalization	1	kitaakeubixa21fn355s
Kitaake ubi-XA21 FN358-S	Kitaake ubi-XA21 FN358-S	canonical	mechanical_normalization	1	kitaakeubixa21fn358s
Kitaake ubi-XA21 FN360-S	Kitaake ubi-XA21 FN360-S	canonical	mechanical_normalization	1	kitaakeubixa21fn360s
Kitaake ubi-XA21 FN367-S	Kitaake ubi-XA21 FN367-S	canonical	mechanical_normalization	1	kitaakeubixa21fn367s
Kitaake ubi-XA21 FN369-S	Kitaake ubi-XA21 FN369-S	canonical	mechanical_normalization	1	kitaakeubixa21fn369s
Kitaake ubi-XA21 FN373-S	Kitaake ubi-XA21 FN373-S	canonical	mechanical_normalization	1	kitaakeubixa21fn373s
Kitaake ubi-XA21 FN378-S	Kitaake ubi-XA21 FN378-S	canonical	mechanical_normalization	1	kitaakeubixa21fn378s
Kitaake ubi-XA21 FN389-S	Kitaake ubi-XA21 FN389-S	canonical	mechanical_normalization	1	kitaakeubixa21fn389s
Kitaake ubi-XA21 FN391-S	Kitaake ubi-XA21 FN391-S	canonical	mechanical_normalization	1	kitaakeubixa21fn391s
Kitaake ubi-XA21 FN395-S	Kitaake ubi-XA21 FN395-S	canonical	mechanical_normalization	1	kitaakeubixa21fn395s
Kitaake ubi-XA21 FN399-S	Kitaake ubi-XA21 FN399-S	canonical	mechanical_normalization	1	kitaakeubixa21fn399s
Kitaake ubi-XA21 FN400-S	Kitaake ubi-XA21 FN400-S	canonical	mechanical_normalization	1	kitaakeubixa21fn400s
Kitaake ubi-XA21 FN401-S	Kitaake ubi-XA21 FN401-S	canonical	mechanical_normalization	1	kitaakeubixa21fn401s
Kitaake ubi-XA21 FN402-S	Kitaake ubi-XA21 FN402-S	canonical	mechanical_normalization	1	kitaakeubixa21fn402s
Kitaake ubi-XA21 FN403-S	Kitaake ubi-XA21 FN403-S	canonical	mechanical_normalization	1	kitaakeubixa21fn403s
Kitaake ubi-XA21 FN404-S	Kitaake ubi-XA21 FN404-S	canonical	mechanical_normalization	1	kitaakeubixa21fn404s
Kitaake ubi-XA21 FN405-S	Kitaake ubi-XA21 FN405-S	canonical	mechanical_normalization	1	kitaakeubixa21fn405s
Kitaake ubi-XA21 FN406-S	Kitaake ubi-XA21 FN406-S	canonical	mechanical_normalization	1	kitaakeubixa21fn406s
Kitaake ubi-XA21 FN407-S	Kitaake ubi-XA21 FN407-S	canonical	mechanical_normalization	1	kitaakeubixa21fn407s
Kitaake ubi-XA21 FN408-S	Kitaake ubi-XA21 FN408-S	canonical	mechanical_normalization	1	kitaakeubixa21fn408s
Kitaake ubi-XA21 FN409-S	Kitaake ubi-XA21 FN409-S	canonical	mechanical_normalization	1	kitaakeubixa21fn409s
Kitaake ubi-XA21 FN410-S	Kitaake ubi-XA21 FN410-S	canonical	mechanical_normalization	1	kitaakeubixa21fn410s
Kitaake ubi-XA21 FN411-S	Kitaake ubi-XA21 FN411-S	canonical	mechanical_normalization	1	kitaakeubixa21fn411s
Kitaake ubi-XA21 FN412-S	Kitaake ubi-XA21 FN412-S	canonical	mechanical_normalization	1	kitaakeubixa21fn412s
Kitaake ubi-XA21 FN513-S	Kitaake ubi-XA21 FN513-S	canonical	mechanical_normalization	1	kitaakeubixa21fn513s
Kitaake ubi-XA21 FN523 -S	Kitaake ubi-XA21 FN523 -S	canonical	mechanical_normalization	1	kitaakeubixa21fn523s
Kitaake ubi-XA21 FN553-S	Kitaake ubi-XA21 FN553-S	canonical	mechanical_normalization	1	kitaakeubixa21fn553s
Kitaake ubi-XA21 FN554-S	Kitaake ubi-XA21 FN554-S	canonical	mechanical_normalization	1	kitaakeubixa21fn554s
Kitaake ubi-XA21 FN555-S	Kitaake ubi-XA21 FN555-S	canonical	mechanical_normalization	1	kitaakeubixa21fn555s
Kitaake ubi-XA21 FN558-S	Kitaake ubi-XA21 FN558-S	canonical	mechanical_normalization	1	kitaakeubixa21fn558s
Kitaake ubi-XA21 FN559-S	Kitaake ubi-XA21 FN559-S	canonical	mechanical_normalization	1	kitaakeubixa21fn559s
Kitaake ubi-XA21 FN560-S	Kitaake ubi-XA21 FN560-S	canonical	mechanical_normalization	1	kitaakeubixa21fn560s
Kitaake ubi-XA21 FN561-S	Kitaake ubi-XA21 FN561-S	canonical	mechanical_normalization	1	kitaakeubixa21fn561s
Kitaake ubi-XA21 FN563-S	Kitaake ubi-XA21 FN563-S	canonical	mechanical_normalization	1	kitaakeubixa21fn563s
Kitaake ubi-XA21 FN564-S	Kitaake ubi-XA21 FN564-S	canonical	mechanical_normalization	1	kitaakeubixa21fn564s
Kitaake ubi-XA21 FN565-S	Kitaake ubi-XA21 FN565-S	canonical	mechanical_normalization	1	kitaakeubixa21fn565s
Kitaake ubi-XA21 FN566-S	Kitaake ubi-XA21 FN566-S	canonical	mechanical_normalization	1	kitaakeubixa21fn566s
Kitaake ubi-XA21 FN568-S	Kitaake ubi-XA21 FN568-S	canonical	mechanical_normalization	1	kitaakeubixa21fn568s
Kitaake ubi-XA21 FN569-S	Kitaake ubi-XA21 FN569-S	canonical	mechanical_normalization	1	kitaakeubixa21fn569s
Kitaake ubi-XA21 FN570-S	Kitaake ubi-XA21 FN570-S	canonical	mechanical_normalization	1	kitaakeubixa21fn570s
Kitaake ubi-XA21 FN571-S	Kitaake ubi-XA21 FN571-S	canonical	mechanical_normalization	1	kitaakeubixa21fn571s
Kitaake ubi-XA21 FN573-S	Kitaake ubi-XA21 FN573-S	canonical	mechanical_normalization	1	kitaakeubixa21fn573s
Kitaake ubi-XA21 FN574-S	Kitaake ubi-XA21 FN574-S	canonical	mechanical_normalization	1	kitaakeubixa21fn574s
Kitaake ubi-XA21 FN576-S	Kitaake ubi-XA21 FN576-S	canonical	mechanical_normalization	1	kitaakeubixa21fn576s
Kitaake ubi-XA21 FN577-S	Kitaake ubi-XA21 FN577-S	canonical	mechanical_normalization	1	kitaakeubixa21fn577s
Kitaake ubi-XA21 FN580-S	Kitaake ubi-XA21 FN580-S	canonical	mechanical_normalization	1	kitaakeubixa21fn580s
Kitaake ubi-XA21 FN581-S	Kitaake ubi-XA21 FN581-S	canonical	mechanical_normalization	1	kitaakeubixa21fn581s
Kitaake ubi-XA21 FN585-S	Kitaake ubi-XA21 FN585-S	canonical	mechanical_normalization	1	kitaakeubixa21fn585s
Kitaake ubi-XA21 FN587 -S	Kitaake ubi-XA21 FN587 -S	canonical	mechanical_normalization	1	kitaakeubixa21fn587s
Kitaake ubi-XA21 FN588 -S	Kitaake ubi-XA21 FN588 -S	canonical	mechanical_normalization	1	kitaakeubixa21fn588s
Kitaake ubi-XA21 FN589 -S	Kitaake ubi-XA21 FN589 -S	canonical	mechanical_normalization	1	kitaakeubixa21fn589s
Kitaake ubi-XA21 FN590 -S	Kitaake ubi-XA21 FN590 -S	canonical	mechanical_normalization	1	kitaakeubixa21fn590s
Kitaake ubi-XA21 FN591 -S	Kitaake ubi-XA21 FN591 -S	canonical	mechanical_normalization	1	kitaakeubixa21fn591s
Kitaake ubi-XA21 FN593 -S	Kitaake ubi-XA21 FN593 -S	canonical	mechanical_normalization	1	kitaakeubixa21fn593s
Kitaake ubi-XA21 FN594 -S	Kitaake ubi-XA21 FN594 -S	canonical	mechanical_normalization	1	kitaakeubixa21fn594s
Kitaake ubi-XA21 FN596 -S	Kitaake ubi-XA21 FN596 -S	canonical	mechanical_normalization	1	kitaakeubixa21fn596s
Kitaake ubi-XA21 FN597 -S	Kitaake ubi-XA21 FN597 -S	canonical	mechanical_normalization	1	kitaakeubixa21fn597s
Kitaake ubi-XA21 FN598 -S	Kitaake ubi-XA21 FN598 -S	canonical	mechanical_normalization	1	kitaakeubixa21fn598s
Kitaake ubi-XA21 FN601 -S	Kitaake ubi-XA21 FN601 -S	canonical	mechanical_normalization	1	kitaakeubixa21fn601s
Kitaake ubi-XA21 FN705 -S	Kitaake ubi-XA21 FN705 -S	canonical	mechanical_normalization	1	kitaakeubixa21fn705s
Kitaake ubi-XA21 FN967 -S	Kitaake ubi-XA21 FN967 -S	canonical	mechanical_normalization	1	kitaakeubixa21fn967s
Kitaake ubi-XA21 N1-130-2	Kitaake ubi-XA21 N1-130-2	canonical	mechanical_normalization	1	kitaakeubixa21n11302
Kitaake ubi-XA22 FN1369-S	Kitaake ubi-XA22 FN1369-S	canonical	mechanical_normalization	1	kitaakeubixa22fn1369s
Kitaake ubi-XA23 FN1371-S	Kitaake ubi-XA23 FN1371-S	canonical	mechanical_normalization	1	kitaakeubixa23fn1371s
Kitaake ubi-XA24 FN1373-S	Kitaake ubi-XA24 FN1373-S	canonical	mechanical_normalization	1	kitaakeubixa24fn1373s
Kitaake ubi-XA25 FN1374-S	Kitaake ubi-XA25 FN1374-S	canonical	mechanical_normalization	1	kitaakeubixa25fn1374s
Kitaake ubi-XA26 FN1379-S	Kitaake ubi-XA26 FN1379-S	canonical	mechanical_normalization	1	kitaakeubixa26fn1379s
Kitaake ubi-XA27 FN1389-S	Kitaake ubi-XA27 FN1389-S	canonical	mechanical_normalization	1	kitaakeubixa27fn1389s
Kitaake ubi-XA28 FN1406-S	Kitaake ubi-XA28 FN1406-S	canonical	mechanical_normalization	1	kitaakeubixa28fn1406s
Kitaake ubi-XA29 FN1407-S	Kitaake ubi-XA29 FN1407-S	canonical	mechanical_normalization	1	kitaakeubixa29fn1407s
Kitaake ubi-XA30 FN1415-S	Kitaake ubi-XA30 FN1415-S	canonical	mechanical_normalization	1	kitaakeubixa30fn1415s
Kitaake ubi-XA31 FN1422-S	Kitaake ubi-XA31 FN1422-S	canonical	mechanical_normalization	1	kitaakeubixa31fn1422s
Kitaake ubi-XA33 FN1456-S	Kitaake ubi-XA33 FN1456-S	canonical	mechanical_normalization	1	kitaakeubixa33fn1456s
Kitaake ubi-XA34 FN1460-S	Kitaake ubi-XA34 FN1460-S	canonical	mechanical_normalization	1	kitaakeubixa34fn1460s
Kitaake ubi-XA35 FN1462-S	Kitaake ubi-XA35 FN1462-S	canonical	mechanical_normalization	1	kitaakeubixa35fn1462s
Kitaake ubi-XA36 FN1466-S	Kitaake ubi-XA36 FN1466-S	canonical	mechanical_normalization	1	kitaakeubixa36fn1466s
Kitaake ubi-XA38 FN1472-S	Kitaake ubi-XA38 FN1472-S	canonical	mechanical_normalization	1	kitaakeubixa38fn1472s
Kitaake ubi-XA39 FN1473-S	Kitaake ubi-XA39 FN1473-S	canonical	mechanical_normalization	1	kitaakeubixa39fn1473s
Kitaake ubi-XA40 FN1475-S	Kitaake ubi-XA40 FN1475-S	canonical	mechanical_normalization	1	kitaakeubixa40fn1475s
Kitaake ubi-XA41 FN1476-S	Kitaake ubi-XA41 FN1476-S	canonical	mechanical_normalization	1	kitaakeubixa41fn1476s
Kitaake ubi-XA42 FN1477-S	Kitaake ubi-XA42 FN1477-S	canonical	mechanical_normalization	1	kitaakeubixa42fn1477s
Kitaake ubi-XA43 FN1478-S	Kitaake ubi-XA43 FN1478-S	canonical	mechanical_normalization	1	kitaakeubixa43fn1478s
Kitaake ubi-XA44 FN1480-S	Kitaake ubi-XA44 FN1480-S	canonical	mechanical_normalization	1	kitaakeubixa44fn1480s
Kitaake ubi-XA45 FN1481-S	Kitaake ubi-XA45 FN1481-S	canonical	mechanical_normalization	1	kitaakeubixa45fn1481s
Kitaake ubi-XA46 FN1482-S	Kitaake ubi-XA46 FN1482-S	canonical	mechanical_normalization	1	kitaakeubixa46fn1482s
Kitaake ubi-XA47 FN1483-S	Kitaake ubi-XA47 FN1483-S	canonical	mechanical_normalization	1	kitaakeubixa47fn1483s
Kitaake ubi-XA48 FN1484-S	Kitaake ubi-XA48 FN1484-S	canonical	mechanical_normalization	1	kitaakeubixa48fn1484s
Kitaake ubi-XA49 FN1485-S	Kitaake ubi-XA49 FN1485-S	canonical	mechanical_normalization	1	kitaakeubixa49fn1485s
Kitaake ubi-XA50 FN1486-S	Kitaake ubi-XA50 FN1486-S	canonical	mechanical_normalization	1	kitaakeubixa50fn1486s
Kitaake ubi-XA54 FN1490-S	Kitaake ubi-XA54 FN1490-S	canonical	mechanical_normalization	1	kitaakeubixa54fn1490s
Kitaake ubi-XA57 FN1494-S	Kitaake ubi-XA57 FN1494-S	canonical	mechanical_normalization	1	kitaakeubixa57fn1494s
Kitaake ubi-XA58 FN1496-S	Kitaake ubi-XA58 FN1496-S	canonical	mechanical_normalization	1	kitaakeubixa58fn1496s
Kitaake ubi-XA61 FN1499-S	Kitaake ubi-XA61 FN1499-S	canonical	mechanical_normalization	1	kitaakeubixa61fn1499s
Kitaake ubi-XA65 FN1506-S	Kitaake ubi-XA65 FN1506-S	canonical	mechanical_normalization	1	kitaakeubixa65fn1506s
Kitaake ubi-XA67 FN1508-S	Kitaake ubi-XA67 FN1508-S	canonical	mechanical_normalization	1	kitaakeubixa67fn1508s
Kitaake ubi-XA69 FN1512-S	Kitaake ubi-XA69 FN1512-S	canonical	mechanical_normalization	1	kitaakeubixa69fn1512s
Kitaake ubi-XA70 FN1513-S	Kitaake ubi-XA70 FN1513-S	canonical	mechanical_normalization	1	kitaakeubixa70fn1513s
Kitaake ubi-XA71 FN1514-S	Kitaake ubi-XA71 FN1514-S	canonical	mechanical_normalization	1	kitaakeubixa71fn1514s
Kitaake ubi-XA73 FN1516-S	Kitaake ubi-XA73 FN1516-S	canonical	mechanical_normalization	1	kitaakeubixa73fn1516s
Kitaake ubi-XA74 FN1517-S	Kitaake ubi-XA74 FN1517-S	canonical	mechanical_normalization	1	kitaakeubixa74fn1517s
Kitaake ubi-XA76 FN1526-S	Kitaake ubi-XA76 FN1526-S	canonical	mechanical_normalization	1	kitaakeubixa76fn1526s
Kitaake ubi-XA77 FN1527-S	Kitaake ubi-XA77 FN1527-S	canonical	mechanical_normalization	1	kitaakeubixa77fn1527s
Kitaake ubi-XA78 FN1528-S	Kitaake ubi-XA78 FN1528-S	canonical	mechanical_normalization	1	kitaakeubixa78fn1528s
Kitaake ubi-XA81 FN1531-S	Kitaake ubi-XA81 FN1531-S	canonical	mechanical_normalization	1	kitaakeubixa81fn1531s
Kitaake ubi-XA82 FN1532-S	Kitaake ubi-XA82 FN1532-S	canonical	mechanical_normalization	1	kitaakeubixa82fn1532s
Kitaake ubi-XA83 FN1533-S	Kitaake ubi-XA83 FN1533-S	canonical	mechanical_normalization	1	kitaakeubixa83fn1533s
Kitaake ubi-XA84 FN1534-S	Kitaake ubi-XA84 FN1534-S	canonical	mechanical_normalization	1	kitaakeubixa84fn1534s
Kitaake ubi-XA85 FN1535-S	Kitaake ubi-XA85 FN1535-S	canonical	mechanical_normalization	1	kitaakeubixa85fn1535s
Kitaake ubi-XA86 FN1536-S	Kitaake ubi-XA86 FN1536-S	canonical	mechanical_normalization	1	kitaakeubixa86fn1536s
Kitaake ubi-XA88 FN1538-S	Kitaake ubi-XA88 FN1538-S	canonical	mechanical_normalization	1	kitaakeubixa88fn1538s
Kitaake ubi-XA89 FN1540-S	Kitaake ubi-XA89 FN1540-S	canonical	mechanical_normalization	1	kitaakeubixa89fn1540s
Kitaake ubi-XA90 FN1541-S	Kitaake ubi-XA90 FN1541-S	canonical	mechanical_normalization	1	kitaakeubixa90fn1541s
Kitaake ubi-XA91 FN1543-S	Kitaake ubi-XA91 FN1543-S	canonical	mechanical_normalization	1	kitaakeubixa91fn1543s
Kitaake ubi-XA92 FN1545-S	Kitaake ubi-XA92 FN1545-S	canonical	mechanical_normalization	1	kitaakeubixa92fn1545s
Kitaake ubi-XA93 FN1546-S	Kitaake ubi-XA93 FN1546-S	canonical	mechanical_normalization	1	kitaakeubixa93fn1546s
Kitaake ubi-XA94 FN1547-S	Kitaake ubi-XA94 FN1547-S	canonical	mechanical_normalization	1	kitaakeubixa94fn1547s
Kitaake ubi-XA95 FN1549-S	Kitaake ubi-XA95 FN1549-S	canonical	mechanical_normalization	1	kitaakeubixa95fn1549s
Kitaake ubi-XA97 FN1551-S	Kitaake ubi-XA97 FN1551-S	canonical	mechanical_normalization	1	kitaakeubixa97fn1551s
Kitaake ubi-XA98 FN1553-S	Kitaake ubi-XA98 FN1553-S	canonical	mechanical_normalization	1	kitaakeubixa98fn1553s
Kitaake ubi-XA99 FN1554-S	Kitaake ubi-XA99 FN1554-S	canonical	mechanical_normalization	1	kitaakeubixa99fn1554s
Kitakogane	Kitakogane	canonical	mechanical_normalization	1	kitakogane
Kon Joha	Kon Joha	canonical	mechanical_normalization	1	konjoha
Korean variety-1	Korean variety-1	canonical	mechanical_normalization	1	koreanvariety1
Korean variety-2	Korean variety-2	canonical	mechanical_normalization	1	koreanvariety2
Korean variety-3	Korean variety-3	canonical	mechanical_normalization	1	koreanvariety3
Koshihijar	Koshihijar	canonical	mechanical_normalization	1	koshihijar
KoshijiWase	KoshijiWase	canonical	mechanical_normalization	1	koshijiwase
Krachek Chap	Krachek Chap	canonical	mechanical_normalization	1	krachekchap
Kuihuanuo	Kuihuanuo	canonical	mechanical_normalization	1	kuihuanuo
Kum-Kour	Kum-Kour	canonical	mechanical_normalization	1	kumkour
Kun-Min-Tsieh-Hunan	Kun-Min-Tsieh-Hunan	canonical	mechanical_normalization	1	kunmintsiehhunan
Kuoyedao	Kuoyedao	canonical	mechanical_normalization	1	kuoyedao
Kwaksan 1	Kwaksan 1	canonical	mechanical_normalization	1	kwaksan1
Kwaksan 2	Kwaksan 2	canonical	mechanical_normalization	1	kwaksan2
Kwaksan 3	Kwaksan 3	canonical	mechanical_normalization	1	kwaksan3
Kwaksan 4	Kwaksan 4	canonical	mechanical_normalization	1	kwaksan4
Kyouwa	Kyouwa	canonical	mechanical_normalization	1	kyouwa
L11	L11	canonical	mechanical_normalization	1	l11
L12	L12	canonical	mechanical_normalization	1	l12
L13	L13	canonical	mechanical_normalization	1	l13
L14	L14	canonical	mechanical_normalization	1	l14
L15	L15	canonical	mechanical_normalization	1	l15
L16	L16	canonical	mechanical_normalization	1	l16
L202	L202	canonical	mechanical_normalization	1	l202
L28	L28	canonical	mechanical_normalization	1	l28
L2825-CA	L2825-CA	canonical	mechanical_normalization	1	l2825ca
L3	L3	canonical	mechanical_normalization	1	l3
L3-T5-1	L3-T5-1	canonical	mechanical_normalization	1	l3t51
L3-T5-2	L3-T5-2	canonical	mechanical_normalization	1	l3t52
L3-T5-3	L3-T5-3	canonical	mechanical_normalization	1	l3t53
L3-T5-4	L3-T5-4	canonical	mechanical_normalization	1	l3t54
L3-T5-5	L3-T5-5	canonical	mechanical_normalization	1	l3t55
L3-T5-6	L3-T5-6	canonical	mechanical_normalization	1	l3t56
L3-T5-7	L3-T5-7	canonical	mechanical_normalization	1	l3t57
L3-T5-8	L3-T5-8	canonical	mechanical_normalization	1	l3t58
L301A	L301A	canonical	mechanical_normalization	1	l301a
L4	L4	canonical	mechanical_normalization	1	l4
L5	L5	canonical	mechanical_normalization	1	l5
LA PLATA GENA F.A.	LA PLATA GENA F.A.	canonical	mechanical_normalization	1	laplatagenafa
LA2177	LA2177	canonical	mechanical_normalization	1	la2177
LAC 23	LAC 23	canonical	mechanical_normalization	1	lac23
LAC 23	LAC23	spelling_variant	mechanical_normalization	1	lac23
LALI BORO::IRGC 78395-1	LALI BORO::IRGC 78395-1	canonical	mechanical_normalization	1	laliboroirgc783951
LAMBAYEQUE 1	LAMBAYEQUE 1	canonical	mechanical_normalization	1	lambayeque1
LB	LB	canonical	mechanical_normalization	1	lb
LB_GN_BPT5204XNLR-33892	LB_GN_BPT5204XNLR-33892	canonical	mechanical_normalization	1	lbgnbpt5204xnlr33892
LEAH	LEAH	canonical	mechanical_normalization	1	leah
LF85S	LF85S	canonical	mechanical_normalization	1	lf85s
LIANGGUOZAO	LIANGGUOZAO	canonical	mechanical_normalization	1	liangguozao
LIUHUANGZHAN	LIUHUANGZHAN	canonical	mechanical_normalization	1	liuhuangzhan
LK638S	LK638S	canonical	mechanical_normalization	1	lk638s
LM-1	LM-1	canonical	mechanical_normalization	1	lm1
LT1	LT1	canonical	mechanical_normalization	1	lt1
LT10	LT10	canonical	mechanical_normalization	1	lt10
LT11	LT11	canonical	mechanical_normalization	1	lt11
LT12	LT12	canonical	mechanical_normalization	1	lt12
LT13	LT13	canonical	mechanical_normalization	1	lt13
LT14	LT14	canonical	mechanical_normalization	1	lt14
LT15	LT15	canonical	mechanical_normalization	1	lt15
LT16	LT16	canonical	mechanical_normalization	1	lt16
LT17	LT17	canonical	mechanical_normalization	1	lt17
LT18	LT18	canonical	mechanical_normalization	1	lt18
LT19	LT19	canonical	mechanical_normalization	1	lt19
LT2	LT2	canonical	mechanical_normalization	1	lt2
LT20	LT20	canonical	mechanical_normalization	1	lt20
LT21	LT21	canonical	mechanical_normalization	1	lt21
LT3	LT3	canonical	mechanical_normalization	1	lt3
LT4	LT4	canonical	mechanical_normalization	1	lt4
LT6	LT6	canonical	mechanical_normalization	1	lt6
LT7	LT7	canonical	mechanical_normalization	1	lt7
LT8	LT8	canonical	mechanical_normalization	1	lt8
LT9	LT9	canonical	mechanical_normalization	1	lt9
LTGW	LTGW	canonical	mechanical_normalization	1	ltgw
LUSITANO	LUSITANO	canonical	mechanical_normalization	1	lusitano
LVHAN 1	LVHAN 1	canonical	mechanical_normalization	1	lvhan1
LYP9_F2_22	LYP9_F2_22	canonical	mechanical_normalization	1	lyp9f222
Lagrue3	Lagrue3	canonical	mechanical_normalization	1	lagrue3
LalatMAS	LalatMAS	canonical	mechanical_normalization	1	lalatmas
LanbeiliA	LanbeiliA	canonical	mechanical_normalization	1	lanbeilia
Laolaihong	Laolaihong	canonical	mechanical_normalization	1	laolaihong
Laoxianggu	Laoxianggu	canonical	mechanical_normalization	1	laoxianggu
LefengA	LefengA	canonical	mechanical_normalization	1	lefenga
Leihuozhan	Leihuozhan	canonical	mechanical_normalization	1	leihuozhan
Lengshuigu	Lengshuigu	canonical	mechanical_normalization	1	lengshuigu
Leukat-Hitam	Leukat-Hitam	canonical	mechanical_normalization	1	leukathitam
Li Geng13-1	Li Geng13-1	canonical	mechanical_normalization	1	ligeng131
Lijiang Xintuan Hei Gu	Li-Jiang-Xin- Tuan-Hei-Gu	spelling_variant	mechanical_normalization	1	lijiangxintuanheigu
LiA	LiA	canonical	mechanical_normalization	1	lia
Lian Geng1	Lian Geng1	canonical	mechanical_normalization	1	liangeng1
Lian Zhen 11	Lian Zhen 11	canonical	mechanical_normalization	1	lianzhen11
Lian24	Lian24	canonical	mechanical_normalization	1	lian24
Liang You 279	Liang You 279	canonical	mechanical_normalization	1	liangyou279
Liangeng7hao	Liangeng7hao	canonical	mechanical_normalization	1	liangeng7hao
Liangyuan1hao	Liangyuan1hao	canonical	mechanical_normalization	1	liangyuan1hao
Lianjing_2hao	Lianjing_2hao	canonical	mechanical_normalization	1	lianjing2hao
Lianjing_4hao	Lianjing_4hao	canonical	mechanical_normalization	1	lianjing4hao
Liantangzao	Liantangzao	canonical	mechanical_normalization	1	liantangzao
Liao Geng 1540	Liao Geng 1540	canonical	mechanical_normalization	1	liaogeng1540
Liao Geng 2112	Liao Geng 2112	canonical	mechanical_normalization	1	liaogeng2112
Liaogeng287	Liaogeng287	canonical	mechanical_normalization	1	liaogeng287
Liaoxing1	Liaoxing1	canonical	mechanical_normalization	1	liaoxing1
Lili732	Lili732	canonical	mechanical_normalization	1	lili732
LimHeung 1	LimHeung 1	canonical	mechanical_normalization	1	limheung1
LimHeung 2	LimHeung 2	canonical	mechanical_normalization	1	limheung2
Liming	Liming	canonical	mechanical_normalization	1	liming
Lin Dao 18-11	Lin Dao 18-11	canonical	mechanical_normalization	1	lindao1811
Lin Xiu 662	Lin Xiu 662	canonical	mechanical_normalization	1	linxiu662
Lin You 2	Lin You 2	canonical	mechanical_normalization	1	linyou2
Lincangwazuhangu	Lincangwazuhangu	canonical	mechanical_normalization	1	lincangwazuhangu
Ling27A	Ling27A	canonical	mechanical_normalization	1	ling27a
Ling30A	Ling30A	canonical	mechanical_normalization	1	ling30a
Liu-tou-tzu	Liu-tou-tzu	canonical	mechanical_normalization	1	liutoutzu
LiufuA	LiufuA	canonical	mechanical_normalization	1	liufua
Liushayouzhan202	Liushayouzhan202	canonical	mechanical_normalization	1	liushayouzhan202
Liuxiangzhan	Liuxiangzhan	canonical	mechanical_normalization	1	liuxiangzhan
Liuye97A	Liuye97A	canonical	mechanical_normalization	1	liuye97a
Lixiaonuo	Lixiaonuo	canonical	mechanical_normalization	1	lixiaonuo
LiyuB	LiyuB	canonical	mechanical_normalization	1	liyub
Liyuanzhan1hao	Liyuanzhan1hao	canonical	mechanical_normalization	1	liyuanzhan1hao
Liyuanzhan2hao	Liyuanzhan2hao	canonical	mechanical_normalization	1	liyuanzhan2hao
Long 12	Long 12	canonical	mechanical_normalization	1	long12
Long Dao 25	Long Dao 25	canonical	mechanical_normalization	1	longdao25
Long Japonica 1	Long Japonica 1	canonical	mechanical_normalization	1	longjaponica1
Long Japonica 13	Long Japonica 13	canonical	mechanical_normalization	1	longjaponica13
Long Japonica 29	Long Japonica 29	canonical	mechanical_normalization	1	longjaponica29
Long Japonica 3	Long Japonica 3	canonical	mechanical_normalization	1	longjaponica3
Long Ke Si Miao 13	Long Ke Si Miao 13	canonical	mechanical_normalization	1	longkesimiao13
Long Nan Zao	Long Nan Zao	canonical	mechanical_normalization	1	longnanzao
Long Quan Nuo	Long Quan Nuo	canonical	mechanical_normalization	1	longquannuo
Long jing 1	Long jing 1	canonical	mechanical_normalization	1	longjing1
LongS	LongS	canonical	mechanical_normalization	1	longs
Longdao_14hao	Longdao_14hao	canonical	mechanical_normalization	1	longdao14hao
Longdao_18	Longdao_18	canonical	mechanical_normalization	1	longdao18
Longdao_19	Longdao_19	canonical	mechanical_normalization	1	longdao19
Longdao_5hao	Longdao_5hao	canonical	mechanical_normalization	1	longdao5hao
Longdao_6hao	Longdao_6hao	canonical	mechanical_normalization	1	longdao6hao
Longdao_8hao	Longdao_8hao	canonical	mechanical_normalization	1	longdao8hao
Longdun_106	Longdun_106	canonical	mechanical_normalization	1	longdun106
Longhua red	Longhua red	canonical	mechanical_normalization	1	longhuared
Longhui11	Longhui11	canonical	mechanical_normalization	1	longhui11
Longjing_17	Longjing_17	canonical	mechanical_normalization	1	longjing17
Longjing_20	Longjing_20	canonical	mechanical_normalization	1	longjing20
Longjing_22	Longjing_22	canonical	mechanical_normalization	1	longjing22
Longjing_25	Longjing_25	canonical	mechanical_normalization	1	longjing25
Longjing_27	Longjing_27	canonical	mechanical_normalization	1	longjing27
Longjing_28	Longjing_28	canonical	mechanical_normalization	1	longjing28
Longke638S	Longke638S	canonical	mechanical_normalization	1	longke638s
Longnuo_3hao	Longnuo_3hao	canonical	mechanical_normalization	1	longnuo3hao
Longtefu	Longtefu	canonical	mechanical_normalization	1	longtefu
LongtepuA	LongtepuA	canonical	mechanical_normalization	1	longtepua
LongtepuB	LongtepuB	canonical	mechanical_normalization	1	longtepub
Longxiang634B	Longxiang634B	canonical	mechanical_normalization	1	longxiang634b
LongyangA	LongyangA	canonical	mechanical_normalization	1	longyanga
Lonh Fei 10	Lonh Fei 10	canonical	mechanical_normalization	1	lonhfei10
Lu18S	Lu18S	canonical	mechanical_normalization	1	lu18s
Lu206A	Lu206A	canonical	mechanical_normalization	1	lu206a
Lu98A	Lu98A	canonical	mechanical_normalization	1	lu98a
Lua Chua Chan	Lua Chua Chan	canonical	mechanical_normalization	1	luachuachan
Lua goc do	Lua goc do	canonical	mechanical_normalization	1	luagocdo
Luchang-3	Luchang-3	canonical	mechanical_normalization	1	luchang3
Ludao	Ludao	canonical	mechanical_normalization	1	ludao
Luhongzao1hao	Luhongzao1hao	canonical	mechanical_normalization	1	luhongzao1hao
Luhui1345	Luhui1345	canonical	mechanical_normalization	1	luhui1345
Luhui317	Luhui317	canonical	mechanical_normalization	1	luhui317
Luhui5241	Luhui5241	canonical	mechanical_normalization	1	luhui5241
Luhui602	Luhui602	canonical	mechanical_normalization	1	luhui602
Luhui615	Luhui615	canonical	mechanical_normalization	1	luhui615
Luhui63	Luhui63	canonical	mechanical_normalization	1	luhui63
Luhui8258	Luhui8258	canonical	mechanical_normalization	1	luhui8258
LuhuiH103	LuhuiH103	canonical	mechanical_normalization	1	luhuih103
Lunanzao1hao	Lunanzao1hao	canonical	mechanical_normalization	1	lunanzao1hao
Lunhui 422	Lunhui 422	canonical	mechanical_normalization	1	lunhui422
Lunhui 422	Lunhui422	spelling_variant	mechanical_normalization	1	lunhui422
Luohanhuang	Luohanhuang	canonical	mechanical_normalization	1	luohanhuang
Luohong4A	Luohong4A	canonical	mechanical_normalization	1	luohong4a
Luohui69	Luohui69	canonical	mechanical_normalization	1	luohui69
Luojia6	Luojia6	canonical	mechanical_normalization	1	luojia6
Luojia9	Luojia9	canonical	mechanical_normalization	1	luojia9
Luoma	Luoma	canonical	mechanical_normalization	1	luoma
Luoxiang1A	Luoxiang1A	canonical	mechanical_normalization	1	luoxiang1a
Luoyou10hao	Luoyou10hao	canonical	mechanical_normalization	1	luoyou10hao
Lushuang1011	Lushuang1011	canonical	mechanical_normalization	1	lushuang1011
LUSITANO	Lusitano	spelling_variant	mechanical_normalization	1	lusitano
Luxiang618A	Luxiang618A	canonical	mechanical_normalization	1	luxiang618a
Luxiang618A-1	Luxiang618A-1	canonical	mechanical_normalization	1	luxiang618a1
Luxiang618A-2	Luxiang618A-2	canonical	mechanical_normalization	1	luxiang618a2
Luxigu	Luxigu	canonical	mechanical_normalization	1	luxigu
Luzubaigu	Luzubaigu	canonical	mechanical_normalization	1	luzubaigu
Lv Xiang Geng 28	Lv Xiang Geng 28	canonical	mechanical_normalization	1	lvxianggeng28
Lv102S	Lv102S	canonical	mechanical_normalization	1	lv102s
Lvdao24	Lvdao24	canonical	mechanical_normalization	1	lvdao24
Lvdaoq7	Lvdaoq7	canonical	mechanical_normalization	1	lvdaoq7
Lvhan1hao	Lvhan1hao	canonical	mechanical_normalization	1	lvhan1hao
Lvjingnuo	Lvjingnuo	canonical	mechanical_normalization	1	lvjingnuo
LvminS	LvminS	canonical	mechanical_normalization	1	lvmins
Lvxiang3hao	Lvxiang3hao	canonical	mechanical_normalization	1	lvxiang3hao
LvyongA	LvyongA	canonical	mechanical_normalization	1	lvyonga
M-ERV1-2	M-ERV1-2	canonical	mechanical_normalization	1	merv12
M-ERV1-4	M-ERV1-4	canonical	mechanical_normalization	1	merv14
M1004	M1004	canonical	mechanical_normalization	1	m1004
M18	M18	canonical	mechanical_normalization	1	m18
MAHSURI	MAHSURI	canonical	mechanical_normalization	1	mahsuri
MANSAKU 9_2	MANSAKU 9_2	canonical	mechanical_normalization	1	mansaku92
MEQAMUNIN 2	MEQAMUNIN 2	canonical	mechanical_normalization	1	meqamunin2
MIFOR 6-2	MIFOR 6-2	canonical	mechanical_normalization	1	mifor62
MIGA	MIGA	canonical	mechanical_normalization	1	miga
MIKAWA NISHIKI	MIKAWA NISHIKI	canonical	mechanical_normalization	1	mikawanishiki
MIKAWA NISHIKI	MIKAWANISHIKI	spelling_variant	mechanical_normalization	1	mikawanishiki
MILT 1444	MILT 1444	canonical	mechanical_normalization	1	milt1444
MOLOK	MOLOK	canonical	mechanical_normalization	1	molok
MONOLAYA	MONOLAYA	canonical	mechanical_normalization	1	monolaya
MOTZHUL::IRGC 43928-1	MOTZHUL::IRGC 43928-1	canonical	mechanical_normalization	1	motzhulirgc439281
MR 219	MR 219	canonical	mechanical_normalization	1	mr219
MR185	MR185	canonical	mechanical_normalization	1	mr185
MRC 172-9	MRC 172-9	canonical	mechanical_normalization	1	mrc1729
MTU 18::IRGC 660-1	MTU 18::IRGC 660-1	canonical	mechanical_normalization	1	mtu18irgc6601
MTU3626	MTU3626	canonical	mechanical_normalization	1	mtu3626
MTU9	MTU9	canonical	mechanical_normalization	1	mtu9
MUBOU AIKOKU 3	MUBOU AIKOKU 3	canonical	mechanical_normalization	1	mubouaikoku3
Ma Ke Xian	Ma Ke Xian	canonical	mechanical_normalization	1	makexian
Ma-Zhan	Ma-Zhan	canonical	mechanical_normalization	1	mazhan
Mabazhan	Mabazhan	canonical	mechanical_normalization	1	mabazhan
Macan Binundok	Macan Binundok	canonical	mechanical_normalization	1	macanbinundok
Maekdo	Maekdo	canonical	mechanical_normalization	1	maekdo
Maekjo	Maekjo	canonical	mechanical_normalization	1	maekjo
Magoti	Magoti	canonical	mechanical_normalization	1	magoti
MAHSURI	Mahsuri	spelling_variant	mechanical_normalization	1	mahsuri
Mahyangjodo	Mahyangjodo	canonical	mechanical_normalization	1	mahyangjodo
Maiche	Maiche	canonical	mechanical_normalization	1	maiche
Mailaihong	Mailaihong	canonical	mechanical_normalization	1	mailaihong
Malagkit Pirurutong	Malagkit Pirurutong	canonical	mechanical_normalization	1	malagkitpirurutong
Malgeumi	Malgeumi	canonical	mechanical_normalization	1	malgeumi
Mamagu	Mamagu	canonical	mechanical_normalization	1	mamagu
Mamakong	Mamakong	canonical	mechanical_normalization	1	mamakong
Mancang515	Mancang515	canonical	mechanical_normalization	1	mancang515
Mandali1	Mandali1	canonical	mechanical_normalization	1	mandali1
Manga 629	Manga 629	canonical	mechanical_normalization	1	manga629
Manga Kely 694	Manga Kely 694	canonical	mechanical_normalization	1	mangakely694
Manghui	Manghui	canonical	mechanical_normalization	1	manghui
Maniki Madhuri Joha	Maniki Madhuri Joha	canonical	mechanical_normalization	1	manikimadhurijoha
Manipur Black Rice	Manipur Black Rice	canonical	mechanical_normalization	1	manipurblackrice
Manobi	Manobi	canonical	mechanical_normalization	1	manobi
Manpixianghongnuomi	Manpixianghongnuomi	canonical	mechanical_normalization	1	manpixianghongnuomi
Mao Ya Yu Zhen	Mao Ya Yu Zhen	canonical	mechanical_normalization	1	maoyayuzhen
MaoxiangA	MaoxiangA	canonical	mechanical_normalization	1	maoxianga
Masuran	Masuran	canonical	mechanical_normalization	1	masuran
Maudamani	Maudamani	canonical	mechanical_normalization	1	maudamani
Maxian	Maxian	canonical	mechanical_normalization	1	maxian
MaxieB	MaxieB	canonical	mechanical_normalization	1	maxieb
Mayang Khang	Mayang Khang	canonical	mechanical_normalization	1	mayangkhang
Mazhagu	Mazhagu	canonical	mechanical_normalization	1	mazhagu
Maçarico	Maçarico	canonical	mechanical_normalization	1	maarico
Mei Te Zhan	Mei Te Zhan	canonical	mechanical_normalization	1	meitezhan
Mei Xian 26	Mei Xian 26	canonical	mechanical_normalization	1	meixian26
MeiA	MeiA	canonical	mechanical_normalization	1	meia
Meijiading2	Meijiading2	canonical	mechanical_normalization	1	meijiading2
Meijiagao2	Meijiagao2	canonical	mechanical_normalization	1	meijiagao2
Meixiangzhan	Meixiangzhan	canonical	mechanical_normalization	1	meixiangzhan
Meixiangzhan2hao	Meixiangzhan2hao	canonical	mechanical_normalization	1	meixiangzhan2hao
MengS-1	MengS-1	canonical	mechanical_normalization	1	mengs1
MengS-2	MengS-2	canonical	mechanical_normalization	1	mengs2
Menglagu	Menglagu	canonical	mechanical_normalization	1	menglagu
Mermentau	Mermentau	canonical	mechanical_normalization	1	mermentau
Mian2A	Mian2A	canonical	mechanical_normalization	1	mian2a
Mian5A	Mian5A	canonical	mechanical_normalization	1	mian5a
Mian7A	Mian7A	canonical	mechanical_normalization	1	mian7a
MianHui2009	MianHui2009	canonical	mechanical_normalization	1	mianhui2009
Mianhui146	Mianhui146	canonical	mechanical_normalization	1	mianhui146
MianHui2009	Mianhui2009	spelling_variant	mechanical_normalization	1	mianhui2009
Mianhui2040	Mianhui2040	canonical	mechanical_normalization	1	mianhui2040
Mianhui3724	Mianhui3724	canonical	mechanical_normalization	1	mianhui3724
Mianhui501	Mianhui501	canonical	mechanical_normalization	1	mianhui501
Mianhui662	Mianhui662	canonical	mechanical_normalization	1	mianhui662
Mianhui734	Mianhui734	canonical	mechanical_normalization	1	mianhui734
Mianhui9937	Mianhui9937	canonical	mechanical_normalization	1	mianhui9937
Mianhui9939	Mianhui9939	canonical	mechanical_normalization	1	mianhui9939
Mianxiang1A	Mianxiang1A	canonical	mechanical_normalization	1	mianxiang1a
Mido	Mido	canonical	mechanical_normalization	1	mido
Migwang	Migwang	canonical	mechanical_normalization	1	migwang
Mijo	Mijo	canonical	mechanical_normalization	1	mijo
Milddarissal	Milddarissal	canonical	mechanical_normalization	1	milddarissal
Milyang23_type	Milyang23_type	canonical	mechanical_normalization	1	milyang23type
Milyang83	Milyang83	canonical	mechanical_normalization	1	milyang83
Min Ke Zao 77	Min Ke Zao 77	canonical	mechanical_normalization	1	minkezao77
Min Zao 1	Min Zao 1	canonical	mechanical_normalization	1	minzao1
Mineasahi	Mineasahi	canonical	mechanical_normalization	1	mineasahi
MingS	MingS	canonical	mechanical_normalization	1	mings
Minghui07	Minghui07	canonical	mechanical_normalization	1	minghui07
Minghui100	Minghui100	canonical	mechanical_normalization	1	minghui100
Minghui1259	Minghui1259	canonical	mechanical_normalization	1	minghui1259
Minghui1273	Minghui1273	canonical	mechanical_normalization	1	minghui1273
Minghui2088	Minghui2088	canonical	mechanical_normalization	1	minghui2088
Minghui2155	Minghui2155	canonical	mechanical_normalization	1	minghui2155
Minghui67	Minghui67	canonical	mechanical_normalization	1	minghui67
Minghui73	Minghui73	canonical	mechanical_normalization	1	minghui73
Minghui77	Minghui77	canonical	mechanical_normalization	1	minghui77
Minghui78	Minghui78	canonical	mechanical_normalization	1	minghui78
Minghui82	Minghui82	canonical	mechanical_normalization	1	minghui82
Minghui 63	Minghui_63	abbreviation	curated_common_usage	1	minghui63
MingnuoS-1	MingnuoS-1	canonical	mechanical_normalization	1	mingnuos1
Mingxiang10S	Mingxiang10S	canonical	mechanical_normalization	1	mingxiang10s
Minkezao22	Minkezao22	canonical	mechanical_normalization	1	minkezao22
Minnuo580	Minnuo580	canonical	mechanical_normalization	1	minnuo580
Minyannuo	Minyannuo	canonical	mechanical_normalization	1	minyannuo
Mipum	Mipum	canonical	mechanical_normalization	1	mipum
Miyang23	Miyang23	canonical	mechanical_normalization	1	miyang23
Miyang46	Miyang46	canonical	mechanical_normalization	1	miyang46
Miyang70	Miyang70	canonical	mechanical_normalization	1	miyang70
Miyang83	Miyang83	canonical	mechanical_normalization	1	miyang83
Mizuhochikara	Mizuhochikara	canonical	mechanical_normalization	1	mizuhochikara
Modo 52	Modo 52	canonical	mechanical_normalization	1	modo52
Mogwoo	Mogwoo	canonical	mechanical_normalization	1	mogwoo
Mogyang	Mogyang	canonical	mechanical_normalization	1	mogyang
Mojito Colorado	Mojito Colorado	canonical	mechanical_normalization	1	mojitocolorado
Mojo	Mojo	canonical	mechanical_normalization	1	mojo
Mojodo	Mojodo	canonical	mechanical_normalization	1	mojodo
Molixiangzhan	Molixiangzhan	canonical	mechanical_normalization	1	molixiangzhan
Mollabyeo	Mollabyeo	canonical	mechanical_normalization	1	mollabyeo
Montakcl	Montakcl	canonical	mechanical_normalization	1	montakcl
Moroberekan	Moroberekan	canonical	mechanical_normalization	1	moroberekan
Mowanggu	Mowanggu	canonical	mechanical_normalization	1	mowanggu
Mu Dan Jiang 35	Mu Dan Jiang 35	canonical	mechanical_normalization	1	mudanjiang35
Mu Yu Dao 78	Mu Yu Dao 78	canonical	mechanical_normalization	1	muyudao78
Muando	Muando	canonical	mechanical_normalization	1	muando
Mudanjiang 7	Mudanjiang 7	canonical	mechanical_normalization	1	mudanjiang7
Mudanjiang 8	Mudanjiang 8	canonical	mechanical_normalization	1	mudanjiang8
Mudanjiang 9	Mudanjiang 9	canonical	mechanical_normalization	1	mudanjiang9
Mudanjiang_28	Mudanjiang_28	canonical	mechanical_normalization	1	mudanjiang28
Mudaraegi	Mudaraegi	canonical	mechanical_normalization	1	mudaraegi
Mudgo	Mudgo	canonical	mechanical_normalization	1	mudgo
Mujudo	Mujudo	canonical	mechanical_normalization	1	mujudo
Mumojojeokdo	Mumojojeokdo	canonical	mechanical_normalization	1	mumojojeokdo
Muquanzhong	Muquanzhong	canonical	mechanical_normalization	1	muquanzhong
Musando	Musando	canonical	mechanical_normalization	1	musando
Muteka	Muteka	canonical	mechanical_normalization	1	muteka
Mutsukaori	Mutsukaori	canonical	mechanical_normalization	1	mutsukaori
Mutsunishiki	Mutsunishiki	canonical	mechanical_normalization	1	mutsunishiki
N'YA NOFF	N'YA NOFF	canonical	mechanical_normalization	1	nyanoff
N-2703	N-2703	canonical	mechanical_normalization	1	n2703
N111S	N111S	canonical	mechanical_normalization	1	n111s
N118S	N118S	canonical	mechanical_normalization	1	n118s
N175	N175	canonical	mechanical_normalization	1	n175
N632S	N632S	canonical	mechanical_normalization	1	n632s
N779S	N779S	canonical	mechanical_normalization	1	n779s
N95076S	N95076S	canonical	mechanical_normalization	1	n95076s
NAGRI::IRGC 74767-1	NAGRI::IRGC 74767-1	canonical	mechanical_normalization	1	nagriirgc747671
NANTON NO. 131	NANTON NO. 131	canonical	mechanical_normalization	1	nantonno131
NAVOLATO A 71	NAVOLATO A 71	canonical	mechanical_normalization	1	navolatoa71
NC 1/536	NC 1/536	canonical	mechanical_normalization	1	nc1536
ND	ND	canonical	mechanical_normalization	1	nd
ND88B	ND88B	canonical	mechanical_normalization	1	nd88b
NEP HUONG	NEP HUONG	canonical	mechanical_normalization	1	nephuong
NERICA 1	NERICA 1	canonical	mechanical_normalization	1	nerica1
NERICA 4	NERICA 4	canonical	mechanical_normalization	1	nerica4
NERICA 8	NERICA 8	canonical	mechanical_normalization	1	nerica8
NERICA L-41	NERICA L-41	canonical	mechanical_normalization	1	nerical41
NG651	NG651	canonical	mechanical_normalization	1	ng651
NG702	NG702	canonical	mechanical_normalization	1	ng702
NG718	NG718	canonical	mechanical_normalization	1	ng718
NH001-1	NH001-1	canonical	mechanical_normalization	1	nh0011
NH002-1	NH002-1	canonical	mechanical_normalization	1	nh0021
NH003-1	NH003-1	canonical	mechanical_normalization	1	nh0031
NH005-1	NH005-1	canonical	mechanical_normalization	1	nh0051
NH006-1	NH006-1	canonical	mechanical_normalization	1	nh0061
NH007-2	NH007-2	canonical	mechanical_normalization	1	nh0072
NH008-1	NH008-1	canonical	mechanical_normalization	1	nh0081
NH009-1	NH009-1	canonical	mechanical_normalization	1	nh0091
NH010-1	NH010-1	canonical	mechanical_normalization	1	nh0101
NH011-1	NH011-1	canonical	mechanical_normalization	1	nh0111
NH012-1	NH012-1	canonical	mechanical_normalization	1	nh0121
NH013-1	NH013-1	canonical	mechanical_normalization	1	nh0131
NH014-1	NH014-1	canonical	mechanical_normalization	1	nh0141
NH016-1	NH016-1	canonical	mechanical_normalization	1	nh0161
NH017-1	NH017-1	canonical	mechanical_normalization	1	nh0171
NH018-1	NH018-1	canonical	mechanical_normalization	1	nh0181
NH019-1	NH019-1	canonical	mechanical_normalization	1	nh0191
NH021-1	NH021-1	canonical	mechanical_normalization	1	nh0211
NH022-1	NH022-1	canonical	mechanical_normalization	1	nh0221
NH024-1R	NH024-1R	canonical	mechanical_normalization	1	nh0241r
NH025-2	NH025-2	canonical	mechanical_normalization	1	nh0252
NH026-1	NH026-1	canonical	mechanical_normalization	1	nh0261
NH027-1R	NH027-1R	canonical	mechanical_normalization	1	nh0271r
NH028-1	NH028-1	canonical	mechanical_normalization	1	nh0281
NH029-1	NH029-1	canonical	mechanical_normalization	1	nh0291
NH030-1	NH030-1	canonical	mechanical_normalization	1	nh0301
NH033-2	NH033-2	canonical	mechanical_normalization	1	nh0332
NH034-1	NH034-1	canonical	mechanical_normalization	1	nh0341
NH035-1	NH035-1	canonical	mechanical_normalization	1	nh0351
NH036-1	NH036-1	canonical	mechanical_normalization	1	nh0361
NH038-1	NH038-1	canonical	mechanical_normalization	1	nh0381
NH039-1	NH039-1	canonical	mechanical_normalization	1	nh0391
NH040-1	NH040-1	canonical	mechanical_normalization	1	nh0401
NH041-1	NH041-1	canonical	mechanical_normalization	1	nh0411
NH042-1	NH042-1	canonical	mechanical_normalization	1	nh0421
NH044-1	NH044-1	canonical	mechanical_normalization	1	nh0441
NH045-1	NH045-1	canonical	mechanical_normalization	1	nh0451
NH046-1	NH046-1	canonical	mechanical_normalization	1	nh0461
NH047-1	NH047-1	canonical	mechanical_normalization	1	nh0471
NH048-1	NH048-1	canonical	mechanical_normalization	1	nh0481
NH051-1	NH051-1	canonical	mechanical_normalization	1	nh0511
NH052-1	NH052-1	canonical	mechanical_normalization	1	nh0521
NH053-1	NH053-1	canonical	mechanical_normalization	1	nh0531
NH054-1	NH054-1	canonical	mechanical_normalization	1	nh0541
NH055-1	NH055-1	canonical	mechanical_normalization	1	nh0551
NH056-1	NH056-1	canonical	mechanical_normalization	1	nh0561
NH057-1	NH057-1	canonical	mechanical_normalization	1	nh0571
NH058-1	NH058-1	canonical	mechanical_normalization	1	nh0581
NH060-1	NH060-1	canonical	mechanical_normalization	1	nh0601
NH061-1	NH061-1	canonical	mechanical_normalization	1	nh0611
NH062-1	NH062-1	canonical	mechanical_normalization	1	nh0621
NH063-1	NH063-1	canonical	mechanical_normalization	1	nh0631
NH064-1	NH064-1	canonical	mechanical_normalization	1	nh0641
NH065-1	NH065-1	canonical	mechanical_normalization	1	nh0651
NH066-1	NH066-1	canonical	mechanical_normalization	1	nh0661
NH067-1R	NH067-1R	canonical	mechanical_normalization	1	nh0671r
NH069-1	NH069-1	canonical	mechanical_normalization	1	nh0691
NH070-1	NH070-1	canonical	mechanical_normalization	1	nh0701
NH072-1	NH072-1	canonical	mechanical_normalization	1	nh0721
NH073-1	NH073-1	canonical	mechanical_normalization	1	nh0731
NH074-1	NH074-1	canonical	mechanical_normalization	1	nh0741
NH075-1	NH075-1	canonical	mechanical_normalization	1	nh0751
NH076-1	NH076-1	canonical	mechanical_normalization	1	nh0761
NH077-1	NH077-1	canonical	mechanical_normalization	1	nh0771
NH079-1	NH079-1	canonical	mechanical_normalization	1	nh0791
NH080-1	NH080-1	canonical	mechanical_normalization	1	nh0801
NH081-1	NH081-1	canonical	mechanical_normalization	1	nh0811
NH082-1	NH082-1	canonical	mechanical_normalization	1	nh0821
NH083-1	NH083-1	canonical	mechanical_normalization	1	nh0831
NH084-1	NH084-1	canonical	mechanical_normalization	1	nh0841
NH085-1	NH085-1	canonical	mechanical_normalization	1	nh0851
NH087-1	NH087-1	canonical	mechanical_normalization	1	nh0871
NH089-1	NH089-1	canonical	mechanical_normalization	1	nh0891
NH090-1	NH090-1	canonical	mechanical_normalization	1	nh0901
NH091-1	NH091-1	canonical	mechanical_normalization	1	nh0911
NH092-1	NH092-1	canonical	mechanical_normalization	1	nh0921
NH093-1	NH093-1	canonical	mechanical_normalization	1	nh0931
NH094-1	NH094-1	canonical	mechanical_normalization	1	nh0941
NH095-1	NH095-1	canonical	mechanical_normalization	1	nh0951
NH096-1	NH096-1	canonical	mechanical_normalization	1	nh0961
NH097-1	NH097-1	canonical	mechanical_normalization	1	nh0971
NH098-1	NH098-1	canonical	mechanical_normalization	1	nh0981
NH099-1	NH099-1	canonical	mechanical_normalization	1	nh0991
NH100-1	NH100-1	canonical	mechanical_normalization	1	nh1001
NH101-1	NH101-1	canonical	mechanical_normalization	1	nh1011
NH103-1	NH103-1	canonical	mechanical_normalization	1	nh1031
NH104-1	NH104-1	canonical	mechanical_normalization	1	nh1041
NH105-1	NH105-1	canonical	mechanical_normalization	1	nh1051
NH106	NH106	canonical	mechanical_normalization	1	nh106
NH107-1	NH107-1	canonical	mechanical_normalization	1	nh1071
NH109-1	NH109-1	canonical	mechanical_normalization	1	nh1091
NH110-1	NH110-1	canonical	mechanical_normalization	1	nh1101
NH111-1	NH111-1	canonical	mechanical_normalization	1	nh1111
NH112-1	NH112-1	canonical	mechanical_normalization	1	nh1121
NH113-1	NH113-1	canonical	mechanical_normalization	1	nh1131
NH114-1	NH114-1	canonical	mechanical_normalization	1	nh1141
NH115-1	NH115-1	canonical	mechanical_normalization	1	nh1151
NH116-1	NH116-1	canonical	mechanical_normalization	1	nh1161
NH117-1	NH117-1	canonical	mechanical_normalization	1	nh1171
NH118-1	NH118-1	canonical	mechanical_normalization	1	nh1181
NH119-1	NH119-1	canonical	mechanical_normalization	1	nh1191
NH120-1	NH120-1	canonical	mechanical_normalization	1	nh1201
NH122-1	NH122-1	canonical	mechanical_normalization	1	nh1221
NH123-1	NH123-1	canonical	mechanical_normalization	1	nh1231
NH125-1	NH125-1	canonical	mechanical_normalization	1	nh1251
NH128-1	NH128-1	canonical	mechanical_normalization	1	nh1281
NH129-1	NH129-1	canonical	mechanical_normalization	1	nh1291
NH130-1	NH130-1	canonical	mechanical_normalization	1	nh1301
NH131-1	NH131-1	canonical	mechanical_normalization	1	nh1311
NH132-1	NH132-1	canonical	mechanical_normalization	1	nh1321
NH133-1	NH133-1	canonical	mechanical_normalization	1	nh1331
NH134-1	NH134-1	canonical	mechanical_normalization	1	nh1341
NH135-1	NH135-1	canonical	mechanical_normalization	1	nh1351
NH136-1	NH136-1	canonical	mechanical_normalization	1	nh1361
NH137-1	NH137-1	canonical	mechanical_normalization	1	nh1371
NH138-1	NH138-1	canonical	mechanical_normalization	1	nh1381
NH139-1	NH139-1	canonical	mechanical_normalization	1	nh1391
NH140-1	NH140-1	canonical	mechanical_normalization	1	nh1401
NH141-1	NH141-1	canonical	mechanical_normalization	1	nh1411
NH142-1	NH142-1	canonical	mechanical_normalization	1	nh1421
NH143-1	NH143-1	canonical	mechanical_normalization	1	nh1431
NH144-1	NH144-1	canonical	mechanical_normalization	1	nh1441
NH145-1	NH145-1	canonical	mechanical_normalization	1	nh1451
NH146-1	NH146-1	canonical	mechanical_normalization	1	nh1461
NH147-1	NH147-1	canonical	mechanical_normalization	1	nh1471
NH148-1	NH148-1	canonical	mechanical_normalization	1	nh1481
NH149-1	NH149-1	canonical	mechanical_normalization	1	nh1491
NH150-1	NH150-1	canonical	mechanical_normalization	1	nh1501
NH151-1	NH151-1	canonical	mechanical_normalization	1	nh1511
NH152-1	NH152-1	canonical	mechanical_normalization	1	nh1521
NH153-1	NH153-1	canonical	mechanical_normalization	1	nh1531
NH155-1	NH155-1	canonical	mechanical_normalization	1	nh1551
NH156-1	NH156-1	canonical	mechanical_normalization	1	nh1561
NH157-1	NH157-1	canonical	mechanical_normalization	1	nh1571
NH158-1	NH158-1	canonical	mechanical_normalization	1	nh1581
NH159-1	NH159-1	canonical	mechanical_normalization	1	nh1591
NH162-1	NH162-1	canonical	mechanical_normalization	1	nh1621
NH164-1	NH164-1	canonical	mechanical_normalization	1	nh1641
NH166-1	NH166-1	canonical	mechanical_normalization	1	nh1661
NH167-1	NH167-1	canonical	mechanical_normalization	1	nh1671
NH168-1	NH168-1	canonical	mechanical_normalization	1	nh1681
NH170-1	NH170-1	canonical	mechanical_normalization	1	nh1701
NH171-1	NH171-1	canonical	mechanical_normalization	1	nh1711
NH173-1	NH173-1	canonical	mechanical_normalization	1	nh1731
NH174-1	NH174-1	canonical	mechanical_normalization	1	nh1741
NH175-1	NH175-1	canonical	mechanical_normalization	1	nh1751
NH176-1	NH176-1	canonical	mechanical_normalization	1	nh1761
NH177-1	NH177-1	canonical	mechanical_normalization	1	nh1771
NH178-1	NH178-1	canonical	mechanical_normalization	1	nh1781
NH179-1	NH179-1	canonical	mechanical_normalization	1	nh1791
NH181	NH181	canonical	mechanical_normalization	1	nh181
NH182-1	NH182-1	canonical	mechanical_normalization	1	nh1821
NH183-1	NH183-1	canonical	mechanical_normalization	1	nh1831
NH184-1	NH184-1	canonical	mechanical_normalization	1	nh1841
NH186-1	NH186-1	canonical	mechanical_normalization	1	nh1861
NH187-1	NH187-1	canonical	mechanical_normalization	1	nh1871
NH189-1	NH189-1	canonical	mechanical_normalization	1	nh1891
NH190-1	NH190-1	canonical	mechanical_normalization	1	nh1901
NH191-1	NH191-1	canonical	mechanical_normalization	1	nh1911
NH192-1	NH192-1	canonical	mechanical_normalization	1	nh1921
NH193-1	NH193-1	canonical	mechanical_normalization	1	nh1931
NH194-1	NH194-1	canonical	mechanical_normalization	1	nh1941
NH196-1	NH196-1	canonical	mechanical_normalization	1	nh1961
NH197-1	NH197-1	canonical	mechanical_normalization	1	nh1971
NH198-1	NH198-1	canonical	mechanical_normalization	1	nh1981
NH199-1	NH199-1	canonical	mechanical_normalization	1	nh1991
NH201-1	NH201-1	canonical	mechanical_normalization	1	nh2011
NH202-1	NH202-1	canonical	mechanical_normalization	1	nh2021
NH203-1	NH203-1	canonical	mechanical_normalization	1	nh2031
NH204-1	NH204-1	canonical	mechanical_normalization	1	nh2041
NH205-1	NH205-1	canonical	mechanical_normalization	1	nh2051
NH206-1	NH206-1	canonical	mechanical_normalization	1	nh2061
NH207-1	NH207-1	canonical	mechanical_normalization	1	nh2071
NH208-1	NH208-1	canonical	mechanical_normalization	1	nh2081
NH210-1	NH210-1	canonical	mechanical_normalization	1	nh2101
NH211-1	NH211-1	canonical	mechanical_normalization	1	nh2111
NH212-1	NH212-1	canonical	mechanical_normalization	1	nh2121
NH213-1	NH213-1	canonical	mechanical_normalization	1	nh2131
NH214-1	NH214-1	canonical	mechanical_normalization	1	nh2141
NH215-1	NH215-1	canonical	mechanical_normalization	1	nh2151
NH216-1	NH216-1	canonical	mechanical_normalization	1	nh2161
NH218-1	NH218-1	canonical	mechanical_normalization	1	nh2181
NH219-1	NH219-1	canonical	mechanical_normalization	1	nh2191
NH220-1	NH220-1	canonical	mechanical_normalization	1	nh2201
NH221-1	NH221-1	canonical	mechanical_normalization	1	nh2211
NH222-1	NH222-1	canonical	mechanical_normalization	1	nh2221
NH223-1	NH223-1	canonical	mechanical_normalization	1	nh2231
NH224-1	NH224-1	canonical	mechanical_normalization	1	nh2241
NH226-1	NH226-1	canonical	mechanical_normalization	1	nh2261
NH227-L	NH227-L	canonical	mechanical_normalization	1	nh227l
NH229	NH229	canonical	mechanical_normalization	1	nh229
NH231	NH231	canonical	mechanical_normalization	1	nh231
NH232-1	NH232-1	canonical	mechanical_normalization	1	nh2321
NH236-1	NH236-1	canonical	mechanical_normalization	1	nh2361
NH237-1	NH237-1	canonical	mechanical_normalization	1	nh2371
NH238-1	NH238-1	canonical	mechanical_normalization	1	nh2381
NH239-1	NH239-1	canonical	mechanical_normalization	1	nh2391
NH240-1	NH240-1	canonical	mechanical_normalization	1	nh2401
NH241	NH241	canonical	mechanical_normalization	1	nh241
NH242	NH242	canonical	mechanical_normalization	1	nh242
NH243-L	NH243-L	canonical	mechanical_normalization	1	nh243l
NH246-L	NH246-L	canonical	mechanical_normalization	1	nh246l
NH247-L	NH247-L	canonical	mechanical_normalization	1	nh247l
NIL7	NIL7	canonical	mechanical_normalization	1	nil7
NIPPONBARE::IRGC 117274-2	NIPPONBARE::IRGC 117274-2	canonical	mechanical_normalization	1	nipponbareirgc1172742
NLR 33892	NLR 33892	canonical	mechanical_normalization	1	nlr33892
NLR-34449	NLR-34449	canonical	mechanical_normalization	1	nlr34449
NMR 151	NMR 151	canonical	mechanical_normalization	1	nmr151
NMR 152	NMR 152	canonical	mechanical_normalization	1	nmr152
NN99_S1_1	NN99_S1_1	canonical	mechanical_normalization	1	nn99s11
NN99_S1_10	NN99_S1_10	canonical	mechanical_normalization	1	nn99s110
NN99_S1_11	NN99_S1_11	canonical	mechanical_normalization	1	nn99s111
NN99_S1_12	NN99_S1_12	canonical	mechanical_normalization	1	nn99s112
NN99_S1_13	NN99_S1_13	canonical	mechanical_normalization	1	nn99s113
NN99_S1_14	NN99_S1_14	canonical	mechanical_normalization	1	nn99s114
NN99_S1_15	NN99_S1_15	canonical	mechanical_normalization	1	nn99s115
NN99_S1_16	NN99_S1_16	canonical	mechanical_normalization	1	nn99s116
NN99_S1_17	NN99_S1_17	canonical	mechanical_normalization	1	nn99s117
NN99_S1_18	NN99_S1_18	canonical	mechanical_normalization	1	nn99s118
NN99_S1_19	NN99_S1_19	canonical	mechanical_normalization	1	nn99s119
NN99_S1_2	NN99_S1_2	canonical	mechanical_normalization	1	nn99s12
NN99_S1_20	NN99_S1_20	canonical	mechanical_normalization	1	nn99s120
NN99_S1_21	NN99_S1_21	canonical	mechanical_normalization	1	nn99s121
NN99_S1_22	NN99_S1_22	canonical	mechanical_normalization	1	nn99s122
NN99_S1_23	NN99_S1_23	canonical	mechanical_normalization	1	nn99s123
NN99_S1_24	NN99_S1_24	canonical	mechanical_normalization	1	nn99s124
NN99_S1_25	NN99_S1_25	canonical	mechanical_normalization	1	nn99s125
NN99_S1_26	NN99_S1_26	canonical	mechanical_normalization	1	nn99s126
NN99_S1_27	NN99_S1_27	canonical	mechanical_normalization	1	nn99s127
NN99_S1_28	NN99_S1_28	canonical	mechanical_normalization	1	nn99s128
NN99_S1_29	NN99_S1_29	canonical	mechanical_normalization	1	nn99s129
NN99_S1_3	NN99_S1_3	canonical	mechanical_normalization	1	nn99s13
NN99_S1_30	NN99_S1_30	canonical	mechanical_normalization	1	nn99s130
NN99_S1_31	NN99_S1_31	canonical	mechanical_normalization	1	nn99s131
NN99_S1_32	NN99_S1_32	canonical	mechanical_normalization	1	nn99s132
NN99_S1_33	NN99_S1_33	canonical	mechanical_normalization	1	nn99s133
NN99_S1_34	NN99_S1_34	canonical	mechanical_normalization	1	nn99s134
NN99_S1_35	NN99_S1_35	canonical	mechanical_normalization	1	nn99s135
NN99_S1_36	NN99_S1_36	canonical	mechanical_normalization	1	nn99s136
NN99_S1_37	NN99_S1_37	canonical	mechanical_normalization	1	nn99s137
NN99_S1_38	NN99_S1_38	canonical	mechanical_normalization	1	nn99s138
NN99_S1_39	NN99_S1_39	canonical	mechanical_normalization	1	nn99s139
NN99_S1_4	NN99_S1_4	canonical	mechanical_normalization	1	nn99s14
NN99_S1_5	NN99_S1_5	canonical	mechanical_normalization	1	nn99s15
NN99_S1_6	NN99_S1_6	canonical	mechanical_normalization	1	nn99s16
NN99_S1_7	NN99_S1_7	canonical	mechanical_normalization	1	nn99s17
NN99_S1_8	NN99_S1_8	canonical	mechanical_normalization	1	nn99s18
NN99_S1_9	NN99_S1_9	canonical	mechanical_normalization	1	nn99s19
NORIN 11	NORIN 11	canonical	mechanical_normalization	1	norin11
NORIN 24	NORIN 24	canonical	mechanical_normalization	1	norin24
NP 97::GSOR 311207-G1	NP 97::GSOR 311207-G1	canonical	mechanical_normalization	1	np97gsor311207g1
NP125	NP125	canonical	mechanical_normalization	1	np125
Nabeshi	Nabeshi	canonical	mechanical_normalization	1	nabeshi
Nado	Nado	canonical	mechanical_normalization	1	nado
Naengdo	Naengdo	canonical	mechanical_normalization	1	naengdo
Naengjo(B) 70	Naengjo(B) 70	canonical	mechanical_normalization	1	naengjo70
Naengsu	Naengsu	canonical	mechanical_normalization	1	naengsu
Nagdong	Nagdong	canonical	mechanical_normalization	1	nagdong
Nahng Sawn	Nahng Sawn	canonical	mechanical_normalization	1	nahngsawn
Nakabo	Nakabo	canonical	mechanical_normalization	1	nakabo
Nam Dawk Mai	Nam Dawk Mai	canonical	mechanical_normalization	1	namdawkmai
Nam mak	Nam mak	canonical	mechanical_normalization	1	nammak
Namil	Namil	canonical	mechanical_normalization	1	namil
Namjo	Namjo	canonical	mechanical_normalization	1	namjo
Namwon 1	Namwon 1	canonical	mechanical_normalization	1	namwon1
Namwonbyeo	Namwonbyeo	canonical	mechanical_normalization	1	namwonbyeo
Nan Geng 55	Nan Geng 55	canonical	mechanical_normalization	1	nangeng55
Nan Geng 9308	Nan Geng 9308	canonical	mechanical_normalization	1	nangeng9308
Nan Geng Yan 1	Nan Geng Yan 1	canonical	mechanical_normalization	1	nangengyan1
Nan Geng Yin Gu	Nan Geng Yin Gu	canonical	mechanical_normalization	1	nangengyingu
Nan Shang S19B327	Nan Shang S19B327	canonical	mechanical_normalization	1	nanshangs19b327
Nan Xia 060	Nan Xia 060	canonical	mechanical_normalization	1	nanxia060
Nan25	Nan25	canonical	mechanical_normalization	1	nan25
Nanatsuboshi	Nanatsuboshi	canonical	mechanical_normalization	1	nanatsuboshi
Nanbaozao	Nanbaozao	canonical	mechanical_normalization	1	nanbaozao
Nanfengnuo	Nanfengnuo	canonical	mechanical_normalization	1	nanfengnuo
Nang Bang Bentre	Nang Bang Bentre	canonical	mechanical_normalization	1	nangbangbentre
Nangeng46	Nangeng46	canonical	mechanical_normalization	1	nangeng46
Nanhi	Nanhi	canonical	mechanical_normalization	1	nanhi
Nanhui009	Nanhui009	canonical	mechanical_normalization	1	nanhui009
Nanhui115	Nanhui115	canonical	mechanical_normalization	1	nanhui115
Nanhui125	Nanhui125	canonical	mechanical_normalization	1	nanhui125
Nanhui1659	Nanhui1659	canonical	mechanical_normalization	1	nanhui1659
Nanhui180	Nanhui180	canonical	mechanical_normalization	1	nanhui180
Nanhui183	Nanhui183	canonical	mechanical_normalization	1	nanhui183
Nanhui445	Nanhui445	canonical	mechanical_normalization	1	nanhui445
Nanhui716	Nanhui716	canonical	mechanical_normalization	1	nanhui716
Nanhuifu819	Nanhuifu819	canonical	mechanical_normalization	1	nanhuifu819
Nanjing11	Nanjing11	canonical	mechanical_normalization	1	nanjing11
Nanjing11hao	Nanjing11hao	canonical	mechanical_normalization	1	nanjing11hao
Nanjing12025	Nanjing12025	canonical	mechanical_normalization	1	nanjing12025
Nanjing16	Nanjing16	canonical	mechanical_normalization	1	nanjing16
Nanjing1hao	Nanjing1hao	canonical	mechanical_normalization	1	nanjing1hao
Nanjing46	Nanjing46	canonical	mechanical_normalization	1	nanjing46
Nanjingnuo2	Nanjingnuo2	canonical	mechanical_normalization	1	nanjingnuo2
Nanjingxiangnuo	Nanjingxiangnuo	canonical	mechanical_normalization	1	nanjingxiangnuo
Nannongjing_004	Nannongjing_004	canonical	mechanical_normalization	1	nannongjing004
Nannongjing_1R	Nannongjing_1R	canonical	mechanical_normalization	1	nannongjing1r
Nano	Nano	canonical	mechanical_normalization	1	nano
Nansha060	Nansha060	canonical	mechanical_normalization	1	nansha060
Nante	Nante	canonical	mechanical_normalization	1	nante
Nanton_53	Nanton_53	canonical	mechanical_normalization	1	nanton53
NanzaoA	NanzaoA	canonical	mechanical_normalization	1	nanzaoa
Nar-B-Upland	Nar-B-Upland	canonical	mechanical_normalization	1	narbupland
Near_Iso-genic_Lines	Near_Iso-genic_Lines	canonical	mechanical_normalization	1	nearisogeniclines
Neda	Neda	canonical	mechanical_normalization	1	neda
NeiHui2539	NeiHui2539	canonical	mechanical_normalization	1	neihui2539
NeiHui2539	Neihui2539	spelling_variant	mechanical_normalization	1	neihui2539
Neihui94-11	Neihui94-11	canonical	mechanical_normalization	1	neihui9411
Neihui9802	Neihui9802	canonical	mechanical_normalization	1	neihui9802
Neixiang2A	Neixiang2A	canonical	mechanical_normalization	1	neixiang2a
Neixiang3A	Neixiang3A	canonical	mechanical_normalization	1	neixiang3a
Neixiang5A	Neixiang5A	canonical	mechanical_normalization	1	neixiang5a
Neixiang7A	Neixiang7A	canonical	mechanical_normalization	1	neixiang7a
Neixiang8A	Neixiang8A	canonical	mechanical_normalization	1	neixiang8a
Neizhong152	Neizhong152	canonical	mechanical_normalization	1	neizhong152
Nekken2	Nekken2	canonical	mechanical_normalization	1	nekken2
Nep Lun	Nep Lun	canonical	mechanical_normalization	1	neplun
NERICA 4	Nerica4	spelling_variant	mechanical_normalization	1	nerica4
Neuseubyeo	Neuseubyeo	canonical	mechanical_normalization	1	neuseubyeo
Nianpingxiangdao	Nianpingxiangdao	canonical	mechanical_normalization	1	nianpingxiangdao
Niaw-Dam	Niaw-Dam	canonical	mechanical_normalization	1	niawdam
Niaw_Ma-dan	Niaw_Ma-dan	canonical	mechanical_normalization	1	niawmadan
Niboerhuangdao	Niboerhuangdao	canonical	mechanical_normalization	1	niboerhuangdao
Ning Xi 14	Ning Xi 14	canonical	mechanical_normalization	1	ningxi14
Ning Xi 791	Ning Xi 791	canonical	mechanical_normalization	1	ningxi791
Ning Zao 910	Ning Zao 910	canonical	mechanical_normalization	1	ningzao910
Ningjing 14	Ningjing 14	canonical	mechanical_normalization	1	ningjing14
Ningjing16	Ningjing16	canonical	mechanical_normalization	1	ningjing16
Ningjing_2hao	Ningjing_2hao	canonical	mechanical_normalization	1	ningjing2hao
Ningjinghui_237	Ningjinghui_237	canonical	mechanical_normalization	1	ningjinghui237
Ningjinghui_260	Ningjinghui_260	canonical	mechanical_normalization	1	ningjinghui260
Ningnuo20910	Ningnuo20910	canonical	mechanical_normalization	1	ningnuo20910
Ningnuo20911	Ningnuo20911	canonical	mechanical_normalization	1	ningnuo20911
Ningnuo20923	Ningnuo20923	canonical	mechanical_normalization	1	ningnuo20923
Ningxiangnuo	Ningxiangnuo	canonical	mechanical_normalization	1	ningxiangnuo
Ningzao517	Ningzao517	canonical	mechanical_normalization	1	ningzao517
Nipponbare and 93-11 RIL1	Nipponbare and 93-11 RIL1	canonical	mechanical_normalization	1	nipponbareand9311ril1
Nipponbare and 93-11 RIL10	Nipponbare and 93-11 RIL10	canonical	mechanical_normalization	1	nipponbareand9311ril10
Nipponbare and 93-11 RIL11	Nipponbare and 93-11 RIL11	canonical	mechanical_normalization	1	nipponbareand9311ril11
Nipponbare and 93-11 RIL12	Nipponbare and 93-11 RIL12	canonical	mechanical_normalization	1	nipponbareand9311ril12
Nipponbare and 93-11 RIL13	Nipponbare and 93-11 RIL13	canonical	mechanical_normalization	1	nipponbareand9311ril13
Nipponbare and 93-11 RIL14	Nipponbare and 93-11 RIL14	canonical	mechanical_normalization	1	nipponbareand9311ril14
Nipponbare and 93-11 RIL15	Nipponbare and 93-11 RIL15	canonical	mechanical_normalization	1	nipponbareand9311ril15
Nipponbare and 93-11 RIL16	Nipponbare and 93-11 RIL16	canonical	mechanical_normalization	1	nipponbareand9311ril16
Nipponbare and 93-11 RIL17	Nipponbare and 93-11 RIL17	canonical	mechanical_normalization	1	nipponbareand9311ril17
Nipponbare and 93-11 RIL18	Nipponbare and 93-11 RIL18	canonical	mechanical_normalization	1	nipponbareand9311ril18
Nipponbare and 93-11 RIL19	Nipponbare and 93-11 RIL19	canonical	mechanical_normalization	1	nipponbareand9311ril19
Nipponbare and 93-11 RIL2	Nipponbare and 93-11 RIL2	canonical	mechanical_normalization	1	nipponbareand9311ril2
Nipponbare and 93-11 RIL20	Nipponbare and 93-11 RIL20	canonical	mechanical_normalization	1	nipponbareand9311ril20
Nipponbare and 93-11 RIL21	Nipponbare and 93-11 RIL21	canonical	mechanical_normalization	1	nipponbareand9311ril21
Nipponbare and 93-11 RIL22	Nipponbare and 93-11 RIL22	canonical	mechanical_normalization	1	nipponbareand9311ril22
Nipponbare and 93-11 RIL23	Nipponbare and 93-11 RIL23	canonical	mechanical_normalization	1	nipponbareand9311ril23
Nipponbare and 93-11 RIL24	Nipponbare and 93-11 RIL24	canonical	mechanical_normalization	1	nipponbareand9311ril24
Nipponbare and 93-11 RIL25	Nipponbare and 93-11 RIL25	canonical	mechanical_normalization	1	nipponbareand9311ril25
Nipponbare and 93-11 RIL26	Nipponbare and 93-11 RIL26	canonical	mechanical_normalization	1	nipponbareand9311ril26
Nipponbare and 93-11 RIL27	Nipponbare and 93-11 RIL27	canonical	mechanical_normalization	1	nipponbareand9311ril27
Nipponbare and 93-11 RIL28	Nipponbare and 93-11 RIL28	canonical	mechanical_normalization	1	nipponbareand9311ril28
Nipponbare and 93-11 RIL29	Nipponbare and 93-11 RIL29	canonical	mechanical_normalization	1	nipponbareand9311ril29
Nipponbare and 93-11 RIL3	Nipponbare and 93-11 RIL3	canonical	mechanical_normalization	1	nipponbareand9311ril3
Nipponbare and 93-11 RIL30	Nipponbare and 93-11 RIL30	canonical	mechanical_normalization	1	nipponbareand9311ril30
Nipponbare and 93-11 RIL31	Nipponbare and 93-11 RIL31	canonical	mechanical_normalization	1	nipponbareand9311ril31
Nipponbare and 93-11 RIL32	Nipponbare and 93-11 RIL32	canonical	mechanical_normalization	1	nipponbareand9311ril32
Nipponbare and 93-11 RIL33	Nipponbare and 93-11 RIL33	canonical	mechanical_normalization	1	nipponbareand9311ril33
Nipponbare and 93-11 RIL34	Nipponbare and 93-11 RIL34	canonical	mechanical_normalization	1	nipponbareand9311ril34
Nipponbare and 93-11 RIL35	Nipponbare and 93-11 RIL35	canonical	mechanical_normalization	1	nipponbareand9311ril35
Nipponbare and 93-11 RIL36	Nipponbare and 93-11 RIL36	canonical	mechanical_normalization	1	nipponbareand9311ril36
Nipponbare and 93-11 RIL37	Nipponbare and 93-11 RIL37	canonical	mechanical_normalization	1	nipponbareand9311ril37
Nipponbare and 93-11 RIL38	Nipponbare and 93-11 RIL38	canonical	mechanical_normalization	1	nipponbareand9311ril38
Nipponbare and 93-11 RIL39	Nipponbare and 93-11 RIL39	canonical	mechanical_normalization	1	nipponbareand9311ril39
Nipponbare and 93-11 RIL4	Nipponbare and 93-11 RIL4	canonical	mechanical_normalization	1	nipponbareand9311ril4
Nipponbare and 93-11 RIL40	Nipponbare and 93-11 RIL40	canonical	mechanical_normalization	1	nipponbareand9311ril40
Nipponbare and 93-11 RIL41	Nipponbare and 93-11 RIL41	canonical	mechanical_normalization	1	nipponbareand9311ril41
Nipponbare and 93-11 RIL42	Nipponbare and 93-11 RIL42	canonical	mechanical_normalization	1	nipponbareand9311ril42
Nipponbare and 93-11 RIL43	Nipponbare and 93-11 RIL43	canonical	mechanical_normalization	1	nipponbareand9311ril43
Nipponbare and 93-11 RIL44	Nipponbare and 93-11 RIL44	canonical	mechanical_normalization	1	nipponbareand9311ril44
Nipponbare and 93-11 RIL45	Nipponbare and 93-11 RIL45	canonical	mechanical_normalization	1	nipponbareand9311ril45
Nipponbare and 93-11 RIL46	Nipponbare and 93-11 RIL46	canonical	mechanical_normalization	1	nipponbareand9311ril46
Nipponbare and 93-11 RIL47	Nipponbare and 93-11 RIL47	canonical	mechanical_normalization	1	nipponbareand9311ril47
Nipponbare and 93-11 RIL48	Nipponbare and 93-11 RIL48	canonical	mechanical_normalization	1	nipponbareand9311ril48
Nipponbare and 93-11 RIL49	Nipponbare and 93-11 RIL49	canonical	mechanical_normalization	1	nipponbareand9311ril49
Nipponbare and 93-11 RIL5	Nipponbare and 93-11 RIL5	canonical	mechanical_normalization	1	nipponbareand9311ril5
Nipponbare and 93-11 RIL50	Nipponbare and 93-11 RIL50	canonical	mechanical_normalization	1	nipponbareand9311ril50
Nipponbare and 93-11 RIL51	Nipponbare and 93-11 RIL51	canonical	mechanical_normalization	1	nipponbareand9311ril51
Nipponbare and 93-11 RIL52	Nipponbare and 93-11 RIL52	canonical	mechanical_normalization	1	nipponbareand9311ril52
Nipponbare and 93-11 RIL53	Nipponbare and 93-11 RIL53	canonical	mechanical_normalization	1	nipponbareand9311ril53
Nipponbare and 93-11 RIL54	Nipponbare and 93-11 RIL54	canonical	mechanical_normalization	1	nipponbareand9311ril54
Nipponbare and 93-11 RIL55	Nipponbare and 93-11 RIL55	canonical	mechanical_normalization	1	nipponbareand9311ril55
Nipponbare and 93-11 RIL7	Nipponbare and 93-11 RIL7	canonical	mechanical_normalization	1	nipponbareand9311ril7
Nipponbare and 93-11 RIL8	Nipponbare and 93-11 RIL8	canonical	mechanical_normalization	1	nipponbareand9311ril8
Nipponbare and 93-11 RIL9	Nipponbare and 93-11 RIL9	canonical	mechanical_normalization	1	nipponbareand9311ril9
Nipponbare2	Nipponbare2	canonical	mechanical_normalization	1	nipponbare2
Niwahutaw Mochi	Niwahutaw Mochi	canonical	mechanical_normalization	1	niwahutawmochi
Nobohai	Nobohai	canonical	mechanical_normalization	1	nobohai
Nokdudo	Nokdudo	canonical	mechanical_normalization	1	nokdudo
Nokyang	Nokyang	canonical	mechanical_normalization	1	nokyang
Nona Bokra	Nona Bokra	canonical	mechanical_normalization	1	nonabokra
Nong Da Yong Ning Lai	Nong Da Yong Ning Lai	canonical	mechanical_normalization	1	nongdayongninglai
Nong Xiang 39	Nong Xiang 39	canonical	mechanical_normalization	1	nongxiang39
Nong Xiang 42	Nong Xiang 42	canonical	mechanical_normalization	1	nongxiang42
Nongan	Nongan	canonical	mechanical_normalization	1	nongan
Nongbaeg	Nongbaeg	canonical	mechanical_normalization	1	nongbaeg
Nonge661A	Nonge661A	canonical	mechanical_normalization	1	nonge661a
Nonggwang	Nonggwang	canonical	mechanical_normalization	1	nonggwang
Nongkeng57	Nongkeng57	canonical	mechanical_normalization	1	nongkeng57
Nonglinnuo_4hao	Nonglinnuo_4hao	canonical	mechanical_normalization	1	nonglinnuo4hao
Nongxiang24	Nongxiang24	canonical	mechanical_normalization	1	nongxiang24
Nongxiang32	Nongxiang32	canonical	mechanical_normalization	1	nongxiang32
Nong Xiang 39	Nongxiang39	spelling_variant	mechanical_normalization	1	nongxiang39
Nongxiang40	Nongxiang40	canonical	mechanical_normalization	1	nongxiang40
Nongxiang41	Nongxiang41	canonical	mechanical_normalization	1	nongxiang41
Nong Xiang 42	Nongxiang42	spelling_variant	mechanical_normalization	1	nongxiang42
Nongxiang_18	Nongxiang_18	canonical	mechanical_normalization	1	nongxiang18
Nongxiang_21	Nongxiang_21	canonical	mechanical_normalization	1	nongxiang21
Nongxiang_25	Nongxiang_25	canonical	mechanical_normalization	1	nongxiang25
Norin22	Norin22	canonical	mechanical_normalization	1	norin22
North_Jeju1	North_Jeju1	canonical	mechanical_normalization	1	northjeju1
Nourin No. 15	Nourin No. 15	canonical	mechanical_normalization	1	nourinno15
Nungyu Waxy 35	Nungyu Waxy 35	canonical	mechanical_normalization	1	nungyuwaxy35
Nuogu 1	Nuogu 1	canonical	mechanical_normalization	1	nuogu1
Nuogu 2	Nuogu 2	canonical	mechanical_normalization	1	nuogu2
Nuogu 3	Nuogu 3	canonical	mechanical_normalization	1	nuogu3
Nuogu 4	Nuogu 4	canonical	mechanical_normalization	1	nuogu4
Nuohangu	Nuohangu	canonical	mechanical_normalization	1	nuohangu
Nuomi	Nuomi	canonical	mechanical_normalization	1	nuomi
OBA	OBA	canonical	mechanical_normalization	1	oba
OBOLO	OBOLO	canonical	mechanical_normalization	1	obolo
OM1706	OM1706	canonical	mechanical_normalization	1	om1706
OM6377	OM6377	canonical	mechanical_normalization	1	om6377
OOBA 2	OOBA 2	canonical	mechanical_normalization	1	ooba2
OPEN	OPEN	canonical	mechanical_normalization	1	open
ORYLUX6	ORYLUX6	canonical	mechanical_normalization	1	orylux6
Obaekjo	Obaekjo	canonical	mechanical_normalization	1	obaekjo
Obongbyeo	Obongbyeo	canonical	mechanical_normalization	1	obongbyeo
Odaebyeo	Odaebyeo	canonical	mechanical_normalization	1	odaebyeo
Oegukbyeo	Oegukbyeo	canonical	mechanical_normalization	1	oegukbyeo
Ojeonggeun	Ojeonggeun	canonical	mechanical_normalization	1	ojeonggeun
Okkyung	Okkyung	canonical	mechanical_normalization	1	okkyung
Olbyeo	Olbyeo	canonical	mechanical_normalization	1	olbyeo
Olmutge	Olmutge	canonical	mechanical_normalization	1	olmutge
Olwaedu	Olwaedu	canonical	mechanical_normalization	1	olwaedu
Onnuri	Onnuri	canonical	mechanical_normalization	1	onnuri
Onseong1	Onseong1	canonical	mechanical_normalization	1	onseong1
Onseong10	Onseong10	canonical	mechanical_normalization	1	onseong10
Onseong11	Onseong11	canonical	mechanical_normalization	1	onseong11
Onseong12	Onseong12	canonical	mechanical_normalization	1	onseong12
Onseong13	Onseong13	canonical	mechanical_normalization	1	onseong13
Onseong14	Onseong14	canonical	mechanical_normalization	1	onseong14
Onseong2	Onseong2	canonical	mechanical_normalization	1	onseong2
Onseong3	Onseong3	canonical	mechanical_normalization	1	onseong3
Onseong4	Onseong4	canonical	mechanical_normalization	1	onseong4
Onseong5	Onseong5	canonical	mechanical_normalization	1	onseong5
Onseong6	Onseong6	canonical	mechanical_normalization	1	onseong6
Onseong7	Onseong7	canonical	mechanical_normalization	1	onseong7
Onseong8	Onseong8	canonical	mechanical_normalization	1	onseong8
Onseong9	Onseong9	canonical	mechanical_normalization	1	onseong9
Onu B	Onu B	canonical	mechanical_normalization	1	onub
Oochikara	Oochikara	canonical	mechanical_normalization	1	oochikara
Orido	Orido	canonical	mechanical_normalization	1	orido
Oryzica3	Oryzica3	canonical	mechanical_normalization	1	oryzica3
OryzicaLlanos5	OryzicaLlanos5	canonical	mechanical_normalization	1	oryzicallanos5
Os 6 (Wc 10296)	Os 6 (Wc 10296)	canonical	mechanical_normalization	1	os6
P 32::GSOR 311085-G1	P 32::GSOR 311085-G1	canonical	mechanical_normalization	1	p32gsor311085g1
P 35	P 35	canonical	mechanical_normalization	1	p35
P 660	P 660	canonical	mechanical_normalization	1	p660
P 79::GSOR 310380-G1	P 79::GSOR 310380-G1	canonical	mechanical_normalization	1	p79gsor310380g1
P-RH78-2	P-RH78-2	canonical	mechanical_normalization	1	prh782
P-RH78-4	P-RH78-4	canonical	mechanical_normalization	1	prh784
P1	P1	canonical	mechanical_normalization	1	p1
P2	P2	canonical	mechanical_normalization	1	p2
P391	P391	canonical	mechanical_normalization	1	p391
P393	P393	canonical	mechanical_normalization	1	p393
P469	P469	canonical	mechanical_normalization	1	p469
P88S	P88S	canonical	mechanical_normalization	1	p88s
PAGAIYAHAN	PAGAIYAHAN	canonical	mechanical_normalization	1	pagaiyahan
PANKHARI 203	PANKHARI 203	canonical	mechanical_normalization	1	pankhari203
PATNAI 6	PATNAI 6	canonical	mechanical_normalization	1	patnai6
PBR	PBR	canonical	mechanical_normalization	1	pbr
PC311	PC311	canonical	mechanical_normalization	1	pc311
PD 46	PD 46	canonical	mechanical_normalization	1	pd46
PD211	PD211	canonical	mechanical_normalization	1	pd211
PHUDUGEY	PHUDUGEY	canonical	mechanical_normalization	1	phudugey
PN1	PN1	canonical	mechanical_normalization	1	pn1
PN10	PN10	canonical	mechanical_normalization	1	pn10
PN11	PN11	canonical	mechanical_normalization	1	pn11
PN12	PN12	canonical	mechanical_normalization	1	pn12
PN13	PN13	canonical	mechanical_normalization	1	pn13
PN14	PN14	canonical	mechanical_normalization	1	pn14
PN15	PN15	canonical	mechanical_normalization	1	pn15
PN16	PN16	canonical	mechanical_normalization	1	pn16
PN17	PN17	canonical	mechanical_normalization	1	pn17
PN18	PN18	canonical	mechanical_normalization	1	pn18
PN19	PN19	canonical	mechanical_normalization	1	pn19
PN2	PN2	canonical	mechanical_normalization	1	pn2
PN20	PN20	canonical	mechanical_normalization	1	pn20
PN21	PN21	canonical	mechanical_normalization	1	pn21
PN22	PN22	canonical	mechanical_normalization	1	pn22
PN23	PN23	canonical	mechanical_normalization	1	pn23
PN24	PN24	canonical	mechanical_normalization	1	pn24
PN25	PN25	canonical	mechanical_normalization	1	pn25
PN26	PN26	canonical	mechanical_normalization	1	pn26
PN27	PN27	canonical	mechanical_normalization	1	pn27
PN28	PN28	canonical	mechanical_normalization	1	pn28
PN29	PN29	canonical	mechanical_normalization	1	pn29
PN3	PN3	canonical	mechanical_normalization	1	pn3
PN30	PN30	canonical	mechanical_normalization	1	pn30
PN31	PN31	canonical	mechanical_normalization	1	pn31
PN32	PN32	canonical	mechanical_normalization	1	pn32
PN33	PN33	canonical	mechanical_normalization	1	pn33
PN34	PN34	canonical	mechanical_normalization	1	pn34
PN35	PN35	canonical	mechanical_normalization	1	pn35
PN36	PN36	canonical	mechanical_normalization	1	pn36
PN37	PN37	canonical	mechanical_normalization	1	pn37
PN38	PN38	canonical	mechanical_normalization	1	pn38
PN4	PN4	canonical	mechanical_normalization	1	pn4
PN5	PN5	canonical	mechanical_normalization	1	pn5
PN6	PN6	canonical	mechanical_normalization	1	pn6
PN7	PN7	canonical	mechanical_normalization	1	pn7
PN8	PN8	canonical	mechanical_normalization	1	pn8
PN9	PN9	canonical	mechanical_normalization	1	pn9
PR 106	PR 106	canonical	mechanical_normalization	1	pr106
PR 325	PR 325	canonical	mechanical_normalization	1	pr325
PR 403	PR 403	canonical	mechanical_normalization	1	pr403
PR121	PR121	canonical	mechanical_normalization	1	pr121
PRATAO	PRATAO	canonical	mechanical_normalization	1	pratao
PSB RC28	PSB RC28	canonical	mechanical_normalization	1	psbrc28
PSBRC_1	PSBRC_1	canonical	mechanical_normalization	1	psbrc1
PTT	PTT	canonical	mechanical_normalization	1	ptt
Pa Boup	Pa Boup	canonical	mechanical_normalization	1	paboup
Pa-Tou-Hung	Pa-Tou-Hung	canonical	mechanical_normalization	1	patouhung
Padi Pohon Batu	Padi Pohon Batu	canonical	mechanical_normalization	1	padipohonbatu
Padi Tarab Arab	Padi Tarab Arab	canonical	mechanical_normalization	1	paditarabarab
Padi-Arang	Padi-Arang	canonical	mechanical_normalization	1	padiarang
Pakkali	Pakkali	canonical	mechanical_normalization	1	pakkali
Paldado	Paldado	canonical	mechanical_normalization	1	paldado
Palgoeng	Palgoeng	canonical	mechanical_normalization	1	palgoeng
Palgong	Palgong	canonical	mechanical_normalization	1	palgong
Pan Geng 37	Pan Geng 37	canonical	mechanical_normalization	1	pangeng37
Pan Ju	Pan Ju	canonical	mechanical_normalization	1	panju
Parao	Parao	canonical	mechanical_normalization	1	parao
Parsan	Parsan	canonical	mechanical_normalization	1	parsan
Patbyeo	Patbyeo	canonical	mechanical_normalization	1	patbyeo
Pct 4/Av/3/0>Ir136-3-B	Pct 4/Av/3/0>Ir136-3-B	canonical	mechanical_normalization	1	pct4av30ir1363b
Peiai64	Peiai64	canonical	mechanical_normalization	1	peiai64
Peidi	Peidi	canonical	mechanical_normalization	1	peidi
Pergonil 15	Pergonil 15	canonical	mechanical_normalization	1	pergonil15
Periavelai-Red-Rice	Periavelai-Red-Rice	canonical	mechanical_normalization	1	periavelairedrice
Perurutong-Nb-A	Perurutong-Nb-A	canonical	mechanical_normalization	1	perurutongnba
PhougakT	PhougakT	canonical	mechanical_normalization	1	phougakt
Pibyeo	Pibyeo	canonical	mechanical_normalization	1	pibyeo
Pihyeon1	Pihyeon1	canonical	mechanical_normalization	1	pihyeon1
Pihyeon2	Pihyeon2	canonical	mechanical_normalization	1	pihyeon2
Pinghui141	Pinghui141	canonical	mechanical_normalization	1	pinghui141
Pinghui2hao	Pinghui2hao	canonical	mechanical_normalization	1	pinghui2hao
Pionero2010FL	Pionero2010FL	canonical	mechanical_normalization	1	pionero2010fl
Pitai	Pitai	canonical	mechanical_normalization	1	pitai
Pochoenjangmangmebyeo	Pochoenjangmangmebyeo	canonical	mechanical_normalization	1	pochoenjangmangmebyeo
PRATAO	Pratao	spelling_variant	mechanical_normalization	1	pratao
Pulut-Arang	Pulut-Arang	canonical	mechanical_normalization	1	pulutarang
Pulut-Hitam-Siam	Pulut-Hitam-Siam	canonical	mechanical_normalization	1	puluthitamsiam
Pulut-Hitam1	Pulut-Hitam1	canonical	mechanical_normalization	1	puluthitam1
Pulut-Hitam3	Pulut-Hitam3	canonical	mechanical_normalization	1	puluthitam3
Pulut_Hitam	Pulut_Hitam	canonical	mechanical_normalization	1	puluthitam
Pungmi	Pungmi	canonical	mechanical_normalization	1	pungmi
Pungwujo	Pungwujo	canonical	mechanical_normalization	1	pungwujo
Purahaitairin	Purahaitairin	canonical	mechanical_normalization	1	purahaitairin
Pusa Basmati 1121	Pusa Basmati 1121	canonical	mechanical_normalization	1	pusabasmati1121
Pyeongang1	Pyeongang1	canonical	mechanical_normalization	1	pyeongang1
Pyeongang10	Pyeongang10	canonical	mechanical_normalization	1	pyeongang10
Pyeongang11	Pyeongang11	canonical	mechanical_normalization	1	pyeongang11
Pyeongang12	Pyeongang12	canonical	mechanical_normalization	1	pyeongang12
Pyeongang13	Pyeongang13	canonical	mechanical_normalization	1	pyeongang13
Pyeongang14	Pyeongang14	canonical	mechanical_normalization	1	pyeongang14
Pyeongang15	Pyeongang15	canonical	mechanical_normalization	1	pyeongang15
Pyeongang2	Pyeongang2	canonical	mechanical_normalization	1	pyeongang2
Pyeongang3	Pyeongang3	canonical	mechanical_normalization	1	pyeongang3
Pyeongang4	Pyeongang4	canonical	mechanical_normalization	1	pyeongang4
Pyeongang5	Pyeongang5	canonical	mechanical_normalization	1	pyeongang5
Pyeongang6	Pyeongang6	canonical	mechanical_normalization	1	pyeongang6
Pyeongang7	Pyeongang7	canonical	mechanical_normalization	1	pyeongang7
Pyeongang8	Pyeongang8	canonical	mechanical_normalization	1	pyeongang8
Pyeongang9	Pyeongang9	canonical	mechanical_normalization	1	pyeongang9
Pyeongbuk 4	Pyeongbuk 4	canonical	mechanical_normalization	1	pyeongbuk4
Pyeongbuk 7	Pyeongbuk 7	canonical	mechanical_normalization	1	pyeongbuk7
Pyeongbuk 8	Pyeongbuk 8	canonical	mechanical_normalization	1	pyeongbuk8
Pyeongyang	Pyeongyang	canonical	mechanical_normalization	1	pyeongyang
Pyodo	Pyodo	canonical	mechanical_normalization	1	pyodo
Q1A	Q1A	canonical	mechanical_normalization	1	q1a
Q2A	Q2A	canonical	mechanical_normalization	1	q2a
Q3A	Q3A	canonical	mechanical_normalization	1	q3a
Q431	Q431	canonical	mechanical_normalization	1	q431
Q4A	Q4A	canonical	mechanical_normalization	1	q4a
Q6A	Q6A	canonical	mechanical_normalization	1	q6a
QAMUYAN	QAMUYAN	canonical	mechanical_normalization	1	qamuyan
QINGSIZHAN 1	QINGSIZHAN 1	canonical	mechanical_normalization	1	qingsizhan1
QIPARAT 2	QIPARAT 2	canonical	mechanical_normalization	1	qiparat2
Qhui108	Qhui108	canonical	mechanical_normalization	1	qhui108
Qhui28	Qhui28	canonical	mechanical_normalization	1	qhui28
Qi Japonica10	Qi Japonica10	canonical	mechanical_normalization	1	qijaponica10
Qian Hei Nuo 47	Qian Hei Nuo 47	canonical	mechanical_normalization	1	qianheinuo47
Qian Hong 9479	Qian Hong 9479	canonical	mechanical_normalization	1	qianhong9479
Qian R44-620	Qian R44-620	canonical	mechanical_normalization	1	qianr44620
Qian Shan Xue Hua Nuo	Qian Shan Xue Hua Nuo	canonical	mechanical_normalization	1	qianshanxuehuanuo
Qian209A	Qian209A	canonical	mechanical_normalization	1	qian209a
Qianhui104	Qianhui104	canonical	mechanical_normalization	1	qianhui104
Qianhui1385	Qianhui1385	canonical	mechanical_normalization	1	qianhui1385
Qianhui1388	Qianhui1388	canonical	mechanical_normalization	1	qianhui1388
Qianhui381	Qianhui381	canonical	mechanical_normalization	1	qianhui381
Qianhui489	Qianhui489	canonical	mechanical_normalization	1	qianhui489
Qianhui785	Qianhui785	canonical	mechanical_normalization	1	qianhui785
Qianjingxiangnuo66	Qianjingxiangnuo66	canonical	mechanical_normalization	1	qianjingxiangnuo66
Qianlima	Qianlima	canonical	mechanical_normalization	1	qianlima
Qiannuo1314	Qiannuo1314	canonical	mechanical_normalization	1	qiannuo1314
Qiannuo1A	Qiannuo1A	canonical	mechanical_normalization	1	qiannuo1a
Qiguizao25	Qiguizao25	canonical	mechanical_normalization	1	qiguizao25
Qiguizhan	Qiguizhan	canonical	mechanical_normalization	1	qiguizhan
Qilisimiao	Qilisimiao	canonical	mechanical_normalization	1	qilisimiao
Qimiaoxiang_2hao	Qimiaoxiang_2hao	canonical	mechanical_normalization	1	qimiaoxiang2hao
Qin Feng Ai	Qin Feng Ai	canonical	mechanical_normalization	1	qinfengai
Qing Lin 898	Qing Lin 898	canonical	mechanical_normalization	1	qinglin898
Qing Xiang Dao 17	Qing Xiang Dao 17	canonical	mechanical_normalization	1	qingxiangdao17
Qing Xiang Ruan Geng	Qing Xiang Ruan Geng	canonical	mechanical_normalization	1	qingxiangruangeng
QingA	QingA	canonical	mechanical_normalization	1	qinga
QingLiuAi	QingLiuAi	canonical	mechanical_normalization	1	qingliuai
Qing_7	Qing_7	canonical	mechanical_normalization	1	qing7
Qingfengai	Qingfengai	canonical	mechanical_normalization	1	qingfengai
Qingjiao 301	Qingjiao 301	canonical	mechanical_normalization	1	qingjiao301
Qingkong	Qingkong	canonical	mechanical_normalization	1	qingkong
Qingkouzinuo	Qingkouzinuo	canonical	mechanical_normalization	1	qingkouzinuo
QingLiuAi	Qingliuai	spelling_variant	mechanical_normalization	1	qingliuai
QingmazaoA	QingmazaoA	canonical	mechanical_normalization	1	qingmazaoa
Qingnongai	Qingnongai	canonical	mechanical_normalization	1	qingnongai
Qingsan61	Qingsan61	canonical	mechanical_normalization	1	qingsan61
Qingsiai16A	Qingsiai16A	canonical	mechanical_normalization	1	qingsiai16a
Qingsiai16B	Qingsiai16B	canonical	mechanical_normalization	1	qingsiai16b
Qingxiaojinzao	Qingxiaojinzao	canonical	mechanical_normalization	1	qingxiaojinzao
Qishanzhan	Qishanzhan	canonical	mechanical_normalization	1	qishanzhan
Qisiyinzhan	Qisiyinzhan	canonical	mechanical_normalization	1	qisiyinzhan
Qitougu	Qitougu	canonical	mechanical_normalization	1	qitougu
Qiutianxiaoding	Qiutianxiaoding	canonical	mechanical_normalization	1	qiutianxiaoding
Qiyunuo_10hao	Qiyunuo_10hao	canonical	mechanical_normalization	1	qiyunuo10hao
Quan5A	Quan5A	canonical	mechanical_normalization	1	quan5a
Quan9311A	Quan9311A	canonical	mechanical_normalization	1	quan9311a
QuanfengA	QuanfengA	canonical	mechanical_normalization	1	quanfenga
Quanhui039	Quanhui039	canonical	mechanical_normalization	1	quanhui039
Quanhui131	Quanhui131	canonical	mechanical_normalization	1	quanhui131
Quannuo669	Quannuo669	canonical	mechanical_normalization	1	quannuo669
Quanxiang19	Quanxiang19	canonical	mechanical_normalization	1	quanxiang19
Quanzhen10hao	Quanzhen10hao	canonical	mechanical_normalization	1	quanzhen10hao
Quinimpol	Quinimpol	canonical	mechanical_normalization	1	quinimpol
Qutube-n	Qutube-n	canonical	mechanical_normalization	1	qutuben
Qxiang1A	Qxiang1A	canonical	mechanical_normalization	1	qxiang1a
R 67	R 67	canonical	mechanical_normalization	1	r67
R 75	R 75	canonical	mechanical_normalization	1	r75
R-1	R-1	canonical	mechanical_normalization	1	r1
R-2	R-2	canonical	mechanical_normalization	1	r2
R-3	R-3	canonical	mechanical_normalization	1	r3
R-4	R-4	canonical	mechanical_normalization	1	r4
R-6	R-6	canonical	mechanical_normalization	1	r6
R-7	R-7	canonical	mechanical_normalization	1	r7
R-Zh	R-Zh	canonical	mechanical_normalization	1	rzh
R01	R01	canonical	mechanical_normalization	1	r01
R02	R02	canonical	mechanical_normalization	1	r02
R0293	R0293	canonical	mechanical_normalization	1	r0293
R03	R03	canonical	mechanical_normalization	1	r03
R04	R04	canonical	mechanical_normalization	1	r04
R05	R05	canonical	mechanical_normalization	1	r05
R05-1	R05-1	canonical	mechanical_normalization	1	r051
R06	R06	canonical	mechanical_normalization	1	r06
R092	R092	canonical	mechanical_normalization	1	r092
R10	R10	canonical	mechanical_normalization	1	r10
R1005	R1005	canonical	mechanical_normalization	1	r1005
R1008	R1008	canonical	mechanical_normalization	1	r1008
R1028	R1028	canonical	mechanical_normalization	1	r1028
R107	R107	canonical	mechanical_normalization	1	r107
R1078	R1078	canonical	mechanical_normalization	1	r1078
R1086	R1086	canonical	mechanical_normalization	1	r1086
R1106	R1106	canonical	mechanical_normalization	1	r1106
R1128	R1128	canonical	mechanical_normalization	1	r1128
R1141	R1141	canonical	mechanical_normalization	1	r1141
R1148	R1148	canonical	mechanical_normalization	1	r1148
R115	R115	canonical	mechanical_normalization	1	r115
R1152	R1152	canonical	mechanical_normalization	1	r1152
R117	R117	canonical	mechanical_normalization	1	r117
R1202	R1202	canonical	mechanical_normalization	1	r1202
R1222	R1222	canonical	mechanical_normalization	1	r1222
R128	R128	canonical	mechanical_normalization	1	r128
R1288	R1288	canonical	mechanical_normalization	1	r1288
R13	R13	canonical	mechanical_normalization	1	r13
R1318	R1318	canonical	mechanical_normalization	1	r1318
R143	R143	canonical	mechanical_normalization	1	r143
R1468	R1468	canonical	mechanical_normalization	1	r1468
R150	R150	canonical	mechanical_normalization	1	r150
R1511	R1511	canonical	mechanical_normalization	1	r1511
R1574	R1574	canonical	mechanical_normalization	1	r1574
R158	R158	canonical	mechanical_normalization	1	r158
R1586	R1586	canonical	mechanical_normalization	1	r1586
R162	R162	canonical	mechanical_normalization	1	r162
R163	R163	canonical	mechanical_normalization	1	r163
R171	R171	canonical	mechanical_normalization	1	r171
R1813	R1813	canonical	mechanical_normalization	1	r1813
R1826	R1826	canonical	mechanical_normalization	1	r1826
R183	R183	canonical	mechanical_normalization	1	r183
R187	R187	canonical	mechanical_normalization	1	r187
R191	R191	canonical	mechanical_normalization	1	r191
R1964	R1964	canonical	mechanical_normalization	1	r1964
R198	R198	canonical	mechanical_normalization	1	r198
R2010	R2010	canonical	mechanical_normalization	1	r2010
R205	R205	canonical	mechanical_normalization	1	r205
R207	R207	canonical	mechanical_normalization	1	r207
R210	R210	canonical	mechanical_normalization	1	r210
R2122	R2122	canonical	mechanical_normalization	1	r2122
R228	R228	canonical	mechanical_normalization	1	r228
R2329	R2329	canonical	mechanical_normalization	1	r2329
R238	R238	canonical	mechanical_normalization	1	r238
R2618	R2618	canonical	mechanical_normalization	1	r2618
R273	R273	canonical	mechanical_normalization	1	r273
R28	R28	canonical	mechanical_normalization	1	r28
R287	R287	canonical	mechanical_normalization	1	r287
R29	R29	canonical	mechanical_normalization	1	r29
R293	R293	canonical	mechanical_normalization	1	r293
R298	R298	canonical	mechanical_normalization	1	r298
R306	R306	canonical	mechanical_normalization	1	r306
R319	R319	canonical	mechanical_normalization	1	r319
R320	R320	canonical	mechanical_normalization	1	r320
R3248	R3248	canonical	mechanical_normalization	1	r3248
R325	R325	canonical	mechanical_normalization	1	r325
R3301	R3301	canonical	mechanical_normalization	1	r3301
R344	R344	canonical	mechanical_normalization	1	r344
R361	R361	canonical	mechanical_normalization	1	r361
R362	R362	canonical	mechanical_normalization	1	r362
R363	R363	canonical	mechanical_normalization	1	r363
R366	R366	canonical	mechanical_normalization	1	r366
R3700	R3700	canonical	mechanical_normalization	1	r3700
R402	R402	canonical	mechanical_normalization	1	r402
R456	R456	canonical	mechanical_normalization	1	r456
R458	R458	canonical	mechanical_normalization	1	r458
R476	R476	canonical	mechanical_normalization	1	r476
R501	R501	canonical	mechanical_normalization	1	r501
R507	R507	canonical	mechanical_normalization	1	r507
R508	R508	canonical	mechanical_normalization	1	r508
R5128	R5128	canonical	mechanical_normalization	1	r5128
R518	R518	canonical	mechanical_normalization	1	r518
R5240	R5240	canonical	mechanical_normalization	1	r5240
R5431	R5431	canonical	mechanical_normalization	1	r5431
R573	R573	canonical	mechanical_normalization	1	r573
R583	R583	canonical	mechanical_normalization	1	r583
R-6	R6	spelling_variant	mechanical_normalization	1	r6
R60	R60	canonical	mechanical_normalization	1	r60
R608	R608	canonical	mechanical_normalization	1	r608
R6135	R6135	canonical	mechanical_normalization	1	r6135
R618	R618	canonical	mechanical_normalization	1	r618
R644	R644	canonical	mechanical_normalization	1	r644
R65	R65	canonical	mechanical_normalization	1	r65
R6547	R6547	canonical	mechanical_normalization	1	r6547
R66	R66	canonical	mechanical_normalization	1	r66
R682	R682	canonical	mechanical_normalization	1	r682
R687	R687	canonical	mechanical_normalization	1	r687
R7-2	R7-2	canonical	mechanical_normalization	1	r72
R706	R706	canonical	mechanical_normalization	1	r706
R713	R713	canonical	mechanical_normalization	1	r713
R727	R727	canonical	mechanical_normalization	1	r727
R752	R752	canonical	mechanical_normalization	1	r752
R776	R776	canonical	mechanical_normalization	1	r776
R78	R78	canonical	mechanical_normalization	1	r78
R8006	R8006	canonical	mechanical_normalization	1	r8006
R8007	R8007	canonical	mechanical_normalization	1	r8007
R8117	R8117	canonical	mechanical_normalization	1	r8117
R8387	R8387	canonical	mechanical_normalization	1	r8387
R865	R865	canonical	mechanical_normalization	1	r865
R88-1	R88-1	canonical	mechanical_normalization	1	r881
R88-2	R88-2	canonical	mechanical_normalization	1	r882
R898	R898	canonical	mechanical_normalization	1	r898
R90	R90	canonical	mechanical_normalization	1	r90
R901	R901	canonical	mechanical_normalization	1	r901
R9194	R9194	canonical	mechanical_normalization	1	r9194
R93-11	R93-11	canonical	mechanical_normalization	1	r9311
R947	R947	canonical	mechanical_normalization	1	r947
R9516	R9516	canonical	mechanical_normalization	1	r9516
R9519	R9519	canonical	mechanical_normalization	1	r9519
R963	R963	canonical	mechanical_normalization	1	r963
R980	R980	canonical	mechanical_normalization	1	r980
R987	R987	canonical	mechanical_normalization	1	r987
R991	R991	canonical	mechanical_normalization	1	r991
R9918	R9918	canonical	mechanical_normalization	1	r9918
R996	R996	canonical	mechanical_normalization	1	r996
RAJ MUNDO::IRGC 87010-1	RAJ MUNDO::IRGC 87010-1	canonical	mechanical_normalization	1	rajmundoirgc870101
RAYADA::IRGC 117283-4	RAYADA::IRGC 117283-4	canonical	mechanical_normalization	1	rayadairgc1172834
RB_Bulk	RB_Bulk	canonical	mechanical_normalization	1	rbbulk
RC-251	RC-251	canonical	mechanical_normalization	1	rc251
RD 218	RD 218	canonical	mechanical_normalization	1	rd218
REIMEI	REIMEI	canonical	mechanical_normalization	1	reimei
RH78-1	RH78-1	canonical	mechanical_normalization	1	rh781
RH78-3	RH78-3	canonical	mechanical_normalization	1	rh783
RIKUTO NORIN 21	RIKUTO NORIN 21	canonical	mechanical_normalization	1	rikutonorin21
RIKUU 20-1	RIKUU 20-1	canonical	mechanical_normalization	1	rikuu201
RNR-15048	RNR-15048	canonical	mechanical_normalization	1	rnr15048
RODJOLELE	RODJOLELE	canonical	mechanical_normalization	1	rodjolele
ROR22	ROR22	canonical	mechanical_normalization	1	ror22
RP2151-173-1-8	RP2151-173-1-8	canonical	mechanical_normalization	1	rp215117318
RT61	RT61	canonical	mechanical_normalization	1	rt61
Ragarasu	Ragarasu	canonical	mechanical_normalization	1	ragarasu
Ragasu	Ragasu	canonical	mechanical_normalization	1	ragasu
Rathuwee	Rathuwee	canonical	mechanical_normalization	1	rathuwee
Rato Basmati	Rato Basmati	canonical	mechanical_normalization	1	ratobasmati
Rebo	Rebo	canonical	mechanical_normalization	1	rebo
Red	Red	canonical	mechanical_normalization	1	red
Red Khosha Cerma	Red Khosha Cerma	canonical	mechanical_normalization	1	redkhoshacerma
Red glutinous 1	Red glutinous 1	canonical	mechanical_normalization	1	redglutinous1
Red rice 1	Red rice 1	canonical	mechanical_normalization	1	redrice1
Red42	Red42	canonical	mechanical_normalization	1	red42
Ribenqianlisui	Ribenqianlisui	canonical	mechanical_normalization	1	ribenqianlisui
Ribenzhan	Ribenzhan	canonical	mechanical_normalization	1	ribenzhan
Ribenzhong	Ribenzhong	canonical	mechanical_normalization	1	ribenzhong
Romeno	Romeno	canonical	mechanical_normalization	1	romeno
Ronaldo	Ronaldo	canonical	mechanical_normalization	1	ronaldo
Rong18A	Rong18A	canonical	mechanical_normalization	1	rong18a
RongfengA	RongfengA	canonical	mechanical_normalization	1	rongfenga
Ronghui906	Ronghui906	canonical	mechanical_normalization	1	ronghui906
Rosemont	Rosemont	canonical	mechanical_normalization	1	rosemont
Rouge rice	Rouge rice	canonical	mechanical_normalization	1	rougerice
RuanhuaA	RuanhuaA	canonical	mechanical_normalization	1	ruanhuaa
Ruanyuzhongke	Ruanyuzhongke	canonical	mechanical_normalization	1	ruanyuzhongke
Run Nong 6372	Run Nong 6372	canonical	mechanical_normalization	1	runnong6372
Run Nong Xiang Nuo	Run Nong Xiang Nuo	canonical	mechanical_normalization	1	runnongxiangnuo
Runzhu537	Runzhu537	canonical	mechanical_normalization	1	runzhu537
Ryongcheon 1	Ryongcheon 1	canonical	mechanical_normalization	1	ryongcheon1
Ryongpo 1	Ryongpo 1	canonical	mechanical_normalization	1	ryongpo1
Ryongpo 2	Ryongpo 2	canonical	mechanical_normalization	1	ryongpo2
Ryongpo 3	Ryongpo 3	canonical	mechanical_normalization	1	ryongpo3
S Pool	S Pool	canonical	mechanical_normalization	1	spool
S-201	S-201	canonical	mechanical_normalization	1	s201
S112xuan	S112xuan	canonical	mechanical_normalization	1	s112xuan
S2876-S1-39-1-3	S2876-S1-39-1-3	canonical	mechanical_normalization	1	s2876s13913
SA41-SARI	SA41-SARI	canonical	mechanical_normalization	1	sa41sari
SA60-SARI	SA60-SARI	canonical	mechanical_normalization	1	sa60sari
SA7-SARI	SA7-SARI	canonical	mechanical_normalization	1	sa7sari
SAGC179	SAGC179	canonical	mechanical_normalization	1	sagc179
SAGC180	SAGC180	canonical	mechanical_normalization	1	sagc180
SAGC42	SAGC42	canonical	mechanical_normalization	1	sagc42
SAGC80	SAGC80	canonical	mechanical_normalization	1	sagc80
SAGCLZ-002	SAGCLZ-002	canonical	mechanical_normalization	1	sagclz002
SAGCLZ-003	SAGCLZ-003	canonical	mechanical_normalization	1	sagclz003
SAGCLZ-004	SAGCLZ-004	canonical	mechanical_normalization	1	sagclz004
SAGCLZ-005	SAGCLZ-005	canonical	mechanical_normalization	1	sagclz005
SAGCLZ-006	SAGCLZ-006	canonical	mechanical_normalization	1	sagclz006
SAGCLZ-007	SAGCLZ-007	canonical	mechanical_normalization	1	sagclz007
SAGCLZ-008	SAGCLZ-008	canonical	mechanical_normalization	1	sagclz008
SAGCLZ-009	SAGCLZ-009	canonical	mechanical_normalization	1	sagclz009
SAGCLZ-010	SAGCLZ-010	canonical	mechanical_normalization	1	sagclz010
SAGCLZ-011	SAGCLZ-011	canonical	mechanical_normalization	1	sagclz011
SAGCLZ-012	SAGCLZ-012	canonical	mechanical_normalization	1	sagclz012
SAGCLZ-013	SAGCLZ-013	canonical	mechanical_normalization	1	sagclz013
SAGCLZ-014	SAGCLZ-014	canonical	mechanical_normalization	1	sagclz014
SAGCLZ-015	SAGCLZ-015	canonical	mechanical_normalization	1	sagclz015
SAGCLZ-016	SAGCLZ-016	canonical	mechanical_normalization	1	sagclz016
SAGCLZ-017	SAGCLZ-017	canonical	mechanical_normalization	1	sagclz017
SAGCLZ-019	SAGCLZ-019	canonical	mechanical_normalization	1	sagclz019
SAGCLZ-020	SAGCLZ-020	canonical	mechanical_normalization	1	sagclz020
SAGCLZ-021	SAGCLZ-021	canonical	mechanical_normalization	1	sagclz021
SAGCLZ-022	SAGCLZ-022	canonical	mechanical_normalization	1	sagclz022
SAGCLZ-023	SAGCLZ-023	canonical	mechanical_normalization	1	sagclz023
SAGCLZ-024	SAGCLZ-024	canonical	mechanical_normalization	1	sagclz024
SAGCLZ-025	SAGCLZ-025	canonical	mechanical_normalization	1	sagclz025
SAGCLZ-026	SAGCLZ-026	canonical	mechanical_normalization	1	sagclz026
SAGCLZ-027	SAGCLZ-027	canonical	mechanical_normalization	1	sagclz027
SAGCLZ-028	SAGCLZ-028	canonical	mechanical_normalization	1	sagclz028
SAGCLZ-029	SAGCLZ-029	canonical	mechanical_normalization	1	sagclz029
SAGCLZ-030	SAGCLZ-030	canonical	mechanical_normalization	1	sagclz030
SAGCLZ-031	SAGCLZ-031	canonical	mechanical_normalization	1	sagclz031
SAGCLZ-032	SAGCLZ-032	canonical	mechanical_normalization	1	sagclz032
SAGCLZ-033	SAGCLZ-033	canonical	mechanical_normalization	1	sagclz033
SAGCLZ-034	SAGCLZ-034	canonical	mechanical_normalization	1	sagclz034
SAGCLZ-035	SAGCLZ-035	canonical	mechanical_normalization	1	sagclz035
SAGCLZ-036	SAGCLZ-036	canonical	mechanical_normalization	1	sagclz036
SAGCLZ-037	SAGCLZ-037	canonical	mechanical_normalization	1	sagclz037
SAGCLZ-038	SAGCLZ-038	canonical	mechanical_normalization	1	sagclz038
SAGCLZ-039	SAGCLZ-039	canonical	mechanical_normalization	1	sagclz039
SAGCLZ-040	SAGCLZ-040	canonical	mechanical_normalization	1	sagclz040
SAGCLZ-041	SAGCLZ-041	canonical	mechanical_normalization	1	sagclz041
SAGCLZ-042	SAGCLZ-042	canonical	mechanical_normalization	1	sagclz042
SAGCLZ-043	SAGCLZ-043	canonical	mechanical_normalization	1	sagclz043
SAGCLZ-044	SAGCLZ-044	canonical	mechanical_normalization	1	sagclz044
SAGCLZ-045	SAGCLZ-045	canonical	mechanical_normalization	1	sagclz045
SAGCLZ-046	SAGCLZ-046	canonical	mechanical_normalization	1	sagclz046
SAGCLZ-047	SAGCLZ-047	canonical	mechanical_normalization	1	sagclz047
SAGCLZ-048	SAGCLZ-048	canonical	mechanical_normalization	1	sagclz048
SAGCLZ-049	SAGCLZ-049	canonical	mechanical_normalization	1	sagclz049
SAGCLZ-052	SAGCLZ-052	canonical	mechanical_normalization	1	sagclz052
SAGCLZ-053	SAGCLZ-053	canonical	mechanical_normalization	1	sagclz053
SAGCLZ-054	SAGCLZ-054	canonical	mechanical_normalization	1	sagclz054
SAGCLZ-055	SAGCLZ-055	canonical	mechanical_normalization	1	sagclz055
SAGCLZ-056	SAGCLZ-056	canonical	mechanical_normalization	1	sagclz056
SAGCLZ-057	SAGCLZ-057	canonical	mechanical_normalization	1	sagclz057
SAGCLZ-058	SAGCLZ-058	canonical	mechanical_normalization	1	sagclz058
SAGCLZ-059	SAGCLZ-059	canonical	mechanical_normalization	1	sagclz059
SAGCLZ-060	SAGCLZ-060	canonical	mechanical_normalization	1	sagclz060
SAGCLZ-061	SAGCLZ-061	canonical	mechanical_normalization	1	sagclz061
SAGCLZ-062	SAGCLZ-062	canonical	mechanical_normalization	1	sagclz062
SAGCLZ-063	SAGCLZ-063	canonical	mechanical_normalization	1	sagclz063
SAGCLZ-064	SAGCLZ-064	canonical	mechanical_normalization	1	sagclz064
SAGCLZ-065	SAGCLZ-065	canonical	mechanical_normalization	1	sagclz065
SAGCLZ-066	SAGCLZ-066	canonical	mechanical_normalization	1	sagclz066
SAGCLZ-067	SAGCLZ-067	canonical	mechanical_normalization	1	sagclz067
SAGCLZ-068	SAGCLZ-068	canonical	mechanical_normalization	1	sagclz068
SAGCLZ-069	SAGCLZ-069	canonical	mechanical_normalization	1	sagclz069
SAGCLZ-070	SAGCLZ-070	canonical	mechanical_normalization	1	sagclz070
SAGCLZ-071	SAGCLZ-071	canonical	mechanical_normalization	1	sagclz071
SAGCLZ-072	SAGCLZ-072	canonical	mechanical_normalization	1	sagclz072
SAGCLZ-073	SAGCLZ-073	canonical	mechanical_normalization	1	sagclz073
SAGCLZ-074	SAGCLZ-074	canonical	mechanical_normalization	1	sagclz074
SAGCLZ-075	SAGCLZ-075	canonical	mechanical_normalization	1	sagclz075
SAGCLZ-076	SAGCLZ-076	canonical	mechanical_normalization	1	sagclz076
SAGCLZ-077	SAGCLZ-077	canonical	mechanical_normalization	1	sagclz077
SAGCLZ-078	SAGCLZ-078	canonical	mechanical_normalization	1	sagclz078
SAGCLZ-079	SAGCLZ-079	canonical	mechanical_normalization	1	sagclz079
SAGCLZ-080	SAGCLZ-080	canonical	mechanical_normalization	1	sagclz080
SAGCLZ-081	SAGCLZ-081	canonical	mechanical_normalization	1	sagclz081
SAGCLZ-082	SAGCLZ-082	canonical	mechanical_normalization	1	sagclz082
SAGCLZ-083	SAGCLZ-083	canonical	mechanical_normalization	1	sagclz083
SAGCLZ-084	SAGCLZ-084	canonical	mechanical_normalization	1	sagclz084
SAGCLZ-085	SAGCLZ-085	canonical	mechanical_normalization	1	sagclz085
SAGCLZ-086	SAGCLZ-086	canonical	mechanical_normalization	1	sagclz086
SAGCLZ-087	SAGCLZ-087	canonical	mechanical_normalization	1	sagclz087
SAGCLZ-088	SAGCLZ-088	canonical	mechanical_normalization	1	sagclz088
SAGCLZ-089	SAGCLZ-089	canonical	mechanical_normalization	1	sagclz089
SAGCLZ-090	SAGCLZ-090	canonical	mechanical_normalization	1	sagclz090
SAGCLZ-091	SAGCLZ-091	canonical	mechanical_normalization	1	sagclz091
SAGCLZ-092	SAGCLZ-092	canonical	mechanical_normalization	1	sagclz092
SAGCLZ-093	SAGCLZ-093	canonical	mechanical_normalization	1	sagclz093
SAGCLZ-094	SAGCLZ-094	canonical	mechanical_normalization	1	sagclz094
SAGCLZ-095	SAGCLZ-095	canonical	mechanical_normalization	1	sagclz095
SAGCLZ-096	SAGCLZ-096	canonical	mechanical_normalization	1	sagclz096
SAGCLZ-097	SAGCLZ-097	canonical	mechanical_normalization	1	sagclz097
SAGCLZ-098	SAGCLZ-098	canonical	mechanical_normalization	1	sagclz098
SAGCLZ-099	SAGCLZ-099	canonical	mechanical_normalization	1	sagclz099
SAGCLZ-100	SAGCLZ-100	canonical	mechanical_normalization	1	sagclz100
SAGCLZ-101	SAGCLZ-101	canonical	mechanical_normalization	1	sagclz101
SAGCLZ-102	SAGCLZ-102	canonical	mechanical_normalization	1	sagclz102
SAGCLZ-103	SAGCLZ-103	canonical	mechanical_normalization	1	sagclz103
SAGCLZ-104	SAGCLZ-104	canonical	mechanical_normalization	1	sagclz104
SAGCLZ-105	SAGCLZ-105	canonical	mechanical_normalization	1	sagclz105
SAGCLZ-106	SAGCLZ-106	canonical	mechanical_normalization	1	sagclz106
SAGCLZ-107	SAGCLZ-107	canonical	mechanical_normalization	1	sagclz107
SAGCLZ-108	SAGCLZ-108	canonical	mechanical_normalization	1	sagclz108
SAGCLZ-109	SAGCLZ-109	canonical	mechanical_normalization	1	sagclz109
SAGCLZ-110	SAGCLZ-110	canonical	mechanical_normalization	1	sagclz110
SAGCLZ-111	SAGCLZ-111	canonical	mechanical_normalization	1	sagclz111
SAGCLZ-112	SAGCLZ-112	canonical	mechanical_normalization	1	sagclz112
SAGCLZ-113	SAGCLZ-113	canonical	mechanical_normalization	1	sagclz113
SAGCLZ-114	SAGCLZ-114	canonical	mechanical_normalization	1	sagclz114
SAGCLZ-115	SAGCLZ-115	canonical	mechanical_normalization	1	sagclz115
SAGCLZ-116	SAGCLZ-116	canonical	mechanical_normalization	1	sagclz116
SAGCX054	SAGCX054	canonical	mechanical_normalization	1	sagcx054
SAMIN0000071-indica	SAMIN0000071-indica	canonical	mechanical_normalization	1	samin0000071indica
SANHUANGZHAN NO 2::IRGC 117277-2	SANHUANGZHAN NO 2::IRGC 117277-2	canonical	mechanical_normalization	1	sanhuangzhanno2irgc1172772
SB_Bulk	SB_Bulk	canonical	mechanical_normalization	1	sbbulk
SE21S	SE21S	canonical	mechanical_normalization	1	se21s
SEKIYAMA 1	SEKIYAMA 1	canonical	mechanical_normalization	1	sekiyama1
SEKIYAMA 4	SEKIYAMA 4	canonical	mechanical_normalization	1	sekiyama4
SH	SH	canonical	mechanical_normalization	1	sh
SH189	SH189	canonical	mechanical_normalization	1	sh189
SHIMIZU MOCHI	SHIMIZU MOCHI	canonical	mechanical_normalization	1	shimizumochi
SHIN ISHIJIRO	SHIN ISHIJIRO	canonical	mechanical_normalization	1	shinishijiro
SHN1	SHN1	canonical	mechanical_normalization	1	shn1
SHONI::IRGC 25922-1	SHONI::IRGC 25922-1	canonical	mechanical_normalization	1	shoniirgc259221
SIKAMO	SIKAMO	canonical	mechanical_normalization	1	sikamo
SL 22-620	SL 22-620	canonical	mechanical_normalization	1	sl22620
SML 81B	SML 81B	canonical	mechanical_normalization	1	sml81b
SOA MUKHI::IRGC 35158-1	SOA MUKHI::IRGC 35158-1	canonical	mechanical_normalization	1	soamukhiirgc351581
SOC NAU	SOC NAU	canonical	mechanical_normalization	1	socnau
SORNAVARI	SORNAVARI	canonical	mechanical_normalization	1	sornavari
SPREAD	SPREAD	canonical	mechanical_normalization	1	spread
SR23364-128-1835-1-HV-1-1	SR23364-128-1835-1-HV-1-1	canonical	mechanical_normalization	1	sr2336412818351hv11
SR34053(#5-52)-1-4-2-10-1-2	SR34053(#5-52)-1-4-2-10-1-2	canonical	mechanical_normalization	1	sr340531421012
SR34054-1-21-2-1-1-3	SR34054-1-21-2-1-1-3	canonical	mechanical_normalization	1	sr340541212113
SR34590-HB3433-5-1-1	SR34590-HB3433-5-1-1	canonical	mechanical_normalization	1	sr34590hb3433511
SR34599-8B3440-222-1	SR34599-8B3440-222-1	canonical	mechanical_normalization	1	sr345998b34402221
SR35250-1-17-2-2	SR35250-1-17-2-2	canonical	mechanical_normalization	1	sr3525011722
SR35250-1-23-2-1	SR35250-1-23-2-1	canonical	mechanical_normalization	1	sr3525012321
SR35250-2-16-1-2	SR35250-2-16-1-2	canonical	mechanical_normalization	1	sr3525021612
SR35250-2-16-1-2	SR35250-2-16-1-2(2)	spelling_variant	mechanical_normalization	1	sr3525021612
SR35250-2-19-1-2	SR35250-2-19-1-2	canonical	mechanical_normalization	1	sr3525021912
SR35250-2-19-3-1	SR35250-2-19-3-1	canonical	mechanical_normalization	1	sr3525021931
SR35266-2-11-1-1-1	SR35266-2-11-1-1-1	canonical	mechanical_normalization	1	sr35266211111
SR35266-2-12-1-1	SR35266-2-12-1-1	canonical	mechanical_normalization	1	sr3526621211
SR35266-2-12-2-1	SR35266-2-12-2-1	canonical	mechanical_normalization	1	sr3526621221
SR35266-2-12-4-1	SR35266-2-12-4-1	canonical	mechanical_normalization	1	sr3526621241
SR35266-2-16-1-1	SR35266-2-16-1-1	canonical	mechanical_normalization	1	sr3526621611
SR35266-2-18-2-1	SR35266-2-18-2-1	canonical	mechanical_normalization	1	sr3526621821
SR35266-2-7-2-1	SR35266-2-7-2-1	canonical	mechanical_normalization	1	sr352662721
SRA2-1	SRA2-1	canonical	mechanical_normalization	1	sra21
SUGAIPPON	SUGAIPPON	canonical	mechanical_normalization	1	sugaippon
SWARNA::IRGC 117278-3	SWARNA::IRGC 117278-3	canonical	mechanical_normalization	1	swarnairgc1172783
Saber	Saber	canonical	mechanical_normalization	1	saber
Sada Boro::G1-1	Sada Boro::G1-1	canonical	mechanical_normalization	1	sadaborog11
Sadocho	Sadocho	canonical	mechanical_normalization	1	sadocho
Saegyehwa	Saegyehwa	canonical	mechanical_normalization	1	saegyehwa
Saegyejinmi	Saegyejinmi	canonical	mechanical_normalization	1	saegyejinmi
Saenuri	Saenuri	canonical	mechanical_normalization	1	saenuri
Safut Khosha	Safut Khosha	canonical	mechanical_normalization	1	safutkhosha
Sahbhagi Dhan	Sahbhagi Dhan	canonical	mechanical_normalization	1	sahbhagidhan
Salt tolerance rice	Salt tolerance rice	canonical	mechanical_normalization	1	salttolerancerice
Sambaegbyeo	Sambaegbyeo	canonical	mechanical_normalization	1	sambaegbyeo
Samcheonbyeo	Samcheonbyeo	canonical	mechanical_normalization	1	samcheonbyeo
Samgyungjo	Samgyungjo	canonical	mechanical_normalization	1	samgyungjo
Samnam	Samnam	canonical	mechanical_normalization	1	samnam
San Jiang 6	San Jiang 6	canonical	mechanical_normalization	1	sanjiang6
San Yuan 93	San Yuan 93	canonical	mechanical_normalization	1	sanyuan93
Sanbaili	Sanbaili	canonical	mechanical_normalization	1	sanbaili
Sanbyeo	Sanbyeo	canonical	mechanical_normalization	1	sanbyeo
Sancheong10-1	Sancheong10-1	canonical	mechanical_normalization	1	sancheong101
Sandadagido	Sandadagido	canonical	mechanical_normalization	1	sandadagido
Sando	Sando	canonical	mechanical_normalization	1	sando
Sandudo	Sandudo	canonical	mechanical_normalization	1	sandudo
Sandumebyeo	Sandumebyeo	canonical	mechanical_normalization	1	sandumebyeo
Sangdo	Sangdo	canonical	mechanical_normalization	1	sangdo
Sangju 48	Sangju 48	canonical	mechanical_normalization	1	sangju48
Sangmi	Sangmi	canonical	mechanical_normalization	1	sangmi
Sangnambatbyeo	Sangnambatbyeo	canonical	mechanical_normalization	1	sangnambatbyeo
Santhi 990	Santhi 990	canonical	mechanical_normalization	1	santhi990
Sapundali Local	Sapundali Local	canonical	mechanical_normalization	1	sapundalilocal
Saraya	Saraya	canonical	mechanical_normalization	1	saraya
Sareh90-1-B	Sareh90-1-B	canonical	mechanical_normalization	1	sareh901b
Sareh97-1	Sareh97-1	canonical	mechanical_normalization	1	sareh971
Sasanishiki	Sasanishiki	canonical	mechanical_normalization	1	sasanishiki
Secano do Brazil	Secano do Brazil	canonical	mechanical_normalization	1	secanodobrazil
Seeragasamba	Seeragasamba	canonical	mechanical_normalization	1	seeragasamba
Sel. No. 388	Sel. No. 388	canonical	mechanical_normalization	1	selno388
Seneman	Seneman	canonical	mechanical_normalization	1	seneman
Seoan 1	Seoan 1	canonical	mechanical_normalization	1	seoan1
Seogan	Seogan	canonical	mechanical_normalization	1	seogan
Seogandodo	Seogandodo	canonical	mechanical_normalization	1	seogandodo
Seoheung 1	Seoheung 1	canonical	mechanical_normalization	1	seoheung1
Seojinbyeo	Seojinbyeo	canonical	mechanical_normalization	1	seojinbyeo
Seoksanjo	Seoksanjo	canonical	mechanical_normalization	1	seoksanjo
Seoktap1	Seoktap1	canonical	mechanical_normalization	1	seoktap1
Seoktap10	Seoktap10	canonical	mechanical_normalization	1	seoktap10
Seoktap11	Seoktap11	canonical	mechanical_normalization	1	seoktap11
Seoktap2	Seoktap2	canonical	mechanical_normalization	1	seoktap2
Seoktap3	Seoktap3	canonical	mechanical_normalization	1	seoktap3
Seoktap4	Seoktap4	canonical	mechanical_normalization	1	seoktap4
Seoktap5	Seoktap5	canonical	mechanical_normalization	1	seoktap5
Seoktap6	Seoktap6	canonical	mechanical_normalization	1	seoktap6
Seoktap7	Seoktap7	canonical	mechanical_normalization	1	seoktap7
Seoktap8	Seoktap8	canonical	mechanical_normalization	1	seoktap8
Seoktap9	Seoktap9	canonical	mechanical_normalization	1	seoktap9
Seolakbyeo	Seolakbyeo	canonical	mechanical_normalization	1	seolakbyeo
Seomjin	Seomjin	canonical	mechanical_normalization	1	seomjin
Seondal	Seondal	canonical	mechanical_normalization	1	seondal
Seonseo	Seonseo	canonical	mechanical_normalization	1	seonseo
Sepu1	Sepu1	canonical	mechanical_normalization	1	sepu1
Sepu10	Sepu10	canonical	mechanical_normalization	1	sepu10
Sepu11	Sepu11	canonical	mechanical_normalization	1	sepu11
Sepu12	Sepu12	canonical	mechanical_normalization	1	sepu12
Sepu2	Sepu2	canonical	mechanical_normalization	1	sepu2
Sepu3	Sepu3	canonical	mechanical_normalization	1	sepu3
Sepu4	Sepu4	canonical	mechanical_normalization	1	sepu4
Sepu5	Sepu5	canonical	mechanical_normalization	1	sepu5
Sepu6	Sepu6	canonical	mechanical_normalization	1	sepu6
Sepu7	Sepu7	canonical	mechanical_normalization	1	sepu7
Sepu8	Sepu8	canonical	mechanical_normalization	1	sepu8
Sepu9	Sepu9	canonical	mechanical_normalization	1	sepu9
Sereno	Sereno	canonical	mechanical_normalization	1	sereno
Shang Shi Da 19	Shang Shi Da 19	canonical	mechanical_normalization	1	shangshida19
Shanhui287	Shanhui287	canonical	mechanical_normalization	1	shanhui287
Shanhui8281	Shanhui8281	canonical	mechanical_normalization	1	shanhui8281
Shanyou63	Shanyou63	canonical	mechanical_normalization	1	shanyou63
Shaonuo20-240	Shaonuo20-240	canonical	mechanical_normalization	1	shaonuo20240
Shaonuo9714	Shaonuo9714	canonical	mechanical_normalization	1	shaonuo9714
Shen 95B	Shen 95B	canonical	mechanical_normalization	1	shen95b
Shen08S	Shen08S	canonical	mechanical_normalization	1	shen08s
Shen97A	Shen97A	canonical	mechanical_normalization	1	shen97a
Shen9A	Shen9A	canonical	mechanical_normalization	1	shen9a
Sheng Dao 1722	Sheng Dao 1722	canonical	mechanical_normalization	1	shengdao1722
Shengbasimiao	Shengbasimiao	canonical	mechanical_normalization	1	shengbasimiao
Shengdao_14	Shengdao_14	canonical	mechanical_normalization	1	shengdao14
ShengtaiA	ShengtaiA	canonical	mechanical_normalization	1	shengtaia
Shengtangqing	Shengtangqing	canonical	mechanical_normalization	1	shengtangqing
Shengyou2hao	Shengyou2hao	canonical	mechanical_normalization	1	shengyou2hao
Shengyou2hao	Shengyou_2hao	spelling_variant	mechanical_normalization	1	shengyou2hao
Shenlenuo	Shenlenuo	canonical	mechanical_normalization	1	shenlenuo
Shennong 265	Shennong 265	canonical	mechanical_normalization	1	shennong265
Shennong2A	Shennong2A	canonical	mechanical_normalization	1	shennong2a
Shennong2A-Q2A	Shennong2A-Q2A	canonical	mechanical_normalization	1	shennong2aq2a
Shennong4A-Q4A	Shennong4A-Q4A	canonical	mechanical_normalization	1	shennong4aq4a
Shenqi	Shenqi	canonical	mechanical_normalization	1	shenqi
Shentai_B	Shentai_B	canonical	mechanical_normalization	1	shentaib
Shenzhounuo2	Shenzhounuo2	canonical	mechanical_normalization	1	shenzhounuo2
Sherpa	Sherpa	canonical	mechanical_normalization	1	sherpa
Shiji137	Shiji137	canonical	mechanical_normalization	1	shiji137
ShijinB	ShijinB	canonical	mechanical_normalization	1	shijinb
Shilixiang	Shilixiang	canonical	mechanical_normalization	1	shilixiang
Shimahikari	Shimahikari	canonical	mechanical_normalization	1	shimahikari
Shiming	Shiming	canonical	mechanical_normalization	1	shiming
Shimla Early	Shimla Early	canonical	mechanical_normalization	1	shimlaearly
Shinchiku-iku 103	Shinchiku-iku 103	canonical	mechanical_normalization	1	shinchikuiku103
Shinei	Shinei	canonical	mechanical_normalization	1	shinei
Shipigu	Shipigu	canonical	mechanical_normalization	1	shipigu
Shishoubaimao	Shishoubaimao	canonical	mechanical_normalization	1	shishoubaimao
Shiyuenuo	Shiyuenuo	canonical	mechanical_normalization	1	shiyuenuo
Shu21A	Shu21A	canonical	mechanical_normalization	1	shu21a
Shu28A	Shu28A	canonical	mechanical_normalization	1	shu28a
Shu8A	Shu8A	canonical	mechanical_normalization	1	shu8a
Shu9A	Shu9A	canonical	mechanical_normalization	1	shu9a
Shuainuo	Shuainuo	canonical	mechanical_normalization	1	shuainuo
Shuang Qin 810	Shuang Qin 810	canonical	mechanical_normalization	1	shuangqin810
Shuangguai	Shuangguai	canonical	mechanical_normalization	1	shuangguai
Shuanggui1hao	Shuanggui1hao	canonical	mechanical_normalization	1	shuanggui1hao
Shuanggui36	Shuanggui36	canonical	mechanical_normalization	1	shuanggui36
ShuangqingA	ShuangqingA	canonical	mechanical_normalization	1	shuangqinga
Shuhui137	Shuhui137	canonical	mechanical_normalization	1	shuhui137
Shuhui162	Shuhui162	canonical	mechanical_normalization	1	shuhui162
Shuhui203	Shuhui203	canonical	mechanical_normalization	1	shuhui203
Shuhui204	Shuhui204	canonical	mechanical_normalization	1	shuhui204
Shuhui257	Shuhui257	canonical	mechanical_normalization	1	shuhui257
Shuhui288	Shuhui288	canonical	mechanical_normalization	1	shuhui288
Shuhui361	Shuhui361	canonical	mechanical_normalization	1	shuhui361
Shuhui362	Shuhui362	canonical	mechanical_normalization	1	shuhui362
Shuhui538	Shuhui538	canonical	mechanical_normalization	1	shuhui538
Shuhui600	Shuhui600	canonical	mechanical_normalization	1	shuhui600
Shuhui881	Shuhui881	canonical	mechanical_normalization	1	shuhui881
Shui Ya Jien	Shui Ya Jien	canonical	mechanical_normalization	1	shuiyajien
Shuiyuan 55	Shuiyuan 55	canonical	mechanical_normalization	1	shuiyuan55
Shuiyuan317	Shuiyuan317	canonical	mechanical_normalization	1	shuiyuan317
Si Adulo	Si Adulo	canonical	mechanical_normalization	1	siadulo
Si Dao 21 Hao	Si Dao 21 Hao	canonical	mechanical_normalization	1	sidao21hao
Si Zhen 7	Si Zhen 7	canonical	mechanical_normalization	1	sizhen7
Sidao8	Sidao8	canonical	mechanical_normalization	1	sidao8
Siev khaw	Siev khaw	canonical	mechanical_normalization	1	sievkhaw
Sihao_4029	Sihao_4029	canonical	mechanical_normalization	1	sihao4029
Sihao_4031	Sihao_4031	canonical	mechanical_normalization	1	sihao4031
Sihao_4040	Sihao_4040	canonical	mechanical_normalization	1	sihao4040
Sihao_4041	Sihao_4041	canonical	mechanical_normalization	1	sihao4041
Sihao_4081	Sihao_4081	canonical	mechanical_normalization	1	sihao4081
Sihao_4082	Sihao_4082	canonical	mechanical_normalization	1	sihao4082
Sihao_4141	Sihao_4141	canonical	mechanical_normalization	1	sihao4141
Sihao_4259	Sihao_4259	canonical	mechanical_normalization	1	sihao4259
Sihao_4280	Sihao_4280	canonical	mechanical_normalization	1	sihao4280
Sihao_4330	Sihao_4330	canonical	mechanical_normalization	1	sihao4330
Sihao_4385	Sihao_4385	canonical	mechanical_normalization	1	sihao4385
Silewah	Silewah	canonical	mechanical_normalization	1	silewah
Simiao	Simiao	canonical	mechanical_normalization	1	simiao
Simpor	Simpor	canonical	mechanical_normalization	1	simpor
Sinboi3	Sinboi3	canonical	mechanical_normalization	1	sinboi3
Singeumo	Singeumo	canonical	mechanical_normalization	1	singeumo
Sinna Sithira Kali	Sinna Sithira Kali	canonical	mechanical_normalization	1	sinnasithirakali
Sintane Diofor	Sintane Diofor	canonical	mechanical_normalization	1	sintanediofor
Sintohuegmi	Sintohuegmi	canonical	mechanical_normalization	1	sintohuegmi
Sinunbong 1	Sinunbong 1	canonical	mechanical_normalization	1	sinunbong1
Sinunbongbyeo	Sinunbongbyeo	canonical	mechanical_normalization	1	sinunbongbyeo
Sipirasikkam	Sipirasikkam	canonical	mechanical_normalization	1	sipirasikkam
SmpA	SmpA	canonical	mechanical_normalization	1	smpa
Sobi	Sobi	canonical	mechanical_normalization	1	sobi
Sodujo	Sodujo	canonical	mechanical_normalization	1	sodujo
Soebenchigi	Soebenchigi	canonical	mechanical_normalization	1	soebenchigi
Soemeoribyoe	Soemeoribyoe	canonical	mechanical_normalization	1	soemeoribyoe
Soemeorijijang	Soemeorijijang	canonical	mechanical_normalization	1	soemeorijijang
Somewake	Somewake	canonical	mechanical_normalization	1	somewake
Sona Chur	Sona Chur	canonical	mechanical_normalization	1	sonachur
Song 804	Song 804	canonical	mechanical_normalization	1	song804
Song 98	Song 98	canonical	mechanical_normalization	1	song98
Song Liao 05-3	Song Liao 05-3	canonical	mechanical_normalization	1	songliao053
Songam 1	Songam 1	canonical	mechanical_normalization	1	songam1
Songjing_10	Songjing_10	canonical	mechanical_normalization	1	songjing10
Sorachi	Sorachi	canonical	mechanical_normalization	1	sorachi
Sosan1	Sosan1	canonical	mechanical_normalization	1	sosan1
South_jeju1	South_jeju1	canonical	mechanical_normalization	1	southjeju1
Spin Mere	Spin Mere	canonical	mechanical_normalization	1	spinmere
Srav Prapay	Srav Prapay	canonical	mechanical_normalization	1	sravprapay
Ssangbong	Ssangbong	canonical	mechanical_normalization	1	ssangbong
Ssangdujo	Ssangdujo	canonical	mechanical_normalization	1	ssangdujo
Su Shang S17B64	Su Shang S17B64	canonical	mechanical_normalization	1	sushangs17b64
Su Xiu 9	Su Xiu 9	canonical	mechanical_normalization	1	suxiu9
Suan	Suan	canonical	mechanical_normalization	1	suan
Sugandha Samba	Sugandha Samba	canonical	mechanical_normalization	1	sugandhasamba
Sugar-reducing rice	Sugar-reducing rice	canonical	mechanical_normalization	1	sugarreducingrice
Suhui728	Suhui728	canonical	mechanical_normalization	1	suhui728
Sui Geng 15	Sui Geng 15	canonical	mechanical_normalization	1	suigeng15
Sui Geng 26	Sui Geng 26	canonical	mechanical_normalization	1	suigeng26
Sui Hongxiang	Sui Hongxiang	canonical	mechanical_normalization	1	suihongxiang
Sui Japonica	Sui Japonica	canonical	mechanical_normalization	1	suijaponica
Sui Mianxiang	Sui Mianxiang	canonical	mechanical_normalization	1	suimianxiang
Suijing_3hao	Suijing_3hao	canonical	mechanical_normalization	1	suijing3hao
Sujing_353	Sujing_353	canonical	mechanical_normalization	1	sujing353
Sujungjo	Sujungjo	canonical	mechanical_normalization	1	sujungjo
Sukna	Sukna	canonical	mechanical_normalization	1	sukna
Sundensis	Sundensis	canonical	mechanical_normalization	1	sundensis
Sunuo2621	Sunuo2621	canonical	mechanical_normalization	1	sunuo2621
Sunuo7132	Sunuo7132	canonical	mechanical_normalization	1	sunuo7132
Sunuo9202	Sunuo9202	canonical	mechanical_normalization	1	sunuo9202
Supa	Supa	canonical	mechanical_normalization	1	supa
SuperBasmati	SuperBasmati	canonical	mechanical_normalization	1	superbasmati
Sura	Sura	canonical	mechanical_normalization	1	sura
Suweon258	Suweon258	canonical	mechanical_normalization	1	suweon258
Suwonjo	Suwonjo	canonical	mechanical_normalization	1	suwonjo
Suwujing	Suwujing	canonical	mechanical_normalization	1	suwujing
Suxuenuo	Suxuenuo	canonical	mechanical_normalization	1	suxuenuo
Swarnasub1	Swarnasub1	canonical	mechanical_normalization	1	swarnasub1
T	T	canonical	mechanical_normalization	1	t
T 2095	T 2095	canonical	mechanical_normalization	1	t2095
T Pool	T Pool	canonical	mechanical_normalization	1	tpool
T109A	T109A	canonical	mechanical_normalization	1	t109a
T2-59	T2-59	canonical	mechanical_normalization	1	t259
T25	T25	canonical	mechanical_normalization	1	t25
T26::IRGC 117903-1	T26::IRGC 117903-1	canonical	mechanical_normalization	1	t26irgc1179031
T315	T315	canonical	mechanical_normalization	1	t315
T31A	T31A	canonical	mechanical_normalization	1	t31a
T51	T51	canonical	mechanical_normalization	1	t51
T55A	T55A	canonical	mechanical_normalization	1	t55a
T64S	T64S	canonical	mechanical_normalization	1	t64s
T78A	T78A	canonical	mechanical_normalization	1	t78a
T91S	T91S	canonical	mechanical_normalization	1	t91s
T98A	T98A	canonical	mechanical_normalization	1	t98a
T9N_1	T9N_1	canonical	mechanical_normalization	1	t9n1
T9N_10	T9N_10	canonical	mechanical_normalization	1	t9n10
T9N_100	T9N_100	canonical	mechanical_normalization	1	t9n100
T9N_11	T9N_11	canonical	mechanical_normalization	1	t9n11
T9N_12	T9N_12	canonical	mechanical_normalization	1	t9n12
T9N_13	T9N_13	canonical	mechanical_normalization	1	t9n13
T9N_14	T9N_14	canonical	mechanical_normalization	1	t9n14
T9N_15	T9N_15	canonical	mechanical_normalization	1	t9n15
T9N_16	T9N_16	canonical	mechanical_normalization	1	t9n16
T9N_17	T9N_17	canonical	mechanical_normalization	1	t9n17
T9N_18	T9N_18	canonical	mechanical_normalization	1	t9n18
T9N_19	T9N_19	canonical	mechanical_normalization	1	t9n19
T9N_2	T9N_2	canonical	mechanical_normalization	1	t9n2
T9N_20	T9N_20	canonical	mechanical_normalization	1	t9n20
T9N_21	T9N_21	canonical	mechanical_normalization	1	t9n21
T9N_22	T9N_22	canonical	mechanical_normalization	1	t9n22
T9N_23	T9N_23	canonical	mechanical_normalization	1	t9n23
T9N_24	T9N_24	canonical	mechanical_normalization	1	t9n24
T9N_25	T9N_25	canonical	mechanical_normalization	1	t9n25
T9N_26	T9N_26	canonical	mechanical_normalization	1	t9n26
T9N_27	T9N_27	canonical	mechanical_normalization	1	t9n27
T9N_28	T9N_28	canonical	mechanical_normalization	1	t9n28
T9N_29	T9N_29	canonical	mechanical_normalization	1	t9n29
T9N_3	T9N_3	canonical	mechanical_normalization	1	t9n3
T9N_30	T9N_30	canonical	mechanical_normalization	1	t9n30
T9N_31	T9N_31	canonical	mechanical_normalization	1	t9n31
T9N_32	T9N_32	canonical	mechanical_normalization	1	t9n32
T9N_33	T9N_33	canonical	mechanical_normalization	1	t9n33
T9N_34	T9N_34	canonical	mechanical_normalization	1	t9n34
T9N_35	T9N_35	canonical	mechanical_normalization	1	t9n35
T9N_36	T9N_36	canonical	mechanical_normalization	1	t9n36
T9N_37	T9N_37	canonical	mechanical_normalization	1	t9n37
T9N_38	T9N_38	canonical	mechanical_normalization	1	t9n38
T9N_39	T9N_39	canonical	mechanical_normalization	1	t9n39
T9N_4	T9N_4	canonical	mechanical_normalization	1	t9n4
T9N_40	T9N_40	canonical	mechanical_normalization	1	t9n40
T9N_41	T9N_41	canonical	mechanical_normalization	1	t9n41
T9N_42	T9N_42	canonical	mechanical_normalization	1	t9n42
T9N_43	T9N_43	canonical	mechanical_normalization	1	t9n43
T9N_44	T9N_44	canonical	mechanical_normalization	1	t9n44
T9N_45	T9N_45	canonical	mechanical_normalization	1	t9n45
T9N_46	T9N_46	canonical	mechanical_normalization	1	t9n46
T9N_47	T9N_47	canonical	mechanical_normalization	1	t9n47
T9N_48	T9N_48	canonical	mechanical_normalization	1	t9n48
T9N_49	T9N_49	canonical	mechanical_normalization	1	t9n49
T9N_5	T9N_5	canonical	mechanical_normalization	1	t9n5
T9N_50	T9N_50	canonical	mechanical_normalization	1	t9n50
T9N_51	T9N_51	canonical	mechanical_normalization	1	t9n51
T9N_52	T9N_52	canonical	mechanical_normalization	1	t9n52
T9N_53	T9N_53	canonical	mechanical_normalization	1	t9n53
T9N_54	T9N_54	canonical	mechanical_normalization	1	t9n54
T9N_55	T9N_55	canonical	mechanical_normalization	1	t9n55
T9N_56	T9N_56	canonical	mechanical_normalization	1	t9n56
T9N_57	T9N_57	canonical	mechanical_normalization	1	t9n57
T9N_58	T9N_58	canonical	mechanical_normalization	1	t9n58
T9N_59	T9N_59	canonical	mechanical_normalization	1	t9n59
T9N_6	T9N_6	canonical	mechanical_normalization	1	t9n6
T9N_60	T9N_60	canonical	mechanical_normalization	1	t9n60
T9N_61	T9N_61	canonical	mechanical_normalization	1	t9n61
T9N_62	T9N_62	canonical	mechanical_normalization	1	t9n62
T9N_63	T9N_63	canonical	mechanical_normalization	1	t9n63
T9N_64	T9N_64	canonical	mechanical_normalization	1	t9n64
T9N_65	T9N_65	canonical	mechanical_normalization	1	t9n65
T9N_66	T9N_66	canonical	mechanical_normalization	1	t9n66
T9N_67	T9N_67	canonical	mechanical_normalization	1	t9n67
T9N_68	T9N_68	canonical	mechanical_normalization	1	t9n68
T9N_69	T9N_69	canonical	mechanical_normalization	1	t9n69
T9N_7	T9N_7	canonical	mechanical_normalization	1	t9n7
T9N_70	T9N_70	canonical	mechanical_normalization	1	t9n70
T9N_71	T9N_71	canonical	mechanical_normalization	1	t9n71
T9N_72	T9N_72	canonical	mechanical_normalization	1	t9n72
T9N_73	T9N_73	canonical	mechanical_normalization	1	t9n73
T9N_74	T9N_74	canonical	mechanical_normalization	1	t9n74
T9N_75	T9N_75	canonical	mechanical_normalization	1	t9n75
T9N_76	T9N_76	canonical	mechanical_normalization	1	t9n76
T9N_77	T9N_77	canonical	mechanical_normalization	1	t9n77
T9N_78	T9N_78	canonical	mechanical_normalization	1	t9n78
T9N_79	T9N_79	canonical	mechanical_normalization	1	t9n79
T9N_8	T9N_8	canonical	mechanical_normalization	1	t9n8
T9N_80	T9N_80	canonical	mechanical_normalization	1	t9n80
T9N_81	T9N_81	canonical	mechanical_normalization	1	t9n81
T9N_82	T9N_82	canonical	mechanical_normalization	1	t9n82
T9N_83	T9N_83	canonical	mechanical_normalization	1	t9n83
T9N_84	T9N_84	canonical	mechanical_normalization	1	t9n84
T9N_85	T9N_85	canonical	mechanical_normalization	1	t9n85
T9N_86	T9N_86	canonical	mechanical_normalization	1	t9n86
T9N_87	T9N_87	canonical	mechanical_normalization	1	t9n87
T9N_88	T9N_88	canonical	mechanical_normalization	1	t9n88
T9N_89	T9N_89	canonical	mechanical_normalization	1	t9n89
T9N_9	T9N_9	canonical	mechanical_normalization	1	t9n9
T9N_90	T9N_90	canonical	mechanical_normalization	1	t9n90
T9N_91	T9N_91	canonical	mechanical_normalization	1	t9n91
T9N_92	T9N_92	canonical	mechanical_normalization	1	t9n92
T9N_93	T9N_93	canonical	mechanical_normalization	1	t9n93
T9N_94	T9N_94	canonical	mechanical_normalization	1	t9n94
T9N_95	T9N_95	canonical	mechanical_normalization	1	t9n95
T9N_96	T9N_96	canonical	mechanical_normalization	1	t9n96
T9N_97	T9N_97	canonical	mechanical_normalization	1	t9n97
T9N_98	T9N_98	canonical	mechanical_normalization	1	t9n98
T9N_99	T9N_99	canonical	mechanical_normalization	1	t9n99
TAI-4	TAI-4	canonical	mechanical_normalization	1	tai4
TAICHU MOCHI 59	TAICHU MOCHI 59	canonical	mechanical_normalization	1	taichumochi59
TAINO 38	TAINO 38	canonical	mechanical_normalization	1	taino38
TAINUNG 45	TAINUNG 45	canonical	mechanical_normalization	1	tainung45
TAITUNG 16	TAITUNG 16	canonical	mechanical_normalization	1	taitung16
TCHAMPA	TCHAMPA	canonical	mechanical_normalization	1	tchampa
TD 70	TD 70	canonical	mechanical_normalization	1	td70
TFI15	TFI15	canonical	mechanical_normalization	1	tfi15
THAVALU	THAVALU	canonical	mechanical_normalization	1	thavalu
TI-128	TI-128	canonical	mechanical_normalization	1	ti128
TJ	TJ	canonical	mechanical_normalization	1	tj
TKM-13	TKM-13	canonical	mechanical_normalization	1	tkm13
TKM9	TKM9	canonical	mechanical_normalization	1	tkm9
TN1174	TN1174	canonical	mechanical_normalization	1	tn1174
TN1236	TN1236	canonical	mechanical_normalization	1	tn1236
TN1358	TN1358	canonical	mechanical_normalization	1	tn1358
TN1364	TN1364	canonical	mechanical_normalization	1	tn1364
TN1390	TN1390	canonical	mechanical_normalization	1	tn1390
TN1396	TN1396	canonical	mechanical_normalization	1	tn1396
TN1408	TN1408	canonical	mechanical_normalization	1	tn1408
TN1428	TN1428	canonical	mechanical_normalization	1	tn1428
TN1448	TN1448	canonical	mechanical_normalization	1	tn1448
TN1456	TN1456	canonical	mechanical_normalization	1	tn1456
TN1466	TN1466	canonical	mechanical_normalization	1	tn1466
TN1480	TN1480	canonical	mechanical_normalization	1	tn1480
TN1490	TN1490	canonical	mechanical_normalization	1	tn1490
TN1498	TN1498	canonical	mechanical_normalization	1	tn1498
TN1510	TN1510	canonical	mechanical_normalization	1	tn1510
TN1512	TN1512	canonical	mechanical_normalization	1	tn1512
TN9_1	TN9_1	canonical	mechanical_normalization	1	tn91
TN9_10	TN9_10	canonical	mechanical_normalization	1	tn910
TN9_100	TN9_100	canonical	mechanical_normalization	1	tn9100
TN9_101	TN9_101	canonical	mechanical_normalization	1	tn9101
TN9_102	TN9_102	canonical	mechanical_normalization	1	tn9102
TN9_11	TN9_11	canonical	mechanical_normalization	1	tn911
TN9_12	TN9_12	canonical	mechanical_normalization	1	tn912
TN9_13	TN9_13	canonical	mechanical_normalization	1	tn913
TN9_14	TN9_14	canonical	mechanical_normalization	1	tn914
TN9_15	TN9_15	canonical	mechanical_normalization	1	tn915
TN9_16	TN9_16	canonical	mechanical_normalization	1	tn916
TN9_17	TN9_17	canonical	mechanical_normalization	1	tn917
TN9_18	TN9_18	canonical	mechanical_normalization	1	tn918
TN9_19	TN9_19	canonical	mechanical_normalization	1	tn919
TN9_2	TN9_2	canonical	mechanical_normalization	1	tn92
TN9_20	TN9_20	canonical	mechanical_normalization	1	tn920
TN9_21	TN9_21	canonical	mechanical_normalization	1	tn921
TN9_22	TN9_22	canonical	mechanical_normalization	1	tn922
TN9_23	TN9_23	canonical	mechanical_normalization	1	tn923
TN9_24	TN9_24	canonical	mechanical_normalization	1	tn924
TN9_25	TN9_25	canonical	mechanical_normalization	1	tn925
TN9_26	TN9_26	canonical	mechanical_normalization	1	tn926
TN9_27	TN9_27	canonical	mechanical_normalization	1	tn927
TN9_28	TN9_28	canonical	mechanical_normalization	1	tn928
TN9_29	TN9_29	canonical	mechanical_normalization	1	tn929
TN9_3	TN9_3	canonical	mechanical_normalization	1	tn93
TN9_30	TN9_30	canonical	mechanical_normalization	1	tn930
TN9_31	TN9_31	canonical	mechanical_normalization	1	tn931
TN9_32	TN9_32	canonical	mechanical_normalization	1	tn932
TN9_33	TN9_33	canonical	mechanical_normalization	1	tn933
TN9_34	TN9_34	canonical	mechanical_normalization	1	tn934
TN9_35	TN9_35	canonical	mechanical_normalization	1	tn935
TN9_36	TN9_36	canonical	mechanical_normalization	1	tn936
TN9_37	TN9_37	canonical	mechanical_normalization	1	tn937
TN9_38	TN9_38	canonical	mechanical_normalization	1	tn938
TN9_39	TN9_39	canonical	mechanical_normalization	1	tn939
TN9_4	TN9_4	canonical	mechanical_normalization	1	tn94
TN9_40	TN9_40	canonical	mechanical_normalization	1	tn940
TN9_41	TN9_41	canonical	mechanical_normalization	1	tn941
TN9_42	TN9_42	canonical	mechanical_normalization	1	tn942
TN9_43	TN9_43	canonical	mechanical_normalization	1	tn943
TN9_44	TN9_44	canonical	mechanical_normalization	1	tn944
TN9_45	TN9_45	canonical	mechanical_normalization	1	tn945
TN9_46	TN9_46	canonical	mechanical_normalization	1	tn946
TN9_47	TN9_47	canonical	mechanical_normalization	1	tn947
TN9_48	TN9_48	canonical	mechanical_normalization	1	tn948
TN9_49	TN9_49	canonical	mechanical_normalization	1	tn949
TN9_5	TN9_5	canonical	mechanical_normalization	1	tn95
TN9_50	TN9_50	canonical	mechanical_normalization	1	tn950
TN9_51	TN9_51	canonical	mechanical_normalization	1	tn951
TN9_52	TN9_52	canonical	mechanical_normalization	1	tn952
TN9_53	TN9_53	canonical	mechanical_normalization	1	tn953
TN9_54	TN9_54	canonical	mechanical_normalization	1	tn954
TN9_55	TN9_55	canonical	mechanical_normalization	1	tn955
TN9_56	TN9_56	canonical	mechanical_normalization	1	tn956
TN9_57	TN9_57	canonical	mechanical_normalization	1	tn957
TN9_58	TN9_58	canonical	mechanical_normalization	1	tn958
TN9_59	TN9_59	canonical	mechanical_normalization	1	tn959
TN9_6	TN9_6	canonical	mechanical_normalization	1	tn96
TN9_60	TN9_60	canonical	mechanical_normalization	1	tn960
TN9_61	TN9_61	canonical	mechanical_normalization	1	tn961
TN9_62	TN9_62	canonical	mechanical_normalization	1	tn962
TN9_63	TN9_63	canonical	mechanical_normalization	1	tn963
TN9_64	TN9_64	canonical	mechanical_normalization	1	tn964
TN9_65	TN9_65	canonical	mechanical_normalization	1	tn965
TN9_66	TN9_66	canonical	mechanical_normalization	1	tn966
TN9_67	TN9_67	canonical	mechanical_normalization	1	tn967
TN9_68	TN9_68	canonical	mechanical_normalization	1	tn968
TN9_69	TN9_69	canonical	mechanical_normalization	1	tn969
TN9_7	TN9_7	canonical	mechanical_normalization	1	tn97
TN9_70	TN9_70	canonical	mechanical_normalization	1	tn970
TN9_71	TN9_71	canonical	mechanical_normalization	1	tn971
TN9_72	TN9_72	canonical	mechanical_normalization	1	tn972
TN9_73	TN9_73	canonical	mechanical_normalization	1	tn973
TN9_74	TN9_74	canonical	mechanical_normalization	1	tn974
TN9_75	TN9_75	canonical	mechanical_normalization	1	tn975
TN9_76	TN9_76	canonical	mechanical_normalization	1	tn976
TN9_77	TN9_77	canonical	mechanical_normalization	1	tn977
TN9_78	TN9_78	canonical	mechanical_normalization	1	tn978
TN9_79	TN9_79	canonical	mechanical_normalization	1	tn979
TN9_8	TN9_8	canonical	mechanical_normalization	1	tn98
TN9_80	TN9_80	canonical	mechanical_normalization	1	tn980
TN9_81	TN9_81	canonical	mechanical_normalization	1	tn981
TN9_82	TN9_82	canonical	mechanical_normalization	1	tn982
TN9_83	TN9_83	canonical	mechanical_normalization	1	tn983
TN9_84	TN9_84	canonical	mechanical_normalization	1	tn984
TN9_85	TN9_85	canonical	mechanical_normalization	1	tn985
TN9_86	TN9_86	canonical	mechanical_normalization	1	tn986
TN9_87	TN9_87	canonical	mechanical_normalization	1	tn987
TN9_88	TN9_88	canonical	mechanical_normalization	1	tn988
TN9_89	TN9_89	canonical	mechanical_normalization	1	tn989
TN9_9	TN9_9	canonical	mechanical_normalization	1	tn99
TN9_90	TN9_90	canonical	mechanical_normalization	1	tn990
TN9_91	TN9_91	canonical	mechanical_normalization	1	tn991
TN9_92	TN9_92	canonical	mechanical_normalization	1	tn992
TN9_93	TN9_93	canonical	mechanical_normalization	1	tn993
TN9_94	TN9_94	canonical	mechanical_normalization	1	tn994
TN9_95	TN9_95	canonical	mechanical_normalization	1	tn995
TN9_96	TN9_96	canonical	mechanical_normalization	1	tn996
TN9_97	TN9_97	canonical	mechanical_normalization	1	tn997
TN9_98	TN9_98	canonical	mechanical_normalization	1	tn998
TN9_99	TN9_99	canonical	mechanical_normalization	1	tn999
TODOROKIWASE	TODOROKIWASE	canonical	mechanical_normalization	1	todorokiwase
TONO BREA 439	TONO BREA 439	canonical	mechanical_normalization	1	tonobrea439
TOS7564	TOS7564	canonical	mechanical_normalization	1	tos7564
TRES MESES	TRES MESES	canonical	mechanical_normalization	1	tresmeses
Tachiaoba	Tachiaoba	canonical	mechanical_normalization	1	tachiaoba
Tachisugata	Tachisugata	canonical	mechanical_normalization	1	tachisugata
Tadukan	Tadukan	canonical	mechanical_normalization	1	tadukan
Taebong	Taebong	canonical	mechanical_normalization	1	taebong
Taeseong	Taeseong	canonical	mechanical_normalization	1	taeseong
Taetan1	Taetan1	canonical	mechanical_normalization	1	taetan1
Taher	Taher	canonical	mechanical_normalization	1	taher
Tai Wan Zi Nuo	Tai Wan Zi Nuo	canonical	mechanical_normalization	1	taiwanzinuo
Tai1S	Tai1S	canonical	mechanical_normalization	1	tai1s
Tai3A	Tai3A	canonical	mechanical_normalization	1	tai3a
Tai3S	Tai3S	canonical	mechanical_normalization	1	tai3s
Taibei 8	Taibei 8	canonical	mechanical_normalization	1	taibei8
Taibeinuo	Taibeinuo	canonical	mechanical_normalization	1	taibeinuo
Taichung 16	Taichung 16	canonical	mechanical_normalization	1	taichung16
Taichung 178	Taichung 178	canonical	mechanical_normalization	1	taichung178
Taichung Sen 17	Taichung Sen 17	canonical	mechanical_normalization	1	taichungsen17
Taichung Sen 10	Taichung-Sen 10 (TCS10)	spelling_variant	mechanical_normalization	1	taichungsen10
TaifengA	TaifengA	canonical	mechanical_normalization	1	taifenga
Taihui187	Taihui187	canonical	mechanical_normalization	1	taihui187
Taihui46	Taihui46	canonical	mechanical_normalization	1	taihui46
Taihui5845	Taihui5845	canonical	mechanical_normalization	1	taihui5845
Taihui808	Taihui808	canonical	mechanical_normalization	1	taihui808
Taihui900	Taihui900	canonical	mechanical_normalization	1	taihui900
Taihui973	Taihui973	canonical	mechanical_normalization	1	taihui973
Taihunuo	Taihunuo	canonical	mechanical_normalization	1	taihunuo
Tainung Sen 22	Tainung Sen 22	canonical	mechanical_normalization	1	tainungsen22
Tainuo163	Tainuo163	canonical	mechanical_normalization	1	tainuo163
Taipei 309	Taipei 309	canonical	mechanical_normalization	1	taipei309
Taipei 309 bombardment event 7	Taipei 309 bombardment event 7	canonical	mechanical_normalization	1	taipei309bombardmentevent7
Taishannuo	Taishannuo	canonical	mechanical_normalization	1	taishannuo
Taiyin1hao	Taiyin1hao	canonical	mechanical_normalization	1	taiyin1hao
Taizhong1hao	Taizhong1hao	canonical	mechanical_normalization	1	taizhong1hao
Taizhongyu29A	Taizhongyu29A	canonical	mechanical_normalization	1	taizhongyu29a
Tak Siah	Tak Siah	canonical	mechanical_normalization	1	taksiah
Tam Xoan Bac Ninh	Tam Xoan Bac Ninh	canonical	mechanical_normalization	1	tamxoanbacninh
Tam Xoan Hai Hau	Tam Xoan Hai Hau	canonical	mechanical_normalization	1	tamxoanhaihau
Tamanishiki	Tamanishiki	canonical	mechanical_normalization	1	tamanishiki
Tamjinbyeo	Tamjinbyeo	canonical	mechanical_normalization	1	tamjinbyeo
Tangengenrankatsu	Tangengenrankatsu	canonical	mechanical_normalization	1	tangengenrankatsu
TannongS	TannongS	canonical	mechanical_normalization	1	tannongs
TanyinzaoxianA	TanyinzaoxianA	canonical	mechanical_normalization	1	tanyinzaoxiana
Taothabi	Taothabi	canonical	mechanical_normalization	1	taothabi
Taoyouxiangzhan	Taoyouxiangzhan	canonical	mechanical_normalization	1	taoyouxiangzhan
Tapol	Tapol	canonical	mechanical_normalization	1	tapol
Tapopuri	Tapopuri	canonical	mechanical_normalization	1	tapopuri
Taraori Basmati	Taraori Basmati	canonical	mechanical_normalization	1	taraoribasmati
Tarom Mahalli	Tarom Mahalli	canonical	mechanical_normalization	1	tarommahalli
Tauli	Tauli	canonical	mechanical_normalization	1	tauli
Te Xian Zhan 25	Te Xian Zhan 25	canonical	mechanical_normalization	1	texianzhan25
Teng2A	Teng2A	canonical	mechanical_normalization	1	teng2a
Teqing(TQ)	Teqing(TQ)	canonical	mechanical_normalization	1	teqing
Teqingxuanhui	Teqingxuanhui	canonical	mechanical_normalization	1	teqingxuanhui
Teti	Teti	canonical	mechanical_normalization	1	teti
Texianzhan13	Texianzhan13	canonical	mechanical_normalization	1	texianzhan13
Te Xian Zhan 25	Texianzhan25	spelling_variant	mechanical_normalization	1	texianzhan25
Teyou2035	Teyou2035	canonical	mechanical_normalization	1	teyou2035
Teyouhuazhan	Teyouhuazhan	canonical	mechanical_normalization	1	teyouhuazhan
Thang 10	Thang 10	canonical	mechanical_normalization	1	thang10
Ti-Chueh-Hua-Lou	Ti-Chueh-Hua-Lou	canonical	mechanical_normalization	1	tichuehhualou
Ti-Chueh-Ko-Tzu	Ti-Chueh-Ko-Tzu	canonical	mechanical_normalization	1	tichuehkotzu
Ti-Chueh-Liu-Chou	Ti-Chueh-Liu-Chou	canonical	mechanical_normalization	1	tichuehliuchou
Ti-Chueh-Wu-Ko	Ti-Chueh-Wu-Ko	canonical	mechanical_normalization	1	tichuehwuko
Tia Bura	Tia Bura	canonical	mechanical_normalization	1	tiabura
Tian Yu Dao 1	Tian Yu Dao 1	canonical	mechanical_normalization	1	tianyudao1
TiananS	TiananS	canonical	mechanical_normalization	1	tianans
Tiandongxiang	Tiandongxiang	canonical	mechanical_normalization	1	tiandongxiang
TianfengA	TianfengA	canonical	mechanical_normalization	1	tianfenga
Tianyuan6S	Tianyuan6S	canonical	mechanical_normalization	1	tianyuan6s
Tielu rice	Tielu rice	canonical	mechanical_normalization	1	tielurice
Tijin	Tijin	canonical	mechanical_normalization	1	tijin
To326	To326	canonical	mechanical_normalization	1	to326
To435	To435	canonical	mechanical_normalization	1	to435
To463-1	To463-1	canonical	mechanical_normalization	1	to4631
To463-2	To463-2	canonical	mechanical_normalization	1	to4632
To494	To494	canonical	mechanical_normalization	1	to494
To496	To496	canonical	mechanical_normalization	1	to496
To498	To498	canonical	mechanical_normalization	1	to498
Tobura	Tobura	canonical	mechanical_normalization	1	tobura
Tog7291	Tog7291	canonical	mechanical_normalization	1	tog7291
Toga	Toga	canonical	mechanical_normalization	1	toga
Togo Marshal	Togo Marshal	canonical	mechanical_normalization	1	togomarshal
Tong Yu 337	Tong Yu 337	canonical	mechanical_normalization	1	tongyu337
Tong Yu 8703	Tong Yu 8703	canonical	mechanical_normalization	1	tongyu8703
Tong88-7	Tong88-7	canonical	mechanical_normalization	1	tong887
TongA	TongA	canonical	mechanical_normalization	1	tonga
Tongcheon1	Tongcheon1	canonical	mechanical_normalization	1	tongcheon1
Tongcheon2	Tongcheon2	canonical	mechanical_normalization	1	tongcheon2
Tongcheon3	Tongcheon3	canonical	mechanical_normalization	1	tongcheon3
Tongnuo20	Tongnuo20	canonical	mechanical_normalization	1	tongnuo20
Tox 3445-14-2-3-2	Tox 3445-14-2-3-2	canonical	mechanical_normalization	1	tox344514232
Toxx 3377	Toxx 3377	canonical	mechanical_normalization	1	toxx3377
Tranoeup Beykher	Tranoeup Beykher	canonical	mechanical_normalization	1	tranoeupbeykher
Trenasse	Trenasse	canonical	mechanical_normalization	1	trenasse
Triomphe Du Maroc	Triomphe Du Maroc	canonical	mechanical_normalization	1	triomphedumaroc
Tuanjie1hao	Tuanjie1hao	canonical	mechanical_normalization	1	tuanjie1hao
US_318	US_318	canonical	mechanical_normalization	1	us318
US_71Cr_5038	US_71Cr_5038	canonical	mechanical_normalization	1	us71cr5038
US_A301	US_A301	canonical	mechanical_normalization	1	usa301
US_Adair	US_Adair	canonical	mechanical_normalization	1	usadair
US_Alan	US_Alan	canonical	mechanical_normalization	1	usalan
US_Antonio	US_Antonio	canonical	mechanical_normalization	1	usantonio
US_Arkrose	US_Arkrose	canonical	mechanical_normalization	1	usarkrose
US_BLUEBONNET_50	US_BLUEBONNET_50	canonical	mechanical_normalization	1	usbluebonnet50
US_BOND	US_BOND	canonical	mechanical_normalization	1	usbond
US_Baldo	US_Baldo	canonical	mechanical_normalization	1	usbaldo
US_Banks	US_Banks	canonical	mechanical_normalization	1	usbanks
US_Belle_Patna	US_Belle_Patna	canonical	mechanical_normalization	1	usbellepatna
US_Bellemont	US_Bellemont	canonical	mechanical_normalization	1	usbellemont
US_Blue_Rose	US_Blue_Rose	canonical	mechanical_normalization	1	usbluerose
US_Bluebelle	US_Bluebelle	canonical	mechanical_normalization	1	usbluebelle
US_Bluebonnet	US_Bluebonnet	canonical	mechanical_normalization	1	usbluebonnet
US_BoaVista	US_BoaVista	canonical	mechanical_normalization	1	usboavista
US_Bonnet_73	US_Bonnet_73	canonical	mechanical_normalization	1	usbonnet73
US_Brazos	US_Brazos	canonical	mechanical_normalization	1	usbrazos
US_BritishHondurasCreole	US_BritishHondurasCreole	canonical	mechanical_normalization	1	usbritishhondurascreole
US_C101A51	US_C101A51	canonical	mechanical_normalization	1	usc101a51
US_CHINESE	US_CHINESE	canonical	mechanical_normalization	1	uschinese
US_CI12338	US_CI12338	canonical	mechanical_normalization	1	usci12338
US_CI9122	US_CI9122	canonical	mechanical_normalization	1	usci9122
US_CI9187	US_CI9187	canonical	mechanical_normalization	1	usci9187
US_CI9453	US_CI9453	canonical	mechanical_normalization	1	usci9453
US_CI9515	US_CI9515	canonical	mechanical_normalization	1	usci9515
US_CI9556	US_CI9556	canonical	mechanical_normalization	1	usci9556
US_CI9570	US_CI9570	canonical	mechanical_normalization	1	usci9570
US_CI9580	US_CI9580	canonical	mechanical_normalization	1	usci9580
US_CI9695	US_CI9695	canonical	mechanical_normalization	1	usci9695
US_CI9701	US_CI9701	canonical	mechanical_normalization	1	usci9701
US_CI9841	US_CI9841	canonical	mechanical_normalization	1	usci9841
US_CS_M3	US_CS_M3	canonical	mechanical_normalization	1	uscsm3
US_Caffey	US_Caffey	canonical	mechanical_normalization	1	uscaffey
US_Calady	US_Calady	canonical	mechanical_normalization	1	uscalady
US_Caloro	US_Caloro	canonical	mechanical_normalization	1	uscaloro
US_Calpearl	US_Calpearl	canonical	mechanical_normalization	1	uscalpearl
US_Calrose	US_Calrose	canonical	mechanical_normalization	1	uscalrose
US_Calrose_76	US_Calrose_76	canonical	mechanical_normalization	1	uscalrose76
US_Century_Patna_231	US_Century_Patna_231	canonical	mechanical_normalization	1	uscenturypatna231
US_Colorado	US_Colorado	canonical	mechanical_normalization	1	uscolorado
US_Colusa	US_Colusa	canonical	mechanical_normalization	1	uscolusa
US_Cybonnet	US_Cybonnet	canonical	mechanical_normalization	1	uscybonnet
US_DAWN	US_DAWN	canonical	mechanical_normalization	1	usdawn
US_Della	US_Della	canonical	mechanical_normalization	1	usdella
US_Dellrose	US_Dellrose	canonical	mechanical_normalization	1	usdellrose
US_Deltabelle	US_Deltabelle	canonical	mechanical_normalization	1	usdeltabelle
US_Drew	US_Drew	canonical	mechanical_normalization	1	usdrew
US_Earlirose	US_Earlirose	canonical	mechanical_normalization	1	usearlirose
US_Early_-Farmbuster-	US_Early_-Farmbuster-	canonical	mechanical_normalization	1	usearlyfarmbuster
US_Early_Prolific	US_Early_Prolific	canonical	mechanical_normalization	1	usearlyprolific
US_Early_Wataribune	US_Early_Wataribune	canonical	mechanical_normalization	1	usearlywataribune
US_Edith	US_Edith	canonical	mechanical_normalization	1	usedith
US_Estrela	US_Estrela	canonical	mechanical_normalization	1	usestrela
US_Fortuna_	US_Fortuna_	canonical	mechanical_normalization	1	usfortuna
US_Gulfmont	US_Gulfmont	canonical	mechanical_normalization	1	usgulfmont
US_Gulfrose	US_Gulfrose	canonical	mechanical_normalization	1	usgulfrose
US_HILL_LONG_GRAIN	US_HILL_LONG_GRAIN	canonical	mechanical_normalization	1	ushilllonggrain
US_Honduras	US_Honduras	canonical	mechanical_normalization	1	ushonduras
US_IguapeCateto	US_IguapeCateto	canonical	mechanical_normalization	1	usiguapecateto
US_Jacinto	US_Jacinto	canonical	mechanical_normalization	1	usjacinto
US_Jackson	US_Jackson	canonical	mechanical_normalization	1	usjackson
US_Jefferson	US_Jefferson	canonical	mechanical_normalization	1	usjefferson
US_Jodon	US_Jodon	canonical	mechanical_normalization	1	usjodon
US_Jojutla	US_Jojutla	canonical	mechanical_normalization	1	usjojutla
US_KOSHIHIKARI	US_KOSHIHIKARI	canonical	mechanical_normalization	1	uskoshihikari
US_K_65	US_K_65	canonical	mechanical_normalization	1	usk65
US_Kamenoo	US_Kamenoo	canonical	mechanical_normalization	1	uskamenoo
US_Katy	US_Katy	canonical	mechanical_normalization	1	uskaty
US_Kaybonnet	US_Kaybonnet	canonical	mechanical_normalization	1	uskaybonnet
US_Kinastano	US_Kinastano	canonical	mechanical_normalization	1	uskinastano
US_L-205	US_L-205	canonical	mechanical_normalization	1	usl205
US_L201	US_L201	canonical	mechanical_normalization	1	usl201
US_L202	US_L202	canonical	mechanical_normalization	1	usl202
US_LAC23	US_LAC23	canonical	mechanical_normalization	1	uslac23
US_Labelle	US_Labelle	canonical	mechanical_normalization	1	uslabelle
US_Lacrosse	US_Lacrosse	canonical	mechanical_normalization	1	uslacrosse
US_Lady_Wright_Selection	US_Lady_Wright_Selection	canonical	mechanical_normalization	1	usladywrightselection
US_Lafitte	US_Lafitte	canonical	mechanical_normalization	1	uslafitte
US_Leah	US_Leah	canonical	mechanical_normalization	1	usleah
US_Lebonnet	US_Lebonnet	canonical	mechanical_normalization	1	uslebonnet
US_M-102	US_M-102	canonical	mechanical_normalization	1	usm102
US_M-204	US_M-204	canonical	mechanical_normalization	1	usm204
US_M-301	US_M-301	canonical	mechanical_normalization	1	usm301
US_M-401	US_M-401	canonical	mechanical_normalization	1	usm401
US_M201	US_M201	canonical	mechanical_normalization	1	usm201
US_M202	US_M202	canonical	mechanical_normalization	1	usm202
US_M205	US_M205	canonical	mechanical_normalization	1	usm205
US_M5	US_M5	canonical	mechanical_normalization	1	usm5
US_M7	US_M7	canonical	mechanical_normalization	1	usm7
US_M9	US_M9	canonical	mechanical_normalization	1	usm9
US_Magnolia	US_Magnolia	canonical	mechanical_normalization	1	usmagnolia
US_Manzano	US_Manzano	canonical	mechanical_normalization	1	usmanzano
US_Mars	US_Mars	canonical	mechanical_normalization	1	usmars
US_Maybelle	US_Maybelle	canonical	mechanical_normalization	1	usmaybelle
US_Medark	US_Medark	canonical	mechanical_normalization	1	usmedark
US_Melrose	US_Melrose	canonical	mechanical_normalization	1	usmelrose
US_Mercury	US_Mercury	canonical	mechanical_normalization	1	usmercury
US_Millie	US_Millie	canonical	mechanical_normalization	1	usmillie
US_Minghui_63	US_Minghui_63	canonical	mechanical_normalization	1	usminghui63
US_NSFTV_199	US_NSFTV_199	canonical	mechanical_normalization	1	usnsftv199
US_NSF_TV107	US_NSF_TV107	canonical	mechanical_normalization	1	usnsftv107
US_NSF_TV_89	US_NSF_TV_89	canonical	mechanical_normalization	1	usnsftv89
US_Nato	US_Nato	canonical	mechanical_normalization	1	usnato
US_Nato	US_Nato_	spelling_variant	mechanical_normalization	1	usnato
US_Neptune	US_Neptune	canonical	mechanical_normalization	1	usneptune
US_Newbonnet	US_Newbonnet	canonical	mechanical_normalization	1	usnewbonnet
US_Newrex	US_Newrex	canonical	mechanical_normalization	1	usnewrex
US_Niquen	US_Niquen	canonical	mechanical_normalization	1	usniquen
US_Nira	US_Nira	canonical	mechanical_normalization	1	usnira
US_Nortai	US_Nortai	canonical	mechanical_normalization	1	usnortai
US_Northrose	US_Northrose	canonical	mechanical_normalization	1	usnorthrose
US_Nova	US_Nova	canonical	mechanical_normalization	1	usnova
US_Nova_66	US_Nova_66	canonical	mechanical_normalization	1	usnova66
US_OS6	US_OS6	canonical	mechanical_normalization	1	usos6
US_Orion	US_Orion	canonical	mechanical_normalization	1	usorion
US_PI245717	US_PI245717	canonical	mechanical_normalization	1	uspi245717
US_PI312777	US_PI312777	canonical	mechanical_normalization	1	uspi312777
US_PR304	US_PR304	canonical	mechanical_normalization	1	uspr304
US_Palmyra	US_Palmyra	canonical	mechanical_normalization	1	uspalmyra
US_Panda	US_Panda	canonical	mechanical_normalization	1	uspanda
US_Pecos	US_Pecos	canonical	mechanical_normalization	1	uspecos
US_Pirogue	US_Pirogue	canonical	mechanical_normalization	1	uspirogue
US_Pratao	US_Pratao	canonical	mechanical_normalization	1	uspratao
US_Prelude	US_Prelude	canonical	mechanical_normalization	1	usprelude
US_Presidio	US_Presidio	canonical	mechanical_normalization	1	uspresidio
US_Priscilla	US_Priscilla	canonical	mechanical_normalization	1	uspriscilla
US_REXORO	US_REXORO	canonical	mechanical_normalization	1	usrexoro
US_Rex	US_Rex	canonical	mechanical_normalization	1	usrex
US_Rexark	US_Rexark	canonical	mechanical_normalization	1	usrexark
US_Rexmont	US_Rexmont	canonical	mechanical_normalization	1	usrexmont
US_Rico_1	US_Rico_1	canonical	mechanical_normalization	1	usrico1
US_Rondo	US_Rondo	canonical	mechanical_normalization	1	usrondo
US_Rosemont	US_Rosemont	canonical	mechanical_normalization	1	usrosemont
US_SLO17	US_SLO17	canonical	mechanical_normalization	1	usslo17
US_STG06L-35-061	US_STG06L-35-061	canonical	mechanical_normalization	1	usstg06l35061
US_Sabine	US_Sabine	canonical	mechanical_normalization	1	ussabine
US_Saturn	US_Saturn	canonical	mechanical_normalization	1	ussaturn
US_Shoemed	US_Shoemed	canonical	mechanical_normalization	1	usshoemed
US_Short_Strawed_Starbonnet	US_Short_Strawed_Starbonnet	canonical	mechanical_normalization	1	usshortstrawedstarbonnet
US_Sierra	US_Sierra	canonical	mechanical_normalization	1	ussierra
US_Sinampaga_Selection	US_Sinampaga_Selection	canonical	mechanical_normalization	1	ussinampagaselection
US_Skybonnet	US_Skybonnet	canonical	mechanical_normalization	1	usskybonnet
US_Starbonnet	US_Starbonnet	canonical	mechanical_normalization	1	usstarbonnet
US_Sunbonnet	US_Sunbonnet	canonical	mechanical_normalization	1	ussunbonnet
US_T007	US_T007	canonical	mechanical_normalization	1	ust007
US_TAINAN_IKU_487	US_TAINAN_IKU_487	canonical	mechanical_normalization	1	ustainaniku487
US_TEBONNET	US_TEBONNET	canonical	mechanical_normalization	1	ustebonnet
US_TORO	US_TORO	canonical	mechanical_normalization	1	ustoro
US_TORO-2	US_TORO-2	canonical	mechanical_normalization	1	ustoro2
US_TP49	US_TP49	canonical	mechanical_normalization	1	ustp49
US_TTEP	US_TTEP	canonical	mechanical_normalization	1	usttep
US_Taggart	US_Taggart	canonical	mechanical_normalization	1	ustaggart
US_Taichung_Native_1	US_Taichung_Native_1	canonical	mechanical_normalization	1	ustaichungnative1
US_TeQing	US_TeQing	canonical	mechanical_normalization	1	usteqing
US_Terso	US_Terso	canonical	mechanical_normalization	1	usterso
US_Texmont	US_Texmont	canonical	mechanical_normalization	1	ustexmont
US_Upland	US_Upland	canonical	mechanical_normalization	1	usupland
US_V7817	US_V7817	canonical	mechanical_normalization	1	usv7817
US_VISTA	US_VISTA	canonical	mechanical_normalization	1	usvista
US_Vegold	US_Vegold	canonical	mechanical_normalization	1	usvegold
US_WC-6	US_WC-6	canonical	mechanical_normalization	1	uswc6
US_WC4443	US_WC4443	canonical	mechanical_normalization	1	uswc4443
US_ZENITH	US_ZENITH	canonical	mechanical_normalization	1	uszenith
US_Zhe_733	US_Zhe_733	canonical	mechanical_normalization	1	uszhe733
UVS	UVS	canonical	mechanical_normalization	1	uvs
UZ ROS 59	UZ ROS 59	canonical	mechanical_normalization	1	uzros59
UZ ROS 7-13	UZ ROS 7-13	canonical	mechanical_normalization	1	uzros713
UZ ROSZ M38	UZ ROSZ M38	canonical	mechanical_normalization	1	uzroszm38
Ulisse	Ulisse	canonical	mechanical_normalization	1	ulisse
Unbongbyeo	Unbongbyeo	canonical	mechanical_normalization	1	unbongbyeo
Undoo	Undoo	canonical	mechanical_normalization	1	undoo
Ungwang	Ungwang	canonical	mechanical_normalization	1	ungwang
Unjangbyeo	Unjangbyeo	canonical	mechanical_normalization	1	unjangbyeo
Unmi	Unmi	canonical	mechanical_normalization	1	unmi
Uryee Boota	Uryee Boota	canonical	mechanical_normalization	1	uryeeboota
V001_Bouzu_5	V001_Bouzu_5	canonical	mechanical_normalization	1	v001bouzu5
V002_norin_20	V002_norin_20	canonical	mechanical_normalization	1	v002norin20
V003_ishikari	V003_ishikari	canonical	mechanical_normalization	1	v003ishikari
V004_hoklaidao	V004_hoklaidao	canonical	mechanical_normalization	1	v004hoklaidao
V005_kairiao_hokkaidao	V005_kairiao_hokkaidao	canonical	mechanical_normalization	1	v005kairiaohokkaidao
V006_hongmaodaozi	V006_hongmaodaozi	canonical	mechanical_normalization	1	v006hongmaodaozi
V007_gengou	V007_gengou	canonical	mechanical_normalization	1	v007gengou
V008_laoguangtou	V008_laoguangtou	canonical	mechanical_normalization	1	v008laoguangtou
V009_xiaobaimao	V009_xiaobaimao	canonical	mechanical_normalization	1	v009xiaobaimao
V010_gailiangguoguang	V010_gailiangguoguang	canonical	mechanical_normalization	1	v010gailiangguoguang
V011_laotoudao	V011_laotoudao	canonical	mechanical_normalization	1	v011laotoudao
V012_laotoudao_1	V012_laotoudao_1	canonical	mechanical_normalization	1	v012laotoudao1
V013_xiaotiandai_5	V013_xiaotiandai_5	canonical	mechanical_normalization	1	v013xiaotiandai5
V014_longnuo_3	V014_longnuo_3	canonical	mechanical_normalization	1	v014longnuo3
V015_Qishiertianhuanjia	V015_Qishiertianhuanjia	canonical	mechanical_normalization	1	v015qishiertianhuanjia
V016_Erbaimao	V016_Erbaimao	canonical	mechanical_normalization	1	v016erbaimao
V017_Gonghedao	V017_Gonghedao	canonical	mechanical_normalization	1	v017gonghedao
V018_Fuguo	V018_Fuguo	canonical	mechanical_normalization	1	v018fuguo
V019_Guangtouzijian	V019_Guangtouzijian	canonical	mechanical_normalization	1	v019guangtouzijian
V020_Zhumaodao	V020_Zhumaodao	canonical	mechanical_normalization	1	v020zhumaodao
V021_Liushuzhong	V021_Liushuzhong	canonical	mechanical_normalization	1	v021liushuzhong
V022_Xiaohongmao	V022_Xiaohongmao	canonical	mechanical_normalization	1	v022xiaohongmao
V023_Longjiangguangtou	V023_Longjiangguangtou	canonical	mechanical_normalization	1	v023longjiangguangtou
V024_Longxiangdao2	V024_Longxiangdao2	canonical	mechanical_normalization	1	v024longxiangdao2
V025_Hejiang1	V025_Hejiang1	canonical	mechanical_normalization	1	v025hejiang1
V026_Hejiang3	V026_Hejiang3	canonical	mechanical_normalization	1	v026hejiang3
V027_Hejiang11	V027_Hejiang11	canonical	mechanical_normalization	1	v027hejiang11
V028_Hejiang17	V028_Hejiang17	canonical	mechanical_normalization	1	v028hejiang17
V029_Hejiang18	V029_Hejiang18	canonical	mechanical_normalization	1	v029hejiang18
V030_Mudanjiang1	V030_Mudanjiang1	canonical	mechanical_normalization	1	v030mudanjiang1
V031_Mudanjiang2	V031_Mudanjiang2	canonical	mechanical_normalization	1	v031mudanjiang2
V032_Mudanjiang5	V032_Mudanjiang5	canonical	mechanical_normalization	1	v032mudanjiang5
V033_Taiyang3	V033_Taiyang3	canonical	mechanical_normalization	1	v033taiyang3
V034_Hejiang19	V034_Hejiang19	canonical	mechanical_normalization	1	v034hejiang19
V035_Hejiang22	V035_Hejiang22	canonical	mechanical_normalization	1	v035hejiang22
V036_Hejiang23	V036_Hejiang23	canonical	mechanical_normalization	1	v036hejiang23
V037_Heigeng2	V037_Heigeng2	canonical	mechanical_normalization	1	v037heigeng2
V038_Qingniantehao	V038_Qingniantehao	canonical	mechanical_normalization	1	v038qingniantehao
V039_Fengchan9	V039_Fengchan9	canonical	mechanical_normalization	1	v039fengchan9
V040_yukihikari	V040_yukihikari	canonical	mechanical_normalization	1	v040yukihikari
V041_yukara	V041_yukara	canonical	mechanical_normalization	1	v041yukara
V042_Jouiku_397	V042_Jouiku_397	canonical	mechanical_normalization	1	v042jouiku397
V043_yunami	V043_yunami	canonical	mechanical_normalization	1	v043yunami
V044_mastumae	V044_mastumae	canonical	mechanical_normalization	1	v044mastumae
V045_sinsestu	V045_sinsestu	canonical	mechanical_normalization	1	v045sinsestu
V046_yukimochi	V046_yukimochi	canonical	mechanical_normalization	1	v046yukimochi
V047_hamaasahi	V047_hamaasahi	canonical	mechanical_normalization	1	v047hamaasahi
V048_honenwase	V048_honenwase	canonical	mechanical_normalization	1	v048honenwase
V049_fuchihikari	V049_fuchihikari	canonical	mechanical_normalization	1	v049fuchihikari
V050_Dongnong413	V050_Dongnong413	canonical	mechanical_normalization	1	v050dongnong413
V051_Mudanjiang19	V051_Mudanjiang19	canonical	mechanical_normalization	1	v051mudanjiang19
V052_Xixuan1	V052_Xixuan1	canonical	mechanical_normalization	1	v052xixuan1
V053_Hei0200	V053_Hei0200	canonical	mechanical_normalization	1	v053hei0200
V054_Hei0201	V054_Hei0201	canonical	mechanical_normalization	1	v054hei0201
V055_Kendao8	V055_Kendao8	canonical	mechanical_normalization	1	v055kendao8
V056_Kendao9	V056_Kendao9	canonical	mechanical_normalization	1	v056kendao9
V057_Kendao12	V057_Kendao12	canonical	mechanical_normalization	1	v057kendao12
V058_Kendao14	V058_Kendao14	canonical	mechanical_normalization	1	v058kendao14
V059_Kendao20	V059_Kendao20	canonical	mechanical_normalization	1	v059kendao20
V060_Kendao21	V060_Kendao21	canonical	mechanical_normalization	1	v060kendao21
V061_Kenjiandao3	V061_Kenjiandao3	canonical	mechanical_normalization	1	v061kenjiandao3
V062_Kenjiandao6	V062_Kenjiandao6	canonical	mechanical_normalization	1	v062kenjiandao6
V063_Kenjiandao13	V063_Kenjiandao13	canonical	mechanical_normalization	1	v063kenjiandao13
V064_Kengeng04-1031	V064_Kengeng04-1031	canonical	mechanical_normalization	1	v064kengeng041031
V065_Kendao07-193	V065_Kendao07-193	canonical	mechanical_normalization	1	v065kendao07193
V066_Kendao07-774	V066_Kendao07-774	canonical	mechanical_normalization	1	v066kendao07774
V067_Kendao07-921	V067_Kendao07-921	canonical	mechanical_normalization	1	v067kendao07921
V068_Kendao07-1630	V068_Kendao07-1630	canonical	mechanical_normalization	1	v068kendao071630
V069_Kendao07-2249	V069_Kendao07-2249	canonical	mechanical_normalization	1	v069kendao072249
V070_Ken06-792	V070_Ken06-792	canonical	mechanical_normalization	1	v070ken06792
V071_Ken07-572	V071_Ken07-572	canonical	mechanical_normalization	1	v071ken07572
V072_Ken07-769	V072_Ken07-769	canonical	mechanical_normalization	1	v072ken07769
V073_Kenxi013	V073_Kenxi013	canonical	mechanical_normalization	1	v073kenxi013
V074_Kuiku131	V074_Kuiku131	canonical	mechanical_normalization	1	v074kuiku131
V075_Longgeng3	V075_Longgeng3	canonical	mechanical_normalization	1	v075longgeng3
V076_Longgeng8	V076_Longgeng8	canonical	mechanical_normalization	1	v076longgeng8
V077_Longgeng9	V077_Longgeng9	canonical	mechanical_normalization	1	v077longgeng9
V078_Longgeng10	V078_Longgeng10	canonical	mechanical_normalization	1	v078longgeng10
V079_Longgeng11	V079_Longgeng11	canonical	mechanical_normalization	1	v079longgeng11
V080_Longgeng12	V080_Longgeng12	canonical	mechanical_normalization	1	v080longgeng12
V081_Longgeng13	V081_Longgeng13	canonical	mechanical_normalization	1	v081longgeng13
V082_Longgeng14	V082_Longgeng14	canonical	mechanical_normalization	1	v082longgeng14
V083_Longgeng15	V083_Longgeng15	canonical	mechanical_normalization	1	v083longgeng15
V084_Longgeng16	V084_Longgeng16	canonical	mechanical_normalization	1	v084longgeng16
V085_Longgeng17	V085_Longgeng17	canonical	mechanical_normalization	1	v085longgeng17
V086_Longgeng19	V086_Longgeng19	canonical	mechanical_normalization	1	v086longgeng19
V087_Longgeng20	V087_Longgeng20	canonical	mechanical_normalization	1	v087longgeng20
V088_Longgeng21	V088_Longgeng21	canonical	mechanical_normalization	1	v088longgeng21
V089_Longgeng22	V089_Longgeng22	canonical	mechanical_normalization	1	v089longgeng22
V090_Longgeng23	V090_Longgeng23	canonical	mechanical_normalization	1	v090longgeng23
V091_Longgeng24	V091_Longgeng24	canonical	mechanical_normalization	1	v091longgeng24
V092_Longgeng25	V092_Longgeng25	canonical	mechanical_normalization	1	v092longgeng25
V093_Longgeng26	V093_Longgeng26	canonical	mechanical_normalization	1	v093longgeng26
V094_Longgeng27	V094_Longgeng27	canonical	mechanical_normalization	1	v094longgeng27
V095_Longgeng28	V095_Longgeng28	canonical	mechanical_normalization	1	v095longgeng28
V096_Longgeng29	V096_Longgeng29	canonical	mechanical_normalization	1	v096longgeng29
V097_Longgengxiang1	V097_Longgengxiang1	canonical	mechanical_normalization	1	v097longgengxiang1
V098_Longhua01-687	V098_Longhua01-687	canonical	mechanical_normalization	1	v098longhua01687
V099_Longhua05-379	V099_Longhua05-379	canonical	mechanical_normalization	1	v099longhua05379
V1	V1	canonical	mechanical_normalization	1	v1
V100_Longhua00-485	V100_Longhua00-485	canonical	mechanical_normalization	1	v100longhua00485
V101_Longjiao04-2637	V101_Longjiao04-2637	canonical	mechanical_normalization	1	v101longjiao042637
V102_Longjiao04-908	V102_Longjiao04-908	canonical	mechanical_normalization	1	v102longjiao04908
V103_Longjiao06-192	V103_Longjiao06-192	canonical	mechanical_normalization	1	v103longjiao06192
V104_Longjiao9603	V104_Longjiao9603	canonical	mechanical_normalization	1	v104longjiao9603
V105_Longsheng01-028-2	V105_Longsheng01-028-2	canonical	mechanical_normalization	1	v105longsheng010282
V106_Longsheng01-107	V106_Longsheng01-107	canonical	mechanical_normalization	1	v106longsheng01107
V107_Longyu05-158	V107_Longyu05-158	canonical	mechanical_normalization	1	v107longyu05158
V108_Longfeng05-191	V108_Longfeng05-191	canonical	mechanical_normalization	1	v108longfeng05191
V109_Longzu01-4160	V109_Longzu01-4160	canonical	mechanical_normalization	1	v109longzu014160
V110_Longnuo2	V110_Longnuo2	canonical	mechanical_normalization	1	v110longnuo2
V113_Longdao1	V113_Longdao1	canonical	mechanical_normalization	1	v113longdao1
V114_Longdao3	V114_Longdao3	canonical	mechanical_normalization	1	v114longdao3
V115_Longdao4	V115_Longdao4	canonical	mechanical_normalization	1	v115longdao4
V116_Longdao5	V116_Longdao5	canonical	mechanical_normalization	1	v116longdao5
V117_Longdao6	V117_Longdao6	canonical	mechanical_normalization	1	v117longdao6
V118_Longdao7	V118_Longdao7	canonical	mechanical_normalization	1	v118longdao7
V119_Longdao8	V119_Longdao8	canonical	mechanical_normalization	1	v119longdao8
V120_Longdao9	V120_Longdao9	canonical	mechanical_normalization	1	v120longdao9
V121_Beidao1	V121_Beidao1	canonical	mechanical_normalization	1	v121beidao1
V122_Beidao2	V122_Beidao2	canonical	mechanical_normalization	1	v122beidao2
V123_Beidao3	V123_Beidao3	canonical	mechanical_normalization	1	v123beidao3
V124_Suigeng3	V124_Suigeng3	canonical	mechanical_normalization	1	v124suigeng3
V125_Suigeng4	V125_Suigeng4	canonical	mechanical_normalization	1	v125suigeng4
V126_Suigeng5	V126_Suigeng5	canonical	mechanical_normalization	1	v126suigeng5
V127_Suigeng6	V127_Suigeng6	canonical	mechanical_normalization	1	v127suigeng6
V128_Suigeng7	V128_Suigeng7	canonical	mechanical_normalization	1	v128suigeng7
V129_Suigeng8	V129_Suigeng8	canonical	mechanical_normalization	1	v129suigeng8
V130_Suigeng9	V130_Suigeng9	canonical	mechanical_normalization	1	v130suigeng9
V131_Suigeng10	V131_Suigeng10	canonical	mechanical_normalization	1	v131suigeng10
V132_Sui5348	V132_Sui5348	canonical	mechanical_normalization	1	v132sui5348
V133_Sui7365	V133_Sui7365	canonical	mechanical_normalization	1	v133sui7365
V134_Sui02-6173	V134_Sui02-6173	canonical	mechanical_normalization	1	v134sui026173
V135_Sui6047	V135_Sui6047	canonical	mechanical_normalization	1	v135sui6047
V136_Sui298	V136_Sui298	canonical	mechanical_normalization	1	v136sui298
V137_Sui91-5193	V137_Sui91-5193	canonical	mechanical_normalization	1	v137sui915193
V138_Sui93-6165	V138_Sui93-6165	canonical	mechanical_normalization	1	v138sui936165
V139_Suixiang05-967	V139_Suixiang05-967	canonical	mechanical_normalization	1	v139suixiang05967
V140_Suinuo05-721	V140_Suinuo05-721	canonical	mechanical_normalization	1	v140suinuo05721
V141_Longdun93-389	V141_Longdun93-389	canonical	mechanical_normalization	1	v141longdun93389
V142_Longdun102	V142_Longdun102	canonical	mechanical_normalization	1	v142longdun102
V143_Longdun104	V143_Longdun104	canonical	mechanical_normalization	1	v143longdun104
V144_Longdun105	V144_Longdun105	canonical	mechanical_normalization	1	v144longdun105
V145_Nongda04-006	V145_Nongda04-006	canonical	mechanical_normalization	1	v145nongda04006
V146_Nongda04-009	V146_Nongda04-009	canonical	mechanical_normalization	1	v146nongda04009
V147_Nongda05-030	V147_Nongda05-030	canonical	mechanical_normalization	1	v147nongda05030
V148_Nongda05-109	V148_Nongda05-109	canonical	mechanical_normalization	1	v148nongda05109
V149_Nongda99D004	V149_Nongda99D004	canonical	mechanical_normalization	1	v149nongda99d004
V150_Mudanjiang8	V150_Mudanjiang8	canonical	mechanical_normalization	1	v150mudanjiang8
V151_Mudanjiang12	V151_Mudanjiang12	canonical	mechanical_normalization	1	v151mudanjiang12
V152_Mudanjiang20	V152_Mudanjiang20	canonical	mechanical_normalization	1	v152mudanjiang20
V153_Mudanjiang26	V153_Mudanjiang26	canonical	mechanical_normalization	1	v153mudanjiang26
V154_Mudanjiang27	V154_Mudanjiang27	canonical	mechanical_normalization	1	v154mudanjiang27
V155_Mudanjiang28	V155_Mudanjiang28	canonical	mechanical_normalization	1	v155mudanjiang28
V156_Mudanjiang29	V156_Mudanjiang29	canonical	mechanical_normalization	1	v156mudanjiang29
V157_Mudanjiang30	V157_Mudanjiang30	canonical	mechanical_normalization	1	v157mudanjiang30
V158_Mu04-1325	V158_Mu04-1325	canonical	mechanical_normalization	1	v158mu041325
V159_Mu1328	V159_Mu1328	canonical	mechanical_normalization	1	v159mu1328
V160_Mu05-1601	V160_Mu05-1601	canonical	mechanical_normalization	1	v160mu051601
V161_Mu06-1188	V161_Mu06-1188	canonical	mechanical_normalization	1	v161mu061188
V162_Songgeng1	V162_Songgeng1	canonical	mechanical_normalization	1	v162songgeng1
V163_Songgeng2	V163_Songgeng2	canonical	mechanical_normalization	1	v163songgeng2
V164_Songgeng3	V164_Songgeng3	canonical	mechanical_normalization	1	v164songgeng3
V165_Songgeng5	V165_Songgeng5	canonical	mechanical_normalization	1	v165songgeng5
V166_Songgeng6	V166_Songgeng6	canonical	mechanical_normalization	1	v166songgeng6
V167_Songgeng9	V167_Songgeng9	canonical	mechanical_normalization	1	v167songgeng9
V168_Songgeng10	V168_Songgeng10	canonical	mechanical_normalization	1	v168songgeng10
V169_fukei_198	V169_fukei_198	canonical	mechanical_normalization	1	v169fukei198
V170_Song5123	V170_Song5123	canonical	mechanical_normalization	1	v170song5123
V171_Song98-131	V171_Song98-131	canonical	mechanical_normalization	1	v171song98131
V172_Song02-212	V172_Song02-212	canonical	mechanical_normalization	1	v172song02212
V173_Song02-811	V173_Song02-811	canonical	mechanical_normalization	1	v173song02811
V174_Song02-816	V174_Song02-816	canonical	mechanical_normalization	1	v174song02816
V175_Song01-173	V175_Song01-173	canonical	mechanical_normalization	1	v175song01173
V176_Song198	V176_Song198	canonical	mechanical_normalization	1	v176song198
V177_Changlixiang	V177_Changlixiang	canonical	mechanical_normalization	1	v177changlixiang
V178_Mu02-1319	V178_Mu02-1319	canonical	mechanical_normalization	1	v178mu021319
V179_Yinyou	V179_Yinyou	canonical	mechanical_normalization	1	v179yinyou
V180_Wuyoudao1	V180_Wuyoudao1	canonical	mechanical_normalization	1	v180wuyoudao1
V181_Wuyoudao3	V181_Wuyoudao3	canonical	mechanical_normalization	1	v181wuyoudao3
V182_Wuyoudao4	V182_Wuyoudao4	canonical	mechanical_normalization	1	v182wuyoudao4
V183_Punian7	V183_Punian7	canonical	mechanical_normalization	1	v183punian7
V184_Puyou9	V184_Puyou9	canonical	mechanical_normalization	1	v184puyou9
V185_Puyou12	V185_Puyou12	canonical	mechanical_normalization	1	v185puyou12
V186_Puyou17	V186_Puyou17	canonical	mechanical_normalization	1	v186puyou17
V187_Puyou18	V187_Puyou18	canonical	mechanical_normalization	1	v187puyou18
V188_Puxuan10	V188_Puxuan10	canonical	mechanical_normalization	1	v188puxuan10
V189_Puxuan24	V189_Puxuan24	canonical	mechanical_normalization	1	v189puxuan24
V190_Sasanishiki	V190_Sasanishiki	canonical	mechanical_normalization	1	v190sasanishiki
V191_Fugeng24	V191_Fugeng24	canonical	mechanical_normalization	1	v191fugeng24
V192_Dongnong415	V192_Dongnong415	canonical	mechanical_normalization	1	v192dongnong415
V193_Dongnong416	V193_Dongnong416	canonical	mechanical_normalization	1	v193dongnong416
V194_Dongnong418	V194_Dongnong418	canonical	mechanical_normalization	1	v194dongnong418
V195_Dongnong419	V195_Dongnong419	canonical	mechanical_normalization	1	v195dongnong419
V196_Dongnong420	V196_Dongnong420	canonical	mechanical_normalization	1	v196dongnong420
V197_Dongnong421	V197_Dongnong421	canonical	mechanical_normalization	1	v197dongnong421
V198_Dongnong422	V198_Dongnong422	canonical	mechanical_normalization	1	v198dongnong422
V199_Dongnong423	V199_Dongnong423	canonical	mechanical_normalization	1	v199dongnong423
V2	V2	canonical	mechanical_normalization	1	v2
V200_Dongnong424	V200_Dongnong424	canonical	mechanical_normalization	1	v200dongnong424
V201_Dongnong425	V201_Dongnong425	canonical	mechanical_normalization	1	v201dongnong425
V202_Dongnong426	V202_Dongnong426	canonical	mechanical_normalization	1	v202dongnong426
V203_Dongnong427	V203_Dongnong427	canonical	mechanical_normalization	1	v203dongnong427
V204_Dongnong428	V204_Dongnong428	canonical	mechanical_normalization	1	v204dongnong428
V205_Dongnong429	V205_Dongnong429	canonical	mechanical_normalization	1	v205dongnong429
V206_Dongnong430	V206_Dongnong430	canonical	mechanical_normalization	1	v206dongnong430
V207_4227_Fushiguang	V207_4227_Fushiguang	canonical	mechanical_normalization	1	v2074227fushiguang
V208_Dongnong4201	V208_Dongnong4201	canonical	mechanical_normalization	1	v208dongnong4201
V209_Dongnong6212	V209_Dongnong6212	canonical	mechanical_normalization	1	v209dongnong6212
V20A	V20A	canonical	mechanical_normalization	1	v20a
V20B	V20B	canonical	mechanical_normalization	1	v20b
V210_Dongnong7007	V210_Dongnong7007	canonical	mechanical_normalization	1	v210dongnong7007
V211_Dongnong7009	V211_Dongnong7009	canonical	mechanical_normalization	1	v211dongnong7009
V212_Dongnong71-51	V212_Dongnong71-51	canonical	mechanical_normalization	1	v212dongnong7151
V213_Dongnong8011	V213_Dongnong8011	canonical	mechanical_normalization	1	v213dongnong8011
V214_Dongnong84-14	V214_Dongnong84-14	canonical	mechanical_normalization	1	v214dongnong8414
V215_Dongnong86-12	V215_Dongnong86-12	canonical	mechanical_normalization	1	v215dongnong8612
V216_Dongnong9006	V216_Dongnong9006	canonical	mechanical_normalization	1	v216dongnong9006
V217_Dongnong9008	V217_Dongnong9008	canonical	mechanical_normalization	1	v217dongnong9008
V218_Dongnong9101	V218_Dongnong9101	canonical	mechanical_normalization	1	v218dongnong9101
V219_Dongnong91-11	V219_Dongnong91-11	canonical	mechanical_normalization	1	v219dongnong9111
V220_Dongnong9202	V220_Dongnong9202	canonical	mechanical_normalization	1	v220dongnong9202
V221_Dongnong92-11	V221_Dongnong92-11	canonical	mechanical_normalization	1	v221dongnong9211
V222_Dongnong92-13	V222_Dongnong92-13	canonical	mechanical_normalization	1	v222dongnong9213
V223_Dongnong92-15	V223_Dongnong92-15	canonical	mechanical_normalization	1	v223dongnong9215
V224_Dongnong9220	V224_Dongnong9220	canonical	mechanical_normalization	1	v224dongnong9220
V225_Dongnong9229	V225_Dongnong9229	canonical	mechanical_normalization	1	v225dongnong9229
V226_Dongnong9602	V226_Dongnong9602	canonical	mechanical_normalization	1	v226dongnong9602
V227_TijinxMu230	V227_TijinxMu230	canonical	mechanical_normalization	1	v227tijinxmu230
V228_Chang002	V228_Chang002	canonical	mechanical_normalization	1	v228chang002
V229_Chang004	V229_Chang004	canonical	mechanical_normalization	1	v229chang004
V230_Chang005	V230_Chang005	canonical	mechanical_normalization	1	v230chang005
V231_Changxuan10	V231_Changxuan10	canonical	mechanical_normalization	1	v231changxuan10
V232_Jiudao33	V232_Jiudao33	canonical	mechanical_normalization	1	v232jiudao33
V233_Jiudao6	V233_Jiudao6	canonical	mechanical_normalization	1	v233jiudao6
V234_Jiudao8	V234_Jiudao8	canonical	mechanical_normalization	1	v234jiudao8
V235_Jiudao46	V235_Jiudao46	canonical	mechanical_normalization	1	v235jiudao46
V236_Jiudao58	V236_Jiudao58	canonical	mechanical_normalization	1	v236jiudao58
V237_Changbai5	V237_Changbai5	canonical	mechanical_normalization	1	v237changbai5
V238_Changbai6	V238_Changbai6	canonical	mechanical_normalization	1	v238changbai6
V239_Changbai7	V239_Changbai7	canonical	mechanical_normalization	1	v239changbai7
V240_Changbai9	V240_Changbai9	canonical	mechanical_normalization	1	v240changbai9
V241_Changbai10	V241_Changbai10	canonical	mechanical_normalization	1	v241changbai10
V242_Changbai11	V242_Changbai11	canonical	mechanical_normalization	1	v242changbai11
V243_Changbai12	V243_Changbai12	canonical	mechanical_normalization	1	v243changbai12
V244_Changbai13	V244_Changbai13	canonical	mechanical_normalization	1	v244changbai13
V245_Changbai14	V245_Changbai14	canonical	mechanical_normalization	1	v245changbai14
V246_Changbai15	V246_Changbai15	canonical	mechanical_normalization	1	v246changbai15
V247_Changbai16	V247_Changbai16	canonical	mechanical_normalization	1	v247changbai16
V248_Changbai17	V248_Changbai17	canonical	mechanical_normalization	1	v248changbai17
V249_Chaochan1	V249_Chaochan1	canonical	mechanical_normalization	1	v249chaochan1
V250_Chaochan2	V250_Chaochan2	canonical	mechanical_normalization	1	v250chaochan2
V251_Gongjiao13	V251_Gongjiao13	canonical	mechanical_normalization	1	v251gongjiao13
V252_Hanjiu	V252_Hanjiu	canonical	mechanical_normalization	1	v252hanjiu
V253_Jigeng46	V253_Jigeng46	canonical	mechanical_normalization	1	v253jigeng46
V254_Jigeng61	V254_Jigeng61	canonical	mechanical_normalization	1	v254jigeng61
V255_Jigeng63	V255_Jigeng63	canonical	mechanical_normalization	1	v255jigeng63
V256_Jigeng69	V256_Jigeng69	canonical	mechanical_normalization	1	v256jigeng69
V257_Jigeng74	V257_Jigeng74	canonical	mechanical_normalization	1	v257jigeng74
V258_Jigeng77	V258_Jigeng77	canonical	mechanical_normalization	1	v258jigeng77
V259_Jigeng79	V259_Jigeng79	canonical	mechanical_normalization	1	v259jigeng79
V260_Jigeng82	V260_Jigeng82	canonical	mechanical_normalization	1	v260jigeng82
V261_Jigeng83	V261_Jigeng83	canonical	mechanical_normalization	1	v261jigeng83
V262_Jigeng85	V262_Jigeng85	canonical	mechanical_normalization	1	v262jigeng85
V263_Jigeng86	V263_Jigeng86	canonical	mechanical_normalization	1	v263jigeng86
V264_Jigeng87	V264_Jigeng87	canonical	mechanical_normalization	1	v264jigeng87
V265_Jigeng88	V265_Jigeng88	canonical	mechanical_normalization	1	v265jigeng88
V266_Jigeng101	V266_Jigeng101	canonical	mechanical_normalization	1	v266jigeng101
V267_Jigeng102	V267_Jigeng102	canonical	mechanical_normalization	1	v267jigeng102
V268_Jigeng105	V268_Jigeng105	canonical	mechanical_normalization	1	v268jigeng105
V269_Jigeng106	V269_Jigeng106	canonical	mechanical_normalization	1	v269jigeng106
V270_Jigeng502	V270_Jigeng502	canonical	mechanical_normalization	1	v270jigeng502
V271_Zupei64	V271_Zupei64	canonical	mechanical_normalization	1	v271zupei64
V272_Jiyugeng	V272_Jiyugeng	canonical	mechanical_normalization	1	v272jiyugeng
V273_Jinian4	V273_Jinian4	canonical	mechanical_normalization	1	v273jinian4
V274_Xinnian1	V274_Xinnian1	canonical	mechanical_normalization	1	v274xinnian1
V275_Jiaonian1	V275_Jiaonian1	canonical	mechanical_normalization	1	v275jiaonian1
V276_Ji86-11	V276_Ji86-11	canonical	mechanical_normalization	1	v276ji8611
V277_Ji89-63	V277_Ji89-63	canonical	mechanical_normalization	1	v277ji8963
V278_Jifeng28	V278_Jifeng28	canonical	mechanical_normalization	1	v278jifeng28
V279_Jiheigeng	V279_Jiheigeng	canonical	mechanical_normalization	1	v279jiheigeng
V28-399	V28-399	canonical	mechanical_normalization	1	v28399
V280_Shuangfeng8	V280_Shuangfeng8	canonical	mechanical_normalization	1	v280shuangfeng8
V281_Fengyou4	V281_Fengyou4	canonical	mechanical_normalization	1	v281fengyou4
V282_Fengyou205	V282_Fengyou205	canonical	mechanical_normalization	1	v282fengyou205
V283_Fengyou301	V283_Fengyou301	canonical	mechanical_normalization	1	v283fengyou301
V284_Fengyou305	V284_Fengyou305	canonical	mechanical_normalization	1	v284fengyou305
V285_Fengyou503	V285_Fengyou503	canonical	mechanical_normalization	1	v285fengyou503
V286_Pinnuo19	V286_Pinnuo19	canonical	mechanical_normalization	1	v286pinnuo19
V287_Teyou12	V287_Teyou12	canonical	mechanical_normalization	1	v287teyou12
V288_Teyou13	V288_Teyou13	canonical	mechanical_normalization	1	v288teyou13
V289_Teyou14	V289_Teyou14	canonical	mechanical_normalization	1	v289teyou14
V290_Teyou16	V290_Teyou16	canonical	mechanical_normalization	1	v290teyou16
V291_Teyou18	V291_Teyou18	canonical	mechanical_normalization	1	v291teyou18
V292_Teyou21	V292_Teyou21	canonical	mechanical_normalization	1	v292teyou21
V293_Tenian2	V293_Tenian2	canonical	mechanical_normalization	1	v293tenian2
V294_99-F-41	V294_99-F-41	canonical	mechanical_normalization	1	v29499f41
V295_Songliao1	V295_Songliao1	canonical	mechanical_normalization	1	v295songliao1
V296_Songliao2	V296_Songliao2	canonical	mechanical_normalization	1	v296songliao2
V297_Jinongda3	V297_Jinongda3	canonical	mechanical_normalization	1	v297jinongda3
V298_Nongda19	V298_Nongda19	canonical	mechanical_normalization	1	v298nongda19
V299_Tonggeng611	V299_Tonggeng611	canonical	mechanical_normalization	1	v299tonggeng611
V300_Tongyu112	V300_Tongyu112	canonical	mechanical_normalization	1	v300tongyu112
V301_Tongyu139	V301_Tongyu139	canonical	mechanical_normalization	1	v301tongyu139
V302_Tongyu211	V302_Tongyu211	canonical	mechanical_normalization	1	v302tongyu211
V303_Tongyu241	V303_Tongyu241	canonical	mechanical_normalization	1	v303tongyu241
V304_Tongyu250	V304_Tongyu250	canonical	mechanical_normalization	1	v304tongyu250
V305_Tongyu302	V305_Tongyu302	canonical	mechanical_normalization	1	v305tongyu302
V306_Tongyu313	V306_Tongyu313	canonical	mechanical_normalization	1	v306tongyu313
V307_Tongyu316	V307_Tongyu316	canonical	mechanical_normalization	1	v307tongyu316
V308_Tongyu317	V308_Tongyu317	canonical	mechanical_normalization	1	v308tongyu317
V309_Tongyu318	V309_Tongyu318	canonical	mechanical_normalization	1	v309tongyu318
V310_Tongyu329	V310_Tongyu329	canonical	mechanical_normalization	1	v310tongyu329
V311_Tongyu3293	V311_Tongyu3293	canonical	mechanical_normalization	1	v311tongyu3293
V312_Tongyu329-3	V312_Tongyu329-3	canonical	mechanical_normalization	1	v312tongyu3293
V313_Tongyu403	V313_Tongyu403	canonical	mechanical_normalization	1	v313tongyu403
V314_Tongyu503	V314_Tongyu503	canonical	mechanical_normalization	1	v314tongyu503
V315_Yan301	V315_Yan301	canonical	mechanical_normalization	1	v315yan301
V316_Yan304	V316_Yan304	canonical	mechanical_normalization	1	v316yan304
V317_Yan401	V317_Yan401	canonical	mechanical_normalization	1	v317yan401
V318_Yan87-29	V318_Yan87-29	canonical	mechanical_normalization	1	v318yan8729
V319_Yangeng13	V319_Yangeng13	canonical	mechanical_normalization	1	v319yangeng13
V320_Yangeng19	V320_Yangeng19	canonical	mechanical_normalization	1	v320yangeng19
V321_Yangeng105	V321_Yangeng105	canonical	mechanical_normalization	1	v321yangeng105
V322_Shengeng9	V322_Shengeng9	canonical	mechanical_normalization	1	v322shengeng9
V323_Dangeng8	V323_Dangeng8	canonical	mechanical_normalization	1	v323dangeng8
V324_Dan137	V324_Dan137	canonical	mechanical_normalization	1	v324dan137
V325_Kaigeng2	V325_Kaigeng2	canonical	mechanical_normalization	1	v325kaigeng2
V326_Kaigeng3	V326_Kaigeng3	canonical	mechanical_normalization	1	v326kaigeng3
V327_Liaogeng5	V327_Liaogeng5	canonical	mechanical_normalization	1	v327liaogeng5
V328_Liaogeng421	V328_Liaogeng421	canonical	mechanical_normalization	1	v328liaogeng421
V329_Liaogeng912	V329_Liaogeng912	canonical	mechanical_normalization	1	v329liaogeng912
V330_Liaoxing6	V330_Liaoxing6	canonical	mechanical_normalization	1	v330liaoxing6
V331_Liaoxing10	V331_Liaoxing10	canonical	mechanical_normalization	1	v331liaoxing10
V332_Liaoxing12	V332_Liaoxing12	canonical	mechanical_normalization	1	v332liaoxing12
V334_Liaoyou7	V334_Liaoyou7	canonical	mechanical_normalization	1	v334liaoyou7
V335_Liaoyan16	V335_Liaoyan16	canonical	mechanical_normalization	1	v335liaoyan16
V336_Liaoyan166	V336_Liaoyan166	canonical	mechanical_normalization	1	v336liaoyan166
V337_Liaoyan241	V337_Liaoyan241	canonical	mechanical_normalization	1	v337liaoyan241
V338_Liaoyan282	V338_Liaoyan282	canonical	mechanical_normalization	1	v338liaoyan282
V339_Liaoyan283	V339_Liaoyan283	canonical	mechanical_normalization	1	v339liaoyan283
V340_Liaoyannuo	V340_Liaoyannuo	canonical	mechanical_normalization	1	v340liaoyannuo
V341_Qianchonglang	V341_Qianchonglang	canonical	mechanical_normalization	1	v341qianchonglang
V342_Shendao9	V342_Shendao9	canonical	mechanical_normalization	1	v342shendao9
V343_Shennong129	V343_Shennong129	canonical	mechanical_normalization	1	v343shennong129
V344_Shenxiangnuo	V344_Shenxiangnuo	canonical	mechanical_normalization	1	v344shenxiangnuo
V345_etsuu_334	V345_etsuu_334	canonical	mechanical_normalization	1	v345etsuu334
V346_etsuu_394	V346_etsuu_394	canonical	mechanical_normalization	1	v346etsuu394
V347_shimahikari	V347_shimahikari	canonical	mechanical_normalization	1	v347shimahikari
V348_fuchihikari	V348_fuchihikari	canonical	mechanical_normalization	1	v348fuchihikari
V349_isaomochi	V349_isaomochi	canonical	mechanical_normalization	1	v349isaomochi
V350_sugaruasahi	V350_sugaruasahi	canonical	mechanical_normalization	1	v350sugaruasahi
V351_reimei	V351_reimei	canonical	mechanical_normalization	1	v351reimei
V352_satonouta	V352_satonouta	canonical	mechanical_normalization	1	v352satonouta
V353_rikuukomachi	V353_rikuukomachi	canonical	mechanical_normalization	1	v353rikuukomachi
V354_akihikari	V354_akihikari	canonical	mechanical_normalization	1	v354akihikari
V355_akitakomachi	V355_akitakomachi	canonical	mechanical_normalization	1	v355akitakomachi
V356_nipponbare	V356_nipponbare	canonical	mechanical_normalization	1	v356nipponbare
V357_yamakata_26	V357_yamakata_26	canonical	mechanical_normalization	1	v357yamakata26
V358_yamakata_86	V358_yamakata_86	canonical	mechanical_normalization	1	v358yamakata86
V359_sasanishiki	V359_sasanishiki	canonical	mechanical_normalization	1	v359sasanishiki
V360_sasashigure	V360_sasashigure	canonical	mechanical_normalization	1	v360sasashigure
V361_fuchisaka_5	V361_fuchisaka_5	canonical	mechanical_normalization	1	v361fuchisaka5
V362_fuchiminori	V362_fuchiminori	canonical	mechanical_normalization	1	v362fuchiminori
V363_fukei_138	V363_fukei_138	canonical	mechanical_normalization	1	v363fukei138
V364_fukei_144	V364_fukei_144	canonical	mechanical_normalization	1	v364fukei144
V365_fukei_168	V365_fukei_168	canonical	mechanical_normalization	1	v365fukei168
V366_fukei_180	V366_fukei_180	canonical	mechanical_normalization	1	v366fukei180
V367_fukei_198	V367_fukei_198	canonical	mechanical_normalization	1	v367fukei198
V368_tentai	V368_tentai	canonical	mechanical_normalization	1	v368tentai
V369_tieludao	V369_tieludao	canonical	mechanical_normalization	1	v369tieludao
V370_maihime	V370_maihime	canonical	mechanical_normalization	1	v370maihime
V371_iwanishki	V371_iwanishki	canonical	mechanical_normalization	1	v371iwanishki
V372_hitomebore	V372_hitomebore	canonical	mechanical_normalization	1	v372hitomebore
V373_waseaikoku_3	V373_waseaikoku_3	canonical	mechanical_normalization	1	v373waseaikoku3
V374_pyeongyang	V374_pyeongyang	canonical	mechanical_normalization	1	v374pyeongyang
V375_hamnam_23	V375_hamnam_23	canonical	mechanical_normalization	1	v375hamnam23
V376_geuroobyeo	V376_geuroobyeo	canonical	mechanical_normalization	1	v376geuroobyeo
V377_gumoh	V377_gumoh	canonical	mechanical_normalization	1	v377gumoh
V378_He2000-312-2	V378_He2000-312-2	canonical	mechanical_normalization	1	v378he20003122
V379_doonnaebyeo	V379_doonnaebyeo	canonical	mechanical_normalization	1	v379doonnaebyeo
V380_mananbyeo	V380_mananbyeo	canonical	mechanical_normalization	1	v380mananbyeo
V381_manchoo	V381_manchoo	canonical	mechanical_normalization	1	v381manchoo
V382_moonzangbyeo	V382_moonzangbyeo	canonical	mechanical_normalization	1	v382moonzangbyeo
V383_sambaekbyeo	V383_sambaekbyeo	canonical	mechanical_normalization	1	v383sambaekbyeo
V384_samchun	V384_samchun	canonical	mechanical_normalization	1	v384samchun
V385_sangmibyeo	V385_sangmibyeo	canonical	mechanical_normalization	1	v385sangmibyeo
V386_sangsan	V386_sangsan	canonical	mechanical_normalization	1	v386sangsan
V387_sangju	V387_sangju	canonical	mechanical_normalization	1	v387sangju
V388_sangzoochal	V388_sangzoochal	canonical	mechanical_normalization	1	v388sangzoochal
V389_sinsangzoo	V389_sinsangzoo	canonical	mechanical_normalization	1	v389sinsangzoo
V390_sobaek	V390_sobaek	canonical	mechanical_normalization	1	v390sobaek
V391_sinwoonbong	V391_sinwoonbong	canonical	mechanical_normalization	1	v391sinwoonbong
V392_otaebyeo	V392_otaebyeo	canonical	mechanical_normalization	1	v392otaebyeo
V393_ohbong	V393_ohbong	canonical	mechanical_normalization	1	v393ohbong
V394_woondoo	V394_woondoo	canonical	mechanical_normalization	1	v394woondoo
V395_woonbong	V395_woonbong	canonical	mechanical_normalization	1	v395woonbong
V396_woonzang	V396_woonzang	canonical	mechanical_normalization	1	v396woonzang
V397_inwoul	V397_inwoul	canonical	mechanical_normalization	1	v397inwoul
V398_hongzinzoo	V398_hongzinzoo	canonical	mechanical_normalization	1	v398hongzinzoo
V399_zaorim	V399_zaorim	canonical	mechanical_normalization	1	v399zaorim
V400_joongsan	V400_joongsan	canonical	mechanical_normalization	1	v400joongsan
V401_joonghua	V401_joonghua	canonical	mechanical_normalization	1	v401joonghua
V402_jinmee	V402_jinmee	canonical	mechanical_normalization	1	v402jinmee
V403_jinboo	V403_jinboo	canonical	mechanical_normalization	1	v403jinboo
V404_oljinboo	V404_oljinboo	canonical	mechanical_normalization	1	v404oljinboo
V405_jinboochal	V405_jinboochal	canonical	mechanical_normalization	1	v405jinboochal
V406_taebong	V406_taebong	canonical	mechanical_normalization	1	v406taebong
V407_huadong	V407_huadong	canonical	mechanical_normalization	1	v407huadong
V408_jinboo_13	V408_jinboo_13	canonical	mechanical_normalization	1	v408jinboo13
V409_jinboo_15	V409_jinboo_15	canonical	mechanical_normalization	1	v409jinboo15
V410_jinboo_19	V410_jinboo_19	canonical	mechanical_normalization	1	v410jinboo19
V411_jinboo_1	V411_jinboo_1	canonical	mechanical_normalization	1	v411jinboo1
V412_jinboo_12	V412_jinboo_12	canonical	mechanical_normalization	1	v412jinboo12
V413_jinboo_11	V413_jinboo_11	canonical	mechanical_normalization	1	v413jinboo11
V414_Jiahezaozhan	V414_Jiahezaozhan	canonical	mechanical_normalization	1	v414jiahezaozhan
V415_Daobei47	V415_Daobei47	canonical	mechanical_normalization	1	v415daobei47
V416_Hedan096	V416_Hedan096	canonical	mechanical_normalization	1	v416hedan096
V417_09-1454	V417_09-1454	canonical	mechanical_normalization	1	v417091454
V418_Heigeng360	V418_Heigeng360	canonical	mechanical_normalization	1	v418heigeng360
V419_Dongbei15	V419_Dongbei15	canonical	mechanical_normalization	1	v419dongbei15
V420_Anuotamayanshi	V420_Anuotamayanshi	canonical	mechanical_normalization	1	v420anuotamayanshi
V421_0-2371	V421_0-2371	canonical	mechanical_normalization	1	v42102371
V422_41894	V422_41894	canonical	mechanical_normalization	1	v42241894
V423_17777	V423_17777	canonical	mechanical_normalization	1	v42317777
V424_32021	V424_32021	canonical	mechanical_normalization	1	v42432021
V425_Ha093-32	V425_Ha093-32	canonical	mechanical_normalization	1	v425ha09332
V426_Haifu913	V426_Haifu913	canonical	mechanical_normalization	1	v426haifu913
V427_wonong71	V427_wonong71	canonical	mechanical_normalization	1	v427wonong71
V428_yushenlongbaimao	V428_yushenlongbaimao	canonical	mechanical_normalization	1	v428yushenlongbaimao
V429_guozhu	V429_guozhu	canonical	mechanical_normalization	1	v429guozhu
V430_aomori_5	V430_aomori_5	canonical	mechanical_normalization	1	v430aomori5
V431_guoguang	V431_guoguang	canonical	mechanical_normalization	1	v431guoguang
V432_xingguo	V432_xingguo	canonical	mechanical_normalization	1	v432xingguo
V433_waswaomori	V433_waswaomori	canonical	mechanical_normalization	1	v433waswaomori
V434_matsumotomochi	V434_matsumotomochi	canonical	mechanical_normalization	1	v434matsumotomochi
V435_piaohonggendao	V435_piaohonggendao	canonical	mechanical_normalization	1	v435piaohonggendao
V436_Heigeng2	V436_Heigeng2	canonical	mechanical_normalization	1	v436heigeng2
V437_Heigeng5	V437_Heigeng5	canonical	mechanical_normalization	1	v437heigeng5
V438_Heigeng7	V438_Heigeng7	canonical	mechanical_normalization	1	v438heigeng7
V439_Heigeng8	V439_Heigeng8	canonical	mechanical_normalization	1	v439heigeng8
V440_Kendao10	V440_Kendao10	canonical	mechanical_normalization	1	v440kendao10
V441_Kendao11	V441_Kendao11	canonical	mechanical_normalization	1	v441kendao11
V442_Kendao13	V442_Kendao13	canonical	mechanical_normalization	1	v442kendao13
V443_Kendao15	V443_Kendao15	canonical	mechanical_normalization	1	v443kendao15
V444_Kendao16	V444_Kendao16	canonical	mechanical_normalization	1	v444kendao16
V445_Kendao18	V445_Kendao18	canonical	mechanical_normalization	1	v445kendao18
V446_Kendao19	V446_Kendao19	canonical	mechanical_normalization	1	v446kendao19
V447_Kendao22	V447_Kendao22	canonical	mechanical_normalization	1	v447kendao22
V448_Kenjiandao5	V448_Kenjiandao5	canonical	mechanical_normalization	1	v448kenjiandao5
V449_Kenjiandao12	V449_Kenjiandao12	canonical	mechanical_normalization	1	v449kenjiandao12
V450_Kengeng1	V450_Kengeng1	canonical	mechanical_normalization	1	v450kengeng1
V451_Kengeng3	V451_Kengeng3	canonical	mechanical_normalization	1	v451kengeng3
V452_Kengeng4	V452_Kengeng4	canonical	mechanical_normalization	1	v452kengeng4
V453_Kennuo1	V453_Kennuo1	canonical	mechanical_normalization	1	v453kennuo1
V454_Kennuo2	V454_Kennuo2	canonical	mechanical_normalization	1	v454kennuo2
V455_Longgeng2	V455_Longgeng2	canonical	mechanical_normalization	1	v455longgeng2
V457_Longgeng4	V457_Longgeng4	canonical	mechanical_normalization	1	v457longgeng4
V458_Longgeng5	V458_Longgeng5	canonical	mechanical_normalization	1	v458longgeng5
V459_Longgeng6	V459_Longgeng6	canonical	mechanical_normalization	1	v459longgeng6
V460_Longgeng7	V460_Longgeng7	canonical	mechanical_normalization	1	v460longgeng7
V461_Longgeng10	V461_Longgeng10	canonical	mechanical_normalization	1	v461longgeng10
V462_Longgeng18	V462_Longgeng18	canonical	mechanical_normalization	1	v462longgeng18
V463_Longgeng30	V463_Longgeng30	canonical	mechanical_normalization	1	v463longgeng30
V464_Longgeng31	V464_Longgeng31	canonical	mechanical_normalization	1	v464longgeng31
V465_Longgeng32	V465_Longgeng32	canonical	mechanical_normalization	1	v465longgeng32
V466_Longlian1	V466_Longlian1	canonical	mechanical_normalization	1	v466longlian1
V467_Longqingdao2	V467_Longqingdao2	canonical	mechanical_normalization	1	v467longqingdao2
V468_Longnuo1	V468_Longnuo1	canonical	mechanical_normalization	1	v468longnuo1
V469_Hejiang4	V469_Hejiang4	canonical	mechanical_normalization	1	v469hejiang4
V470_Hejiang5	V470_Hejiang5	canonical	mechanical_normalization	1	v470hejiang5
V471_Hejiang6	V471_Hejiang6	canonical	mechanical_normalization	1	v471hejiang6
V472_Hejiang8	V472_Hejiang8	canonical	mechanical_normalization	1	v472hejiang8
V473_Hejiang9	V473_Hejiang9	canonical	mechanical_normalization	1	v473hejiang9
V474_Hejiang10	V474_Hejiang10	canonical	mechanical_normalization	1	v474hejiang10
V475_Hejiang13	V475_Hejiang13	canonical	mechanical_normalization	1	v475hejiang13
V476_Hejiang14	V476_Hejiang14	canonical	mechanical_normalization	1	v476hejiang14
V477_Hejiang15	V477_Hejiang15	canonical	mechanical_normalization	1	v477hejiang15
V478_Hejiang16	V478_Hejiang16	canonical	mechanical_normalization	1	v478hejiang16
V479_Hejiang20	V479_Hejiang20	canonical	mechanical_normalization	1	v479hejiang20
V480_Hejiang21	V480_Hejiang21	canonical	mechanical_normalization	1	v480hejiang21
V481_sanjiang1	V481_sanjiang1	canonical	mechanical_normalization	1	v481sanjiang1
V482_jiaoyiku_418	V482_jiaoyiku_418	canonical	mechanical_normalization	1	v482jiaoyiku418
V483_Jixidao1	V483_Jixidao1	canonical	mechanical_normalization	1	v483jixidao1
V484_Hegeng1	V484_Hegeng1	canonical	mechanical_normalization	1	v484hegeng1
V485_Lianhui1	V485_Lianhui1	canonical	mechanical_normalization	1	v485lianhui1
V486_Longdun103	V486_Longdun103	canonical	mechanical_normalization	1	v486longdun103
V487_Longdun106	V487_Longdun106	canonical	mechanical_normalization	1	v487longdun106
V488_Longdun107	V488_Longdun107	canonical	mechanical_normalization	1	v488longdun107
V489_Munian1	V489_Munian1	canonical	mechanical_normalization	1	v489munian1
V490_Munian2	V490_Munian2	canonical	mechanical_normalization	1	v490munian2
V491_Mudanjiang3	V491_Mudanjiang3	canonical	mechanical_normalization	1	v491mudanjiang3
V492_Mudanjiang4	V492_Mudanjiang4	canonical	mechanical_normalization	1	v492mudanjiang4
V493_Mudanjiang6	V493_Mudanjiang6	canonical	mechanical_normalization	1	v493mudanjiang6
V494_Mudanjiang7	V494_Mudanjiang7	canonical	mechanical_normalization	1	v494mudanjiang7
V495_Mudanjiang9	V495_Mudanjiang9	canonical	mechanical_normalization	1	v495mudanjiang9
V496_Mudanjiang10	V496_Mudanjiang10	canonical	mechanical_normalization	1	v496mudanjiang10
V497_Mudanjiang11	V497_Mudanjiang11	canonical	mechanical_normalization	1	v497mudanjiang11
V498_Mudanjiang21	V498_Mudanjiang21	canonical	mechanical_normalization	1	v498mudanjiang21
V499_Mudanjiang22	V499_Mudanjiang22	canonical	mechanical_normalization	1	v499mudanjiang22
V500_Mudanjiang23	V500_Mudanjiang23	canonical	mechanical_normalization	1	v500mudanjiang23
V501_Mudanjiang24	V501_Mudanjiang24	canonical	mechanical_normalization	1	v501mudanjiang24
V503_Mudanjiang31	V503_Mudanjiang31	canonical	mechanical_normalization	1	v503mudanjiang31
V505_suishashani	V505_suishashani	canonical	mechanical_normalization	1	v505suishashani
V506_fukei_137	V506_fukei_137	canonical	mechanical_normalization	1	v506fukei137
V507_Suigeng11	V507_Suigeng11	canonical	mechanical_normalization	1	v507suigeng11
V508_Suigeng12	V508_Suigeng12	canonical	mechanical_normalization	1	v508suigeng12
V510_Songgeng4	V510_Songgeng4	canonical	mechanical_normalization	1	v510songgeng4
V511_Songgeng7	V511_Songgeng7	canonical	mechanical_normalization	1	v511songgeng7
V512_Songgeng8	V512_Songgeng8	canonical	mechanical_normalization	1	v512songgeng8
V513_Songgeng10	V513_Songgeng10	canonical	mechanical_normalization	1	v513songgeng10
V515_Songgeng12	V515_Songgeng12	canonical	mechanical_normalization	1	v515songgeng12
V516_Songgeng13	V516_Songgeng13	canonical	mechanical_normalization	1	v516songgeng13
V517_Songgeng14	V517_Songgeng14	canonical	mechanical_normalization	1	v517songgeng14
V518_Songgeng15	V518_Songgeng15	canonical	mechanical_normalization	1	v518songgeng15
V520_Songgengxiang2	V520_Songgengxiang2	canonical	mechanical_normalization	1	v520songgengxiang2
V521_Longxiangdao1	V521_Longxiangdao1	canonical	mechanical_normalization	1	v521longxiangdao1
V522_Longqingdao1	V522_Longqingdao1	canonical	mechanical_normalization	1	v522longqingdao1
V523_Longdao2	V523_Longdao2	canonical	mechanical_normalization	1	v523longdao2
V524_Longdao10	V524_Longdao10	canonical	mechanical_normalization	1	v524longdao10
V525_Longdao11	V525_Longdao11	canonical	mechanical_normalization	1	v525longdao11
V526_Longdao12	V526_Longdao12	canonical	mechanical_normalization	1	v526longdao12
V527_Liandao1	V527_Liandao1	canonical	mechanical_normalization	1	v527liandao1
V528_Beidao5	V528_Beidao5	canonical	mechanical_normalization	1	v528beidao5
V529_Zhonglongdao1	V529_Zhonglongdao1	canonical	mechanical_normalization	1	v529zhonglongdao1
V530_Kenxiangnuo1	V530_Kenxiangnuo1	canonical	mechanical_normalization	1	v530kenxiangnuo1
V531_Longyang1	V531_Longyang1	canonical	mechanical_normalization	1	v531longyang1
V532_Suinuo1	V532_Suinuo1	canonical	mechanical_normalization	1	v532suinuo1
V533_Mudanjiang17	V533_Mudanjiang17	canonical	mechanical_normalization	1	v533mudanjiang17
V534_Yannian1	V534_Yannian1	canonical	mechanical_normalization	1	v534yannian1
V536_Xiushui_09	V536_Xiushui_09	canonical	mechanical_normalization	1	v536xiushui09
V537_Xiushui_11	V537_Xiushui_11	canonical	mechanical_normalization	1	v537xiushui11
V538_Xiushui_63	V538_Xiushui_63	canonical	mechanical_normalization	1	v538xiushui63
V539_Xiushui_114	V539_Xiushui_114	canonical	mechanical_normalization	1	v539xiushui114
V540_Xiushui_124	V540_Xiushui_124	canonical	mechanical_normalization	1	v540xiushui124
V541_Xiushui_128	V541_Xiushui_128	canonical	mechanical_normalization	1	v541xiushui128
V542_Xiushui_134	V542_Xiushui_134	canonical	mechanical_normalization	1	v542xiushui134
V543_Jiahua_1	V543_Jiahua_1	canonical	mechanical_normalization	1	v543jiahua1
V544_Jia_8	V544_Jia_8	canonical	mechanical_normalization	1	v544jia8
V545_Yangeng_5	V545_Yangeng_5	canonical	mechanical_normalization	1	v545yangeng5
V547_Zhendao_88	V547_Zhendao_88	canonical	mechanical_normalization	1	v547zhendao88
V548_Longdao12	V548_Longdao12	canonical	mechanical_normalization	1	v548longdao12
V549_Longdao13	V549_Longdao13	canonical	mechanical_normalization	1	v549longdao13
V550_Longdao14	V550_Longdao14	canonical	mechanical_normalization	1	v550longdao14
V551_Longdao16	V551_Longdao16	canonical	mechanical_normalization	1	v551longdao16
V553_Longdao18	V553_Longdao18	canonical	mechanical_normalization	1	v553longdao18
V554_Longdao19	V554_Longdao19	canonical	mechanical_normalization	1	v554longdao19
V555_Longgeng31	V555_Longgeng31	canonical	mechanical_normalization	1	v555longgeng31
V557_Zhonglongxianggeng1	V557_Zhonglongxianggeng1	canonical	mechanical_normalization	1	v557zhonglongxianggeng1
V558_Zhonglonggeng1	V558_Zhonglonggeng1	canonical	mechanical_normalization	1	v558zhonglonggeng1
V559_Nanfangchangligeng	V559_Nanfangchangligeng	canonical	mechanical_normalization	1	v559nanfangchangligeng
Vary Tarva Osla	Vary Tarva Osla	canonical	mechanical_normalization	1	varytarvaosla
Varylava	Varylava	canonical	mechanical_normalization	1	varylava
Viwonor Short	Viwonor Short	canonical	mechanical_normalization	1	viwonorshort
Viwonor Tall	Viwonor Tall	canonical	mechanical_normalization	1	viwonortall
Vn1001	Vn1001	canonical	mechanical_normalization	1	vn1001
Vn10065	Vn10065	canonical	mechanical_normalization	1	vn10065
Vn93	Vn93	canonical	mechanical_normalization	1	vn93
Vogali Bora	Vogali Bora	canonical	mechanical_normalization	1	vogalibora
W515	W515	canonical	mechanical_normalization	1	w515
W9593S	W9593S	canonical	mechanical_normalization	1	w9593s
WAB 2101-WAC4-1-TGR1-WAT3-5-TGR2	WAB 2101-WAC4-1-TGR1-WAT3-5-TGR2	canonical	mechanical_normalization	1	wab2101wac41tgr1wat35tgr2
WAB 56-104	WAB 56-104	canonical	mechanical_normalization	1	wab56104
WAB2135-WAC B-2-TGR3-WAT8-3	WAB2135-WAC B-2-TGR3-WAT8-3	canonical	mechanical_normalization	1	wab2135wacb2tgr3wat83
WAB462-10-3-1	WAB462-10-3-1	canonical	mechanical_normalization	1	wab4621031
WANHANDAO	WANHANDAO	canonical	mechanical_normalization	1	wanhandao
WAxingIIFengA	WAxingIIFengA	canonical	mechanical_normalization	1	waxingiifenga
WAxingfengzhenA	WAxingfengzhenA	canonical	mechanical_normalization	1	waxingfengzhena
WC 10253	WC 10253	canonical	mechanical_normalization	1	wc10253
WC 2811	WC 2811	canonical	mechanical_normalization	1	wc2811
WC 3532	WC 3532	canonical	mechanical_normalization	1	wc3532
WC 4443	WC 4443	canonical	mechanical_normalization	1	wc4443
WIR 3039	WIR 3039	canonical	mechanical_normalization	1	wir3039
WIR 911	WIR 911	canonical	mechanical_normalization	1	wir911
WONG CHIM	WONG CHIM	canonical	mechanical_normalization	1	wongchim
WR001	WR001	canonical	mechanical_normalization	1	wr001
WR002	WR002	canonical	mechanical_normalization	1	wr002
WT56	WT56	canonical	mechanical_normalization	1	wt56
WUJIANNEITIANGU	WUJIANNEITIANGU	canonical	mechanical_normalization	1	wujianneitiangu
WW 8/2290	WW 8/2290	canonical	mechanical_normalization	1	ww82290
WW001	WW001	canonical	mechanical_normalization	1	ww001
WW002	WW002	canonical	mechanical_normalization	1	ww002
WW003	WW003	canonical	mechanical_normalization	1	ww003
WW004	WW004	canonical	mechanical_normalization	1	ww004
WW005	WW005	canonical	mechanical_normalization	1	ww005
WW006	WW006	canonical	mechanical_normalization	1	ww006
WW007	WW007	canonical	mechanical_normalization	1	ww007
WW008	WW008	canonical	mechanical_normalization	1	ww008
Wabang	Wabang	canonical	mechanical_normalization	1	wabang
Waejo	Waejo	canonical	mechanical_normalization	1	waejo
Wahuigu	Wahuigu	canonical	mechanical_normalization	1	wahuigu
Wan Ken Jin Qing	Wan Ken Jin Qing	canonical	mechanical_normalization	1	wankenjinqing
Wan Sheng 688	Wan Sheng 688	canonical	mechanical_normalization	1	wansheng688
Wan16-102	Wan16-102	canonical	mechanical_normalization	1	wan16102
Wan23A	Wan23A	canonical	mechanical_normalization	1	wan23a
Wan73A	Wan73A	canonical	mechanical_normalization	1	wan73a
Wan8A	Wan8A	canonical	mechanical_normalization	1	wan8a
Wan9A	Wan9A	canonical	mechanical_normalization	1	wan9a
Wandao141	Wandao141	canonical	mechanical_normalization	1	wandao141
Wandao_68	Wandao_68	canonical	mechanical_normalization	1	wandao68
Wando1	Wando1	canonical	mechanical_normalization	1	wando1
Wandoaengmi6	Wandoaengmi6	canonical	mechanical_normalization	1	wandoaengmi6
Wang Li Xiang Zhan	Wang Li Xiang Zhan	canonical	mechanical_normalization	1	wanglixiangzhan
Wang Yisheng 49424	Wang Yisheng 49424	canonical	mechanical_normalization	1	wangyisheng49424
WangS	WangS	canonical	mechanical_normalization	1	wangs
Wanhuandao	Wanhuandao	canonical	mechanical_normalization	1	wanhuandao
Wanhui-40491	Wanhui-40491	canonical	mechanical_normalization	1	wanhui40491
Wanhui66	Wanhui66	canonical	mechanical_normalization	1	wanhui66
WanjinA	WanjinA	canonical	mechanical_normalization	1	wanjina
Wanjingnuo	Wanjingnuo	canonical	mechanical_normalization	1	wanjingnuo
Wanjingnuo1	Wanjingnuo1	canonical	mechanical_normalization	1	wanjingnuo1
Wanjingnuo1116	Wanjingnuo1116	canonical	mechanical_normalization	1	wanjingnuo1116
Wanlixian	Wanlixian	canonical	mechanical_normalization	1	wanlixian
Wannuo1	Wannuo1	canonical	mechanical_normalization	1	wannuo1
Wannuo53	Wannuo53	canonical	mechanical_normalization	1	wannuo53
Wanxuan 4	Wanxuan 4	canonical	mechanical_normalization	1	wanxuan4
Warrangal Culture 1252	Warrangal Culture 1252	canonical	mechanical_normalization	1	warrangalculture1252
Wasefukoku	Wasefukoku	canonical	mechanical_normalization	1	wasefukoku
Wdr48	Wdr48	canonical	mechanical_normalization	1	wdr48
Wells	Wells	canonical	mechanical_normalization	1	wells
Wen Dao 21	Wen Dao 21	canonical	mechanical_normalization	1	wendao21
Wen Lu Dao 4	Wen Lu Dao 4	canonical	mechanical_normalization	1	wenludao4
Wenhui689	Wenhui689	canonical	mechanical_normalization	1	wenhui689
Wenshengnuo	Wenshengnuo	canonical	mechanical_normalization	1	wenshengnuo
Wenxuanqing	Wenxuanqing	canonical	mechanical_normalization	1	wenxuanqing
Wenyilaxiaobaigu	Wenyilaxiaobaigu	canonical	mechanical_normalization	1	wenyilaxiaobaigu
White Pearl	White Pearl	canonical	mechanical_normalization	1	whitepearl
White Ponni	White Ponni	canonical	mechanical_normalization	1	whiteponni
Won Son Zo No. 11	Won Son Zo No. 11	canonical	mechanical_normalization	1	wonsonzono11
Wonhwang	Wonhwang	canonical	mechanical_normalization	1	wonhwang
Wonjona	Wonjona	canonical	mechanical_normalization	1	wonjona
Wonju1	Wonju1	canonical	mechanical_normalization	1	wonju1
Wonju2	Wonju2	canonical	mechanical_normalization	1	wonju2
Wonju3	Wonju3	canonical	mechanical_normalization	1	wonju3
Wonju4	Wonju4	canonical	mechanical_normalization	1	wonju4
Wonju5	Wonju5	canonical	mechanical_normalization	1	wonju5
Wonju6	Wonju6	canonical	mechanical_normalization	1	wonju6
Wonju7	Wonju7	canonical	mechanical_normalization	1	wonju7
Wu A81	Wu A81	canonical	mechanical_normalization	1	wua81
Wu Gu Feng 1	Wu Gu Feng 1	canonical	mechanical_normalization	1	wugufeng1
Wushansimiao	Wu Shan Si Miao	spelling_variant	mechanical_normalization	1	wushansimiao
Wu Wei Xiao Hong Dao	Wu Wei Xiao Hong Dao	canonical	mechanical_normalization	1	wuweixiaohongdao
Wu Yu Geng 35	Wu Yu Geng 35	canonical	mechanical_normalization	1	wuyugeng35
Wu-Ko	Wu-Ko	canonical	mechanical_normalization	1	wuko
WufengA	WufengA	canonical	mechanical_normalization	1	wufenga
Wujiaozhan	Wujiaozhan	canonical	mechanical_normalization	1	wujiaozhan
Wukejing7375	Wukejing7375	canonical	mechanical_normalization	1	wukejing7375
Wumangyedao	Wumangyedao	canonical	mechanical_normalization	1	wumangyedao
Wunuoyihao	Wunuoyihao	canonical	mechanical_normalization	1	wunuoyihao
Wusansimiao	Wusansimiao	canonical	mechanical_normalization	1	wusansimiao
Wusanximiao	Wusanximiao	canonical	mechanical_normalization	1	wusanximiao
WuxiangB	WuxiangB	canonical	mechanical_normalization	1	wuxiangb
Wuxiangjing113	Wuxiangjing113	canonical	mechanical_normalization	1	wuxiangjing113
Wuxiangnuo2225	Wuxiangnuo2225	canonical	mechanical_normalization	1	wuxiangnuo2225
Wuxiangnuo7368	Wuxiangnuo7368	canonical	mechanical_normalization	1	wuxiangnuo7368
Wuxiangnuo9106	Wuxiangnuo9106	canonical	mechanical_normalization	1	wuxiangnuo9106
Wuxuenuo	Wuxuenuo	canonical	mechanical_normalization	1	wuxuenuo
Wuyugen 24	Wuyugen 24	canonical	mechanical_normalization	1	wuyugen24
Wuyunjing_21hao	Wuyunjing_21hao	canonical	mechanical_normalization	1	wuyunjing21hao
Wuyunjing_8hao	Wuyunjing_8hao	canonical	mechanical_normalization	1	wuyunjing8hao
Wuyunuo4189	Wuyunuo4189	canonical	mechanical_normalization	1	wuyunuo4189
Wuyunuo99-25	Wuyunuo99-25	canonical	mechanical_normalization	1	wuyunuo9925
X07S	X07S	canonical	mechanical_normalization	1	x07s
X22	X22	canonical	mechanical_normalization	1	x22
X265	X265	canonical	mechanical_normalization	1	x265
X9	X9	canonical	mechanical_normalization	1	x9
XIANGQING	XIANGQING	canonical	mechanical_normalization	1	xiangqing
XIUSHUI 123	XIUSHUI 123	canonical	mechanical_normalization	1	xiushui123
XXS	XXS	canonical	mechanical_normalization	1	xxs
Xaingxiandao_10hao	Xaingxiandao_10hao	canonical	mechanical_normalization	1	xaingxiandao10hao
Xi Nong 919	Xi Nong 919	canonical	mechanical_normalization	1	xinong919
Xi Nong 969	Xi Nong 969	canonical	mechanical_normalization	1	xinong969
Xia Dao 1	Xia Dao 1	canonical	mechanical_normalization	1	xiadao1
Xianfeng1hao	Xianfeng1hao	canonical	mechanical_normalization	1	xianfeng1hao
Xiang Jin 138	Xiang Jin 138	canonical	mechanical_normalization	1	xiangjin138
Xiang Jin 149	Xiang Jin 149	canonical	mechanical_normalization	1	xiangjin149
Xiang Wan Xian 11Xuan	Xiang Wan Xian 11Xuan	canonical	mechanical_normalization	1	xiangwanxian11xuan
Xiang Xue Nuo	Xiang Xue Nuo	canonical	mechanical_normalization	1	xiangxuenuo
Xiang5	Xiang5	canonical	mechanical_normalization	1	xiang5
Xiang8B	Xiang8B	canonical	mechanical_normalization	1	xiang8b
XiangA	XiangA	canonical	mechanical_normalization	1	xianga
XiangaiB	Xiangai B	spelling_variant	mechanical_normalization	1	xiangaib
XiangaiA	XiangaiA	canonical	mechanical_normalization	1	xiangaia
Xiangaizao10hao	Xiangaizao10hao	canonical	mechanical_normalization	1	xiangaizao10hao
Xiangaizao3hao	Xiangaizao3hao	canonical	mechanical_normalization	1	xiangaizao3hao
Xiangaizao4hao	Xiangaizao4hao	canonical	mechanical_normalization	1	xiangaizao4hao
Xiangaizao7hao	Xiangaizao7hao	canonical	mechanical_normalization	1	xiangaizao7hao
Xiangaizao8hao	Xiangaizao8hao	canonical	mechanical_normalization	1	xiangaizao8hao
Xiangaizao9hao	Xiangaizao9hao	canonical	mechanical_normalization	1	xiangaizao9hao
Xiangchuanwuxinbaimi	Xiangchuanwuxinbaimi	canonical	mechanical_normalization	1	xiangchuanwuxinbaimi
Xiangdao	Xiangdao	canonical	mechanical_normalization	1	xiangdao
Xiangfeng70A	Xiangfeng70A	canonical	mechanical_normalization	1	xiangfeng70a
Xianghong	Xianghong	canonical	mechanical_normalization	1	xianghong
Xianghui227	Xianghui227	canonical	mechanical_normalization	1	xianghui227
Xianghui299	Xianghui299	canonical	mechanical_normalization	1	xianghui299
Xianghui529	Xianghui529	canonical	mechanical_normalization	1	xianghui529
Xiangjing_9407	Xiangjing_9407	canonical	mechanical_normalization	1	xiangjing9407
Xiangling628S	Xiangling628S	canonical	mechanical_normalization	1	xiangling628s
Xiangnuo9187	Xiangnuo9187	canonical	mechanical_normalization	1	xiangnuo9187
Xiangnuodao	Xiangnuodao	canonical	mechanical_normalization	1	xiangnuodao
Xiangwanxian10hao	Xiangwanxian10hao	canonical	mechanical_normalization	1	xiangwanxian10hao
Xiangwanxian12hao	Xiangwanxian12hao	canonical	mechanical_normalization	1	xiangwanxian12hao
Xiangwanxian13	Xiangwanxian13	canonical	mechanical_normalization	1	xiangwanxian13
Xiangwanxian13hao	Xiangwanxian13hao	canonical	mechanical_normalization	1	xiangwanxian13hao
Xiangwanxian17	Xiangwanxian17	canonical	mechanical_normalization	1	xiangwanxian17
Xiangwanxian17hao	Xiangwanxian17hao	canonical	mechanical_normalization	1	xiangwanxian17hao
Xiangwanxian1hao	Xiangwanxian1hao	canonical	mechanical_normalization	1	xiangwanxian1hao
Xiangwanxian5hao	Xiangwanxian5hao	canonical	mechanical_normalization	1	xiangwanxian5hao
Xiangwanxian6hao	Xiangwanxian6hao	canonical	mechanical_normalization	1	xiangwanxian6hao
Xiangwanxian9hao	Xiangwanxian9hao	canonical	mechanical_normalization	1	xiangwanxian9hao
Xiangwanxian17	Xiangwanxian_17	spelling_variant	mechanical_normalization	1	xiangwanxian17
Xiangxiang2haoA	Xiangxiang2haoA	canonical	mechanical_normalization	1	xiangxiang2haoa
XiangxianglhaoA	XiangxianglhaoA	canonical	mechanical_normalization	1	xiangxianglhaoa
Xiangzao143	Xiangzao143	canonical	mechanical_normalization	1	xiangzao143
Xiangzaonuo1hao	Xiangzaonuo1hao	canonical	mechanical_normalization	1	xiangzaonuo1hao
Xiangzaoxian13	Xiangzaoxian13	canonical	mechanical_normalization	1	xiangzaoxian13
Xiangzaoxian13hao	Xiangzaoxian13hao	canonical	mechanical_normalization	1	xiangzaoxian13hao
Xiangzaoxian17hao	Xiangzaoxian17hao	canonical	mechanical_normalization	1	xiangzaoxian17hao
Xiangzaoxian18hao	Xiangzaoxian18hao	canonical	mechanical_normalization	1	xiangzaoxian18hao
Xiangzaoxian19hao	Xiangzaoxian19hao	canonical	mechanical_normalization	1	xiangzaoxian19hao
Xiangzaoxian1hao	Xiangzaoxian1hao	canonical	mechanical_normalization	1	xiangzaoxian1hao
Xiangzaoxian21hao	Xiangzaoxian21hao	canonical	mechanical_normalization	1	xiangzaoxian21hao
Xiangzaoxian24hao	Xiangzaoxian24hao	canonical	mechanical_normalization	1	xiangzaoxian24hao
Xiangzaoxian25hao	Xiangzaoxian25hao	canonical	mechanical_normalization	1	xiangzaoxian25hao
Xiangzaoxian32hao	Xiangzaoxian32hao	canonical	mechanical_normalization	1	xiangzaoxian32hao
Xiangzaoxian3hao	Xiangzaoxian3hao	canonical	mechanical_normalization	1	xiangzaoxian3hao
Xiangzaoxian42hao	Xiangzaoxian42hao	canonical	mechanical_normalization	1	xiangzaoxian42hao
Xiangzaoxian44hao	Xiangzaoxian44hao	canonical	mechanical_normalization	1	xiangzaoxian44hao
Xiangzaoxian45	Xiangzaoxian45	canonical	mechanical_normalization	1	xiangzaoxian45
Xiangzaoxian45hao	Xiangzaoxian45hao	canonical	mechanical_normalization	1	xiangzaoxian45hao
Xiangzaoxian6hao	Xiangzaoxian6hao	canonical	mechanical_normalization	1	xiangzaoxian6hao
Xiangzhongxian1hao	Xiangzhongxian1hao	canonical	mechanical_normalization	1	xiangzhongxian1hao
Xianhui207	Xianhui207	canonical	mechanical_normalization	1	xianhui207
Xiannuo201	Xiannuo201	canonical	mechanical_normalization	1	xiannuo201
Xiao Li Xian	Xiao Li Xian	canonical	mechanical_normalization	1	xiaolixian
Xiao Zhan Xiang1	Xiao Zhan Xiang1	canonical	mechanical_normalization	1	xiaozhanxiang1
Xiaobaidao	Xiaobaidao	canonical	mechanical_normalization	1	xiaobaidao
Xiaobaigu	Xiaobaigu	canonical	mechanical_normalization	1	xiaobaigu
Xiaobaimaxian	Xiaobaimaxian	canonical	mechanical_normalization	1	xiaobaimaxian
Xiaogu rice	Xiaogu rice	canonical	mechanical_normalization	1	xiaogurice
Xiaoheidao	Xiaoheidao	canonical	mechanical_normalization	1	xiaoheidao
Xiaohongdiao	Xiaohongdiao	canonical	mechanical_normalization	1	xiaohongdiao
Xiaohongnuo	Xiaohongnuo	canonical	mechanical_normalization	1	xiaohongnuo
Xiaomaigu	Xiaomaigu	canonical	mechanical_normalization	1	xiaomaigu
Xiaomizao	Xiaomizao	canonical	mechanical_normalization	1	xiaomizao
Xiepihuang	Xiepihuang	canonical	mechanical_normalization	1	xiepihuang
XieqingzaoA	XieqingzaoA	canonical	mechanical_normalization	1	xieqingzaoa
XieqingzaoB	XieqingzaoB	canonical	mechanical_normalization	1	xieqingzaob
Xiezuo69	Xiezuo69	canonical	mechanical_normalization	1	xiezuo69
Xihui18hao	Xihui18hao	canonical	mechanical_normalization	1	xihui18hao
Xihui952	Xihui952	canonical	mechanical_normalization	1	xihui952
Xiligongmi	Xiligongmi	canonical	mechanical_normalization	1	xiligongmi
Xin Xiang Geng 1	Xin Xiang Geng 1	canonical	mechanical_normalization	1	xinxianggeng1
XinIIA	XinIIA	canonical	mechanical_normalization	1	xiniia
XinerS	XinerS	canonical	mechanical_normalization	1	xiners
Xing2hao	Xing2hao	canonical	mechanical_normalization	1	xing2hao
XingguangS	XingguangS	canonical	mechanical_normalization	1	xingguangs
XinhuaS	XinhuaS	canonical	mechanical_normalization	1	xinhuas
Xinhuazhan	Xinhuazhan	canonical	mechanical_normalization	1	xinhuazhan
Xinong1A	Xinong1A	canonical	mechanical_normalization	1	xinong1a
Xinong1R	Xinong1R	canonical	mechanical_normalization	1	xinong1r
XinrongA	XinrongA	canonical	mechanical_normalization	1	xinronga
Xinxiangzhan	Xinxiangzhan	canonical	mechanical_normalization	1	xinxiangzhan
Xinyinzhan	Xinyinzhan	canonical	mechanical_normalization	1	xinyinzhan
Xiu Geng 34	Xiu Geng 34	canonical	mechanical_normalization	1	xiugeng34
XiuA	XiuA	canonical	mechanical_normalization	1	xiua
Xiufengzhan5hao	Xiufengzhan5hao	canonical	mechanical_normalization	1	xiufengzhan5hao
Xiuhui2hao	Xiuhui2hao	canonical	mechanical_normalization	1	xiuhui2hao
Xiushui 110	Xiushui 110	canonical	mechanical_normalization	1	xiushui110
Xixuan 1	Xixuan 1	canonical	mechanical_normalization	1	xixuan1
Xiyunuo	Xiyunuo	canonical	mechanical_normalization	1	xiyunuo
Xu Xiang Geng 16 Hao	Xu Xiang Geng 16 Hao	canonical	mechanical_normalization	1	xuxianggeng16hao
Xu91075	Xu91075	canonical	mechanical_normalization	1	xu91075
Xuan10-19	Xuan10-19	canonical	mechanical_normalization	1	xuan1019
Xuan69S	Xuan69S	canonical	mechanical_normalization	1	xuan69s
Xudao2	Xudao2	canonical	mechanical_normalization	1	xudao2
Xudao_25-7	Xudao_25-7	canonical	mechanical_normalization	1	xudao257
Xudao_3hao	Xudao_3hao	canonical	mechanical_normalization	1	xudao3hao
Xudao_4hao	Xudao_4hao	canonical	mechanical_normalization	1	xudao4hao
Xudao_5hao	Xudao_5hao	canonical	mechanical_normalization	1	xudao5hao
Xuenuo	Xuenuo	canonical	mechanical_normalization	1	xuenuo
Y18S	Y18S	canonical	mechanical_normalization	1	y18s
Y58S	Y58s	abbreviation	curated_common_usage	1	y58s
YAMATOJIKARA	YAMATOJIKARA	canonical	mechanical_normalization	1	yamatojikara
YAMAZAKI MOCHI	YAMAZAKI MOCHI	canonical	mechanical_normalization	1	yamazakimochi
YN10	YN10	canonical	mechanical_normalization	1	yn10
YOU-I B	YOU-I B	canonical	mechanical_normalization	1	youib
YR0822	YR0822	canonical	mechanical_normalization	1	yr0822
YR13	YR13	canonical	mechanical_normalization	1	yr13
YR32	YR32	canonical	mechanical_normalization	1	yr32
YS21	YS21	canonical	mechanical_normalization	1	ys21
YUE-XIANG-ZAN	YUE-XIANG-ZAN	canonical	mechanical_normalization	1	yuexiangzan
YUMEMIZUHO	YUMEMIZUHO	canonical	mechanical_normalization	1	yumemizuho
YUMEPIRIKA	YUMEPIRIKA	canonical	mechanical_normalization	1	yumepirika
YUNLU 8	YUNLU 8	canonical	mechanical_normalization	1	yunlu8
YW1428	YW1428	canonical	mechanical_normalization	1	yw1428
YW1442	YW1442	canonical	mechanical_normalization	1	yw1442
YW2169	YW2169	canonical	mechanical_normalization	1	yw2169
YW3129	YW3129	canonical	mechanical_normalization	1	yw3129
Ya Lin 3	Ya Lin 3	canonical	mechanical_normalization	1	yalin3
Ya5A	Ya5A	canonical	mechanical_normalization	1	ya5a
Yagnfujing_7hao	Yagnfujing_7hao	canonical	mechanical_normalization	1	yagnfujing7hao
Yagnfujing_8hao	Yagnfujing_8hao	canonical	mechanical_normalization	1	yagnfujing8hao
Yahui627	Yahui627	canonical	mechanical_normalization	1	yahui627
Yamahikari	Yamahikari	canonical	mechanical_normalization	1	yamahikari
Yamasenishiki	Yamasenishiki	canonical	mechanical_normalization	1	yamasenishiki
Yamuna	Yamuna	canonical	mechanical_normalization	1	yamuna
Yan Geng 237	Yan Geng 237	canonical	mechanical_normalization	1	yangeng237
Yan Geng Ruan Yu1	Yan Geng Ruan Yu1	canonical	mechanical_normalization	1	yangengruanyu1
Yan Huang Xiang Geng 9	Yan Huang Xiang Geng 9	canonical	mechanical_normalization	1	yanhuangxianggeng9
Yan Nuo 19	Yan Nuo 19	canonical	mechanical_normalization	1	yannuo19
Yan Nuo 655	Yan Nuo 655	canonical	mechanical_normalization	1	yannuo655
Yan220S	Yan220S	canonical	mechanical_normalization	1	yan220s
Yan582S	Yan582S	canonical	mechanical_normalization	1	yan582s
Yandao507	Yandao507	canonical	mechanical_normalization	1	yandao507
Yandao876	Yandao876	canonical	mechanical_normalization	1	yandao876
Yandao93015	Yandao93015	canonical	mechanical_normalization	1	yandao93015
Yandao_6hao	Yandao_6hao	canonical	mechanical_normalization	1	yandao6hao
Yandao_8hao	Yandao_8hao	canonical	mechanical_normalization	1	yandao8hao
Yandao_9hao	Yandao_9hao	canonical	mechanical_normalization	1	yandao9hao
Yanfeng 47	Yanfeng 47	canonical	mechanical_normalization	1	yanfeng47
Yang Bai Nuo	Yang Bai Nuo	canonical	mechanical_normalization	1	yangbainuo
Yang Geng 708	Yang Geng 708	canonical	mechanical_normalization	1	yanggeng708
Yang Geng Nuo 5 Hao	Yang Geng Nuo 5 Hao	canonical	mechanical_normalization	1	yanggengnuo5hao
Yang Xiang Yu 1 Hao	Yang Xiang Yu 1 Hao	canonical	mechanical_normalization	1	yangxiangyu1hao
Yangchannuo2002	Yangchannuo2002	canonical	mechanical_normalization	1	yangchannuo2002
Yangchannuo2201	Yangchannuo2201	canonical	mechanical_normalization	1	yangchannuo2201
Yangdao2	Yangdao2	canonical	mechanical_normalization	1	yangdao2
Yangdao2hao	Yangdao2hao	canonical	mechanical_normalization	1	yangdao2hao
Yangdao2hao	Yangdao2hao(Sichuan)	spelling_variant	mechanical_normalization	1	yangdao2hao
Yangdao8hao	Yangdao8hao	canonical	mechanical_normalization	1	yangdao8hao
Yangeng2	Yangeng2	canonical	mechanical_normalization	1	yangeng2
Yangfujing_4901	Yangfujing_4901	canonical	mechanical_normalization	1	yangfujing4901
Yangfunuo4hao	Yangfunuo4hao	canonical	mechanical_normalization	1	yangfunuo4hao
Yanggeng4227	Yanggeng4227	canonical	mechanical_normalization	1	yanggeng4227
Yanggeng806	Yanggeng806	canonical	mechanical_normalization	1	yanggeng806
Yangguang_200	Yangguang_200	canonical	mechanical_normalization	1	yangguang200
Yanghei3hao	Yanghei3hao	canonical	mechanical_normalization	1	yanghei3hao
Yanghui332	Yanghui332	canonical	mechanical_normalization	1	yanghui332
Yanghui336	Yanghui336	canonical	mechanical_normalization	1	yanghui336
Yanghui542	Yanghui542	canonical	mechanical_normalization	1	yanghui542
Yangjing9188	Yangjing9188	canonical	mechanical_normalization	1	yangjing9188
YangjingM9225	YangjingM9225	canonical	mechanical_normalization	1	yangjingm9225
Yangjingnuo2	Yangjingnuo2	canonical	mechanical_normalization	1	yangjingnuo2
Yangjingnuo3	Yangjingnuo3	canonical	mechanical_normalization	1	yangjingnuo3
Yangjingnuo418	Yangjingnuo418	canonical	mechanical_normalization	1	yangjingnuo418
Yangjingnuo5	Yangjingnuo5	canonical	mechanical_normalization	1	yangjingnuo5
Yangnongnuo18-3370	Yangnongnuo18-3370	canonical	mechanical_normalization	1	yangnongnuo183370
Yangsan1	Yangsan1	canonical	mechanical_normalization	1	yangsan1
Yangsan10	Yangsan10	canonical	mechanical_normalization	1	yangsan10
Yangsan12	Yangsan12	canonical	mechanical_normalization	1	yangsan12
Yangsan2	Yangsan2	canonical	mechanical_normalization	1	yangsan2
Yangsan3	Yangsan3	canonical	mechanical_normalization	1	yangsan3
Yangsan4	Yangsan4	canonical	mechanical_normalization	1	yangsan4
Yangsan5	Yangsan5	canonical	mechanical_normalization	1	yangsan5
Yangsan6	Yangsan6	canonical	mechanical_normalization	1	yangsan6
Yangsan7	Yangsan7	canonical	mechanical_normalization	1	yangsan7
Yangsan8	Yangsan8	canonical	mechanical_normalization	1	yangsan8
Yangsan9	Yangsan9	canonical	mechanical_normalization	1	yangsan9
Yangxian2A	Yangxian2A	canonical	mechanical_normalization	1	yangxian2a
Yangzinuo2101	Yangzinuo2101	canonical	mechanical_normalization	1	yangzinuo2101
Yanhai21	Yanhai21	canonical	mechanical_normalization	1	yanhai21
Yanhui559	Yanhui559	canonical	mechanical_normalization	1	yanhui559
Yanhui650	Yanhui650	canonical	mechanical_normalization	1	yanhui650
Yanhui888	Yanhui888	canonical	mechanical_normalization	1	yanhui888
Yanjing 9967	Yanjing 9967	canonical	mechanical_normalization	1	yanjing9967
Yanjing_8hao	Yanjing_8hao	canonical	mechanical_normalization	1	yanjing8hao
Yanjing_9hao	Yanjing_9hao	canonical	mechanical_normalization	1	yanjing9hao
YannongS	YannongS	canonical	mechanical_normalization	1	yannongs
Yannuo12	Yannuo12	canonical	mechanical_normalization	1	yannuo12
Yannuo17	Yannuo17	canonical	mechanical_normalization	1	yannuo17
Yan Nuo 19	Yannuo19	spelling_variant	mechanical_normalization	1	yannuo19
Yannuo326	Yannuo326	canonical	mechanical_normalization	1	yannuo326
Yannuo5152	Yannuo5152	canonical	mechanical_normalization	1	yannuo5152
Yannuo93207	Yannuo93207	canonical	mechanical_normalization	1	yannuo93207
Yanxiangjing305	Yanxiangjing305	canonical	mechanical_normalization	1	yanxiangjing305
Yaxuenuo	Yaxuenuo	canonical	mechanical_normalization	1	yaxuenuo
Yejo	Yejo	canonical	mechanical_normalization	1	yejo
Yeobyeo	Yeobyeo	canonical	mechanical_normalization	1	yeobyeo
Yeolsulbyeo	Yeolsulbyeo	canonical	mechanical_normalization	1	yeolsulbyeo
Yeongan	Yeongan	canonical	mechanical_normalization	1	yeongan
Yeongdeog	Yeongdeog	canonical	mechanical_normalization	1	yeongdeog
Yeonghojinmi	Yeonghojinmi	canonical	mechanical_normalization	1	yeonghojinmi
Yeongnam	Yeongnam	canonical	mechanical_normalization	1	yeongnam
Yeongsanbyeo	Yeongsanbyeo	canonical	mechanical_normalization	1	yeongsanbyeo
Yeonsan1	Yeonsan1	canonical	mechanical_normalization	1	yeonsan1
Yeosubyeo	Yeosubyeo	canonical	mechanical_normalization	1	yeosubyeo
Yesizhan	Yesizhan	canonical	mechanical_normalization	1	yesizhan
YhuanongA	YhuanongA	canonical	mechanical_normalization	1	yhuanonga
Yi Geng 149	Yi Geng 149	canonical	mechanical_normalization	1	yigeng149
Yi Kun Chai	Yi Kun Chai	canonical	mechanical_normalization	1	yikunchai
YiS	YiS	canonical	mechanical_normalization	1	yis
Yidalinuo	Yidalinuo	canonical	mechanical_normalization	1	yidalinuo
Yihui10hao	Yihui10hao	canonical	mechanical_normalization	1	yihui10hao
Yihui1313	Yihui1313	canonical	mechanical_normalization	1	yihui1313
Yihui1577	Yihui1577	canonical	mechanical_normalization	1	yihui1577
Yihui2084	Yihui2084	canonical	mechanical_normalization	1	yihui2084
Yihui2292	Yihui2292	canonical	mechanical_normalization	1	yihui2292
Yihui2308	Yihui2308	canonical	mechanical_normalization	1	yihui2308
Yihui3003	Yihui3003	canonical	mechanical_normalization	1	yihui3003
Yihui72	Yihui72	canonical	mechanical_normalization	1	yihui72
Yihui9hao	Yihui9hao	canonical	mechanical_normalization	1	yihui9hao
Yijingnuo7	Yijingnuo7	canonical	mechanical_normalization	1	yijingnuo7
Yimuhu	Yimuhu	canonical	mechanical_normalization	1	yimuhu
Yinxiang38	Yinxiang38	canonical	mechanical_normalization	1	yinxiang38
Yixiang1A	Yixiang1A	canonical	mechanical_normalization	1	yixiang1a
Yliangyou1	Yliangyou1	canonical	mechanical_normalization	1	yliangyou1
Yong Chal Byo	Yong Chal Byo	canonical	mechanical_normalization	1	yongchalbyo
Yong1744	Yong1744	canonical	mechanical_normalization	1	yong1744
Yongmi	Yongmi	canonical	mechanical_normalization	1	yongmi
Yongmun	Yongmun	canonical	mechanical_normalization	1	yongmun
Yongxian15	Yongxian15	canonical	mechanical_normalization	1	yongxian15
Yongxian69	Yongxian69	canonical	mechanical_normalization	1	yongxian69
You Mi 18	You Mi 18	canonical	mechanical_normalization	1	youmi18
YouIA	YouIA	canonical	mechanical_normalization	1	youia
Younuo34	Younuo34	canonical	mechanical_normalization	1	younuo34
Youxiangnuo1	Youxiangnuo1	canonical	mechanical_normalization	1	youxiangnuo1
Youxiangyouzhan	Youxiangyouzhan	canonical	mechanical_normalization	1	youxiangyouzhan
Youzhan	Youzhan	canonical	mechanical_normalization	1	youzhan
Youzhiyueguang	Youzhiyueguang	canonical	mechanical_normalization	1	youzhiyueguang
Yu He	Yu He	canonical	mechanical_normalization	1	yuhe
Yu Nong Geng12	Yu Nong Geng12	canonical	mechanical_normalization	1	yunonggeng12
Yu Zhan 2011	Yu Zhan 2011	canonical	mechanical_normalization	1	yuzhan2011
Yu03S	Yu03S	canonical	mechanical_normalization	1	yu03s
Yu266	Yu266	canonical	mechanical_normalization	1	yu266
YuA	YuA	canonical	mechanical_normalization	1	yua
Yuan Feng Zhan	Yuan Feng Zhan	canonical	mechanical_normalization	1	yuanfengzhan
Yuan Gu Zhen Xiang	Yuan Gu Zhen Xiang	canonical	mechanical_normalization	1	yuanguzhenxiang
YuanboS	YuanboS	canonical	mechanical_normalization	1	yuanbos
Yuanchao	Yuanchao	canonical	mechanical_normalization	1	yuanchao
YuanfengA	YuanfengA	canonical	mechanical_normalization	1	yuanfenga
Yuanhui2hao	Yuanhui2hao	canonical	mechanical_normalization	1	yuanhui2hao
Yuanzinian	Yuanzinian	canonical	mechanical_normalization	1	yuanzinian
Yuanzinuo	Yuanzinuo	canonical	mechanical_normalization	1	yuanzinuo
Yuchi231-8	Yuchi231-8	canonical	mechanical_normalization	1	yuchi2318
Yue He Si Miao	Yue He Si Miao	canonical	mechanical_normalization	1	yuehesimiao
Yue Nan Chang Li	Yue Nan Chang Li	canonical	mechanical_normalization	1	yuenanchangli
Yue4B	Yue4B	canonical	mechanical_normalization	1	yue4b
Yueaizao1hao	Yueaizao1hao	canonical	mechanical_normalization	1	yueaizao1hao
Yuedao_107	Yuedao_107	canonical	mechanical_normalization	1	yuedao107
Yuedao_108	Yuedao_108	canonical	mechanical_normalization	1	yuedao108
Yuedao_109	Yuedao_109	canonical	mechanical_normalization	1	yuedao109
Yuedao_12	Yuedao_12	canonical	mechanical_normalization	1	yuedao12
Yuedao_13	Yuedao_13	canonical	mechanical_normalization	1	yuedao13
Yuedao_22	Yuedao_22	canonical	mechanical_normalization	1	yuedao22
Yuedao_24	Yuedao_24	canonical	mechanical_normalization	1	yuedao24
Yuedao_3	Yuedao_3	canonical	mechanical_normalization	1	yuedao3
Yuedao_32	Yuedao_32	canonical	mechanical_normalization	1	yuedao32
Yuedao_37	Yuedao_37	canonical	mechanical_normalization	1	yuedao37
Yuedao_41	Yuedao_41	canonical	mechanical_normalization	1	yuedao41
Yuedao_43	Yuedao_43	canonical	mechanical_normalization	1	yuedao43
Yuedao_48	Yuedao_48	canonical	mechanical_normalization	1	yuedao48
Yuedao_49	Yuedao_49	canonical	mechanical_normalization	1	yuedao49
Yuedao_50	Yuedao_50	canonical	mechanical_normalization	1	yuedao50
Yuedao_55	Yuedao_55	canonical	mechanical_normalization	1	yuedao55
Yuedao_61	Yuedao_61	canonical	mechanical_normalization	1	yuedao61
Yuedao_62	Yuedao_62	canonical	mechanical_normalization	1	yuedao62
Yuedao_66	Yuedao_66	canonical	mechanical_normalization	1	yuedao66
Yuedao_68	Yuedao_68	canonical	mechanical_normalization	1	yuedao68
Yuedao_9	Yuedao_9	canonical	mechanical_normalization	1	yuedao9
Yuefengzhan	Yuefengzhan	canonical	mechanical_normalization	1	yuefengzhan
Yue He Si Miao	Yuehesimiao	spelling_variant	mechanical_normalization	1	yuehesimiao
Yuehui9113	Yuehui9113	canonical	mechanical_normalization	1	yuehui9113
Yuehui9802	Yuehui9802	canonical	mechanical_normalization	1	yuehui9802
Yuejingsimaio	Yuejingsimaio	canonical	mechanical_normalization	1	yuejingsimaio
Yuejingsimiao2hao	Yuejingsimiao2hao	canonical	mechanical_normalization	1	yuejingsimiao2hao
Yuejinsimiao	Yuejinsimiao	canonical	mechanical_normalization	1	yuejinsimiao
Yuekang102	Yuekang102	canonical	mechanical_normalization	1	yuekang102
Yuelianggu	Yuelianggu	canonical	mechanical_normalization	1	yuelianggu
Yuelizhan	Yuelizhan	canonical	mechanical_normalization	1	yuelizhan
Yuenanhongmi	Yuenanhongmi	canonical	mechanical_normalization	1	yuenanhongmi
Yuenongsimiao	Yuenongsimiao	canonical	mechanical_normalization	1	yuenongsimiao
Yuetai A	Yuetai A	canonical	mechanical_normalization	1	yuetaia
Yuetai A	YuetaiA	spelling_variant	mechanical_normalization	1	yuetaia
Yuetai B	YuetaiB	spelling_variant	mechanical_normalization	1	yuetaib
Yuetai B	Yuetai_B	spelling_variant	mechanical_normalization	1	yuetaib
Yuexiuzhan	Yuexiuzhan	canonical	mechanical_normalization	1	yuexiuzhan
Yufengnuo446	Yufengnuo446	canonical	mechanical_normalization	1	yufengnuo446
Yujing91	Yujing91	canonical	mechanical_normalization	1	yujing91
Yujing_6hao	Yujing_6hao	canonical	mechanical_normalization	1	yujing6hao
Yukwoljo	Yukwoljo	canonical	mechanical_normalization	1	yukwoljo
Yuljojo	Yuljojo	canonical	mechanical_normalization	1	yuljojo
YUMEPIRIKA	Yumepirika	spelling_variant	mechanical_normalization	1	yumepirika
Yumetsukushi	Yumetsukushi	canonical	mechanical_normalization	1	yumetsukushi
Yun Jeng 3	Yun Jeng 3	canonical	mechanical_normalization	1	yunjeng3
Yun Lu 140	Yun Lu 140	canonical	mechanical_normalization	1	yunlu140
Yun109A	Yun109A	canonical	mechanical_normalization	1	yun109a
Yun9S	Yun9S	canonical	mechanical_normalization	1	yun9s
YunfengS	YunfengS	canonical	mechanical_normalization	1	yunfengs
Yunhui290	Yunhui290	canonical	mechanical_normalization	1	yunhui290
Yunhui310	Yunhui310	canonical	mechanical_normalization	1	yunhui310
Yunhui68	Yunhui68	canonical	mechanical_normalization	1	yunhui68
Yunjing 20	Yunjing 20	canonical	mechanical_normalization	1	yunjing20
Yunjingyou 15	Yunjingyou 15	canonical	mechanical_normalization	1	yunjingyou15
Yunnuo1A	Yunnuo1A	canonical	mechanical_normalization	1	yunnuo1a
Yunruan15A	Yunruan15A	canonical	mechanical_normalization	1	yunruan15a
Yunshuanbai	Yunshuanbai	canonical	mechanical_normalization	1	yunshuanbai
Yunyin	Yunyin	canonical	mechanical_normalization	1	yunyin
Yuwanzhan	Yuwanzhan	canonical	mechanical_normalization	1	yuwanzhan
Yuxiangyouzhan	Yuxiangyouzhan	canonical	mechanical_normalization	1	yuxiangyouzhan
Yuye97tanA	Yuye97tanA	canonical	mechanical_normalization	1	yuye97tana
Z9S	Z9S	canonical	mechanical_normalization	1	z9s
ZALE	ZALE	canonical	mechanical_normalization	1	zale
ZAOHANDAO	ZAOHANDAO	canonical	mechanical_normalization	1	zaohandao
ZHAXIMA	ZHAXIMA	canonical	mechanical_normalization	1	zhaxima
ZHENFU	ZHENFU	canonical	mechanical_normalization	1	zhenfu
ZHENSHAN 97B	ZHENSHAN 97B	canonical	mechanical_normalization	1	zhenshan97b
ZHONG 413	ZHONG 413	canonical	mechanical_normalization	1	zhong413
ZHONGHAN 209	ZHONGHAN 209	canonical	mechanical_normalization	1	zhonghan209
ZHONGHAN 3	ZHONGHAN 3	canonical	mechanical_normalization	1	zhonghan3
ZKF5_Zhongkefa_5	ZKF5_Zhongkefa_5	canonical	mechanical_normalization	1	zkf5zhongkefa5
ZR02	ZR02	canonical	mechanical_normalization	1	zr02
Zafiro	Zafiro	canonical	mechanical_normalization	1	zafiro
Zag	Zag	canonical	mechanical_normalization	1	zag
Zaijinjing	Zaijinjing	canonical	mechanical_normalization	1	zaijinjing
Zajiaohaigu	Zajiaohaigu	canonical	mechanical_normalization	1	zajiaohaigu
Zao Lian 31	Zao Lian 31	canonical	mechanical_normalization	1	zaolian31
Zao Qi Xuan	Zao Qi Xuan	canonical	mechanical_normalization	1	zaoqixuan
Zao Xian Shuang Gui	Zao Xian Shuang Gui	canonical	mechanical_normalization	1	zaoxianshuanggui
ZaoA	ZaoA	canonical	mechanical_normalization	1	zaoa
Zaodao5	Zaodao5	canonical	mechanical_normalization	1	zaodao5
ZaofengB	ZaofengB	canonical	mechanical_normalization	1	zaofengb
Zaohui1hao	Zaohui1hao	canonical	mechanical_normalization	1	zaohui1hao
Zaohui43	Zaohui43	canonical	mechanical_normalization	1	zaohui43
Zaohui49	Zaohui49	canonical	mechanical_normalization	1	zaohui49
Zaohuijing49	Zaohuijing49	canonical	mechanical_normalization	1	zaohuijing49
Zaoshirihuangdao	Zaoshirihuangdao	canonical	mechanical_normalization	1	zaoshirihuangdao
Zaoxian788	Zaoxian788	canonical	mechanical_normalization	1	zaoxian788
Zaoxiang1hao	Zaoxiang1hao	canonical	mechanical_normalization	1	zaoxiang1hao
Zaoyou143	Zaoyou143	canonical	mechanical_normalization	1	zaoyou143
Zengkexinxuan1	Zengkexinxuan1	canonical	mechanical_normalization	1	zengkexinxuan1
Zhan Jiang Hei Nuo	Zhan Jiang Hei Nuo	canonical	mechanical_normalization	1	zhanjiangheinuo
ZhanS	ZhanS	canonical	mechanical_normalization	1	zhans
Zhangyunuo2	Zhangyunuo2	canonical	mechanical_normalization	1	zhangyunuo2
Zhe106	Zhe106	canonical	mechanical_normalization	1	zhe106
Zhe733	Zhe733	canonical	mechanical_normalization	1	zhe733
Zhedaxiangxuenuo	Zhedaxiangxuenuo	canonical	mechanical_normalization	1	zhedaxiangxuenuo
Zhefengnuo188	Zhefengnuo188	canonical	mechanical_normalization	1	zhefengnuo188
Zhehui0506	Zhehui0506	canonical	mechanical_normalization	1	zhehui0506
Zhehui7954	Zhehui7954	canonical	mechanical_normalization	1	zhehui7954
Zhen Geng 168	Zhen Geng 168	canonical	mechanical_normalization	1	zhengeng168
Zhen Hui 084	Zhen Hui 084	canonical	mechanical_normalization	1	zhenhui084
Zhen2036	Zhen2036	canonical	mechanical_normalization	1	zhen2036
Zhen9424	Zhen9424	canonical	mechanical_normalization	1	zhen9424
Zhendao88	Zhendao88	canonical	mechanical_normalization	1	zhendao88
Zhendao_99	Zhendao_99	canonical	mechanical_normalization	1	zhendao99
Zheng Dao 1732	Zheng Dao 1732	canonical	mechanical_normalization	1	zhengdao1732
Zheng Long 5	Zheng Long 5	canonical	mechanical_normalization	1	zhenglong5
Zhengdao_10hao	Zhengdao_10hao	canonical	mechanical_normalization	1	zhengdao10hao
Zhengdao_18	Zhengdao_18	canonical	mechanical_normalization	1	zhengdao18
Zhengeng232	Zhengeng232	canonical	mechanical_normalization	1	zhengeng232
Zhenghan_2hao	Zhenghan_2hao	canonical	mechanical_normalization	1	zhenghan2hao
Zhenghui084	Zhenghui084	canonical	mechanical_normalization	1	zhenghui084
Zhenguiai	Zhenguiai	canonical	mechanical_normalization	1	zhenguiai
Zhenguiai1hao	Zhenguiai1hao	canonical	mechanical_normalization	1	zhenguiai1hao
Zhen Hui 084	Zhenhui084	spelling_variant	mechanical_normalization	1	zhenhui084
Zhenhui129	Zhenhui129	canonical	mechanical_normalization	1	zhenhui129
Zhenhui42	Zhenhui42	canonical	mechanical_normalization	1	zhenhui42
ZhenkeA	ZhenkeA	canonical	mechanical_normalization	1	zhenkea
Zhenlong13	Zhenlong13	canonical	mechanical_normalization	1	zhenlong13
Zhennuo19	Zhennuo19	canonical	mechanical_normalization	1	zhennuo19
Zhennuo2	Zhennuo2	canonical	mechanical_normalization	1	zhennuo2
Zhennuo20	Zhennuo20	canonical	mechanical_normalization	1	zhennuo20
Zhennuo29	Zhennuo29	canonical	mechanical_normalization	1	zhennuo29
Zhennuo6147	Zhennuo6147	canonical	mechanical_normalization	1	zhennuo6147
Zhennuo6195	Zhennuo6195	canonical	mechanical_normalization	1	zhennuo6195
Zhennuo9713	Zhennuo9713	canonical	mechanical_normalization	1	zhennuo9713
Zhenpin rice	Zhenpin rice	canonical	mechanical_normalization	1	zhenpinrice
Zhenqian1hao	Zhenqian1hao	canonical	mechanical_normalization	1	zhenqian1hao
Zhenshan97A	Zhenshan97A	canonical	mechanical_normalization	1	zhenshan97a
Zhenuo106	Zhenuo106	canonical	mechanical_normalization	1	zhenuo106
Zhenuo182	Zhenuo182	canonical	mechanical_normalization	1	zhenuo182
Zhenuo65	Zhenuo65	canonical	mechanical_normalization	1	zhenuo65
Zhenyou1hao	Zhenyou1hao	canonical	mechanical_normalization	1	zhenyou1hao
Zhenzhuai11	Zhenzhuai11	canonical	mechanical_normalization	1	zhenzhuai11
Zhenzhunuo	Zhenzhunuo	canonical	mechanical_normalization	1	zhenzhunuo
Zhenzhuzao	Zhenzhuzao	canonical	mechanical_normalization	1	zhenzhuzao
Zhi 6	Zhi 6	canonical	mechanical_normalization	1	zhi6
Zhi1	Zhi1	canonical	mechanical_normalization	1	zhi1
Zhi10	Zhi10	canonical	mechanical_normalization	1	zhi10
Zhi4	Zhi4	canonical	mechanical_normalization	1	zhi4
Zhognguo_91	Zhognguo_91	canonical	mechanical_normalization	1	zhognguo91
Zhognzuo_93	Zhognzuo_93	canonical	mechanical_normalization	1	zhognzuo93
Zhong 9B	Zhong 9B	canonical	mechanical_normalization	1	zhong9b
Zhong Hai Xiang 1	Zhong Hai Xiang 1	canonical	mechanical_normalization	1	zhonghaixiang1
Zhong Ke 804 BJ	Zhong Ke 804 BJ	canonical	mechanical_normalization	1	zhongke804bj
Zhong Ke 804 HLJ	Zhong Ke 804 HLJ	canonical	mechanical_normalization	1	zhongke804hlj
Zhong Ke Fa 8 Hao	Zhong Ke Fa 8 Hao	canonical	mechanical_normalization	1	zhongkefa8hao
Zhong Ke Xi Lu 4	Zhong Ke Xi Lu 4	canonical	mechanical_normalization	1	zhongkexilu4
Zhong Ke Yan 4	Zhong Ke Yan 4	canonical	mechanical_normalization	1	zhongkeyan4
Zhong Long Geng 3	Zhong Long Geng 3	canonical	mechanical_normalization	1	zhonglonggeng3
Zhong Wang Si Miao	Zhong Wang Si Miao	canonical	mechanical_normalization	1	zhongwangsimiao
Zhong Xiang Huang Zhan	Zhong Xiang Huang Zhan	canonical	mechanical_normalization	1	zhongxianghuangzhan
Zhong Zi 5	Zhong Zi 5	canonical	mechanical_normalization	1	zhongzi5
Zhong2A	Zhong2A	canonical	mechanical_normalization	1	zhong2a
Zhong3A	Zhong3A	canonical	mechanical_normalization	1	zhong3a
ZHONG 413	Zhong413	spelling_variant	mechanical_normalization	1	zhong413
Zhong98-15	Zhong98-15	canonical	mechanical_normalization	1	zhong9815
Zhong9A	Zhong9A	canonical	mechanical_normalization	1	zhong9a
Zhong 9B	Zhong9B	spelling_variant	mechanical_normalization	1	zhong9b
ZhongHui8006	ZhongHui8006	canonical	mechanical_normalization	1	zhonghui8006
ZhongbaiA	ZhongbaiA	canonical	mechanical_normalization	1	zhongbaia
Zhongganzao	Zhongganzao	canonical	mechanical_normalization	1	zhongganzao
ZHONGHAN 209	Zhonghan209	spelling_variant	mechanical_normalization	1	zhonghan209
ZhongHui8006	Zhonghui8006	spelling_variant	mechanical_normalization	1	zhonghui8006
Zhonghui8012	Zhonghui8012	canonical	mechanical_normalization	1	zhonghui8012
Zhonghui8015	Zhonghui8015	canonical	mechanical_normalization	1	zhonghui8015
Zhongjia3hao	Zhongjia3hao	canonical	mechanical_normalization	1	zhongjia3hao
Zhongjian100	Zhongjian100	canonical	mechanical_normalization	1	zhongjian100
Zhongjianuo1	Zhongjianuo1	canonical	mechanical_normalization	1	zhongjianuo1
Zhongjiazao32	Zhongjiazao32	canonical	mechanical_normalization	1	zhongjiazao32
Zhongjing_131	Zhongjing_131	canonical	mechanical_normalization	1	zhongjing131
Zhongjing_212	Zhongjing_212	canonical	mechanical_normalization	1	zhongjing212
Zhongjing_438	Zhongjing_438	canonical	mechanical_normalization	1	zhongjing438
Zhongjing_9677	Zhongjing_9677	canonical	mechanical_normalization	1	zhongjing9677
Zhonglian1A	Zhonglian1A	canonical	mechanical_normalization	1	zhonglian1a
Zhonglianhui510	Zhonglianhui510	canonical	mechanical_normalization	1	zhonglianhui510
Zhonglianhui950	Zhonglianhui950	canonical	mechanical_normalization	1	zhonglianhui950
Zhonglongjing_2hao	Zhonglongjing_2hao	canonical	mechanical_normalization	1	zhonglongjing2hao
Zhongnong-4	Zhongnong-4	canonical	mechanical_normalization	1	zhongnong4
Zhongsi2hao	Zhongsi2hao	canonical	mechanical_normalization	1	zhongsi2hao
Zhongxian898	Zhongxian898	canonical	mechanical_normalization	1	zhongxian898
Zhongxiang1hao	Zhongxiang1hao	canonical	mechanical_normalization	1	zhongxiang1hao
Zhongyouzao5hao	Zhongyouzao5hao	canonical	mechanical_normalization	1	zhongyouzao5hao
Zhongyouzao81	Zhongyouzao81	canonical	mechanical_normalization	1	zhongyouzao81
Zhongzao22	Zhongzao22	canonical	mechanical_normalization	1	zhongzao22
Zhongzao25	Zhongzao25	canonical	mechanical_normalization	1	zhongzao25
Zhongzao31	Zhongzao31	canonical	mechanical_normalization	1	zhongzao31
Zhongzao35	Zhongzao35	canonical	mechanical_normalization	1	zhongzao35
Zhongzao39	Zhongzao39	canonical	mechanical_normalization	1	zhongzao39
Zhongzhongxiangnuo	Zhongzhongxiangnuo	canonical	mechanical_normalization	1	zhongzhongxiangnuo
Zhongzu14	Zhongzu14	canonical	mechanical_normalization	1	zhongzu14
Zhongzu3hao	Zhongzu3hao	canonical	mechanical_normalization	1	zhongzu3hao
Zhongzuo 321	Zhongzuo 321	canonical	mechanical_normalization	1	zhongzuo321
Zhongzuo 9936	Zhongzuo 9936	canonical	mechanical_normalization	1	zhongzuo9936
Zhou9413	Zhou9413	canonical	mechanical_normalization	1	zhou9413
Zhu Xiang Li Si	Zhu Xiang Li Si	canonical	mechanical_normalization	1	zhuxianglisi
Zhu1S	Zhu1S	canonical	mechanical_normalization	1	zhu1s
Zhu712S	Zhu712S	canonical	mechanical_normalization	1	zhu712s
Zhuang Hong Gong Mi	Zhuang Hong Gong Mi	canonical	mechanical_normalization	1	zhuanghonggongmi
Zhuliangyou	Zhuliangyou	canonical	mechanical_normalization	1	zhuliangyou
ZhunS	ZhunS	canonical	mechanical_normalization	1	zhuns
Zhuxi26	Zhuxi26	canonical	mechanical_normalization	1	zhuxi26
Zhuxuan63-8S	Zhuxuan63-8S	canonical	mechanical_normalization	1	zhuxuan638s
Zi Gui Nuo	Zi Gui Nuo	canonical	mechanical_normalization	1	ziguinuo
Zidao 3	Zidao 3	canonical	mechanical_normalization	1	zidao3
Zigu	Zigu	canonical	mechanical_normalization	1	zigu
Zijingnuo	Zijingnuo	canonical	mechanical_normalization	1	zijingnuo
Zimidao	Zimidao	canonical	mechanical_normalization	1	zimidao
Zinuo"Haobixiang	Zinuo"Haobixiang	canonical	mechanical_normalization	1	zinuohaobixiang
Zinuogu	Zinuogu	canonical	mechanical_normalization	1	zinuogu
Zitoudao	Zitoudao	canonical	mechanical_normalization	1	zitoudao
Zixiang3hao	Zixiang3hao	canonical	mechanical_normalization	1	zixiang3hao
Zixiangmi	Zixiangmi	canonical	mechanical_normalization	1	zixiangmi
Zixiangnuo	Zixiangnuo	canonical	mechanical_normalization	1	zixiangnuo
Ziyeyingxiandao	Ziyeyingxiandao	canonical	mechanical_normalization	1	ziyeyingxiandao
Zulugu	Zulugu	canonical	mechanical_normalization	1	zulugu
Zunxian3hao	Zunxian3hao	canonical	mechanical_normalization	1	zunxian3hao
ailzhong	ailzhong	canonical	mechanical_normalization	1	ailzhong
alkali tolerance rice	alkali tolerance rice	canonical	mechanical_normalization	1	alkalitolerancerice
amimyeon	amimyeon	canonical	mechanical_normalization	1	amimyeon
amissal	amissal	canonical	mechanical_normalization	1	amissal
andabyeo	andabyeo	canonical	mechanical_normalization	1	andabyeo
anmi	anmi	canonical	mechanical_normalization	1	anmi
areumbyeo	areumbyeo	canonical	mechanical_normalization	1	areumbyeo
aromi	aromi	canonical	mechanical_normalization	1	aromi
baasu-alisi	baasu-alisi	canonical	mechanical_normalization	1	baasualisi
baegjinju1ho	baegjinju1ho	canonical	mechanical_normalization	1	baegjinju1ho
baegokchal	baegokchal	canonical	mechanical_normalization	1	baegokchal
baigedao1	baigedao1	canonical	mechanical_normalization	1	baigedao1
baigedao2	baigedao2	canonical	mechanical_normalization	1	baigedao2
baikedao1	baikedao1	canonical	mechanical_normalization	1	baikedao1
baikedao2	baikedao2	canonical	mechanical_normalization	1	baikedao2
baikenuo1	baikenuo1	canonical	mechanical_normalization	1	baikenuo1
baikenuo2	baikenuo2	canonical	mechanical_normalization	1	baikenuo2
baixiangjing	baixiangjing	canonical	mechanical_normalization	1	baixiangjing
baodao (glutinous)	baodao (glutinous)	canonical	mechanical_normalization	1	baodao
bigeum1	bigeum1	canonical	mechanical_normalization	1	bigeum1
black-1	black-1	canonical	mechanical_normalization	1	black1
Borami	borami	spelling_variant	mechanical_normalization	1	borami
boseogheugchal	boseogheugchal	canonical	mechanical_normalization	1	boseogheugchal
buyeo9	buyeo9	canonical	mechanical_normalization	1	buyeo9
chamdongjin	chamdongjin	canonical	mechanical_normalization	1	chamdongjin
chamjinmi	chamjinmi	canonical	mechanical_normalization	1	chamjinmi
chamnuri	chamnuri	canonical	mechanical_normalization	1	chamnuri
changshuheimi	changshuheimi	canonical	mechanical_normalization	1	changshuheimi
cheongbaekchal	cheongbaekchal	canonical	mechanical_normalization	1	cheongbaekchal
cheongcheongbyeo	cheongcheongbyeo	canonical	mechanical_normalization	1	cheongcheongbyeo
Cheongdam	cheongdam	spelling_variant	mechanical_normalization	1	cheongdam
Cheongun	cheongun	spelling_variant	mechanical_normalization	1	cheongun
cheongwoo	cheongwoo	canonical	mechanical_normalization	1	cheongwoo
chohong	chohong	canonical	mechanical_normalization	1	chohong
cuganlizhihong1	cuganlizhihong1	canonical	mechanical_normalization	1	cuganlizhihong1
cuganlizhihong2	cuganlizhihong2	canonical	mechanical_normalization	1	cuganlizhihong2
cuganlizhihong3	cuganlizhihong3	canonical	mechanical_normalization	1	cuganlizhihong3
cultivar1	cultivar1	canonical	mechanical_normalization	1	cultivar1
cultivar3	cultivar3	canonical	mechanical_normalization	1	cultivar3
cultivated_rice_105	cultivated_rice_105	canonical	mechanical_normalization	1	cultivatedrice105
cultivated_rice_106	cultivated_rice_106	canonical	mechanical_normalization	1	cultivatedrice106
cultivated_rice_107	cultivated_rice_107	canonical	mechanical_normalization	1	cultivatedrice107
cultivated_rice_108	cultivated_rice_108	canonical	mechanical_normalization	1	cultivatedrice108
cultivated_rice_109	cultivated_rice_109	canonical	mechanical_normalization	1	cultivatedrice109
cultivated_rice_110	cultivated_rice_110	canonical	mechanical_normalization	1	cultivatedrice110
cultivated_rice_111	cultivated_rice_111	canonical	mechanical_normalization	1	cultivatedrice111
cultivated_rice_112	cultivated_rice_112	canonical	mechanical_normalization	1	cultivatedrice112
cultivated_rice_113	cultivated_rice_113	canonical	mechanical_normalization	1	cultivatedrice113
cultivated_rice_114	cultivated_rice_114	canonical	mechanical_normalization	1	cultivatedrice114
cultivated_rice_115	cultivated_rice_115	canonical	mechanical_normalization	1	cultivatedrice115
cultivated_rice_116	cultivated_rice_116	canonical	mechanical_normalization	1	cultivatedrice116
cultivated_rice_117	cultivated_rice_117	canonical	mechanical_normalization	1	cultivatedrice117
cultivated_rice_118	cultivated_rice_118	canonical	mechanical_normalization	1	cultivatedrice118
cultivated_rice_119	cultivated_rice_119	canonical	mechanical_normalization	1	cultivatedrice119
cultivated_rice_120	cultivated_rice_120	canonical	mechanical_normalization	1	cultivatedrice120
cultivated_rice_121	cultivated_rice_121	canonical	mechanical_normalization	1	cultivatedrice121
cultivated_rice_122	cultivated_rice_122	canonical	mechanical_normalization	1	cultivatedrice122
cultivated_rice_123	cultivated_rice_123	canonical	mechanical_normalization	1	cultivatedrice123
cultivated_rice_124	cultivated_rice_124	canonical	mechanical_normalization	1	cultivatedrice124
cultivated_rice_125	cultivated_rice_125	canonical	mechanical_normalization	1	cultivatedrice125
cultivated_rice_126	cultivated_rice_126	canonical	mechanical_normalization	1	cultivatedrice126
cultivated_rice_127	cultivated_rice_127	canonical	mechanical_normalization	1	cultivatedrice127
cultivated_rice_128	cultivated_rice_128	canonical	mechanical_normalization	1	cultivatedrice128
cultivated_rice_129	cultivated_rice_129	canonical	mechanical_normalization	1	cultivatedrice129
cultivated_rice_130	cultivated_rice_130	canonical	mechanical_normalization	1	cultivatedrice130
cultivated_rice_131	cultivated_rice_131	canonical	mechanical_normalization	1	cultivatedrice131
cultivated_rice_132	cultivated_rice_132	canonical	mechanical_normalization	1	cultivatedrice132
cultivated_rice_133	cultivated_rice_133	canonical	mechanical_normalization	1	cultivatedrice133
cultivated_rice_134	cultivated_rice_134	canonical	mechanical_normalization	1	cultivatedrice134
cw92mr	cw92mr	canonical	mechanical_normalization	1	cw92mr
dacheong	dacheong	canonical	mechanical_normalization	1	dacheong
Daeripbyeo 1	daeripbyeo1	spelling_variant	mechanical_normalization	1	daeripbyeo1
dahuangdao	dahuangdao	canonical	mechanical_normalization	1	dahuangdao
dalzhong1	dalzhong1	canonical	mechanical_normalization	1	dalzhong1
dalzhong2	dalzhong2	canonical	mechanical_normalization	1	dalzhong2
dangchanjinmi	dangchanjinmi	canonical	mechanical_normalization	1	dangchanjinmi
dapyeong	dapyeong	canonical	mechanical_normalization	1	dapyeong
dasan1ho	dasan1ho	canonical	mechanical_normalization	1	dasan1ho
dasan2	dasan2	canonical	mechanical_normalization	1	dasan2
dima	dima	canonical	mechanical_normalization	1	dima
dwarf	dwarf	canonical	mechanical_normalization	1	dwarf
em044	em044	canonical	mechanical_normalization	1	em044
em047	em047	canonical	mechanical_normalization	1	em047
em050	em050	canonical	mechanical_normalization	1	em050
em064	em064	canonical	mechanical_normalization	1	em064
em065	em065	canonical	mechanical_normalization	1	em065
em066	em066	canonical	mechanical_normalization	1	em066
em067	em067	canonical	mechanical_normalization	1	em067
em068	em068	canonical	mechanical_normalization	1	em068
em069	em069	canonical	mechanical_normalization	1	em069
em070	em070	canonical	mechanical_normalization	1	em070
em071	em071	canonical	mechanical_normalization	1	em071
em072	em072	canonical	mechanical_normalization	1	em072
em073	em073	canonical	mechanical_normalization	1	em073
em074	em074	canonical	mechanical_normalization	1	em074
em075	em075	canonical	mechanical_normalization	1	em075
em076	em076	canonical	mechanical_normalization	1	em076
em077	em077	canonical	mechanical_normalization	1	em077
em078	em078	canonical	mechanical_normalization	1	em078
em079	em079	canonical	mechanical_normalization	1	em079
em080	em080	canonical	mechanical_normalization	1	em080
em081	em081	canonical	mechanical_normalization	1	em081
em082	em082	canonical	mechanical_normalization	1	em082
em083	em083	canonical	mechanical_normalization	1	em083
em084	em084	canonical	mechanical_normalization	1	em084
em085	em085	canonical	mechanical_normalization	1	em085
em086	em086	canonical	mechanical_normalization	1	em086
em087	em087	canonical	mechanical_normalization	1	em087
em088	em088	canonical	mechanical_normalization	1	em088
em089	em089	canonical	mechanical_normalization	1	em089
em090	em090	canonical	mechanical_normalization	1	em090
em091	em091	canonical	mechanical_normalization	1	em091
em092	em092	canonical	mechanical_normalization	1	em092
em093	em093	canonical	mechanical_normalization	1	em093
em095	em095	canonical	mechanical_normalization	1	em095
em096	em096	canonical	mechanical_normalization	1	em096
em097	em097	canonical	mechanical_normalization	1	em097
em098	em098	canonical	mechanical_normalization	1	em098
em099	em099	canonical	mechanical_normalization	1	em099
em100	em100	canonical	mechanical_normalization	1	em100
em101	em101	canonical	mechanical_normalization	1	em101
em102	em102	canonical	mechanical_normalization	1	em102
em103	em103	canonical	mechanical_normalization	1	em103
em104	em104	canonical	mechanical_normalization	1	em104
em105	em105	canonical	mechanical_normalization	1	em105
em106	em106	canonical	mechanical_normalization	1	em106
em107	em107	canonical	mechanical_normalization	1	em107
em108	em108	canonical	mechanical_normalization	1	em108
em109	em109	canonical	mechanical_normalization	1	em109
em110	em110	canonical	mechanical_normalization	1	em110
em112	em112	canonical	mechanical_normalization	1	em112
em113	em113	canonical	mechanical_normalization	1	em113
em114	em114	canonical	mechanical_normalization	1	em114
em115	em115	canonical	mechanical_normalization	1	em115
em116	em116	canonical	mechanical_normalization	1	em116
em117	em117	canonical	mechanical_normalization	1	em117
em118	em118	canonical	mechanical_normalization	1	em118
em119	em119	canonical	mechanical_normalization	1	em119
em120	em120	canonical	mechanical_normalization	1	em120
em122	em122	canonical	mechanical_normalization	1	em122
em123	em123	canonical	mechanical_normalization	1	em123
em124	em124	canonical	mechanical_normalization	1	em124
em125	em125	canonical	mechanical_normalization	1	em125
em127	em127	canonical	mechanical_normalization	1	em127
em128	em128	canonical	mechanical_normalization	1	em128
em129	em129	canonical	mechanical_normalization	1	em129
em130	em130	canonical	mechanical_normalization	1	em130
em131	em131	canonical	mechanical_normalization	1	em131
em132	em132	canonical	mechanical_normalization	1	em132
em133	em133	canonical	mechanical_normalization	1	em133
em135	em135	canonical	mechanical_normalization	1	em135
em137	em137	canonical	mechanical_normalization	1	em137
em138	em138	canonical	mechanical_normalization	1	em138
em139	em139	canonical	mechanical_normalization	1	em139
em140	em140	canonical	mechanical_normalization	1	em140
em141	em141	canonical	mechanical_normalization	1	em141
em142	em142	canonical	mechanical_normalization	1	em142
em143	em143	canonical	mechanical_normalization	1	em143
em144	em144	canonical	mechanical_normalization	1	em144
em145	em145	canonical	mechanical_normalization	1	em145
em146	em146	canonical	mechanical_normalization	1	em146
em147	em147	canonical	mechanical_normalization	1	em147
em148	em148	canonical	mechanical_normalization	1	em148
em149	em149	canonical	mechanical_normalization	1	em149
em150	em150	canonical	mechanical_normalization	1	em150
em151	em151	canonical	mechanical_normalization	1	em151
em152	em152	canonical	mechanical_normalization	1	em152
em153	em153	canonical	mechanical_normalization	1	em153
em155	em155	canonical	mechanical_normalization	1	em155
em156	em156	canonical	mechanical_normalization	1	em156
em157	em157	canonical	mechanical_normalization	1	em157
em158	em158	canonical	mechanical_normalization	1	em158
em161	em161	canonical	mechanical_normalization	1	em161
em162	em162	canonical	mechanical_normalization	1	em162
em164	em164	canonical	mechanical_normalization	1	em164
em165	em165	canonical	mechanical_normalization	1	em165
em166	em166	canonical	mechanical_normalization	1	em166
em167	em167	canonical	mechanical_normalization	1	em167
em168	em168	canonical	mechanical_normalization	1	em168
em169	em169	canonical	mechanical_normalization	1	em169
em170	em170	canonical	mechanical_normalization	1	em170
em171	em171	canonical	mechanical_normalization	1	em171
em173	em173	canonical	mechanical_normalization	1	em173
em174	em174	canonical	mechanical_normalization	1	em174
em175	em175	canonical	mechanical_normalization	1	em175
em176	em176	canonical	mechanical_normalization	1	em176
em177	em177	canonical	mechanical_normalization	1	em177
em178	em178	canonical	mechanical_normalization	1	em178
em179	em179	canonical	mechanical_normalization	1	em179
em180	em180	canonical	mechanical_normalization	1	em180
em181	em181	canonical	mechanical_normalization	1	em181
em182	em182	canonical	mechanical_normalization	1	em182
em184	em184	canonical	mechanical_normalization	1	em184
em185	em185	canonical	mechanical_normalization	1	em185
em186	em186	canonical	mechanical_normalization	1	em186
em187	em187	canonical	mechanical_normalization	1	em187
em188	em188	canonical	mechanical_normalization	1	em188
em189	em189	canonical	mechanical_normalization	1	em189
em190	em190	canonical	mechanical_normalization	1	em190
em191	em191	canonical	mechanical_normalization	1	em191
em192	em192	canonical	mechanical_normalization	1	em192
em193	em193	canonical	mechanical_normalization	1	em193
em194	em194	canonical	mechanical_normalization	1	em194
em195	em195	canonical	mechanical_normalization	1	em195
em196	em196	canonical	mechanical_normalization	1	em196
em197	em197	canonical	mechanical_normalization	1	em197
em198	em198	canonical	mechanical_normalization	1	em198
em199	em199	canonical	mechanical_normalization	1	em199
em200	em200	canonical	mechanical_normalization	1	em200
em201	em201	canonical	mechanical_normalization	1	em201
em202	em202	canonical	mechanical_normalization	1	em202
em203	em203	canonical	mechanical_normalization	1	em203
em204	em204	canonical	mechanical_normalization	1	em204
em205	em205	canonical	mechanical_normalization	1	em205
em206	em206	canonical	mechanical_normalization	1	em206
em207	em207	canonical	mechanical_normalization	1	em207
em208	em208	canonical	mechanical_normalization	1	em208
em209	em209	canonical	mechanical_normalization	1	em209
em210	em210	canonical	mechanical_normalization	1	em210
em211	em211	canonical	mechanical_normalization	1	em211
em212	em212	canonical	mechanical_normalization	1	em212
em213	em213	canonical	mechanical_normalization	1	em213
em214	em214	canonical	mechanical_normalization	1	em214
em215	em215	canonical	mechanical_normalization	1	em215
em216	em216	canonical	mechanical_normalization	1	em216
em218	em218	canonical	mechanical_normalization	1	em218
em220	em220	canonical	mechanical_normalization	1	em220
em221	em221	canonical	mechanical_normalization	1	em221
em222	em222	canonical	mechanical_normalization	1	em222
em223	em223	canonical	mechanical_normalization	1	em223
em224	em224	canonical	mechanical_normalization	1	em224
em226	em226	canonical	mechanical_normalization	1	em226
em227	em227	canonical	mechanical_normalization	1	em227
em228	em228	canonical	mechanical_normalization	1	em228
em229	em229	canonical	mechanical_normalization	1	em229
em230	em230	canonical	mechanical_normalization	1	em230
em232	em232	canonical	mechanical_normalization	1	em232
em233	em233	canonical	mechanical_normalization	1	em233
em234	em234	canonical	mechanical_normalization	1	em234
em235	em235	canonical	mechanical_normalization	1	em235
em236	em236	canonical	mechanical_normalization	1	em236
em237	em237	canonical	mechanical_normalization	1	em237
em238	em238	canonical	mechanical_normalization	1	em238
em239	em239	canonical	mechanical_normalization	1	em239
em240	em240	canonical	mechanical_normalization	1	em240
em241	em241	canonical	mechanical_normalization	1	em241
em242	em242	canonical	mechanical_normalization	1	em242
em243	em243	canonical	mechanical_normalization	1	em243
em244	em244	canonical	mechanical_normalization	1	em244
em245	em245	canonical	mechanical_normalization	1	em245
em246	em246	canonical	mechanical_normalization	1	em246
em247	em247	canonical	mechanical_normalization	1	em247
em248	em248	canonical	mechanical_normalization	1	em248
em249	em249	canonical	mechanical_normalization	1	em249
em250	em250	canonical	mechanical_normalization	1	em250
em251	em251	canonical	mechanical_normalization	1	em251
em252	em252	canonical	mechanical_normalization	1	em252
em253	em253	canonical	mechanical_normalization	1	em253
em254	em254	canonical	mechanical_normalization	1	em254
em255	em255	canonical	mechanical_normalization	1	em255
em256	em256	canonical	mechanical_normalization	1	em256
em257	em257	canonical	mechanical_normalization	1	em257
em259	em259	canonical	mechanical_normalization	1	em259
em260	em260	canonical	mechanical_normalization	1	em260
em261	em261	canonical	mechanical_normalization	1	em261
em262	em262	canonical	mechanical_normalization	1	em262
em263	em263	canonical	mechanical_normalization	1	em263
em264	em264	canonical	mechanical_normalization	1	em264
em265	em265	canonical	mechanical_normalization	1	em265
em266	em266	canonical	mechanical_normalization	1	em266
em267	em267	canonical	mechanical_normalization	1	em267
em268	em268	canonical	mechanical_normalization	1	em268
em270	em270	canonical	mechanical_normalization	1	em270
em271	em271	canonical	mechanical_normalization	1	em271
em272	em272	canonical	mechanical_normalization	1	em272
em273	em273	canonical	mechanical_normalization	1	em273
em274	em274	canonical	mechanical_normalization	1	em274
em276	em276	canonical	mechanical_normalization	1	em276
em277	em277	canonical	mechanical_normalization	1	em277
em278	em278	canonical	mechanical_normalization	1	em278
em279	em279	canonical	mechanical_normalization	1	em279
em280	em280	canonical	mechanical_normalization	1	em280
em282	em282	canonical	mechanical_normalization	1	em282
em283	em283	canonical	mechanical_normalization	1	em283
em284	em284	canonical	mechanical_normalization	1	em284
em285	em285	canonical	mechanical_normalization	1	em285
em287	em287	canonical	mechanical_normalization	1	em287
em288	em288	canonical	mechanical_normalization	1	em288
em289	em289	canonical	mechanical_normalization	1	em289
em290	em290	canonical	mechanical_normalization	1	em290
em291	em291	canonical	mechanical_normalization	1	em291
em292	em292	canonical	mechanical_normalization	1	em292
em293	em293	canonical	mechanical_normalization	1	em293
em294	em294	canonical	mechanical_normalization	1	em294
em295	em295	canonical	mechanical_normalization	1	em295
em296	em296	canonical	mechanical_normalization	1	em296
em298	em298	canonical	mechanical_normalization	1	em298
em299	em299	canonical	mechanical_normalization	1	em299
em300	em300	canonical	mechanical_normalization	1	em300
em301	em301	canonical	mechanical_normalization	1	em301
em302	em302	canonical	mechanical_normalization	1	em302
esmeralda-langatabiki	esmeralda-langatabiki	canonical	mechanical_normalization	1	esmeraldalangatabiki
feilaifeng1	feilaifeng1	canonical	mechanical_normalization	1	feilaifeng1
feilaifeng2	feilaifeng2	canonical	mechanical_normalization	1	feilaifeng2
fenghuangdao	fenghuangdao	canonical	mechanical_normalization	1	fenghuangdao
fengjingdao	fengjingdao	canonical	mechanical_normalization	1	fengjingdao
gangbaek	gangbaek	canonical	mechanical_normalization	1	gangbaek
gangdodo	gangdodo	canonical	mechanical_normalization	1	gangdodo
gankeqing	gankeqing	canonical	mechanical_normalization	1	gankeqing
Geonganghongmi	geonganghongmi	spelling_variant	mechanical_normalization	1	geonganghongmi
geonyangmi	geonyangmi	canonical	mechanical_normalization	1	geonyangmi
Giho	giho	spelling_variant	mechanical_normalization	1	giho
gogeum1	gogeum1	canonical	mechanical_normalization	1	gogeum1
hah	hah	canonical	mechanical_normalization	1	hah
hanareum4	hanareum4	canonical	mechanical_normalization	1	hanareum4
hanareumchal	hanareumchal	canonical	mechanical_normalization	1	hanareumchal
hangadeuk	hangadeuk	canonical	mechanical_normalization	1	hangadeuk
hangangchal1	hangangchal1	canonical	mechanical_normalization	1	hangangchal1
hangangchalbyeo	hangangchalbyeo	canonical	mechanical_normalization	1	hangangchalbyeo
hangaru	hangaru	canonical	mechanical_normalization	1	hangaru
heizhong1	heizhong1	canonical	mechanical_normalization	1	heizhong1
heizhong2	heizhong2	canonical	mechanical_normalization	1	heizhong2
heugnambyeo	heugnambyeo	canonical	mechanical_normalization	1	heugnambyeo
heukjinjubyeo	heukjinjubyeo	canonical	mechanical_normalization	1	heukjinjubyeo
hg5	hg5	canonical	mechanical_normalization	1	hg5
hg5x	hg5x	canonical	mechanical_normalization	1	hg5x
Hongjinju	hongjinju	spelling_variant	mechanical_normalization	1	hongjinju
hongkedao	hongkedao	canonical	mechanical_normalization	1	hongkedao
hongkenuo1	hongkenuo1	canonical	mechanical_normalization	1	hongkenuo1
hongkenuo2	hongkenuo2	canonical	mechanical_normalization	1	hongkenuo2
hongkenuo3	hongkenuo3	canonical	mechanical_normalization	1	hongkenuo3
hongkenuo4	hongkenuo4	canonical	mechanical_normalization	1	hongkenuo4
hongmajinnuo	hongmajinnuo	canonical	mechanical_normalization	1	hongmajinnuo
hongmangnuo1	hongmangnuo1	canonical	mechanical_normalization	1	hongmangnuo1
hongmangnuo2	hongmangnuo2	canonical	mechanical_normalization	1	hongmangnuo2
hongmangxiangjingnuo1	hongmangxiangjingnuo1	canonical	mechanical_normalization	1	hongmangxiangjingnuo1
hongmangxiangjingnuo2	hongmangxiangjingnuo2	canonical	mechanical_normalization	1	hongmangxiangjingnuo2
hongxujing	hongxujing	canonical	mechanical_normalization	1	hongxujing
huaihuanuo	huaihuanuo	canonical	mechanical_normalization	1	huaihuanuo
huakenuo	huakenuo	canonical	mechanical_normalization	1	huakenuo
huangkezaonianri	huangkezaonianri	canonical	mechanical_normalization	1	huangkezaonianri
huangkezaoshiri	huangkezaoshiri	canonical	mechanical_normalization	1	huangkezaoshiri
hwaseongbyeo	hwaseongbyeo	canonical	mechanical_normalization	1	hwaseongbyeo
hyangmibyeo1	hyangmibyeo1	canonical	mechanical_normalization	1	hyangmibyeo1
Hybrid rice	hybrid rice	spelling_variant	mechanical_normalization	1	hybridrice
jaeraejodo	jaeraejodo	canonical	mechanical_normalization	1	jaeraejodo
jaeraeryukdo	jaeraeryukdo	canonical	mechanical_normalization	1	jaeraeryukdo
jangseongbyeo	jangseongbyeo	canonical	mechanical_normalization	1	jangseongbyeo
jeogjinjuchal	jeogjinjuchal	canonical	mechanical_normalization	1	jeogjinjuchal
jf105	jf105	canonical	mechanical_normalization	1	jf105
jg818	jg818	canonical	mechanical_normalization	1	jg818
jiangxinuo	jiangxinuo	canonical	mechanical_normalization	1	jiangxinuo
jigengdao	jigengdao	canonical	mechanical_normalization	1	jigengdao
Jinbo	jinbo	spelling_variant	mechanical_normalization	1	jinbo
jinbuolbyeo	jinbuolbyeo	canonical	mechanical_normalization	1	jinbuolbyeo
jinguhuang	jinguhuang	canonical	mechanical_normalization	1	jinguhuang
jinmibyeo	jinmibyeo	canonical	mechanical_normalization	1	jinmibyeo
jinokchal	jinokchal	canonical	mechanical_normalization	1	jinokchal
jinseolchal	jinseolchal	canonical	mechanical_normalization	1	jinseolchal
jintannuo1	jintannuo1	canonical	mechanical_normalization	1	jintannuo1
jintannuo2	jintannuo2	canonical	mechanical_normalization	1	jintannuo2
Joan	joan	spelling_variant	mechanical_normalization	1	joan
joeunheukmi	joeunheukmi	canonical	mechanical_normalization	1	joeunheukmi
Jogwang	jogwang	spelling_variant	mechanical_normalization	1	jogwang
joryeongbyeo	joryeongbyeo	canonical	mechanical_normalization	1	joryeongbyeo
jungwonbyeo	jungwonbyeo	canonical	mechanical_normalization	1	jungwonbyeo
katan	katan	canonical	mechanical_normalization	1	katan
kitaake FN753-S	kitaake FN753-S	canonical	mechanical_normalization	1	kitaakefn753s
kitaake FN754-S	kitaake FN754-S	canonical	mechanical_normalization	1	kitaakefn754s
kitaake FN755-S	kitaake FN755-S	canonical	mechanical_normalization	1	kitaakefn755s
kitaake FN756-S	kitaake FN756-S	canonical	mechanical_normalization	1	kitaakefn756s
kitaake FN757-S	kitaake FN757-S	canonical	mechanical_normalization	1	kitaakefn757s
kitaake FN758-S	kitaake FN758-S	canonical	mechanical_normalization	1	kitaakefn758s
kitaake FN759-S	kitaake FN759-S	canonical	mechanical_normalization	1	kitaakefn759s
kitaake FN760-S	kitaake FN760-S	canonical	mechanical_normalization	1	kitaakefn760s
kitaake FN761-S	kitaake FN761-S	canonical	mechanical_normalization	1	kitaakefn761s
kitaake FN762-S	kitaake FN762-S	canonical	mechanical_normalization	1	kitaakefn762s
kitaake FN763-S	kitaake FN763-S	canonical	mechanical_normalization	1	kitaakefn763s
kitaake FN764-S	kitaake FN764-S	canonical	mechanical_normalization	1	kitaakefn764s
kitaake FN765-S	kitaake FN765-S	canonical	mechanical_normalization	1	kitaakefn765s
kitaake FN767-S	kitaake FN767-S	canonical	mechanical_normalization	1	kitaakefn767s
kitaake FN768-S	kitaake FN768-S	canonical	mechanical_normalization	1	kitaakefn768s
kitaake FN769-S	kitaake FN769-S	canonical	mechanical_normalization	1	kitaakefn769s
kitaake FN770-S	kitaake FN770-S	canonical	mechanical_normalization	1	kitaakefn770s
kitaake FN771-S	kitaake FN771-S	canonical	mechanical_normalization	1	kitaakefn771s
kitaake FN772-S	kitaake FN772-S	canonical	mechanical_normalization	1	kitaakefn772s
kitaake FN773-S	kitaake FN773-S	canonical	mechanical_normalization	1	kitaakefn773s
kitaake FN774-S	kitaake FN774-S	canonical	mechanical_normalization	1	kitaakefn774s
kitaake FN775-S	kitaake FN775-S	canonical	mechanical_normalization	1	kitaakefn775s
kitaake FN776-S	kitaake FN776-S	canonical	mechanical_normalization	1	kitaakefn776s
kitaake FN777-S	kitaake FN777-S	canonical	mechanical_normalization	1	kitaakefn777s
kitaake FN778-S	kitaake FN778-S	canonical	mechanical_normalization	1	kitaakefn778s
kitaake FN779-S	kitaake FN779-S	canonical	mechanical_normalization	1	kitaakefn779s
kitaake FN780-S	kitaake FN780-S	canonical	mechanical_normalization	1	kitaakefn780s
kitaake FN781-S	kitaake FN781-S	canonical	mechanical_normalization	1	kitaakefn781s
kitaake FN782-S	kitaake FN782-S	canonical	mechanical_normalization	1	kitaakefn782s
kitaake FN783-S	kitaake FN783-S	canonical	mechanical_normalization	1	kitaakefn783s
kitaake FN784-S	kitaake FN784-S	canonical	mechanical_normalization	1	kitaakefn784s
kitaake FN785-S	kitaake FN785-S	canonical	mechanical_normalization	1	kitaakefn785s
kitaake FN786-S	kitaake FN786-S	canonical	mechanical_normalization	1	kitaakefn786s
kitaake FN788-S	kitaake FN788-S	canonical	mechanical_normalization	1	kitaakefn788s
kitaake FN789-S	kitaake FN789-S	canonical	mechanical_normalization	1	kitaakefn789s
kitaake FN790-S	kitaake FN790-S	canonical	mechanical_normalization	1	kitaakefn790s
kitaake FN791-S	kitaake FN791-S	canonical	mechanical_normalization	1	kitaakefn791s
kitaake FN792-S	kitaake FN792-S	canonical	mechanical_normalization	1	kitaakefn792s
kitaake FN793-S	kitaake FN793-S	canonical	mechanical_normalization	1	kitaakefn793s
kitaake FN794-S	kitaake FN794-S	canonical	mechanical_normalization	1	kitaakefn794s
kitaake FN795-S	kitaake FN795-S	canonical	mechanical_normalization	1	kitaakefn795s
kitaake FN796-S	kitaake FN796-S	canonical	mechanical_normalization	1	kitaakefn796s
kitaake FN797-S	kitaake FN797-S	canonical	mechanical_normalization	1	kitaakefn797s
kitaake FN798-S	kitaake FN798-S	canonical	mechanical_normalization	1	kitaakefn798s
kitaake FN799-S	kitaake FN799-S	canonical	mechanical_normalization	1	kitaakefn799s
kitaake FN801-S	kitaake FN801-S	canonical	mechanical_normalization	1	kitaakefn801s
kitaake FN803-S	kitaake FN803-S	canonical	mechanical_normalization	1	kitaakefn803s
kitaake FN804-S	kitaake FN804-S	canonical	mechanical_normalization	1	kitaakefn804s
kitaake FN805-S	kitaake FN805-S	canonical	mechanical_normalization	1	kitaakefn805s
kitaake FN806-S	kitaake FN806-S	canonical	mechanical_normalization	1	kitaakefn806s
kitaake FN807-S	kitaake FN807-S	canonical	mechanical_normalization	1	kitaakefn807s
kitaake FN808-S	kitaake FN808-S	canonical	mechanical_normalization	1	kitaakefn808s
kitaake FN809-S	kitaake FN809-S	canonical	mechanical_normalization	1	kitaakefn809s
kitaake FN810-S	kitaake FN810-S	canonical	mechanical_normalization	1	kitaakefn810s
kitaake FN811-S	kitaake FN811-S	canonical	mechanical_normalization	1	kitaakefn811s
kitaake FN812-S	kitaake FN812-S	canonical	mechanical_normalization	1	kitaakefn812s
kitaake FN813-S	kitaake FN813-S	canonical	mechanical_normalization	1	kitaakefn813s
kitaake FN814-S	kitaake FN814-S	canonical	mechanical_normalization	1	kitaakefn814s
kitaake FN815-S	kitaake FN815-S	canonical	mechanical_normalization	1	kitaakefn815s
kitaake FN817-S	kitaake FN817-S	canonical	mechanical_normalization	1	kitaakefn817s
kitaake FN818-S	kitaake FN818-S	canonical	mechanical_normalization	1	kitaakefn818s
kitaake FN819-S	kitaake FN819-S	canonical	mechanical_normalization	1	kitaakefn819s
kitaake FN820-S	kitaake FN820-S	canonical	mechanical_normalization	1	kitaakefn820s
kitaake FN821-S	kitaake FN821-S	canonical	mechanical_normalization	1	kitaakefn821s
kitaake FN824-S	kitaake FN824-S	canonical	mechanical_normalization	1	kitaakefn824s
kitaake FN825-S	kitaake FN825-S	canonical	mechanical_normalization	1	kitaakefn825s
kitaake FN828-S	kitaake FN828-S	canonical	mechanical_normalization	1	kitaakefn828s
kitaake FN829-S	kitaake FN829-S	canonical	mechanical_normalization	1	kitaakefn829s
kitaake FN830-S	kitaake FN830-S	canonical	mechanical_normalization	1	kitaakefn830s
kitaake FN831-S	kitaake FN831-S	canonical	mechanical_normalization	1	kitaakefn831s
kitaake FN832-S	kitaake FN832-S	canonical	mechanical_normalization	1	kitaakefn832s
kitaake FN833-S	kitaake FN833-S	canonical	mechanical_normalization	1	kitaakefn833s
kitaake FN835-S	kitaake FN835-S	canonical	mechanical_normalization	1	kitaakefn835s
kitaake FN836-S	kitaake FN836-S	canonical	mechanical_normalization	1	kitaakefn836s
kitaake FN837-S	kitaake FN837-S	canonical	mechanical_normalization	1	kitaakefn837s
kitaake FN838-S	kitaake FN838-S	canonical	mechanical_normalization	1	kitaakefn838s
kitaake FN840-S	kitaake FN840-S	canonical	mechanical_normalization	1	kitaakefn840s
kitaake FN845-S	kitaake FN845-S	canonical	mechanical_normalization	1	kitaakefn845s
kitaake FN846-S	kitaake FN846-S	canonical	mechanical_normalization	1	kitaakefn846s
kitaake FN848-S	kitaake FN848-S	canonical	mechanical_normalization	1	kitaakefn848s
kitaake FN849-S	kitaake FN849-S	canonical	mechanical_normalization	1	kitaakefn849s
kitaake FN850-S	kitaake FN850-S	canonical	mechanical_normalization	1	kitaakefn850s
kitaake FN851-S	kitaake FN851-S	canonical	mechanical_normalization	1	kitaakefn851s
kitaake FN852-S	kitaake FN852-S	canonical	mechanical_normalization	1	kitaakefn852s
kitaake FN853-S	kitaake FN853-S	canonical	mechanical_normalization	1	kitaakefn853s
kitaake FN854-S	kitaake FN854-S	canonical	mechanical_normalization	1	kitaakefn854s
kitaake FN855-S	kitaake FN855-S	canonical	mechanical_normalization	1	kitaakefn855s
kitaake FN856-S	kitaake FN856-S	canonical	mechanical_normalization	1	kitaakefn856s
kitaake FN857-S	kitaake FN857-S	canonical	mechanical_normalization	1	kitaakefn857s
kitaake FN858-S	kitaake FN858-S	canonical	mechanical_normalization	1	kitaakefn858s
kitaake FN859-S	kitaake FN859-S	canonical	mechanical_normalization	1	kitaakefn859s
kitaake FN860-S	kitaake FN860-S	canonical	mechanical_normalization	1	kitaakefn860s
lIAO Japonica	lIAO Japonica	canonical	mechanical_normalization	1	liaojaponica
laohuangdao1	laohuangdao1	canonical	mechanical_normalization	1	laohuangdao1
laohuangdao2	laohuangdao2	canonical	mechanical_normalization	1	laohuangdao2
laohudao	laohudao	canonical	mechanical_normalization	1	laohudao
laolaihong1	laolaihong1	canonical	mechanical_normalization	1	laolaihong1
laolaihong2	laolaihong2	canonical	mechanical_normalization	1	laolaihong2
laolaihong3	laolaihong3	canonical	mechanical_normalization	1	laolaihong3
laolaiqing1	laolaiqing1	canonical	mechanical_normalization	1	laolaiqing1
laolaiqing2	laolaiqing2	canonical	mechanical_normalization	1	laolaiqing2
luchaihong	luchaihong	canonical	mechanical_normalization	1	luchaihong
luhuabai1	luhuabai1	canonical	mechanical_normalization	1	luhuabai1
luhuabai2	luhuabai2	canonical	mechanical_normalization	1	luhuabai2
luhuabai3	luhuabai3	canonical	mechanical_normalization	1	luhuabai3
luohanhuang1	luohanhuang1	canonical	mechanical_normalization	1	luohanhuang1
luohanhuang2	luohanhuang2	canonical	mechanical_normalization	1	luohanhuang2
luohanhuang3	luohanhuang3	canonical	mechanical_normalization	1	luohanhuang3
luoshuangqing1	luoshuangqing1	canonical	mechanical_normalization	1	luoshuangqing1
luoshuangqing2	luoshuangqing2	canonical	mechanical_normalization	1	luoshuangqing2
luoshuangqing3	luoshuangqing3	canonical	mechanical_normalization	1	luoshuangqing3
lutouhong1	lutouhong1	canonical	mechanical_normalization	1	lutouhong1
lutouhong2	lutouhong2	canonical	mechanical_normalization	1	lutouhong2
lzhong	lzhong	canonical	mechanical_normalization	1	lzhong
majinnuo	majinnuo	canonical	mechanical_normalization	1	majinnuo
mandao	mandao	canonical	mechanical_normalization	1	mandao
manhongdao	manhongdao	canonical	mechanical_normalization	1	manhongdao
manmi	manmi	canonical	mechanical_normalization	1	manmi
mesti	mesti	canonical	mechanical_normalization	1	mesti
mil-yang23	mil-yang23	canonical	mechanical_normalization	1	milyang23
mimyeon	mimyeon	canonical	mechanical_normalization	1	mimyeon
miwoo	miwoo	canonical	mechanical_normalization	1	miwoo
Mogwoo	mogwoo	spelling_variant	mechanical_normalization	1	mogwoo
Mogyang	mogyang	spelling_variant	mechanical_normalization	1	mogyang
mtl-DH1	mtl-DH1	canonical	mechanical_normalization	1	mtldh1
mtl-DH2	mtl-DH2	canonical	mechanical_normalization	1	mtldh2
mtl-Haploid1	mtl-Haploid1	canonical	mechanical_normalization	1	mtlhaploid1
mtl-Haploid2	mtl-Haploid2	canonical	mechanical_normalization	1	mtlhaploid2
my298bb	my298bb	canonical	mechanical_normalization	1	my298bb
my299bk	my299bk	canonical	mechanical_normalization	1	my299bk
Namil	namil	spelling_variant	mechanical_normalization	1	namil
nampungbyeo	nampungbyeo	canonical	mechanical_normalization	1	nampungbyeo
niumaohuang1	niumaohuang1	canonical	mechanical_normalization	1	niumaohuang1
niumaohuang2	niumaohuang2	canonical	mechanical_normalization	1	niumaohuang2
nokwoo	nokwoo	canonical	mechanical_normalization	1	nokwoo
Nokyang	nokyang	spelling_variant	mechanical_normalization	1	nokyang
nonganbyeo	nonganbyeo	canonical	mechanical_normalization	1	nonganbyeo
nunkeunheugchal1ho	nunkeunheugchal1ho	canonical	mechanical_normalization	1	nunkeunheugchal1ho
odae	odae	canonical	mechanical_normalization	1	odae
palbangmi	palbangmi	canonical	mechanical_normalization	1	palbangmi
parent1	parent1	canonical	mechanical_normalization	1	parent1
pende-fisi	pende-fisi	canonical	mechanical_normalization	1	pendefisi
pio-konde	pio-konde	canonical	mechanical_normalization	1	piokonde
putaoqing1	putaoqing1	canonical	mechanical_normalization	1	putaoqing1
putaoqing2	putaoqing2	canonical	mechanical_normalization	1	putaoqing2
rice 425	rice 425	canonical	mechanical_normalization	1	rice425
rice changbai	rice changbai	canonical	mechanical_normalization	1	ricechangbai
rn11	rn11	canonical	mechanical_normalization	1	rn11
rn11x	rn11x	canonical	mechanical_normalization	1	rn11x
rn802	rn802	canonical	mechanical_normalization	1	rn802
saemimyeon	saemimyeon	canonical	mechanical_normalization	1	saemimyeon
saeodae1ho	saeodae1ho	canonical	mechanical_normalization	1	saeodae1ho
samgangbyeo	samgangbyeo	canonical	mechanical_normalization	1	samgangbyeo
Samgwang	samgwang	spelling_variant	mechanical_normalization	1	samgwang
Sangnambatbyeo	sangnambatbyeo	spelling_variant	mechanical_normalization	1	sangnambatbyeo
sanqiansui	sanqiansui	canonical	mechanical_normalization	1	sanqiansui
seolbaek	seolbaek	canonical	mechanical_normalization	1	seolbaek
seomyeong	seomyeong	canonical	mechanical_normalization	1	seomyeong
seonhyangheukmi	seonhyangheukmi	canonical	mechanical_normalization	1	seonhyangheukmi
seopyeong	seopyeong	canonical	mechanical_normalization	1	seopyeong
sishangyu	sishangyu	canonical	mechanical_normalization	1	sishangyu
taebaekbyeo	taebaekbyeo	canonical	mechanical_normalization	1	taebaekbyeo
taihuqing1	taihuqing1	canonical	mechanical_normalization	1	taihuqing1
taihuqing2	taihuqing2	canonical	mechanical_normalization	1	taihuqing2
tieganqing1	tieganqing1	canonical	mechanical_normalization	1	tieganqing1
tieganqing2	tieganqing2	canonical	mechanical_normalization	1	tieganqing2
tietouhong1	tietouhong1	canonical	mechanical_normalization	1	tietouhong1
tietouhong2	tietouhong2	canonical	mechanical_normalization	1	tietouhong2
ubi-XA21 BAI-lesN-15	ubi-XA21 BAI-lesN-15	canonical	mechanical_normalization	1	ubixa21bailesn15
ubi-XA21 BAI-lesP-10	ubi-XA21 BAI-lesP-10	canonical	mechanical_normalization	1	ubixa21bailesp10
ubi-XA21 FN1000-S	ubi-XA21 FN1000-S	canonical	mechanical_normalization	1	ubixa21fn1000s
ubi-XA21 FN1001-S	ubi-XA21 FN1001-S	canonical	mechanical_normalization	1	ubixa21fn1001s
ubi-XA21 FN1002-S	ubi-XA21 FN1002-S	canonical	mechanical_normalization	1	ubixa21fn1002s
ubi-XA21 FN1003-S	ubi-XA21 FN1003-S	canonical	mechanical_normalization	1	ubixa21fn1003s
ubi-XA21 FN1006-S	ubi-XA21 FN1006-S	canonical	mechanical_normalization	1	ubixa21fn1006s
ubi-XA21 FN1007-S	ubi-XA21 FN1007-S	canonical	mechanical_normalization	1	ubixa21fn1007s
ubi-XA21 FN1008-S	ubi-XA21 FN1008-S	canonical	mechanical_normalization	1	ubixa21fn1008s
ubi-XA21 FN1009-S	ubi-XA21 FN1009-S	canonical	mechanical_normalization	1	ubixa21fn1009s
ubi-XA21 FN1011-S	ubi-XA21 FN1011-S	canonical	mechanical_normalization	1	ubixa21fn1011s
ubi-XA21 FN1012-S	ubi-XA21 FN1012-S	canonical	mechanical_normalization	1	ubixa21fn1012s
ubi-XA21 FN1014-S	ubi-XA21 FN1014-S	canonical	mechanical_normalization	1	ubixa21fn1014s
ubi-XA21 FN1015-S	ubi-XA21 FN1015-S	canonical	mechanical_normalization	1	ubixa21fn1015s
ubi-XA21 FN1016-S	ubi-XA21 FN1016-S	canonical	mechanical_normalization	1	ubixa21fn1016s
ubi-XA21 FN1018-S	ubi-XA21 FN1018-S	canonical	mechanical_normalization	1	ubixa21fn1018s
ubi-XA21 FN1020-S	ubi-XA21 FN1020-S	canonical	mechanical_normalization	1	ubixa21fn1020s
ubi-XA21 FN1022-S	ubi-XA21 FN1022-S	canonical	mechanical_normalization	1	ubixa21fn1022s
ubi-XA21 FN1023-S	ubi-XA21 FN1023-S	canonical	mechanical_normalization	1	ubixa21fn1023s
ubi-XA21 FN1024-S	ubi-XA21 FN1024-S	canonical	mechanical_normalization	1	ubixa21fn1024s
ubi-XA21 FN1025-S	ubi-XA21 FN1025-S	canonical	mechanical_normalization	1	ubixa21fn1025s
ubi-XA21 FN1026-S	ubi-XA21 FN1026-S	canonical	mechanical_normalization	1	ubixa21fn1026s
ubi-XA21 FN1027-S	ubi-XA21 FN1027-S	canonical	mechanical_normalization	1	ubixa21fn1027s
ubi-XA21 FN1028-S	ubi-XA21 FN1028-S	canonical	mechanical_normalization	1	ubixa21fn1028s
ubi-XA21 FN1029-S	ubi-XA21 FN1029-S	canonical	mechanical_normalization	1	ubixa21fn1029s
ubi-XA21 FN1030-S	ubi-XA21 FN1030-S	canonical	mechanical_normalization	1	ubixa21fn1030s
ubi-XA21 FN1031-S	ubi-XA21 FN1031-S	canonical	mechanical_normalization	1	ubixa21fn1031s
ubi-XA21 FN1032-S	ubi-XA21 FN1032-S	canonical	mechanical_normalization	1	ubixa21fn1032s
ubi-XA21 FN1033-S	ubi-XA21 FN1033-S	canonical	mechanical_normalization	1	ubixa21fn1033s
ubi-XA21 FN1034-S	ubi-XA21 FN1034-S	canonical	mechanical_normalization	1	ubixa21fn1034s
ubi-XA21 FN1035-S	ubi-XA21 FN1035-S	canonical	mechanical_normalization	1	ubixa21fn1035s
ubi-XA21 FN1036-S	ubi-XA21 FN1036-S	canonical	mechanical_normalization	1	ubixa21fn1036s
ubi-XA21 FN1037-S	ubi-XA21 FN1037-S	canonical	mechanical_normalization	1	ubixa21fn1037s
ubi-XA21 FN1038-S	ubi-XA21 FN1038-S	canonical	mechanical_normalization	1	ubixa21fn1038s
ubi-XA21 FN1039-S	ubi-XA21 FN1039-S	canonical	mechanical_normalization	1	ubixa21fn1039s
ubi-XA21 FN1040-S	ubi-XA21 FN1040-S	canonical	mechanical_normalization	1	ubixa21fn1040s
ubi-XA21 FN1042-S	ubi-XA21 FN1042-S	canonical	mechanical_normalization	1	ubixa21fn1042s
ubi-XA21 FN1043-S	ubi-XA21 FN1043-S	canonical	mechanical_normalization	1	ubixa21fn1043s
ubi-XA21 FN1045-S	ubi-XA21 FN1045-S	canonical	mechanical_normalization	1	ubixa21fn1045s
ubi-XA21 FN1046-S	ubi-XA21 FN1046-S	canonical	mechanical_normalization	1	ubixa21fn1046s
ubi-XA21 FN1047-S	ubi-XA21 FN1047-S	canonical	mechanical_normalization	1	ubixa21fn1047s
ubi-XA21 FN1048-S	ubi-XA21 FN1048-S	canonical	mechanical_normalization	1	ubixa21fn1048s
ubi-XA21 FN1049-S	ubi-XA21 FN1049-S	canonical	mechanical_normalization	1	ubixa21fn1049s
ubi-XA21 FN1050-S	ubi-XA21 FN1050-S	canonical	mechanical_normalization	1	ubixa21fn1050s
ubi-XA21 FN1053-S	ubi-XA21 FN1053-S	canonical	mechanical_normalization	1	ubixa21fn1053s
ubi-XA21 FN1056-S	ubi-XA21 FN1056-S	canonical	mechanical_normalization	1	ubixa21fn1056s
ubi-XA21 FN1057-S	ubi-XA21 FN1057-S	canonical	mechanical_normalization	1	ubixa21fn1057s
ubi-XA21 FN1058-S	ubi-XA21 FN1058-S	canonical	mechanical_normalization	1	ubixa21fn1058s
ubi-XA21 FN1060-S	ubi-XA21 FN1060-S	canonical	mechanical_normalization	1	ubixa21fn1060s
ubi-XA21 FN1061-S	ubi-XA21 FN1061-S	canonical	mechanical_normalization	1	ubixa21fn1061s
ubi-XA21 FN1062-S	ubi-XA21 FN1062-S	canonical	mechanical_normalization	1	ubixa21fn1062s
ubi-XA21 FN1064-S	ubi-XA21 FN1064-S	canonical	mechanical_normalization	1	ubixa21fn1064s
ubi-XA21 FN1065-S	ubi-XA21 FN1065-S	canonical	mechanical_normalization	1	ubixa21fn1065s
ubi-XA21 FN1067-S	ubi-XA21 FN1067-S	canonical	mechanical_normalization	1	ubixa21fn1067s
ubi-XA21 FN1068-S	ubi-XA21 FN1068-S	canonical	mechanical_normalization	1	ubixa21fn1068s
ubi-XA21 FN1069-S	ubi-XA21 FN1069-S	canonical	mechanical_normalization	1	ubixa21fn1069s
ubi-XA21 FN1070-S	ubi-XA21 FN1070-S	canonical	mechanical_normalization	1	ubixa21fn1070s
ubi-XA21 FN1071-S	ubi-XA21 FN1071-S	canonical	mechanical_normalization	1	ubixa21fn1071s
ubi-XA21 FN1072-S	ubi-XA21 FN1072-S	canonical	mechanical_normalization	1	ubixa21fn1072s
ubi-XA21 FN1073-S	ubi-XA21 FN1073-S	canonical	mechanical_normalization	1	ubixa21fn1073s
ubi-XA21 FN1074-S	ubi-XA21 FN1074-S	canonical	mechanical_normalization	1	ubixa21fn1074s
ubi-XA21 FN1075-S	ubi-XA21 FN1075-S	canonical	mechanical_normalization	1	ubixa21fn1075s
ubi-XA21 FN1076-S	ubi-XA21 FN1076-S	canonical	mechanical_normalization	1	ubixa21fn1076s
ubi-XA21 FN1079-S	ubi-XA21 FN1079-S	canonical	mechanical_normalization	1	ubixa21fn1079s
ubi-XA21 FN1080-S	ubi-XA21 FN1080-S	canonical	mechanical_normalization	1	ubixa21fn1080s
ubi-XA21 FN1082-S	ubi-XA21 FN1082-S	canonical	mechanical_normalization	1	ubixa21fn1082s
ubi-XA21 FN1084-S	ubi-XA21 FN1084-S	canonical	mechanical_normalization	1	ubixa21fn1084s
ubi-XA21 FN1085-S	ubi-XA21 FN1085-S	canonical	mechanical_normalization	1	ubixa21fn1085s
ubi-XA21 FN1086-S	ubi-XA21 FN1086-S	canonical	mechanical_normalization	1	ubixa21fn1086s
ubi-XA21 FN1089-S	ubi-XA21 FN1089-S	canonical	mechanical_normalization	1	ubixa21fn1089s
ubi-XA21 FN1093-S	ubi-XA21 FN1093-S	canonical	mechanical_normalization	1	ubixa21fn1093s
ubi-XA21 FN1094-S	ubi-XA21 FN1094-S	canonical	mechanical_normalization	1	ubixa21fn1094s
ubi-XA21 FN1096-S	ubi-XA21 FN1096-S	canonical	mechanical_normalization	1	ubixa21fn1096s
ubi-XA21 FN1097-S	ubi-XA21 FN1097-S	canonical	mechanical_normalization	1	ubixa21fn1097s
ubi-XA21 FN1099-S	ubi-XA21 FN1099-S	canonical	mechanical_normalization	1	ubixa21fn1099s
ubi-XA21 FN1100-S	ubi-XA21 FN1100-S	canonical	mechanical_normalization	1	ubixa21fn1100s
ubi-XA21 FN1102-S	ubi-XA21 FN1102-S	canonical	mechanical_normalization	1	ubixa21fn1102s
ubi-XA21 FN1103-S	ubi-XA21 FN1103-S	canonical	mechanical_normalization	1	ubixa21fn1103s
ubi-XA21 FN1104-S	ubi-XA21 FN1104-S	canonical	mechanical_normalization	1	ubixa21fn1104s
ubi-XA21 FN1106-S	ubi-XA21 FN1106-S	canonical	mechanical_normalization	1	ubixa21fn1106s
ubi-XA21 FN1108-S	ubi-XA21 FN1108-S	canonical	mechanical_normalization	1	ubixa21fn1108s
ubi-XA21 FN1109-S	ubi-XA21 FN1109-S	canonical	mechanical_normalization	1	ubixa21fn1109s
ubi-XA21 FN1110-S	ubi-XA21 FN1110-S	canonical	mechanical_normalization	1	ubixa21fn1110s
ubi-XA21 FN1112-S	ubi-XA21 FN1112-S	canonical	mechanical_normalization	1	ubixa21fn1112s
ubi-XA21 FN1113-S	ubi-XA21 FN1113-S	canonical	mechanical_normalization	1	ubixa21fn1113s
ubi-XA21 FN1114-S	ubi-XA21 FN1114-S	canonical	mechanical_normalization	1	ubixa21fn1114s
ubi-XA21 FN1115-S	ubi-XA21 FN1115-S	canonical	mechanical_normalization	1	ubixa21fn1115s
ubi-XA21 FN1116-S	ubi-XA21 FN1116-S	canonical	mechanical_normalization	1	ubixa21fn1116s
ubi-XA21 FN1117-S	ubi-XA21 FN1117-S	canonical	mechanical_normalization	1	ubixa21fn1117s
ubi-XA21 FN1118-S	ubi-XA21 FN1118-S	canonical	mechanical_normalization	1	ubixa21fn1118s
ubi-XA21 FN1119-S	ubi-XA21 FN1119-S	canonical	mechanical_normalization	1	ubixa21fn1119s
ubi-XA21 FN1136-S	ubi-XA21 FN1136-S	canonical	mechanical_normalization	1	ubixa21fn1136s
ubi-XA21 FN1254-S	ubi-XA21 FN1254-S	canonical	mechanical_normalization	1	ubixa21fn1254s
ubi-XA21 FN1255-S	ubi-XA21 FN1255-S	canonical	mechanical_normalization	1	ubixa21fn1255s
ubi-XA21 FN1256-S	ubi-XA21 FN1256-S	canonical	mechanical_normalization	1	ubixa21fn1256s
ubi-XA21 FN1257-S	ubi-XA21 FN1257-S	canonical	mechanical_normalization	1	ubixa21fn1257s
ubi-XA21 FN1258-S	ubi-XA21 FN1258-S	canonical	mechanical_normalization	1	ubixa21fn1258s
ubi-XA21 FN1261-S	ubi-XA21 FN1261-S	canonical	mechanical_normalization	1	ubixa21fn1261s
ubi-XA21 FN1262-S	ubi-XA21 FN1262-S	canonical	mechanical_normalization	1	ubixa21fn1262s
ubi-XA21 FN1263-S	ubi-XA21 FN1263-S	canonical	mechanical_normalization	1	ubixa21fn1263s
ubi-XA21 FN1264-S	ubi-XA21 FN1264-S	canonical	mechanical_normalization	1	ubixa21fn1264s
ubi-XA21 FN1265-S	ubi-XA21 FN1265-S	canonical	mechanical_normalization	1	ubixa21fn1265s
ubi-XA21 FN1266-S	ubi-XA21 FN1266-S	canonical	mechanical_normalization	1	ubixa21fn1266s
ubi-XA21 FN1268-S	ubi-XA21 FN1268-S	canonical	mechanical_normalization	1	ubixa21fn1268s
ubi-XA21 FN1269-S	ubi-XA21 FN1269-S	canonical	mechanical_normalization	1	ubixa21fn1269s
ubi-XA21 FN1270-S	ubi-XA21 FN1270-S	canonical	mechanical_normalization	1	ubixa21fn1270s
ubi-XA21 FN1271-S	ubi-XA21 FN1271-S	canonical	mechanical_normalization	1	ubixa21fn1271s
ubi-XA21 FN1272-S	ubi-XA21 FN1272-S	canonical	mechanical_normalization	1	ubixa21fn1272s
ubi-XA21 FN1273-S	ubi-XA21 FN1273-S	canonical	mechanical_normalization	1	ubixa21fn1273s
ubi-XA21 FN1274-S	ubi-XA21 FN1274-S	canonical	mechanical_normalization	1	ubixa21fn1274s
ubi-XA21 FN1275-S	ubi-XA21 FN1275-S	canonical	mechanical_normalization	1	ubixa21fn1275s
ubi-XA21 FN1276-S	ubi-XA21 FN1276-S	canonical	mechanical_normalization	1	ubixa21fn1276s
ubi-XA21 FN1277-S	ubi-XA21 FN1277-S	canonical	mechanical_normalization	1	ubixa21fn1277s
ubi-XA21 FN1278-S	ubi-XA21 FN1278-S	canonical	mechanical_normalization	1	ubixa21fn1278s
ubi-XA21 FN1279-S	ubi-XA21 FN1279-S	canonical	mechanical_normalization	1	ubixa21fn1279s
ubi-XA21 FN1280-S	ubi-XA21 FN1280-S	canonical	mechanical_normalization	1	ubixa21fn1280s
ubi-XA21 FN1281-S	ubi-XA21 FN1281-S	canonical	mechanical_normalization	1	ubixa21fn1281s
ubi-XA21 FN1282-S	ubi-XA21 FN1282-S	canonical	mechanical_normalization	1	ubixa21fn1282s
ubi-XA21 FN1283-S	ubi-XA21 FN1283-S	canonical	mechanical_normalization	1	ubixa21fn1283s
ubi-XA21 FN1284-S	ubi-XA21 FN1284-S	canonical	mechanical_normalization	1	ubixa21fn1284s
ubi-XA21 FN1285-S	ubi-XA21 FN1285-S	canonical	mechanical_normalization	1	ubixa21fn1285s
ubi-XA21 FN1286-S	ubi-XA21 FN1286-S	canonical	mechanical_normalization	1	ubixa21fn1286s
ubi-XA21 FN1287-S	ubi-XA21 FN1287-S	canonical	mechanical_normalization	1	ubixa21fn1287s
ubi-XA21 FN1288-S	ubi-XA21 FN1288-S	canonical	mechanical_normalization	1	ubixa21fn1288s
ubi-XA21 FN1290-S	ubi-XA21 FN1290-S	canonical	mechanical_normalization	1	ubixa21fn1290s
ubi-XA21 FN1292-S	ubi-XA21 FN1292-S	canonical	mechanical_normalization	1	ubixa21fn1292s
ubi-XA21 FN1293-S	ubi-XA21 FN1293-S	canonical	mechanical_normalization	1	ubixa21fn1293s
ubi-XA21 FN1295-S	ubi-XA21 FN1295-S	canonical	mechanical_normalization	1	ubixa21fn1295s
ubi-XA21 FN1297-S	ubi-XA21 FN1297-S	canonical	mechanical_normalization	1	ubixa21fn1297s
ubi-XA21 FN1299-S	ubi-XA21 FN1299-S	canonical	mechanical_normalization	1	ubixa21fn1299s
ubi-XA21 FN1300-S	ubi-XA21 FN1300-S	canonical	mechanical_normalization	1	ubixa21fn1300s
ubi-XA21 FN1301-S	ubi-XA21 FN1301-S	canonical	mechanical_normalization	1	ubixa21fn1301s
ubi-XA21 FN1302-S	ubi-XA21 FN1302-S	canonical	mechanical_normalization	1	ubixa21fn1302s
ubi-XA21 FN1304-S	ubi-XA21 FN1304-S	canonical	mechanical_normalization	1	ubixa21fn1304s
ubi-XA21 FN1307-S	ubi-XA21 FN1307-S	canonical	mechanical_normalization	1	ubixa21fn1307s
ubi-XA21 FN1309-S	ubi-XA21 FN1309-S	canonical	mechanical_normalization	1	ubixa21fn1309s
ubi-XA21 FN1310-S	ubi-XA21 FN1310-S	canonical	mechanical_normalization	1	ubixa21fn1310s
ubi-XA21 FN1313-S	ubi-XA21 FN1313-S	canonical	mechanical_normalization	1	ubixa21fn1313s
ubi-XA21 FN1314-S	ubi-XA21 FN1314-S	canonical	mechanical_normalization	1	ubixa21fn1314s
ubi-XA21 FN1315-S	ubi-XA21 FN1315-S	canonical	mechanical_normalization	1	ubixa21fn1315s
ubi-XA21 FN1316-S	ubi-XA21 FN1316-S	canonical	mechanical_normalization	1	ubixa21fn1316s
ubi-XA21 FN1317-S	ubi-XA21 FN1317-S	canonical	mechanical_normalization	1	ubixa21fn1317s
ubi-XA21 FN1318-S	ubi-XA21 FN1318-S	canonical	mechanical_normalization	1	ubixa21fn1318s
ubi-XA21 FN1319-S	ubi-XA21 FN1319-S	canonical	mechanical_normalization	1	ubixa21fn1319s
ubi-XA21 FN1320-S	ubi-XA21 FN1320-S	canonical	mechanical_normalization	1	ubixa21fn1320s
ubi-XA21 FN1321-S	ubi-XA21 FN1321-S	canonical	mechanical_normalization	1	ubixa21fn1321s
ubi-XA21 FN1322-S	ubi-XA21 FN1322-S	canonical	mechanical_normalization	1	ubixa21fn1322s
ubi-XA21 FN1323-S	ubi-XA21 FN1323-S	canonical	mechanical_normalization	1	ubixa21fn1323s
ubi-XA21 FN1324-S	ubi-XA21 FN1324-S	canonical	mechanical_normalization	1	ubixa21fn1324s
ubi-XA21 FN1325-S	ubi-XA21 FN1325-S	canonical	mechanical_normalization	1	ubixa21fn1325s
ubi-XA21 FN1326-S	ubi-XA21 FN1326-S	canonical	mechanical_normalization	1	ubixa21fn1326s
ubi-XA21 FN1327-S	ubi-XA21 FN1327-S	canonical	mechanical_normalization	1	ubixa21fn1327s
ubi-XA21 FN1329-S	ubi-XA21 FN1329-S	canonical	mechanical_normalization	1	ubixa21fn1329s
ubi-XA21 FN1330-S	ubi-XA21 FN1330-S	canonical	mechanical_normalization	1	ubixa21fn1330s
ubi-XA21 FN1332-S	ubi-XA21 FN1332-S	canonical	mechanical_normalization	1	ubixa21fn1332s
ubi-XA21 FN1333-S	ubi-XA21 FN1333-S	canonical	mechanical_normalization	1	ubixa21fn1333s
ubi-XA21 FN1334-S	ubi-XA21 FN1334-S	canonical	mechanical_normalization	1	ubixa21fn1334s
ubi-XA21 FN1335-S	ubi-XA21 FN1335-S	canonical	mechanical_normalization	1	ubixa21fn1335s
ubi-XA21 FN1336-S	ubi-XA21 FN1336-S	canonical	mechanical_normalization	1	ubixa21fn1336s
ubi-XA21 FN1337-S	ubi-XA21 FN1337-S	canonical	mechanical_normalization	1	ubixa21fn1337s
ubi-XA21 FN1338-S	ubi-XA21 FN1338-S	canonical	mechanical_normalization	1	ubixa21fn1338s
ubi-XA21 FN1339-S	ubi-XA21 FN1339-S	canonical	mechanical_normalization	1	ubixa21fn1339s
ubi-XA21 FN1340-S	ubi-XA21 FN1340-S	canonical	mechanical_normalization	1	ubixa21fn1340s
ubi-XA21 FN1344-S	ubi-XA21 FN1344-S	canonical	mechanical_normalization	1	ubixa21fn1344s
ubi-XA21 FN1345-S	ubi-XA21 FN1345-S	canonical	mechanical_normalization	1	ubixa21fn1345s
ubi-XA21 FN1346-S	ubi-XA21 FN1346-S	canonical	mechanical_normalization	1	ubixa21fn1346s
ubi-XA21 FN1348-S	ubi-XA21 FN1348-S	canonical	mechanical_normalization	1	ubixa21fn1348s
ubi-XA21 FN1349-S	ubi-XA21 FN1349-S	canonical	mechanical_normalization	1	ubixa21fn1349s
ubi-XA21 FN3311-S	ubi-XA21 FN3311-S	canonical	mechanical_normalization	1	ubixa21fn3311s
ubi-XA21 FN579-S	ubi-XA21 FN579-S	canonical	mechanical_normalization	1	ubixa21fn579s
ubi-XA21 FN584-S	ubi-XA21 FN584-S	canonical	mechanical_normalization	1	ubixa21fn584s
ubi-XA21 FN998-S	ubi-XA21 FN998-S	canonical	mechanical_normalization	1	ubixa21fn998s
ubi-XA21 FN999-S	ubi-XA21 FN999-S	canonical	mechanical_normalization	1	ubixa21fn999s
unilchal	unilchal	canonical	mechanical_normalization	1	unilchal
watra-alisi	watra-alisi	canonical	mechanical_normalization	1	watraalisi
wild type control	wild type control	canonical	mechanical_normalization	1	wildtypecontrol
xiangfandao (glutinous)	xiangfandao (glutinous)	canonical	mechanical_normalization	1	xiangfandao
xiangjingnuo1	xiangjingnuo1	canonical	mechanical_normalization	1	xiangjingnuo1
xiangjingnuo2	xiangjingnuo2	canonical	mechanical_normalization	1	xiangjingnuo2
Xiangnuodao	xiangnuodao	spelling_variant	mechanical_normalization	1	xiangnuodao
xiangzhinuo	xiangzhinuo	canonical	mechanical_normalization	1	xiangzhinuo
xiangzhunuo1	xiangzhunuo1	canonical	mechanical_normalization	1	xiangzhunuo1
xiangzhunuo2	xiangzhunuo2	canonical	mechanical_normalization	1	xiangzhunuo2
Xiaobaidao	xiaobaidao	spelling_variant	mechanical_normalization	1	xiaobaidao
xiaohongdao1	xiaohongdao1	canonical	mechanical_normalization	1	xiaohongdao1
xiaohongdao2	xiaohongdao2	canonical	mechanical_normalization	1	xiaohongdao2
xiaohongdao3	xiaohongdao3	canonical	mechanical_normalization	1	xiaohongdao3
xiaohongdao4	xiaohongdao4	canonical	mechanical_normalization	1	xiaohongdao4
xiaohuangdao1	xiaohuangdao1	canonical	mechanical_normalization	1	xiaohuangdao1
xiaohuangdao2	xiaohuangdao2	canonical	mechanical_normalization	1	xiaohuangdao2
xichainuo1	xichainuo1	canonical	mechanical_normalization	1	xichainuo1
xichainuo2	xichainuo2	canonical	mechanical_normalization	1	xichainuo2
yangdao1	yangdao1	canonical	mechanical_normalization	1	yangdao1
yangnuodao1	yangnuodao1	canonical	mechanical_normalization	1	yangnuodao1
yangnuodao2	yangnuodao2	canonical	mechanical_normalization	1	yangnuodao2
yanzinuo	yanzinuo	canonical	mechanical_normalization	1	yanzinuo
Yaxuenuo	yaxuenuo	spelling_variant	mechanical_normalization	1	yaxuenuo
yechan	yechan	canonical	mechanical_normalization	1	yechan
yedao1	yedao1	canonical	mechanical_normalization	1	yedao1
yedao2	yedao2	canonical	mechanical_normalization	1	yedao2
yeongdeogbyeo	yeongdeogbyeo	canonical	mechanical_normalization	1	yeongdeogbyeo
yeongwoo	yeongwoo	canonical	mechanical_normalization	1	yeongwoo
yishixing1	yishixing1	canonical	mechanical_normalization	1	yishixing1
yishixing2	yishixing2	canonical	mechanical_normalization	1	yishixing2
yongmunbyeo	yongmunbyeo	canonical	mechanical_normalization	1	yongmunbyeo
zaomuxiqiu1	zaomuxiqiu1	canonical	mechanical_normalization	1	zaomuxiqiu1
zaomuxiqiu2	zaomuxiqiu2	canonical	mechanical_normalization	1	zaomuxiqiu2
zaonuodao	zaonuodao	canonical	mechanical_normalization	1	zaonuodao
zikenuo	zikenuo	canonical	mechanical_normalization	1	zikenuo
