run_accession	sample_accession	sample_title	sample_alias	scientific_name	cultivar	variety	ecotype	strain	country	instrument_platform	library_layout	base_count
ERR10368527	SAMEA111468818	IR64	SAMIN0000058-IR64	Oryza sativa						ILLUMINA	PAIRED	13323135101
ERR10906857	SAMEA112657701	Low Grain Elongation	SAMIN0000657-Low Grain Elongation	Oryza sativa	LGE-Bulk - Basmati 370 X Pusa Basmati 1121					ILLUMINA	PAIRED	33467690494
ERR10906859	SAMEA112657699	Basmati 370	SAMIN0000654-Basmati 370	Oryza sativa	Basmati 370					ILLUMINA	PAIRED	15716068164
ERR11777987	SAMEA114006087	rice_seed_BasmatiTypeIII_ITQB	rs_BasmatiTypeIII_ITQB	Oryza sativa					India	ILLUMINA	PAIRED	24369901778
ERR11779317	SAMEA114006090	rice_shoot_CL28_ITQB	rs_CL28_ITQB	Oryza sativa					Portugal	ILLUMINA	PAIRED	26062811098
ERR11783480	SAMEA114006093	rice_shoot_Giza177_ITQB	rs_Giza177_ITQB	Oryza sativa					Portugal	ILLUMINA	PAIRED	23252754250
ERR11787704	SAMEA114006099	rice_shoot_Ronaldo_ITQB	rs_Ronaldo_ITQB	Oryza sativa					Portugal	ILLUMINA	PAIRED	20675670168
ERR11792779	SAMEA114006102	rice_shoot_Ulisse_ITQB	rs_Ulisse_ITQB	Oryza sativa					Portugal	ILLUMINA	PAIRED	23628543722
ERR11838731	SAMEA112646987	NIP	NIP	Oryza sativa						PACBIO_SMRT	SINGLE	7548320019
ERR12305486	SAMEA114639800	Whole genome resequencing of Indian rice germplasm	SAMIN0004124-Whole genome resequencing of Indian rice germplasm	Oryza sativa					India	ILLUMINA	PAIRED	11522736000
ERR12305488	SAMEA114639802	Whole genome resequencing of Indian rice germplasm	SAMIN0004126-Whole genome resequencing of Indian rice germplasm	Oryza sativa					India	ILLUMINA	PAIRED	6960873300
ERR12305489	SAMEA114639803	Whole genome resequencing of Indian rice germplasm	SAMIN0004123-Whole genome resequencing of Indian rice germplasm	Oryza sativa					India	ILLUMINA	PAIRED	10230763500
ERR12421771	SAMEA115096206	Whole genome resequencing of landrace rice accessions with opposing response to salinity stress	rice_MY	Oryza sativa					Malaysia	ILLUMINA	PAIRED	817965900
ERR12421773	SAMEA115096206	Whole genome resequencing of landrace rice accessions with opposing response to salinity stress	rice_MY	Oryza sativa					Malaysia	ILLUMINA	PAIRED	1663619100
ERR12421776	SAMEA115096206	Whole genome resequencing of landrace rice accessions with opposing response to salinity stress	rice_MY	Oryza sativa					Malaysia	ILLUMINA	PAIRED	538586700
ERR12421784	SAMEA115096206	Whole genome resequencing of landrace rice accessions with opposing response to salinity stress	rice_MY	Oryza sativa					Malaysia	ILLUMINA	PAIRED	10646994900
ERR13336040	SAMEA115396712	GP119 ONT whole-genome sequencing	Rice GP119	Oryza sativa						OXFORD_NANOPORE	SINGLE	40843265347
ERR13336041	SAMEA115396714	GP523 ONT whole-genome sequencing	Rice GP523	Oryza sativa						OXFORD_NANOPORE	SINGLE	44672580656
ERR13336057	SAMEA115396709	Gla4 HiFi whole-genome sequencing	Rice Gla4	Oryza sativa						PACBIO_SMRT	SINGLE	9524019633
ERR13336061	SAMEA115396715	GP524 HiFi whole-genome sequencing	Rice GP524	Oryza sativa						PACBIO_SMRT	SINGLE	14696496116
ERR13765492	SAMEA115396710	GP100 HiFi whole-genome sequencing	Rice GP100	Oryza sativa						ILLUMINA	PAIRED	9699253500
ERR13765493	SAMEA115396711	GP117 HiFi whole-genome sequencing	Rice GP117	Oryza sativa						ILLUMINA	PAIRED	9699253500
ERR13765499	SAMEA115396717	GP58 HiFi whole-genome sequencing	Rice GP58	Oryza sativa						ILLUMINA	PAIRED	9699253500
ERR13765500	SAMEA115396718	GP622 ONT whole-genome sequencing	Rice GP622	Oryza sativa						ILLUMINA	PAIRED	9657457976
ERR14166136	SAMEA117477697	Chhomrong	Chhomrong	Oryza sativa					France	OXFORD_NANOPORE	SINGLE	0
ERR14166138	SAMEA117477699	douradao	douradao	Oryza sativa					France	OXFORD_NANOPORE	SINGLE	0
ERR14166143	SAMEA117477704	Tequing	Tequing	Oryza sativa					France	OXFORD_NANOPORE	SINGLE	0
ERR15464720	SAMEA119579606	WR3	weedy rice_WR3	Oryza sativa					Malaysia	ILLUMINA	PAIRED	1707187500
ERR15464728	SAMEA119579611	WR11_1	weedy rice_WR11_1	Oryza sativa					Malaysia	ILLUMINA	PAIRED	11259761400
ERR15464730	SAMEA119579612	WR11_3	weedy rice_WR11_3	Oryza sativa					Malaysia	ILLUMINA	PAIRED	3540807600
ERR16125149	SAMEA120968519	MR297	AC_MR297	Oryza sativa					Malaysia	ILLUMINA	PAIRED	14418249900
ERR16653664	SAMEA121248662	MR103	rice_MR103	Oryza sativa					Malaysia	ILLUMINA	PAIRED	1530759600
ERR8057669	SAMEA12365448	P2-seq1	P2-seq1	Oryza sativa						OXFORD_NANOPORE	SINGLE	0
ERR8057678	SAMEA12365457	P9	P9	Oryza sativa						OXFORD_NANOPORE	SINGLE	0
ERR8057679	SAMEA12365458	P10	P10	Oryza sativa						OXFORD_NANOPORE	SINGLE	0
ERR8057684	SAMEA12365463	P14-seq2	P14-seq2	Oryza sativa						OXFORD_NANOPORE	SINGLE	0
ERR833070	SAMEA3312836	Heugjinju WGS	AE1-D	Oryza sativa						ILLUMINA	PAIRED	14102209436
ERR833071	SAMEA3312837	Heugseol WGS	AM2-D	Oryza sativa						ILLUMINA	PAIRED	14579232840
ERR833129	SAMEA3312898	dongjin WGS	CA1-D	Oryza sativa						ILLUMINA	PAIRED	15988295556
ERR977795	SAMEA3497295	WGS sequence of Rice line B231	B231	Oryza sativa						ILLUMINA	PAIRED	373390274
ERR977805	SAMEA3497296	WGS sequence of Rice line CX408	CX408	Oryza sativa						ILLUMINA	PAIRED	615473884
ERR977812	SAMEA3497296	WGS sequence of Rice line CX408	CX408	Oryza sativa						ILLUMINA	PAIRED	610042530
ERR977821	SAMEA3497297	WGS sequence of Rice line CX409	CX409	Oryza sativa						ILLUMINA	PAIRED	662101956
ERR977822	SAMEA3497297	WGS sequence of Rice line CX409	CX409	Oryza sativa						ILLUMINA	PAIRED	540681754
ERR977823	SAMEA3497297	WGS sequence of Rice line CX409	CX409	Oryza sativa						ILLUMINA	PAIRED	666042962
ERR977831	SAMEA3497298	WGS sequence of Rice line CX410	CX410	Oryza sativa						ILLUMINA	PAIRED	593338116
ERR977834	SAMEA3497298	WGS sequence of Rice line CX410	CX410	Oryza sativa						ILLUMINA	PAIRED	485413216
ERR977837	SAMEA3497298	WGS sequence of Rice line CX410	CX410	Oryza sativa						ILLUMINA	PAIRED	603903850
ERR977842	SAMEA3497299	WGS sequence of Rice line CX411	CX411	Oryza sativa						ILLUMINA	PAIRED	645577320
ERR977844	SAMEA3497299	WGS sequence of Rice line CX411	CX411	Oryza sativa						ILLUMINA	PAIRED	619506854
ERR977845	SAMEA3497299	WGS sequence of Rice line CX411	CX411	Oryza sativa						ILLUMINA	PAIRED	625359516
ERR977852	SAMEA3497300	WGS sequence of Rice line CX413	CX413	Oryza sativa						ILLUMINA	PAIRED	389029964
ERR977853	SAMEA3497300	WGS sequence of Rice line CX413	CX413	Oryza sativa						ILLUMINA	PAIRED	393462330
ERR977854	SAMEA3497300	WGS sequence of Rice line CX413	CX413	Oryza sativa						ILLUMINA	PAIRED	402429982
ERR977857	SAMEA3497300	WGS sequence of Rice line CX413	CX413	Oryza sativa						ILLUMINA	PAIRED	392925154
ERR977858	SAMEA3497300	WGS sequence of Rice line CX413	CX413	Oryza sativa						ILLUMINA	PAIRED	319437784
ERR977867	SAMEA3497301	WGS sequence of Rice line CX414	CX414	Oryza sativa						ILLUMINA	PAIRED	600595470
ERR977877	SAMEA3497302	WGS sequence of Rice line CX416	CX416	Oryza sativa						ILLUMINA	PAIRED	546632024
ERR977880	SAMEA3497302	WGS sequence of Rice line CX416	CX416	Oryza sativa						ILLUMINA	PAIRED	534299552
ERR977887	SAMEA3497303	WGS sequence of Rice line CX417	CX417	Oryza sativa						ILLUMINA	PAIRED	827186798
ERR977889	SAMEA3497303	WGS sequence of Rice line CX417	CX417	Oryza sativa						ILLUMINA	PAIRED	782419918
ERR977892	SAMEA3497303	WGS sequence of Rice line CX417	CX417	Oryza sativa						ILLUMINA	PAIRED	764998384
ERR977899	SAMEA3497304	WGS sequence of Rice line CX418	CX418	Oryza sativa						ILLUMINA	PAIRED	504943116
ERR977901	SAMEA3497304	WGS sequence of Rice line CX418	CX418	Oryza sativa						ILLUMINA	PAIRED	482452772
ERR977903	SAMEA3497304	WGS sequence of Rice line CX418	CX418	Oryza sativa						ILLUMINA	PAIRED	475961840
ERR977908	SAMEA3497304	WGS sequence of Rice line CX418	CX418	Oryza sativa						ILLUMINA	PAIRED	480286970
ERR977911	SAMEA3497305	WGS sequence of Rice line CX419	CX419	Oryza sativa						ILLUMINA	PAIRED	635032502
ERR977914	SAMEA3497305	WGS sequence of Rice line CX419	CX419	Oryza sativa						ILLUMINA	PAIRED	624449172
ERR977916	SAMEA3497305	WGS sequence of Rice line CX419	CX419	Oryza sativa						ILLUMINA	PAIRED	605266710
ERR977918	SAMEA3497305	WGS sequence of Rice line CX419	CX419	Oryza sativa						ILLUMINA	PAIRED	497356584
ERR977927	SAMEA3497306	WGS sequence of Rice line CX420	CX420	Oryza sativa						ILLUMINA	PAIRED	600397432
ERR977929	SAMEA3497306	WGS sequence of Rice line CX420	CX420	Oryza sativa						ILLUMINA	PAIRED	624582968
ERR977930	SAMEA3497306	WGS sequence of Rice line CX420	CX420	Oryza sativa						ILLUMINA	PAIRED	605727526
ERR977934	SAMEA3497306	WGS sequence of Rice line CX420	CX420	Oryza sativa						ILLUMINA	PAIRED	604932718
ERR977942	SAMEA3497307	WGS sequence of Rice line CX421	CX421	Oryza sativa						ILLUMINA	PAIRED	501019872
ERR977947	SAMEA3497307	WGS sequence of Rice line CX421	CX421	Oryza sativa						ILLUMINA	PAIRED	502788934
ERR977948	SAMEA3497307	WGS sequence of Rice line CX421	CX421	Oryza sativa						ILLUMINA	PAIRED	509961296
ERR977952	SAMEA3497308	WGS sequence of Rice line CX422	CX422	Oryza sativa						ILLUMINA	PAIRED	433384832
ERR977955	SAMEA3497308	WGS sequence of Rice line CX422	CX422	Oryza sativa						ILLUMINA	PAIRED	427936214
ERR977958	SAMEA3497308	WGS sequence of Rice line CX422	CX422	Oryza sativa						ILLUMINA	PAIRED	435005988
ERR977959	SAMEA3497308	WGS sequence of Rice line CX422	CX422	Oryza sativa						ILLUMINA	PAIRED	432892144
ERR977960	SAMEA3497308	WGS sequence of Rice line CX422	CX422	Oryza sativa						ILLUMINA	PAIRED	436938560
ERR977964	SAMEA3497309	WGS sequence of Rice line CX423	CX423	Oryza sativa						ILLUMINA	PAIRED	552235022
ERR977965	SAMEA3497309	WGS sequence of Rice line CX423	CX423	Oryza sativa						ILLUMINA	PAIRED	564560522
ERR977966	SAMEA3497309	WGS sequence of Rice line CX423	CX423	Oryza sativa						ILLUMINA	PAIRED	549498014
ERR977967	SAMEA3497309	WGS sequence of Rice line CX423	CX423	Oryza sativa						ILLUMINA	PAIRED	551956308
ERR977970	SAMEA3497309	WGS sequence of Rice line CX423	CX423	Oryza sativa						ILLUMINA	PAIRED	560550792
ERR977982	SAMEA3497310	WGS sequence of Rice line CX424	CX424	Oryza sativa						ILLUMINA	PAIRED	423028922
ERR977983	SAMEA3497310	WGS sequence of Rice line CX424	CX424	Oryza sativa						ILLUMINA	PAIRED	411845668
ERR977986	SAMEA3497310	WGS sequence of Rice line CX424	CX424	Oryza sativa						ILLUMINA	PAIRED	402446914
ERR977989	SAMEA3497311	WGS sequence of Rice line CX425	CX425	Oryza sativa						ILLUMINA	PAIRED	363162848
ERR977993	SAMEA3497311	WGS sequence of Rice line CX425	CX425	Oryza sativa						ILLUMINA	PAIRED	375885088
ERR978007	SAMEA3497312	WGS sequence of Rice line CX426	CX426	Oryza sativa						ILLUMINA	PAIRED	379237624
ERR978013	SAMEA3497312	WGS sequence of Rice line CX426	CX426	Oryza sativa						ILLUMINA	PAIRED	383589978
ERR978015	SAMEA3497312	WGS sequence of Rice line CX426	CX426	Oryza sativa						ILLUMINA	PAIRED	369581072
ERR978016	SAMEA3497313	WGS sequence of Rice line CX427	CX427	Oryza sativa						ILLUMINA	PAIRED	521996462
ERR978023	SAMEA3497313	WGS sequence of Rice line CX427	CX427	Oryza sativa						ILLUMINA	PAIRED	549855744
ERR978031	SAMEA3497314	WGS sequence of Rice line CX428	CX428	Oryza sativa						ILLUMINA	PAIRED	320511638
ERR978033	SAMEA3497314	WGS sequence of Rice line CX428	CX428	Oryza sativa						ILLUMINA	PAIRED	326285284
ERR978040	SAMEA3497314	WGS sequence of Rice line CX428	CX428	Oryza sativa						ILLUMINA	PAIRED	336027990
ERR978042	SAMEA3497314	WGS sequence of Rice line CX428	CX428	Oryza sativa						ILLUMINA	PAIRED	317323442
ERR978051	SAMEA3497315	WGS sequence of Rice line CX429	CX429	Oryza sativa						ILLUMINA	PAIRED	444005678
ERR978056	SAMEA3497315	WGS sequence of Rice line CX429	CX429	Oryza sativa						ILLUMINA	PAIRED	419584920
ERR978063	SAMEA3497316	WGS sequence of Rice line CX561	CX561	Oryza sativa						ILLUMINA	PAIRED	561079668
ERR978069	SAMEA3497316	WGS sequence of Rice line CX561	CX561	Oryza sativa						ILLUMINA	PAIRED	595594720
ERR978072	SAMEA3497317	WGS sequence of Rice line CX578	CX578	Oryza sativa						ILLUMINA	PAIRED	766123698
ERR978082	SAMEA3497317	WGS sequence of Rice line CX578	CX578	Oryza sativa						ILLUMINA	PAIRED	677903662
ERR978083	SAMEA3497317	WGS sequence of Rice line CX578	CX578	Oryza sativa						ILLUMINA	PAIRED	806535900
ERR978087	SAMEA3497318	WGS sequence of Rice line CX579	CX579	Oryza sativa						ILLUMINA	PAIRED	642746688
ERR9885017	SAMEA110192146	ZJM22_WGS	ZJM22	Oryza sativa						ILLUMINA	PAIRED	13608771000
ERR9885018	SAMEA110192147	ZJM23_WGS	ZJM23	Oryza sativa						ILLUMINA	PAIRED	15756096300
ERR9885020	SAMEA110192156	ZJM32_WGS	ZJM32	Oryza sativa						ILLUMINA	PAIRED	10749229200
ERR9885021	SAMEA110192157	ZJM33_WGS	ZJM33	Oryza sativa						ILLUMINA	PAIRED	8965874100
ERR9885022	SAMEA110192159	ZJM35_WGS	ZJM35	Oryza sativa						ILLUMINA	PAIRED	10732929000
ERR9885026	SAMEA110192168	ZJM45_WGS	ZJM45	Oryza sativa						ILLUMINA	PAIRED	22154818500
ERR9885028	SAMEA110192170	ZJM47_WGS	ZJM47	Oryza sativa						ILLUMINA	PAIRED	17848444800
ERR9885041	SAMEA110192132	ZJM8_WGS	ZJM8	Oryza sativa						ILLUMINA	PAIRED	12668192100
ERR9885049	SAMEA110192138	ZJM14_WGS	ZJM14	Oryza sativa						ILLUMINA	PAIRED	15084522900
ERR9885053	SAMEA110192271	ZJM152_WGS	ZJM152	Oryza sativa						ILLUMINA	PAIRED	8693677200
ERR9885057	SAMEA110192284	ZJM165_WGS	ZJM165	Oryza sativa						ILLUMINA	PAIRED	14215461600
ERR9885065	SAMEA110192154	ZJM30_WGS	ZJM30	Oryza sativa						ILLUMINA	PAIRED	14842377300
ERR9885070	SAMEA110192164	ZJM40_WGS	ZJM40	Oryza sativa						ILLUMINA	PAIRED	12141048000
ERR9885077	SAMEA110192176	ZJM53_WGS	ZJM53	Oryza sativa						ILLUMINA	PAIRED	19133869200
ERR9885086	SAMEA110192190	ZJM67_WGS	ZJM67	Oryza sativa						ILLUMINA	PAIRED	11498690400
ERR9885097	SAMEA110192214	ZJM93_WGS	ZJM93	Oryza sativa						ILLUMINA	PAIRED	14480693100
ERR9885103	SAMEA110192227	ZJM107_WGS	ZJM107	Oryza sativa						ILLUMINA	PAIRED	12145097700
ERR9885109	SAMEA110192234	ZJM114_WGS	ZJM114	Oryza sativa						ILLUMINA	PAIRED	18761548500
ERR9885110	SAMEA110192238	ZJM118_WGS	ZJM118	Oryza sativa						ILLUMINA	PAIRED	17794991700
ERR9885112	SAMEA110192241	ZJM121_WGS	ZJM121	Oryza sativa						ILLUMINA	PAIRED	10461836400
ERR9885118	SAMEA110192252	ZJM133_WGS	ZJM133	Oryza sativa						ILLUMINA	PAIRED	11770993800
ERR9885132	SAMEA110192276	ZJM157_WGS	ZJM157	Oryza sativa						ILLUMINA	PAIRED	12016799700
ERR9885134	SAMEA110192278	ZJM159_WGS	ZJM159	Oryza sativa						ILLUMINA	PAIRED	13222581600
ERR9885137	SAMEA110192285	ZJM166_WGS	ZJM166	Oryza sativa						ILLUMINA	PAIRED	14325486000
ERR9885141	SAMEA110192289	ZJM170_WGS	ZJM170	Oryza sativa						ILLUMINA	PAIRED	13682591400
ERR9885152	SAMEA110192211	ZJM90_WGS	ZJM90	Oryza sativa						ILLUMINA	PAIRED	87486305100
ERR9885177	SAMEA110192309	ZJM191_WGS	ZJM191	Oryza sativa						ILLUMINA	PAIRED	10857684600
ERR9885178	SAMEA110192310	ZJM192_WGS	ZJM192	Oryza sativa						ILLUMINA	PAIRED	15702063600
ERR9885179	SAMEA110192311	ZJM193_WGS	ZJM193	Oryza sativa						ILLUMINA	PAIRED	8423434200
ERR9885182	SAMEA110192322	ZJM204_WGS	ZJM204	Oryza sativa						ILLUMINA	PAIRED	13646486700
ERR9885185	SAMEA110192330	ZJM212_WGS	ZJM212	Oryza sativa						ILLUMINA	PAIRED	8552978100
ERR9885186	SAMEA110192333	ZJM215_WGS	ZJM215	Oryza sativa						ILLUMINA	PAIRED	9387899700
ERR9885187	SAMEA110192336	ZJM218_WGS	ZJM218	Oryza sativa						ILLUMINA	PAIRED	13338546300
ERR9885194	SAMEA110192348	ZJM231_WGS	ZJM231	Oryza sativa						ILLUMINA	PAIRED	16460236800
ERR9885195	SAMEA110192353	ZJM236_WGS	ZJM236	Oryza sativa						ILLUMINA	PAIRED	11449284900
ERR9885197	SAMEA110192356	ZJM239_WGS	ZJM239	Oryza sativa						ILLUMINA	PAIRED	9839403300
ERR9885211	SAMEA110192382	ZJM266_WGS	ZJM266	Oryza sativa						ILLUMINA	PAIRED	19826762400
ERR9885218	SAMEA110192329	ZJM211_WGS	ZJM211	Oryza sativa						ILLUMINA	PAIRED	14644567200
ERR9885226	SAMEA110192361	ZJM245_WGS	ZJM245	Oryza sativa						ILLUMINA	PAIRED	13483411800
ERR9885228	SAMEA110192372	ZJM256_WGS	ZJM256	Oryza sativa						ILLUMINA	PAIRED	11974865700
ERR9885230	SAMEA110192374	ZJM258_WGS	ZJM258	Oryza sativa						ILLUMINA	PAIRED	13376699700
ERR9885232	SAMEA110192383	ZJM267_WGS	ZJM267	Oryza sativa						ILLUMINA	PAIRED	8374457700
ERR9885237	SAMEA110192388	ZJM272_WGS	ZJM272	Oryza sativa						ILLUMINA	PAIRED	20085758700
ERR9885241	SAMEA110192400	ZJM284_WGS	ZJM284	Oryza sativa						ILLUMINA	PAIRED	28779244500
ERR9885242	SAMEA110192401	ZJM285_WGS	ZJM285	Oryza sativa						ILLUMINA	PAIRED	13790951700
ERR9885245	SAMEA110192404	ZJM288_WGS	ZJM288	Oryza sativa						ILLUMINA	PAIRED	15511321200
ERR9885253	SAMEA110192426	ZJM312_WGS	ZJM312	Oryza sativa						ILLUMINA	PAIRED	15388395000
ERR9885254	SAMEA110192434	ZJM320_WGS	ZJM320	Oryza sativa						ILLUMINA	PAIRED	20985397800
ERR9885255	SAMEA110192435	ZJM321_WGS	ZJM321	Oryza sativa						ILLUMINA	PAIRED	16979193300
ERR9885256	SAMEA110192437	ZJM323_WGS	ZJM323	Oryza sativa						ILLUMINA	PAIRED	12715536900
ERR9885262	SAMEA110192457	ZJM344_WGS	ZJM344	Oryza sativa						ILLUMINA	PAIRED	17603776200
ERR9885264	SAMEA110192459	ZJM346_WGS	ZJM346	Oryza sativa						ILLUMINA	PAIRED	17137438800
ERR9885267	SAMEA110192470	ZJM357_WGS	ZJM357	Oryza sativa						ILLUMINA	PAIRED	21560116800
ERR9885270	SAMEA110192393	ZJM277_WGS	ZJM277	Oryza sativa						ILLUMINA	PAIRED	14264794500
ERR9885275	SAMEA110192399	ZJM283_WGS	ZJM283	Oryza sativa						ILLUMINA	PAIRED	13559948400
ERR9885276	SAMEA110192405	ZJM289_WGS	ZJM289	Oryza sativa						ILLUMINA	PAIRED	12995086500
ERR9885282	SAMEA110192416	ZJM301_WGS	ZJM301	Oryza sativa						ILLUMINA	PAIRED	13085234400
ERR9885283	SAMEA110192417	ZJM302_WGS	ZJM302	Oryza sativa						ILLUMINA	PAIRED	14175428400
ERR9885287	SAMEA110192421	ZJM307_WGS	ZJM307	Oryza sativa						ILLUMINA	PAIRED	15522251700
ERR9885297	SAMEA110192442	ZJM328_WGS	ZJM328	Oryza sativa						ILLUMINA	PAIRED	10292161800
ERR9885301	SAMEA110192451	ZJM338_WGS	ZJM338	Oryza sativa						ILLUMINA	PAIRED	11085551100
ERR9885309	SAMEA110192464	ZJM351_WGS	ZJM351	Oryza sativa						ILLUMINA	PAIRED	17211241200
ERR9885318	SAMEA110192477	ZJM365_WGS	ZJM365	Oryza sativa						ILLUMINA	PAIRED	14825526000
ERR9885321	SAMEA110192480	ZJM464_WGS	ZJM464	Oryza sativa						ILLUMINA	PAIRED	25941480900
ERR9885322	SAMEA110192481	ZJM465_WGS	ZJM465	Oryza sativa						ILLUMINA	PAIRED	19653882600
ERR9885329	SAMEA110192538	ZJM524_WGS	ZJM524	Oryza sativa						ILLUMINA	PAIRED	12728261100
ERR9885339	SAMEA110192570	ZJM558_WGS	ZJM558	Oryza sativa						ILLUMINA	PAIRED	11223288600
ERR9885350	SAMEA110192584	ZJM574_WGS	ZJM574	Oryza sativa						ILLUMINA	PAIRED	15427569300
ERR9885355	SAMEA110192594	ZJM584_WGS	ZJM584	Oryza sativa						ILLUMINA	PAIRED	12430884600
ERR9885360	SAMEA110192599	ZJM589_WGS	ZJM589	Oryza sativa						ILLUMINA	PAIRED	11952066300
ERR9885361	SAMEA110192600	ZJM590_WGS	ZJM590	Oryza sativa						ILLUMINA	PAIRED	16718219400
ERR9885370	SAMEA110192621	ZJM611_WGS	ZJM611	Oryza sativa						ILLUMINA	PAIRED	11028264000
ERR9885374	SAMEA110192630	ZJM620_WGS	ZJM620	Oryza sativa						ILLUMINA	PAIRED	20722692000
ERR9885375	SAMEA110192631	ZJM621_WGS	ZJM621	Oryza sativa						ILLUMINA	PAIRED	15469134000
ERR9885377	SAMEA110192633	ZJM623_WGS	ZJM623	Oryza sativa						ILLUMINA	PAIRED	13619486700
ERR9885378	SAMEA110192634	ZJM624_WGS	ZJM624	Oryza sativa						ILLUMINA	PAIRED	16593771600
ERR9885383	SAMEA110192645	ZJM635_WGS	ZJM635	Oryza sativa						ILLUMINA	PAIRED	12315944700
ERR9885392	SAMEA110192659	ZJM649_WGS	ZJM649	Oryza sativa						ILLUMINA	PAIRED	9235123500
ERR9885393	SAMEA110192660	ZJM650_WGS	ZJM650	Oryza sativa						ILLUMINA	PAIRED	13454234700
ERR9885397	SAMEA110192590	ZJM580_WGS	ZJM580	Oryza sativa						ILLUMINA	PAIRED	9495741300
ERR9885402	SAMEA110192602	ZJM592_WGS	ZJM592	Oryza sativa						ILLUMINA	PAIRED	8782241100
ERR9885406	SAMEA110192613	ZJM603_WGS	ZJM603	Oryza sativa						ILLUMINA	PAIRED	11060962800
ERR9885418	SAMEA110192639	ZJM629_WGS	ZJM629	Oryza sativa						ILLUMINA	PAIRED	16371103500
ERR9885421	SAMEA110192649	ZJM639_WGS	ZJM639	Oryza sativa						ILLUMINA	PAIRED	16502488500
ERR9885426	SAMEA110192661	ZJM651_WGS	ZJM651	Oryza sativa						ILLUMINA	PAIRED	11374264500
ERR9885429	SAMEA110192664	ZJM654_WGS	ZJM654	Oryza sativa						ILLUMINA	PAIRED	13713569100
ERR9885430	SAMEA110192665	ZJM655_WGS	ZJM655	Oryza sativa						ILLUMINA	PAIRED	14342685300
ERR9885435	SAMEA110192679	ZJM669_WGS	ZJM669	Oryza sativa						ILLUMINA	PAIRED	12563877000
ERR9885437	SAMEA110192681	ZJM671_WGS	ZJM671	Oryza sativa						ILLUMINA	PAIRED	15075072300
ERR9885449	SAMEA110192727	ZJM718_WGS	ZJM718	Oryza sativa						ILLUMINA	PAIRED	11447103900
ERR9885450	SAMEA110192735	ZJM728_WGS	ZJM728	Oryza sativa						ILLUMINA	PAIRED	13603689600
ERR9885455	SAMEA110192748	ZJM742_WGS	ZJM742	Oryza sativa						ILLUMINA	PAIRED	13793298900
ERR9885456	SAMEA110192670	ZJM660_WGS	ZJM660	Oryza sativa						ILLUMINA	PAIRED	15109661100
ERR9885458	SAMEA110192672	ZJM662_WGS	ZJM662	Oryza sativa						ILLUMINA	PAIRED	13461091800
ERR9885460	SAMEA110192674	ZJM664_WGS	ZJM664	Oryza sativa						ILLUMINA	PAIRED	12025029600
ERR9885462	SAMEA110192676	ZJM666_WGS	ZJM666	Oryza sativa						ILLUMINA	PAIRED	11287334100
ERR9885463	SAMEA110192677	ZJM667_WGS	ZJM667	Oryza sativa						ILLUMINA	PAIRED	15232568100
ERR9885465	SAMEA110192683	ZJM673_WGS	ZJM673	Oryza sativa						ILLUMINA	PAIRED	11327775900
ERR9885472	SAMEA110192693	ZJM683_WGS	ZJM683	Oryza sativa						ILLUMINA	PAIRED	15675415200
ERR9885475	SAMEA110192696	ZJM686_WGS	ZJM686	Oryza sativa						ILLUMINA	PAIRED	12381212100
ERR9885484	SAMEA110192709	ZJM699_WGS	ZJM699	Oryza sativa						ILLUMINA	PAIRED	11597802000
ERR9885487	SAMEA110192712	ZJM702_WGS	ZJM702	Oryza sativa						ILLUMINA	PAIRED	11905214100
ERR9885488	SAMEA110192716	ZJM707_WGS	ZJM707	Oryza sativa						ILLUMINA	PAIRED	13378581900
ERR9885491	SAMEA110192719	ZJM710_WGS	ZJM710	Oryza sativa						ILLUMINA	PAIRED	11181967200
ERR9885494	SAMEA110192722	ZJM713_WGS	ZJM713	Oryza sativa						ILLUMINA	PAIRED	11933962500
ERR9885495	SAMEA110192723	ZJM714_WGS	ZJM714	Oryza sativa						ILLUMINA	PAIRED	9550115400
ERR9885496	SAMEA110192724	ZJM715_WGS	ZJM715	Oryza sativa						ILLUMINA	PAIRED	12071800800
ERR9885499	SAMEA110192730	ZJM721_WGS	ZJM721	Oryza sativa						ILLUMINA	PAIRED	14040724500
ERR9885501	SAMEA110192732	ZJM725_WGS	ZJM725	Oryza sativa						ILLUMINA	PAIRED	11065220100
ERR9885502	SAMEA110192733	ZJM726_WGS	ZJM726	Oryza sativa						ILLUMINA	PAIRED	11945680200
ERR9885503	SAMEA110192734	ZJM727_WGS	ZJM727	Oryza sativa						ILLUMINA	PAIRED	11115279900
ERR9885504	SAMEA110192738	ZJM731_WGS	ZJM731	Oryza sativa						ILLUMINA	PAIRED	13738945200
ERR9885508	SAMEA110192743	ZJM737_WGS	ZJM737	Oryza sativa						ILLUMINA	PAIRED	11692767900
ERR9885512	SAMEA110192750	ZJM744_WGS	ZJM744	Oryza sativa						ILLUMINA	PAIRED	15563632800
ERR9885517	SAMEA110192755	ZJM749_WGS	ZJM749	Oryza sativa						ILLUMINA	PAIRED	14408921700
ERR9885533	SAMEA110192776	ZJM772_WGS	ZJM772	Oryza sativa						ILLUMINA	PAIRED	10313887800
ERR9885544	SAMEA110192794	ZJM790_WGS	ZJM790	Oryza sativa						ILLUMINA	PAIRED	10513393200
ERR9885545	SAMEA110192795	ZJM791_WGS	ZJM791	Oryza sativa						ILLUMINA	PAIRED	13156518600
ERR9885546	SAMEA110192796	ZJM792_WGS	ZJM792	Oryza sativa						ILLUMINA	PAIRED	26327345400
ERR9885547	SAMEA110192797	ZJM793_WGS	ZJM793	Oryza sativa						ILLUMINA	PAIRED	13635629100
ERR9885553	SAMEA110192806	ZJM802_WGS	ZJM802	Oryza sativa						ILLUMINA	PAIRED	11592155400
ERR9885556	SAMEA110192810	ZJM806_WGS	ZJM806	Oryza sativa						ILLUMINA	PAIRED	10205629500
ERR9885564	SAMEA110192822	ZJM818_WGS	ZJM818	Oryza sativa						ILLUMINA	PAIRED	11352682500
ERR9885569	SAMEA110192830	ZJM826_WGS	ZJM826	Oryza sativa						ILLUMINA	PAIRED	11404966500
ERR9885570	SAMEA110192831	ZJM827_WGS	ZJM827	Oryza sativa						ILLUMINA	PAIRED	11753309400
ERR9885572	SAMEA110192833	ZJM829_WGS	ZJM829	Oryza sativa						ILLUMINA	PAIRED	13559034300
ERR9885575	SAMEA110192836	ZJM832_WGS	ZJM832	Oryza sativa						ILLUMINA	PAIRED	13469103300
ERR9885577	SAMEA110192842	ZJM838_WGS	ZJM838	Oryza sativa						ILLUMINA	PAIRED	13008854700
ERR9885581	SAMEA110192846	ZJM842_WGS	ZJM842	Oryza sativa						ILLUMINA	PAIRED	55288643700
ERR9885586	SAMEA110192777	ZJM773_WGS	ZJM773	Oryza sativa						ILLUMINA	PAIRED	11013523500
ERR9885587	SAMEA110192778	ZJM774_WGS	ZJM774	Oryza sativa						ILLUMINA	PAIRED	10958463300
ERR9885609	SAMEA110192857	ZJM853_WGS	ZJM853	Oryza sativa						ILLUMINA	PAIRED	14890548600
ERR9885630	SAMEA110192903	ZJM900_WGS	ZJM900	Oryza sativa						ILLUMINA	PAIRED	11547204000
ERR9885631	SAMEA110192904	ZJM901_WGS	ZJM901	Oryza sativa						ILLUMINA	PAIRED	13617084000
ERR9885642	SAMEA110192933	ZJM933_WGS	ZJM933	Oryza sativa						ILLUMINA	PAIRED	15648469200
ERR9885644	SAMEA110192935	ZJM935_WGS	ZJM935	Oryza sativa						ILLUMINA	PAIRED	16496976300
ERR9885656	SAMEA110192870	ZJM867_WGS	ZJM867	Oryza sativa						ILLUMINA	PAIRED	11893691100
ERR9885676	SAMEA110192917	ZJM916_WGS	ZJM916	Oryza sativa						ILLUMINA	PAIRED	9339889200
ERR9885678	SAMEA110192919	ZJM918_WGS	ZJM918	Oryza sativa						ILLUMINA	PAIRED	11882070900
ERR9885684	SAMEA110192929	ZJM929_WGS	ZJM929	Oryza sativa						ILLUMINA	PAIRED	14337551100
ERR9885689	SAMEA110192940	ZJM940_WGS	ZJM940	Oryza sativa						ILLUMINA	PAIRED	15690193800
ERR9885692	SAMEA110192943	ZJM943_WGS	ZJM943	Oryza sativa						ILLUMINA	PAIRED	13522333800
ERR9885695	SAMEA110192991	ZJM992_WGS	ZJM992	Oryza sativa						ILLUMINA	PAIRED	11656805100
ERR9885700	SAMEA110193007	ZJM1008_WGS	ZJM1008	Oryza sativa						ILLUMINA	PAIRED	9176076000
ERR9885702	SAMEA110193009	ZJM1010_WGS	ZJM1010	Oryza sativa						ILLUMINA	PAIRED	10759807200
ERR9885704	SAMEA110193011	ZJM1012_WGS	ZJM1012	Oryza sativa						ILLUMINA	PAIRED	11358963600
ERR9885705	SAMEA110193016	ZJM1017_WGS	ZJM1017	Oryza sativa						ILLUMINA	PAIRED	11058902400
ERR9885711	SAMEA110193022	ZJM1023_WGS	ZJM1023	Oryza sativa						ILLUMINA	PAIRED	9153068400
ERR9885712	SAMEA110193023	ZJM1024_WGS	ZJM1024	Oryza sativa						ILLUMINA	PAIRED	10610089800
ERR9885716	SAMEA110193031	ZJM1032_WGS	ZJM1032	Oryza sativa						ILLUMINA	PAIRED	11470969500
ERR9885722	SAMEA110192947	ZJM948_WGS	ZJM948	Oryza sativa						ILLUMINA	PAIRED	10188240600
ERR9885728	SAMEA110192959	ZJM960_WGS	ZJM960	Oryza sativa						ILLUMINA	PAIRED	11564709300
ERR9885732	SAMEA110192963	ZJM964_WGS	ZJM964	Oryza sativa						ILLUMINA	PAIRED	8450279400
ERR9885742	SAMEA110192981	ZJM982_WGS	ZJM982	Oryza sativa						ILLUMINA	PAIRED	10614888600
ERR9885753	SAMEA110192997	ZJM998_WGS	ZJM998	Oryza sativa						ILLUMINA	PAIRED	12433878000
ERR9885755	SAMEA110193043	ZJM1044_WGS	ZJM1044	Oryza sativa						ILLUMINA	PAIRED	9247490400
ERR9885758	SAMEA110193049	ZJM1050_WGS	ZJM1050	Oryza sativa						ILLUMINA	PAIRED	10020128400
ERR9885763	SAMEA110193060	ZJM1061_WGS	ZJM1061	Oryza sativa						ILLUMINA	PAIRED	12096455100
ERR9885764	SAMEA110193061	ZJM1062_WGS	ZJM1062	Oryza sativa						ILLUMINA	PAIRED	17177947800
ERR9885774	SAMEA110193082	ZJM1083_WGS	ZJM1083	Oryza sativa						ILLUMINA	PAIRED	12094749300
ERR9885784	SAMEA110193104	ZJM1105_WGS	ZJM1105	Oryza sativa						ILLUMINA	PAIRED	10225606200
ERR9885789	SAMEA110193116	ZJM1117_WGS	ZJM1117	Oryza sativa						ILLUMINA	PAIRED	11104398000
ERR9885796	SAMEA110192608	ZJM598_WGS	ZJM598	Oryza sativa						ILLUMINA	PAIRED	16535917500
ERR9885801	SAMEA110193074	ZJM1075_WGS	ZJM1075	Oryza sativa						ILLUMINA	PAIRED	10421142900
ERR9885805	SAMEA110193122	ZJM1123_WGS	ZJM1123	Oryza sativa						ILLUMINA	PAIRED	14334422700
ERR9885807	SAMEA110193135	ZJM1139_WGS	ZJM1139	Oryza sativa						ILLUMINA	PAIRED	9521845500
ERR9885810	SAMEA110193143	ZJM1148_WGS	ZJM1148	Oryza sativa						ILLUMINA	PAIRED	10095668400
ERR9885819	SAMEA110193157	ZJM1163_WGS	ZJM1163	Oryza sativa						ILLUMINA	PAIRED	10279481400
ERR9885820	SAMEA110193158	ZJM1164_WGS	ZJM1164	Oryza sativa						ILLUMINA	PAIRED	10258709700
ERR9885828	SAMEA110193171	ZJM1177_WGS	ZJM1177	Oryza sativa						ILLUMINA	PAIRED	11628141300
ERR9885831	SAMEA110193179	ZJM1185_WGS	ZJM1185	Oryza sativa						ILLUMINA	PAIRED	10561577100
ERR9885832	SAMEA110193180	ZJM1186_WGS	ZJM1186	Oryza sativa						ILLUMINA	PAIRED	10565096100
ERR9885834	SAMEA110193182	ZJM1188_WGS	ZJM1188	Oryza sativa						ILLUMINA	PAIRED	8749934700
ERR9885836	SAMEA110193184	ZJM1190_WGS	ZJM1190	Oryza sativa						ILLUMINA	PAIRED	11851147500
ERR9885838	SAMEA110193191	ZJM1197_WGS	ZJM1197	Oryza sativa						ILLUMINA	PAIRED	10452782100
ERR9885840	SAMEA110193193	ZJM1199_WGS	ZJM1199	Oryza sativa						ILLUMINA	PAIRED	9512869200
ERR9885841	SAMEA110193194	ZJM1200_WGS	ZJM1200	Oryza sativa						ILLUMINA	PAIRED	9271569300
ERR9885844	SAMEA110193203	ZJM1209_WGS	ZJM1209	Oryza sativa						ILLUMINA	PAIRED	11908507500
ERR9885846	SAMEA110193205	ZJM1211_WGS	ZJM1211	Oryza sativa						ILLUMINA	PAIRED	17900726400
ERR9885850	SAMEA110193216	ZJM1222_WGS	ZJM1222	Oryza sativa						ILLUMINA	PAIRED	10527739800
ERR9885851	SAMEA110193217	ZJM1223_WGS	ZJM1223	Oryza sativa						ILLUMINA	PAIRED	9494538600
ERR9885858	SAMEA110192700	ZJM690_WGS	ZJM690	Oryza sativa						ILLUMINA	PAIRED	29101838400
ERR9885862	SAMEA110193231	ZJM1237_WGS	ZJM1237	Oryza sativa						ILLUMINA	PAIRED	12145577700
ERR9885866	SAMEA110193236	ZJM1249_WGS	ZJM1249	Oryza sativa						ILLUMINA	PAIRED	9512902500
ERR9885870	SAMEA110193242	ZJM1258_WGS	ZJM1258	Oryza sativa						ILLUMINA	PAIRED	10433266500
ERR9885874	SAMEA110193246	ZJM1262_WGS	ZJM1262	Oryza sativa						ILLUMINA	PAIRED	12212946600
ERR9885884	SAMEA110193262	ZJM1282_WGS	ZJM1282	Oryza sativa						ILLUMINA	PAIRED	9289271400
ERR9885890	SAMEA110193272	ZJM1294_WGS	ZJM1294	Oryza sativa						ILLUMINA	PAIRED	9718283700
ERR9885891	SAMEA110193273	ZJM1295_WGS	ZJM1295	Oryza sativa						ILLUMINA	PAIRED	10763478900
ERR9885894	SAMEA110193277	ZJM1299_WGS	ZJM1299	Oryza sativa						ILLUMINA	PAIRED	19121886900
ERR9885895	SAMEA110193278	ZJM1302_WGS	ZJM1302	Oryza sativa						ILLUMINA	PAIRED	12343600800
ERR9885897	SAMEA110193284	ZJM1311_WGS	ZJM1311	Oryza sativa						ILLUMINA	PAIRED	8343277800
ERR9885899	SAMEA110193286	ZJM1313_WGS	ZJM1313	Oryza sativa						ILLUMINA	PAIRED	9678750300
ERR9885900	SAMEA110193287	ZJM1314_WGS	ZJM1314	Oryza sativa						ILLUMINA	PAIRED	16117092900
ERR9885903	SAMEA110193292	ZJM1319_WGS	ZJM1319	Oryza sativa						ILLUMINA	PAIRED	8301387600
ERR9885904	SAMEA110193294	ZJM1321_WGS	ZJM1321	Oryza sativa						ILLUMINA	PAIRED	8587457400
ERR9885916	SAMEA110193304	ZJM1331_WGS	ZJM1331	Oryza sativa						ILLUMINA	PAIRED	9782795100
ERR9885924	SAMEA110193316	ZJM1343_WGS	ZJM1343	Oryza sativa						ILLUMINA	PAIRED	12660397800
ERR9885929	SAMEA110193327	ZJM1354_WGS	ZJM1354	Oryza sativa						ILLUMINA	PAIRED	11209453800
ERR9885942	SAMEA110193360	ZJM1388_WGS	ZJM1388	Oryza sativa						ILLUMINA	PAIRED	10419990900
ERR9885971	SAMEA110193488	ZJN17_WGS	ZJN17	Oryza sativa						ILLUMINA	PAIRED	19766869500
ERR9885979	SAMEA110193498	ZJN30_WGS	ZJN30	Oryza sativa						ILLUMINA	PAIRED	15696593700
ERR9885980	SAMEA110193499	ZJN31_WGS	ZJN31	Oryza sativa						ILLUMINA	PAIRED	9592307400
ERR9885988	SAMEA110193513	ZJN56_WGS	ZJN56	Oryza sativa						ILLUMINA	PAIRED	9992340600
ERR9885989	SAMEA110193514	ZJN57_WGS	ZJN57	Oryza sativa						ILLUMINA	PAIRED	12449716500
ERR9885996	SAMEA110193529	ZJN76_WGS	ZJN76	Oryza sativa						ILLUMINA	PAIRED	10295991300
ERR9885998	SAMEA110193532	ZJN80_WGS	ZJN80	Oryza sativa						ILLUMINA	PAIRED	10075283100
ERR9886004	SAMEA110193545	ZJN93_WGS	ZJN93	Oryza sativa						ILLUMINA	PAIRED	9804445200
ERR9886013	SAMEA110193565	ZJN114_WGS	ZJN114	Oryza sativa						ILLUMINA	PAIRED	13514529000
ERR9886019	SAMEA110193578	ZJN127_WGS	ZJN127	Oryza sativa						ILLUMINA	PAIRED	12746706600
ERR9886026	SAMEA110193601	ZJN160_WGS	ZJN160	Oryza sativa						ILLUMINA	PAIRED	18045632400
ERR9886030	SAMEA110193609	ZJN173_WGS	ZJN173	Oryza sativa						ILLUMINA	PAIRED	16780063200
ERR9886035	SAMEA110193620	ZJN187_WGS	ZJN187	Oryza sativa						ILLUMINA	PAIRED	25823820300
ERR9886042	SAMEA110193495	ZJN27_WGS	ZJN27	Oryza sativa						ILLUMINA	PAIRED	22686558300
ERR9886045	SAMEA110193508	ZJN49_WGS	ZJN49	Oryza sativa						ILLUMINA	PAIRED	11337263700
ERR9886051	SAMEA110193536	ZJN84_WGS	ZJN84	Oryza sativa						ILLUMINA	PAIRED	20913534900
ERR9886066	SAMEA110193040	ZJM1041_WGS	ZJM1041	Oryza sativa						ILLUMINA	PAIRED	12283573500
ERR9886079	SAMEA110193078	ZJM1079_WGS	ZJM1079	Oryza sativa						ILLUMINA	PAIRED	13274558100
ERR9886085	SAMEA110193100	ZJM1101_WGS	ZJM1101	Oryza sativa						ILLUMINA	PAIRED	15515929500
ERR9886086	SAMEA110193101	ZJM1102_WGS	ZJM1102	Oryza sativa						ILLUMINA	PAIRED	14157596100
ERR9886092	SAMEA110193125	ZJM1126_WGS	ZJM1126	Oryza sativa						ILLUMINA	PAIRED	11351394600
ERR9886098	SAMEA110192964	ZJM965_WGS	ZJM965	Oryza sativa						ILLUMINA	PAIRED	13834158600
ERR9886099	SAMEA110192965	ZJM966_WGS	ZJM966	Oryza sativa						ILLUMINA	PAIRED	9768165900
ERR9886107	SAMEA110193709	ZJN308_WGS	ZJN308	Oryza sativa						ILLUMINA	PAIRED	15981175800
ERR9886109	SAMEA110193743	ZJN344_WGS	ZJN344	Oryza sativa						ILLUMINA	PAIRED	27429544500
ERR9886111	SAMEA110193139	ZJM1143_WGS	ZJM1143	Oryza sativa						ILLUMINA	PAIRED	10916568900
ERR9886112	SAMEA110193140	ZJM1144_WGS	ZJM1144	Oryza sativa						ILLUMINA	PAIRED	9736715700
ERR9886115	SAMEA110193149	ZJM1155_WGS	ZJM1155	Oryza sativa						ILLUMINA	PAIRED	11549985900
ERR9886116	SAMEA110193150	ZJM1156_WGS	ZJM1156	Oryza sativa						ILLUMINA	PAIRED	11605945500
ERR9886118	SAMEA110193152	ZJM1158_WGS	ZJM1158	Oryza sativa						ILLUMINA	PAIRED	12764191500
ERR9886128	SAMEA110193176	ZJM1182_WGS	ZJM1182	Oryza sativa						ILLUMINA	PAIRED	12999131400
ERR9886134	SAMEA110193189	ZJM1195_WGS	ZJM1195	Oryza sativa						ILLUMINA	PAIRED	12971208300
ERR9886152	SAMEA110193225	ZJM1231_WGS	ZJM1231	Oryza sativa						ILLUMINA	PAIRED	14208509400
ERR9886157	SAMEA110192485	ZJM470_WGS	ZJM470	Oryza sativa						ILLUMINA	PAIRED	21561564600
ERR9886158	SAMEA110192528	ZJM514_WGS	ZJM514	Oryza sativa						ILLUMINA	PAIRED	18064843500
ERR9886159	SAMEA110192564	ZJM551_WGS	ZJM551	Oryza sativa						ILLUMINA	PAIRED	26457392700
ERR9886160	SAMEA110192669	ZJM659_WGS	ZJM659	Oryza sativa						ILLUMINA	PAIRED	23423177400
ERR9886164	SAMEA110192783	ZJM779_WGS	ZJM779	Oryza sativa						ILLUMINA	PAIRED	16910749200
ERR9886165	SAMEA110192807	ZJM803_WGS	ZJM803	Oryza sativa						ILLUMINA	PAIRED	14219273400
ERR9886169	SAMEA110193767	ZJN368_WGS	ZJN368	Oryza sativa						ILLUMINA	PAIRED	11758846200
ERR9886173	SAMEA110193650	ZJN230_WGS	ZJN230	Oryza sativa						ILLUMINA	PAIRED	15205770600
ERR9886175	SAMEA110193676	ZJN266_WGS	ZJN266	Oryza sativa						ILLUMINA	PAIRED	11052812100
ERR9886181	SAMEA110193705	ZJN304_WGS	ZJN304	Oryza sativa						ILLUMINA	PAIRED	20448639300
ERR9886182	SAMEA110193706	ZJN305_WGS	ZJN305	Oryza sativa						ILLUMINA	PAIRED	13400478300
ERR9886183	SAMEA110193707	ZJN306_WGS	ZJN306	Oryza sativa						ILLUMINA	PAIRED	13539471600
ERR9886184	SAMEA110193708	ZJN307_WGS	ZJN307	Oryza sativa						ILLUMINA	PAIRED	12127000200
ERR9886185	SAMEA110193710	ZJN309_WGS	ZJN309	Oryza sativa						ILLUMINA	PAIRED	10462066500
ERR9886188	SAMEA110193717	ZJN316_WGS	ZJN316	Oryza sativa						ILLUMINA	PAIRED	15998700900
ERR9886189	SAMEA110193718	ZJN317_WGS	ZJN317	Oryza sativa						ILLUMINA	PAIRED	19691374200
ERR9886192	SAMEA110193721	ZJN321_WGS	ZJN321	Oryza sativa						ILLUMINA	PAIRED	14236078500
ERR9886195	SAMEA110193727	ZJN328_WGS	ZJN328	Oryza sativa						ILLUMINA	PAIRED	14742508500
ERR9886206	SAMEA110193744	ZJN345_WGS	ZJN345	Oryza sativa						ILLUMINA	PAIRED	14431652700
ERR9886213	SAMEA110193756	ZJN357_WGS	ZJN357	Oryza sativa						ILLUMINA	PAIRED	11728272300
ERR9886217	SAMEA110193765	ZJN366_WGS	ZJN366	Oryza sativa						ILLUMINA	PAIRED	13849631700
ERR9886220	SAMEA110193769	ZJN370_WGS	ZJN370	Oryza sativa						ILLUMINA	PAIRED	17006236800
ERR9886223	SAMEA110193778	ZJN379_WGS	ZJN379	Oryza sativa						ILLUMINA	PAIRED	16048686000
ERR9886226	SAMEA110193787	ZJN388_WGS	ZJN388	Oryza sativa						ILLUMINA	PAIRED	15165262800
ERR9886227	SAMEA110193788	ZJN389_WGS	ZJN389	Oryza sativa						ILLUMINA	PAIRED	11369738400
ERR9886230	SAMEA110193793	ZJN394_WGS	ZJN394	Oryza sativa						ILLUMINA	PAIRED	13053039900
ERR9886240	SAMEA110193737	ZJN338_WGS	ZJN338	Oryza sativa						ILLUMINA	PAIRED	13120192500
ERR9886253	SAMEA110193772	ZJN373_WGS	ZJN373	Oryza sativa						ILLUMINA	PAIRED	9288624600
ERR9886260	SAMEA110193794	ZJN395_WGS	ZJN395	Oryza sativa						ILLUMINA	PAIRED	12986834700
ERR9886266	SAMEA110193802	ZJN403_WGS	ZJN403	Oryza sativa						ILLUMINA	PAIRED	9504080100
ERR9886270	SAMEA110193823	ZJN424_WGS	ZJN424	Oryza sativa						ILLUMINA	PAIRED	17804655600
ERR9886275	SAMEA110193836	ZJN437_WGS	ZJN437	Oryza sativa						ILLUMINA	PAIRED	13088316600
ERR9886278	SAMEA110193847	ZJN448_WGS	ZJN448	Oryza sativa						ILLUMINA	PAIRED	21152870400
ERR9886279	SAMEA110193848	ZJN449_WGS	ZJN449	Oryza sativa						ILLUMINA	PAIRED	23034322800
ERR9886287	SAMEA110193872	ZJN474_WGS	ZJN474	Oryza sativa						ILLUMINA	PAIRED	18430894800
ERR9886294	SAMEA110193815	ZJN416_WGS	ZJN416	Oryza sativa						ILLUMINA	PAIRED	16785649200
ERR9886295	SAMEA110193817	ZJN418_WGS	ZJN418	Oryza sativa						ILLUMINA	PAIRED	13551104400
ERR9886297	SAMEA110193820	ZJN421_WGS	ZJN421	Oryza sativa						ILLUMINA	PAIRED	16364908800
ERR9886299	SAMEA110193822	ZJN423_WGS	ZJN423	Oryza sativa						ILLUMINA	PAIRED	8445148800
ERR9886303	SAMEA110193830	ZJN431_WGS	ZJN431	Oryza sativa						ILLUMINA	PAIRED	11780270700
ERR9886304	SAMEA110193831	ZJN432_WGS	ZJN432	Oryza sativa						ILLUMINA	PAIRED	17407726800
ERR9886305	SAMEA110193832	ZJN433_WGS	ZJN433	Oryza sativa						ILLUMINA	PAIRED	10426044300
ERR9886309	SAMEA110193840	ZJN441_WGS	ZJN441	Oryza sativa						ILLUMINA	PAIRED	17678217300
ERR9886310	SAMEA110193841	ZJN442_WGS	ZJN442	Oryza sativa						ILLUMINA	PAIRED	13989850200
ERR9886316	SAMEA110193851	ZJN452_WGS	ZJN452	Oryza sativa						ILLUMINA	PAIRED	19082855700
ERR9886317	SAMEA110193852	ZJN453_WGS	ZJN453	Oryza sativa						ILLUMINA	PAIRED	16478036700
ERR9886322	SAMEA110193857	ZJN458_WGS	ZJN458	Oryza sativa						ILLUMINA	PAIRED	12385179300
ERR9886324	SAMEA110193862	ZJN464_WGS	ZJN464	Oryza sativa						ILLUMINA	PAIRED	15414767400
ERR9886336	SAMEA110193877	ZJN479_WGS	ZJN479	Oryza sativa						ILLUMINA	PAIRED	12969969600
ERR9886340	SAMEA110193885	ZJN487_WGS	ZJN487	Oryza sativa						ILLUMINA	PAIRED	18310488900
ERR9886344	SAMEA110193889	ZJN491_WGS	ZJN491	Oryza sativa						ILLUMINA	PAIRED	16452857700
ERR9886350	SAMEA110193957	ZJN601_WGS	ZJN601	Oryza sativa						ILLUMINA	PAIRED	12934994400
ERR9886358	SAMEA110193966	ZJN615_WGS	ZJN615	Oryza sativa						ILLUMINA	PAIRED	11710935300
ERR9886362	SAMEA110193970	ZJN624_WGS	ZJN624	Oryza sativa						ILLUMINA	PAIRED	11200299900
ERR9886365	SAMEA110193973	ZJN627_WGS	ZJN627	Oryza sativa						ILLUMINA	PAIRED	13067089500
ERR9886372	SAMEA110193980	ZJN639_WGS	ZJN639	Oryza sativa						ILLUMINA	PAIRED	11089883100
ERR9886373	SAMEA110193981	ZJN645_WGS	ZJN645	Oryza sativa						ILLUMINA	PAIRED	13044905700
ERR9886374	SAMEA110193982	ZJN646_WGS	ZJN646	Oryza sativa						ILLUMINA	PAIRED	12292874700
ERR9886375	SAMEA110193983	ZJN647_WGS	ZJN647	Oryza sativa						ILLUMINA	PAIRED	10305467100
ERR9886377	SAMEA110193985	ZJN649_WGS	ZJN649	Oryza sativa						ILLUMINA	PAIRED	17251456200
ERR9886380	SAMEA110193988	ZJN657_WGS	ZJN657	Oryza sativa						ILLUMINA	PAIRED	10149116100
ERR9886389	SAMEA110193997	ZJN671_WGS	ZJN671	Oryza sativa						ILLUMINA	PAIRED	16943889600
ERR9886394	SAMEA110194002	ZJN682_WGS	ZJN682	Oryza sativa						ILLUMINA	PAIRED	15778086000
ERR9886398	SAMEA110194006	ZJN686_WGS	ZJN686	Oryza sativa						ILLUMINA	PAIRED	9752232000
ERR9886399	SAMEA110194007	ZJN687_WGS	ZJN687	Oryza sativa						ILLUMINA	PAIRED	11833976700
ERR9886404	SAMEA110194037	ZJN724_WGS	ZJN724	Oryza sativa						ILLUMINA	PAIRED	17455824900
ERR9886409	SAMEA110194082	ZJN772_WGS	ZJN772	Oryza sativa						ILLUMINA	PAIRED	26887606800
ERR9886410	SAMEA110194010	ZJN690_WGS	ZJN690	Oryza sativa						ILLUMINA	PAIRED	11049978600
ERR9886413	SAMEA110194013	ZJN694_WGS	ZJN694	Oryza sativa						ILLUMINA	PAIRED	12050188800
ERR9886414	SAMEA110194014	ZJN695_WGS	ZJN695	Oryza sativa						ILLUMINA	PAIRED	10587026700
ERR9886419	SAMEA110194022	ZJN704_WGS	ZJN704	Oryza sativa						ILLUMINA	PAIRED	15696403500
ERR9886430	SAMEA110194034	ZJN721_WGS	ZJN721	Oryza sativa						ILLUMINA	PAIRED	21547462800
ERR9886431	SAMEA110194035	ZJN722_WGS	ZJN722	Oryza sativa						ILLUMINA	PAIRED	10236216300
ERR9886445	SAMEA110194055	ZJN745_WGS	ZJN745	Oryza sativa						ILLUMINA	PAIRED	14250927300
ERR9886451	SAMEA110194064	ZJN754_WGS	ZJN754	Oryza sativa						ILLUMINA	PAIRED	17567364000
ERR9886459	SAMEA110194075	ZJN765_WGS	ZJN765	Oryza sativa						ILLUMINA	PAIRED	14675605500
ERR9886464	SAMEA110194083	ZJN773_WGS	ZJN773	Oryza sativa						ILLUMINA	PAIRED	14087829900
ERR9886465	SAMEA110194084	ZJN774_WGS	ZJN774	Oryza sativa						ILLUMINA	PAIRED	11368008600
ERR9886474	SAMEA110194027	ZJN711_WGS	ZJN711	Oryza sativa						ILLUMINA	PAIRED	17019118200
ERR9886475	SAMEA110194036	ZJN723_WGS	ZJN723	Oryza sativa						ILLUMINA	PAIRED	21850971300
ERR9886476	SAMEA110194044	ZJN734_WGS	ZJN734	Oryza sativa						ILLUMINA	PAIRED	15306808800
ERR9886480	SAMEA110194068	ZJN758_WGS	ZJN758	Oryza sativa						ILLUMINA	PAIRED	18131835600
ERR9886485	SAMEA110194093	ZJN783_WGS	ZJN783	Oryza sativa						ILLUMINA	PAIRED	19692409800
ERR9886489	SAMEA110194097	ZJN787_WGS	ZJN787	Oryza sativa						ILLUMINA	PAIRED	19339504500
ERR9886493	SAMEA110194106	ZJN796_WGS	ZJN796	Oryza sativa						ILLUMINA	PAIRED	12362643900
ERR9886494	SAMEA110194107	ZJN797_WGS	ZJN797	Oryza sativa						ILLUMINA	PAIRED	12824220000
ERR9886497	SAMEA110194110	ZJN800_WGS	ZJN800	Oryza sativa						ILLUMINA	PAIRED	12394458000
ERR9886498	SAMEA110194111	ZJN801_WGS	ZJN801	Oryza sativa						ILLUMINA	PAIRED	13584954300
ERR9886500	SAMEA110194118	ZJN808_WGS	ZJN808	Oryza sativa						ILLUMINA	PAIRED	14658645300
ERR9886508	SAMEA110194131	ZJN821_WGS	ZJN821	Oryza sativa						ILLUMINA	PAIRED	13239460800
ERR9886512	SAMEA110194135	ZJN825_WGS	ZJN825	Oryza sativa						ILLUMINA	PAIRED	14414315700
ERR9886517	SAMEA110194146	ZJN836_WGS	ZJN836	Oryza sativa						ILLUMINA	PAIRED	10667879100
ERR9886520	SAMEA110194155	ZJN845_WGS	ZJN845	Oryza sativa						ILLUMINA	PAIRED	13996838400
ERR9886527	SAMEA110194168	ZJN858_WGS	ZJN858	Oryza sativa						ILLUMINA	PAIRED	12366608400
ERR9886529	SAMEA110194170	ZJN860_WGS	ZJN860	Oryza sativa						ILLUMINA	PAIRED	12224177100
ERR9886542	SAMEA110194113	ZJN803_WGS	ZJN803	Oryza sativa						ILLUMINA	PAIRED	12397880400
ERR9886543	SAMEA110194114	ZJN804_WGS	ZJN804	Oryza sativa						ILLUMINA	PAIRED	11695740600
ERR9886548	SAMEA110194126	ZJN816_WGS	ZJN816	Oryza sativa						ILLUMINA	PAIRED	12326245200
ERR9886552	SAMEA110194136	ZJN826_WGS	ZJN826	Oryza sativa						ILLUMINA	PAIRED	12760176900
ERR9886554	SAMEA110194138	ZJN828_WGS	ZJN828	Oryza sativa						ILLUMINA	PAIRED	14231283300
ERR9886560	SAMEA110194150	ZJN840_WGS	ZJN840	Oryza sativa						ILLUMINA	PAIRED	13837140000
ERR9886562	SAMEA110194152	ZJN842_WGS	ZJN842	Oryza sativa						ILLUMINA	PAIRED	15473325000
ERR9886564	SAMEA110194160	ZJN850_WGS	ZJN850	Oryza sativa						ILLUMINA	PAIRED	14413364400
ERR9886567	SAMEA110194163	ZJN853_WGS	ZJN853	Oryza sativa						ILLUMINA	PAIRED	12516359400
ERR9886577	SAMEA110194185	ZJN875_WGS	ZJN875	Oryza sativa						ILLUMINA	PAIRED	14300463300
ERR9886578	SAMEA110194186	ZJN876_WGS	ZJN876	Oryza sativa						ILLUMINA	PAIRED	11459826300
ERR9886579	SAMEA110194187	ZJN877_WGS	ZJN877	Oryza sativa						ILLUMINA	PAIRED	17310577200
ERR9886581	SAMEA110194189	ZJN879_WGS	ZJN879	Oryza sativa						ILLUMINA	PAIRED	10370401200
ERR9886583	SAMEA110194191	ZJN881_WGS	ZJN881	Oryza sativa						ILLUMINA	PAIRED	10515034500
ERR9886601	SAMEA110194193	ZJN883_WGS	ZJN883	Oryza sativa						ILLUMINA	PAIRED	18169503600
ERR9886602	SAMEA110194195	ZJN885_WGS	ZJN885	Oryza sativa						ILLUMINA	PAIRED	10848713400
ERR9886619	SAMEA110194224	ZJN914_WGS	ZJN914	Oryza sativa						ILLUMINA	PAIRED	16768096500
ERR9886620	SAMEA110194228	ZJN918_WGS	ZJN918	Oryza sativa						ILLUMINA	PAIRED	19403342100
ERR9886622	SAMEA110194234	ZJN924_WGS	ZJN924	Oryza sativa						ILLUMINA	PAIRED	12166077600
ERR9886632	SAMEA110194253	ZJN943_WGS	ZJN943	Oryza sativa						ILLUMINA	PAIRED	18333958500
ERR9886634	SAMEA110194256	ZJN946_WGS	ZJN946	Oryza sativa						ILLUMINA	PAIRED	16012580400
ERR9886641	SAMEA110194270	ZJN960_WGS	ZJN960	Oryza sativa						ILLUMINA	PAIRED	14851442700
ERR9886643	SAMEA110194276	ZJN966_WGS	ZJN966	Oryza sativa						ILLUMINA	PAIRED	21668053800
ERR9886645	SAMEA110194278	ZJN968_WGS	ZJN968	Oryza sativa						ILLUMINA	PAIRED	14773894500
ERR9886649	SAMEA110194282	ZJN972_WGS	ZJN972	Oryza sativa						ILLUMINA	PAIRED	14543725200
ERR9886654	SAMEA110194313	ZJN1003_WGS	ZJN1003	Oryza sativa						ILLUMINA	PAIRED	14842244700
ERR9886655	SAMEA110194314	ZJN1004_WGS	ZJN1004	Oryza sativa						ILLUMINA	PAIRED	16841004000
ERR9886667	SAMEA110194337	ZJN1029_WGS	ZJN1029	Oryza sativa						ILLUMINA	PAIRED	23701950900
ERR9886675	SAMEA110194350	ZJN1042_WGS	ZJN1042	Oryza sativa						ILLUMINA	PAIRED	17249133600
ERR9886684	SAMEA110194369	ZJN1066_WGS	ZJN1066	Oryza sativa						ILLUMINA	PAIRED	19004838900
ERR9886685	SAMEA110194213	ZJN903_WGS	ZJN903	Oryza sativa						ILLUMINA	PAIRED	10085580900
ERR9886686	SAMEA110194225	ZJN915_WGS	ZJN915	Oryza sativa						ILLUMINA	PAIRED	17906861100
ERR9886687	SAMEA110194236	ZJN926_WGS	ZJN926	Oryza sativa						ILLUMINA	PAIRED	8787846000
ERR9886693	SAMEA110194284	ZJN974_WGS	ZJN974	Oryza sativa						ILLUMINA	PAIRED	13186748100
ERR9886697	SAMEA110194288	ZJN978_WGS	ZJN978	Oryza sativa						ILLUMINA	PAIRED	13575703800
ERR9886698	SAMEA110194289	ZJN979_WGS	ZJN979	Oryza sativa						ILLUMINA	PAIRED	13137690900
ERR9886699	SAMEA110194290	ZJN980_WGS	ZJN980	Oryza sativa						ILLUMINA	PAIRED	11195421300
ERR9886709	SAMEA110194304	ZJN994_WGS	ZJN994	Oryza sativa						ILLUMINA	PAIRED	10696490100
ERR9886713	SAMEA110194319	ZJN1009_WGS	ZJN1009	Oryza sativa						ILLUMINA	PAIRED	11408011200
ERR9886721	SAMEA110194341	ZJN1033_WGS	ZJN1033	Oryza sativa						ILLUMINA	PAIRED	13885473000
ERR9886726	SAMEA110194353	ZJN1045_WGS	ZJN1045	Oryza sativa						ILLUMINA	PAIRED	11524976400
ERR9886728	SAMEA110194355	ZJN1047_WGS	ZJN1047	Oryza sativa						ILLUMINA	PAIRED	13432971600
ERR9886731	SAMEA110194364	ZJN1057_WGS	ZJN1057	Oryza sativa						ILLUMINA	PAIRED	13647548100
ERR9886735	SAMEA110194372	ZJN1069_WGS	ZJN1069	Oryza sativa						ILLUMINA	PAIRED	16861136700
ERR9886738	SAMEA110194375	ZJN1072_WGS	ZJN1072	Oryza sativa						ILLUMINA	PAIRED	14069740500
ERR9886744	SAMEA110194399	ZJN1097_WGS	ZJN1097	Oryza sativa						ILLUMINA	PAIRED	17067899400
ERR9886750	SAMEA110194435	ZJN1133_WGS	ZJN1133	Oryza sativa						ILLUMINA	PAIRED	19512316800
ERR9886752	SAMEA110194447	ZJN1145_WGS	ZJN1145	Oryza sativa						ILLUMINA	PAIRED	19405487700
ERR9886764	SAMEA110194295	ZJN985_WGS	ZJN985	Oryza sativa						ILLUMINA	PAIRED	10092457200
ERR9886772	SAMEA110194382	ZJN1079_WGS	ZJN1079	Oryza sativa						ILLUMINA	PAIRED	15851787600
ERR9886773	SAMEA110194383	ZJN1080_WGS	ZJN1080	Oryza sativa						ILLUMINA	PAIRED	16512504000
ERR9886779	SAMEA110194392	ZJN1089_WGS	ZJN1089	Oryza sativa						ILLUMINA	PAIRED	11912991000
ERR9886782	SAMEA110194395	ZJN1092_WGS	ZJN1092	Oryza sativa						ILLUMINA	PAIRED	14317599600
ERR9886788	SAMEA110194404	ZJN1102_WGS	ZJN1102	Oryza sativa						ILLUMINA	PAIRED	13657785900
ERR9886791	SAMEA110194407	ZJN1105_WGS	ZJN1105	Oryza sativa						ILLUMINA	PAIRED	13003804500
ERR9886796	SAMEA110194416	ZJN1114_WGS	ZJN1114	Oryza sativa						ILLUMINA	PAIRED	15303666900
ERR9886797	SAMEA110194417	ZJN1115_WGS	ZJN1115	Oryza sativa						ILLUMINA	PAIRED	13878557400
ERR9886808	SAMEA110194436	ZJN1134_WGS	ZJN1134	Oryza sativa						ILLUMINA	PAIRED	15840506100
ERR9886812	SAMEA110194440	ZJN1138_WGS	ZJN1138	Oryza sativa						ILLUMINA	PAIRED	11352941700
ERR9886822	SAMEA110194455	ZJN1153_WGS	ZJN1153	Oryza sativa						ILLUMINA	PAIRED	16985665500
ERR9886823	SAMEA110194460	ZJN1159_WGS	ZJN1159	Oryza sativa						ILLUMINA	PAIRED	16004235600
ERR9886832	SAMEA110194408	ZJN1106_WGS	ZJN1106	Oryza sativa						ILLUMINA	PAIRED	26133631800
ERR9886839	SAMEA110194445	ZJN1143_WGS	ZJN1143	Oryza sativa						ILLUMINA	PAIRED	19076320200
ERR9886843	SAMEA110194468	ZJN1167_WGS	ZJN1167	Oryza sativa						ILLUMINA	PAIRED	21634094100
ERR9886849	SAMEA110194484	ZJN1184_WGS	ZJN1184	Oryza sativa						ILLUMINA	PAIRED	14348670300
ERR9886851	SAMEA110194486	ZJN1186_WGS	ZJN1186	Oryza sativa						ILLUMINA	PAIRED	13765298700
ERR9886864	SAMEA110194509	ZJN1210_WGS	ZJN1210	Oryza sativa						ILLUMINA	PAIRED	9884677800
ERR9886872	SAMEA110194528	ZJN1229_WGS	ZJN1229	Oryza sativa						ILLUMINA	PAIRED	12449918100
ERR9886895	SAMEA110194499	ZJN1199_WGS	ZJN1199	Oryza sativa						ILLUMINA	PAIRED	8851506300
ERR9886898	SAMEA110194510	ZJN1211_WGS	ZJN1211	Oryza sativa						ILLUMINA	PAIRED	12204426900
ERR9886902	SAMEA110194514	ZJN1215_WGS	ZJN1215	Oryza sativa						ILLUMINA	PAIRED	15218331600
ERR9886905	SAMEA110194523	ZJN1224_WGS	ZJN1224	Oryza sativa						ILLUMINA	PAIRED	9959670000
ERR9886914	SAMEA110194541	ZJN1249_WGS	ZJN1249	Oryza sativa						ILLUMINA	PAIRED	11274912900
ERR9886916	SAMEA110194550	ZJN1261_WGS	ZJN1261	Oryza sativa						ILLUMINA	PAIRED	10604976000
ERR9886919	SAMEA110194553	ZJN1265_WGS	ZJN1265	Oryza sativa						ILLUMINA	PAIRED	14155070700
ERR9886924	SAMEA110194566	ZJN1279_WGS	ZJN1279	Oryza sativa						ILLUMINA	PAIRED	15325913400
ERR9886932	SAMEA110194599	ZJN1313_WGS	ZJN1313	Oryza sativa						ILLUMINA	PAIRED	14437070100
ERR9886952	SAMEA110194570	ZJN1283_WGS	ZJN1283	Oryza sativa						ILLUMINA	PAIRED	10251356400
ERR9886954	SAMEA110194572	ZJN1286_WGS	ZJN1286	Oryza sativa						ILLUMINA	PAIRED	15059449200
ERR9886961	SAMEA110194582	ZJN1296_WGS	ZJN1296	Oryza sativa						ILLUMINA	PAIRED	14377093500
ERR9886972	SAMEA110194597	ZJN1311_WGS	ZJN1311	Oryza sativa						ILLUMINA	PAIRED	13132218300
ERR9886978	SAMEA110194606	ZJN1320_WGS	ZJN1320	Oryza sativa						ILLUMINA	PAIRED	16483984500
ERR9886981	SAMEA110194613	ZJN1327_WGS	ZJN1327	Oryza sativa						ILLUMINA	PAIRED	14846990700
ERR9886983	SAMEA110194615	ZJN1329_WGS	ZJN1329	Oryza sativa						ILLUMINA	PAIRED	16679172900
ERR9886984	SAMEA110194616	ZJN1330_WGS	ZJN1330	Oryza sativa						ILLUMINA	PAIRED	23388282000
ERR9886989	SAMEA110194625	ZJN1339_WGS	ZJN1339	Oryza sativa						ILLUMINA	PAIRED	16882987800
ERR9886991	SAMEA110194627	ZJN1341_WGS	ZJN1341	Oryza sativa						ILLUMINA	PAIRED	13857798000
ERR9886994	SAMEA110194630	ZJN1346_WGS	ZJN1346	Oryza sativa						ILLUMINA	PAIRED	15267747600
ERR9886996	SAMEA110194635	ZJN1352_WGS	ZJN1352	Oryza sativa						ILLUMINA	PAIRED	15377678700
ERR9886998	SAMEA110194637	ZJN1355_WGS	ZJN1355	Oryza sativa						ILLUMINA	PAIRED	14891439000
ERR9886999	SAMEA110194638	ZJN1356_WGS	ZJN1356	Oryza sativa						ILLUMINA	PAIRED	14733546000
ERR9887005	SAMEA110194642	ZJN1360_WGS	ZJN1360	Oryza sativa						ILLUMINA	PAIRED	18995095800
ERR9887010	SAMEA110194647	ZJN1366_WGS	ZJN1366	Oryza sativa						ILLUMINA	PAIRED	14343850800
ERR9887013	SAMEA110194654	ZJN1373_WGS	ZJN1373	Oryza sativa						ILLUMINA	PAIRED	12988481700
ERR9887023	SAMEA110194668	ZJN1387_WGS	ZJN1387	Oryza sativa						ILLUMINA	PAIRED	10598490000
ERR9887036	SAMEA110194689	ZJN1408_WGS	ZJN1408	Oryza sativa						ILLUMINA	PAIRED	17773683000
ERR9887041	SAMEA110194694	ZJN1414_WGS	ZJN1414	Oryza sativa						ILLUMINA	PAIRED	12976170300
ERR9887042	SAMEA110194695	ZJN1415_WGS	ZJN1415	Oryza sativa						ILLUMINA	PAIRED	11769813000
ERR9887045	SAMEA110194702	ZJN1422_WGS	ZJN1422	Oryza sativa						ILLUMINA	PAIRED	14297290500
ERR9887049	SAMEA110194709	ZJN1433_WGS	ZJN1433	Oryza sativa						ILLUMINA	PAIRED	18161886000
ERR9887051	SAMEA110194711	ZJN1435_WGS	ZJN1435	Oryza sativa						ILLUMINA	PAIRED	14172636000
ERR9887053	SAMEA110194713	ZJN1437_WGS	ZJN1437	Oryza sativa						ILLUMINA	PAIRED	14994232200
ERR9887055	SAMEA110194720	ZJN1444_WGS	ZJN1444	Oryza sativa						ILLUMINA	PAIRED	25035909900
ERR9887059	SAMEA110194724	ZJN1448_WGS	ZJN1448	Oryza sativa						ILLUMINA	PAIRED	14907473100
ERR9887060	SAMEA110194725	ZJN1449_WGS	ZJN1449	Oryza sativa						ILLUMINA	PAIRED	17068523400
ERR9887062	SAMEA110194649	ZJN1368_WGS	ZJN1368	Oryza sativa						ILLUMINA	PAIRED	17137394100
ERR9887064	SAMEA110194651	ZJN1370_WGS	ZJN1370	Oryza sativa						ILLUMINA	PAIRED	16179897300
ERR9887080	SAMEA110194698	ZJN1418_WGS	ZJN1418	Oryza sativa						ILLUMINA	PAIRED	13537486800
ERR9887099	SAMEA110194743	ZJN1468_WGS	ZJN1468	Oryza sativa						ILLUMINA	PAIRED	9589628700
ERR9887104	SAMEA110194755	ZJN1481_WGS	ZJN1481	Oryza sativa						ILLUMINA	PAIRED	12205882500
ERR9887107	SAMEA110194766	ZJN1494_WGS	ZJN1494	Oryza sativa						ILLUMINA	PAIRED	16775735700
ERR9887108	SAMEA110194767	ZJN1495_WGS	ZJN1495	Oryza sativa						ILLUMINA	PAIRED	15748021500
ERR9887111	SAMEA110194778	ZJN1506_WGS	ZJN1506	Oryza sativa						ILLUMINA	PAIRED	14589250500
ERR9887112	SAMEA110194779	ZJN1507_WGS	ZJN1507	Oryza sativa						ILLUMINA	PAIRED	11379072600
ERR9887125	SAMEA110194736	ZJN1460_WGS	ZJN1460	Oryza sativa						ILLUMINA	PAIRED	13143802500
ERR9887131	SAMEA110194742	ZJN1467_WGS	ZJN1467	Oryza sativa						ILLUMINA	PAIRED	12575844000
ERR9887133	SAMEA110194748	ZJN1474_WGS	ZJN1474	Oryza sativa						ILLUMINA	PAIRED	14586852600
ERR9887145	SAMEA110194768	ZJN1496_WGS	ZJN1496	Oryza sativa						ILLUMINA	PAIRED	15761048400
ERR9887152	SAMEA110194775	ZJN1503_WGS	ZJN1503	Oryza sativa						ILLUMINA	PAIRED	17024762700
ERR9887153	SAMEA110194780	ZJN1508_WGS	ZJN1508	Oryza sativa						ILLUMINA	PAIRED	13126187400
ERR9887157	SAMEA110194785	ZJN1513_WGS	ZJN1513	Oryza sativa						ILLUMINA	PAIRED	12364297200
ERR9887174	SAMEA110194810	ZJN1539_WGS	ZJN1539	Oryza sativa						ILLUMINA	PAIRED	18143189700
ERR9887178	SAMEA110194818	ZJN1547_WGS	ZJN1547	Oryza sativa						ILLUMINA	PAIRED	16498863300
ERR9887184	SAMEA110194825	ZJN1555_WGS	ZJN1555	Oryza sativa						ILLUMINA	PAIRED	17630877600
ERR9887187	SAMEA110194828	ZJN1558_WGS	ZJN1558	Oryza sativa						ILLUMINA	PAIRED	13990883100
ERR9887193	SAMEA110194835	ZJN1568_WGS	ZJN1568	Oryza sativa						ILLUMINA	PAIRED	13164415200
ERR9887197	SAMEA110194839	ZJN1572_WGS	ZJN1572	Oryza sativa						ILLUMINA	PAIRED	10791723000
ERR9887200	SAMEA110194843	ZJN1578_WGS	ZJN1578	Oryza sativa						ILLUMINA	PAIRED	13699801800
ERR9887203	SAMEA110194846	ZJN1581_WGS	ZJN1581	Oryza sativa						ILLUMINA	PAIRED	11882251500
ERR9887208	SAMEA110194852	ZJN1589_WGS	ZJN1589	Oryza sativa						ILLUMINA	PAIRED	16226771700
ERR9887221	SAMEA110194868	ZJN1614_WGS	ZJN1614	Oryza sativa						ILLUMINA	PAIRED	16353530700
ERR9887239	SAMEA110194865	ZJN1610_WGS	ZJN1610	Oryza sativa						ILLUMINA	PAIRED	15098161500
ERR9887243	SAMEA110194893	ZJN1660_WGS	ZJN1660	Oryza sativa						ILLUMINA	PAIRED	11510818200
ERR9887253	SAMEA110194917	ZJN1686_WGS	ZJN1686	Oryza sativa						ILLUMINA	PAIRED	11643737700
ERR9887257	SAMEA110194928	ZJN1697_WGS	ZJN1697	Oryza sativa						ILLUMINA	PAIRED	11154574800
ERR9887259	SAMEA110194930	ZJN1699_WGS	ZJN1699	Oryza sativa						ILLUMINA	PAIRED	6831633000
ERR9887263	SAMEA110194940	ZJN1710_WGS	ZJN1710	Oryza sativa						ILLUMINA	PAIRED	16706256900
ERR9887266	SAMEA110194950	ZJN1720_WGS	ZJN1720	Oryza sativa						ILLUMINA	PAIRED	14287726800
ERR9887267	SAMEA110194951	ZJN1721_WGS	ZJN1721	Oryza sativa						ILLUMINA	PAIRED	25200784200
ERR9887276	SAMEA110193034	ZJM1035_WGS	ZJM1035	Oryza sativa						ILLUMINA	PAIRED	12544265100
ERR9887283	SAMEA110193054	ZJM1055_WGS	ZJM1055	Oryza sativa						ILLUMINA	PAIRED	9930513300
ERR9887285	SAMEA110193080	ZJM1081_WGS	ZJM1081	Oryza sativa						ILLUMINA	PAIRED	13382571000
ERR9887289	SAMEA110192231	ZJM111_WGS	ZJM111	Oryza sativa						ILLUMINA	PAIRED	3335400
ERR9887298	SAMEA110193130	ZJM1131_WGS	ZJM1131	Oryza sativa						ILLUMINA	PAIRED	13584819300
ERR9887307	SAMEA110193235	ZJM1244_WGS	ZJM1244	Oryza sativa						ILLUMINA	PAIRED	12258060900
ERR9887310	SAMEA110193252	ZJM1270_WGS	ZJM1270	Oryza sativa						ILLUMINA	PAIRED	14638881000
ERR9887313	SAMEA110193263	ZJM1283_WGS	ZJM1283	Oryza sativa						ILLUMINA	PAIRED	11146198500
ERR9887321	SAMEA110192251	ZJM132_WGS	ZJM132	Oryza sativa						ILLUMINA	PAIRED	8169870300
ERR9887323	SAMEA110193302	ZJM1329_WGS	ZJM1329	Oryza sativa						ILLUMINA	PAIRED	10951866600
ERR9887328	SAMEA110192253	ZJM134_WGS	ZJM134	Oryza sativa						ILLUMINA	PAIRED	17800051500
ERR9887331	SAMEA110193321	ZJM1348_WGS	ZJM1348	Oryza sativa						ILLUMINA	PAIRED	9614593500
ERR9887338	SAMEA110193332	ZJM1359_WGS	ZJM1359	Oryza sativa						ILLUMINA	PAIRED	7256958000
ERR9887343	SAMEA110193341	ZJM1368_WGS	ZJM1368	Oryza sativa						ILLUMINA	PAIRED	8155875600
ERR9887344	SAMEA110193343	ZJM1370_WGS	ZJM1370	Oryza sativa						ILLUMINA	PAIRED	11926610700
ERR9887345	SAMEA110193345	ZJM1372_WGS	ZJM1372	Oryza sativa						ILLUMINA	PAIRED	13728588300
ERR9887358	SAMEA110193370	ZJM1398_WGS	ZJM1398	Oryza sativa						ILLUMINA	PAIRED	11992219200
ERR9887383	SAMEA110193405	ZJM1433_WGS	ZJM1433	Oryza sativa						ILLUMINA	PAIRED	11115313500
ERR9887384	SAMEA110193406	ZJM1434_WGS	ZJM1434	Oryza sativa						ILLUMINA	PAIRED	16828337700
ERR9887386	SAMEA110193408	ZJM1436_WGS	ZJM1436	Oryza sativa						ILLUMINA	PAIRED	19020952500
ERR9887393	SAMEA110193415	ZJM1443_WGS	ZJM1443	Oryza sativa						ILLUMINA	PAIRED	12659204700
ERR9887395	SAMEA110193417	ZJM1445_WGS	ZJM1445	Oryza sativa						ILLUMINA	PAIRED	15096838500
ERR9887410	SAMEA110193432	ZJM1461_WGS	ZJM1461	Oryza sativa						ILLUMINA	PAIRED	33717323100
ERR9887412	SAMEA110193434	ZJM1463_WGS	ZJM1463	Oryza sativa						ILLUMINA	PAIRED	17600747700
ERR9887415	SAMEA110193437	ZJM1466_WGS	ZJM1466	Oryza sativa						ILLUMINA	PAIRED	12776152500
ERR9887419	SAMEA110193441	ZJM1470_WGS	ZJM1470	Oryza sativa						ILLUMINA	PAIRED	17021013600
ERR9887425	SAMEA110193448	ZJM1477_WGS	ZJM1477	Oryza sativa						ILLUMINA	PAIRED	16458904200
ERR9887433	SAMEA110193457	ZJM1486_WGS	ZJM1486	Oryza sativa						ILLUMINA	PAIRED	10729933200
ERR9887447	SAMEA110193472	ZJM1501_WGS	ZJM1501	Oryza sativa						ILLUMINA	PAIRED	12651989100
ERR9887448	SAMEA110193473	ZJM1502_WGS	ZJM1502	Oryza sativa						ILLUMINA	PAIRED	11438133600
ERR9887454	SAMEA110192314	ZJM196_WGS	ZJM196	Oryza sativa						ILLUMINA	PAIRED	13851479400
ERR9887476	SAMEA110192152	ZJM28_WGS	ZJM28	Oryza sativa						ILLUMINA	PAIRED	10647468900
ERR9887480	SAMEA110192483	ZJM467_WGS	ZJM467	Oryza sativa						ILLUMINA	PAIRED	16436817300
ERR9887486	SAMEA110192494	ZJM479_WGS	ZJM479	Oryza sativa						ILLUMINA	PAIRED	11060812500
ERR9887488	SAMEA110192496	ZJM481_WGS	ZJM481	Oryza sativa						ILLUMINA	PAIRED	12280077900
ERR9887492	SAMEA110192500	ZJM485_WGS	ZJM485	Oryza sativa						ILLUMINA	PAIRED	11364752400
ERR9887499	SAMEA110192510	ZJM496_WGS	ZJM496	Oryza sativa						ILLUMINA	PAIRED	16713161100
ERR9887511	SAMEA110192524	ZJM510_WGS	ZJM510	Oryza sativa						ILLUMINA	PAIRED	14978805600
ERR9887514	SAMEA110192530	ZJM516_WGS	ZJM516	Oryza sativa						ILLUMINA	PAIRED	15978099900
ERR9887519	SAMEA110192535	ZJM521_WGS	ZJM521	Oryza sativa						ILLUMINA	PAIRED	14050974000
ERR9887524	SAMEA110192542	ZJM528_WGS	ZJM528	Oryza sativa						ILLUMINA	PAIRED	15038658000
ERR9887532	SAMEA110192553	ZJM539_WGS	ZJM539	Oryza sativa						ILLUMINA	PAIRED	17022253500
ERR9887545	SAMEA110192587	ZJM577_WGS	ZJM577	Oryza sativa						ILLUMINA	PAIRED	13380318300
ERR9887546	SAMEA110192606	ZJM596_WGS	ZJM596	Oryza sativa						ILLUMINA	PAIRED	19555379700
ERR9887549	SAMEA110192814	ZJM810_WGS	ZJM810	Oryza sativa						ILLUMINA	PAIRED	12628768800
ERR9887550	SAMEA110192815	ZJM811_WGS	ZJM811	Oryza sativa						ILLUMINA	PAIRED	12279539700
ERR9887554	SAMEA110192905	ZJM902_WGS	ZJM902	Oryza sativa						ILLUMINA	PAIRED	14100280500
ERR9887561	SAMEA110192952	ZJM953_WGS	ZJM953	Oryza sativa						ILLUMINA	PAIRED	10491975000
ERR9887562	SAMEA110192954	ZJM955_WGS	ZJM955	Oryza sativa						ILLUMINA	PAIRED	12782175600
ERR9887565	SAMEA110193476	ZJN1_WGS	ZJN1	Oryza sativa						ILLUMINA	PAIRED	15786679200
ERR9887567	SAMEA110194321	ZJN1011_WGS	ZJN1011	Oryza sativa						ILLUMINA	PAIRED	12368453700
ERR9887572	SAMEA110193568	ZJN117_WGS	ZJN117	Oryza sativa						ILLUMINA	PAIRED	16148709900
ERR9887576	SAMEA110194473	ZJN1173_WGS	ZJN1173	Oryza sativa						ILLUMINA	PAIRED	11342069100
ERR9887581	SAMEA110193569	ZJN118_WGS	ZJN118	Oryza sativa						ILLUMINA	PAIRED	21233716800
ERR9887586	SAMEA110194500	ZJN1200_WGS	ZJN1200	Oryza sativa						ILLUMINA	PAIRED	13318055700
ERR9887593	SAMEA110194549	ZJN1258_WGS	ZJN1258	Oryza sativa						ILLUMINA	PAIRED	12960328800
ERR9887595	SAMEA110194595	ZJN1309_WGS	ZJN1309	Oryza sativa						ILLUMINA	PAIRED	9037752300
ERR9887600	SAMEA110193485	ZJN14_WGS	ZJN14	Oryza sativa						ILLUMINA	PAIRED	13683620700
ERR9887605	SAMEA110193587	ZJN146_WGS	ZJN146	Oryza sativa						ILLUMINA	PAIRED	18013294800
ERR9887608	SAMEA110194760	ZJN1486_WGS	ZJN1486	Oryza sativa						ILLUMINA	PAIRED	7340035500
ERR9887615	SAMEA110193597	ZJN156_WGS	ZJN156	Oryza sativa						ILLUMINA	PAIRED	17982279600
ERR9887616	SAMEA110193598	ZJN157_WGS	ZJN157	Oryza sativa						ILLUMINA	PAIRED	15629368200
ERR9887618	SAMEA110193600	ZJN159_WGS	ZJN159	Oryza sativa						ILLUMINA	PAIRED	16388487600
ERR9887623	SAMEA110194887	ZJN1654_WGS	ZJN1654	Oryza sativa						ILLUMINA	PAIRED	11972552400
ERR9887631	SAMEA110194898	ZJN1665_WGS	ZJN1665	Oryza sativa						ILLUMINA	PAIRED	12885179700
ERR9887655	SAMEA110194935	ZJN1704_WGS	ZJN1704	Oryza sativa						ILLUMINA	PAIRED	13955665800
ERR9887661	SAMEA110194945	ZJN1715_WGS	ZJN1715	Oryza sativa						ILLUMINA	PAIRED	13385976600
ERR9887663	SAMEA110194947	ZJN1717_WGS	ZJN1717	Oryza sativa						ILLUMINA	PAIRED	12500787900
ERR9887670	SAMEA110194959	ZJN1729_WGS	ZJN1729	Oryza sativa						ILLUMINA	PAIRED	14218565100
ERR9887671	SAMEA110194960	ZJN1730_WGS	ZJN1730	Oryza sativa						ILLUMINA	PAIRED	14725302000
ERR9887673	SAMEA110193611	ZJN178_WGS	ZJN178	Oryza sativa						ILLUMINA	PAIRED	15609384300
ERR9887674	SAMEA110193612	ZJN179_WGS	ZJN179	Oryza sativa						ILLUMINA	PAIRED	15003717000
ERR9887676	SAMEA110193614	ZJN181_WGS	ZJN181	Oryza sativa						ILLUMINA	PAIRED	16487228400
ERR9887680	SAMEA110193622	ZJN189_WGS	ZJN189	Oryza sativa						ILLUMINA	PAIRED	21931034700
ERR9887682	SAMEA110193624	ZJN191_WGS	ZJN191	Oryza sativa						ILLUMINA	PAIRED	14140800300
ERR9887683	SAMEA110193625	ZJN192_WGS	ZJN192	Oryza sativa						ILLUMINA	PAIRED	17984290200
ERR9887690	SAMEA110193634	ZJN208_WGS	ZJN208	Oryza sativa						ILLUMINA	PAIRED	28144901100
ERR9887692	SAMEA110193636	ZJN211_WGS	ZJN211	Oryza sativa						ILLUMINA	PAIRED	16412382900
ERR9887699	SAMEA110193645	ZJN223_WGS	ZJN223	Oryza sativa						ILLUMINA	PAIRED	16463710500
ERR9887701	SAMEA110193647	ZJN225_WGS	ZJN225	Oryza sativa						ILLUMINA	PAIRED	16866139800
ERR9887703	SAMEA110193649	ZJN228_WGS	ZJN228	Oryza sativa						ILLUMINA	PAIRED	16761458400
ERR9887709	SAMEA110193657	ZJN240_WGS	ZJN240	Oryza sativa						ILLUMINA	PAIRED	20390208600
ERR9887720	SAMEA110193668	ZJN258_WGS	ZJN258	Oryza sativa						ILLUMINA	PAIRED	9459978900
ERR9887721	SAMEA110193669	ZJN259_WGS	ZJN259	Oryza sativa						ILLUMINA	PAIRED	19563139800
ERR9887726	SAMEA110193674	ZJN264_WGS	ZJN264	Oryza sativa						ILLUMINA	PAIRED	14429323500
ERR9887729	SAMEA110193680	ZJN270_WGS	ZJN270	Oryza sativa						ILLUMINA	PAIRED	9250646700
ERR9887733	SAMEA110193684	ZJN274_WGS	ZJN274	Oryza sativa						ILLUMINA	PAIRED	18389801400
ERR9887746	SAMEA110193700	ZJN293_WGS	ZJN293	Oryza sativa						ILLUMINA	PAIRED	24105230400
ERR9887754	SAMEA110193808	ZJN409_WGS	ZJN409	Oryza sativa						ILLUMINA	PAIRED	12950088900
ERR9887760	SAMEA110193881	ZJN483_WGS	ZJN483	Oryza sativa						ILLUMINA	PAIRED	24653891400
ERR9887765	SAMEA110193896	ZJN499_WGS	ZJN499	Oryza sativa						ILLUMINA	PAIRED	26297126700
ERR9887766	SAMEA110193897	ZJN500_WGS	ZJN500	Oryza sativa						ILLUMINA	PAIRED	23493019200
ERR9887777	SAMEA110193908	ZJN515_WGS	ZJN515	Oryza sativa						ILLUMINA	PAIRED	33791199300
ERR9887781	SAMEA110193912	ZJN523_WGS	ZJN523	Oryza sativa						ILLUMINA	PAIRED	22146582900
ERR9887795	SAMEA110193925	ZJN544_WGS	ZJN544	Oryza sativa						ILLUMINA	PAIRED	36210197100
ERR9887804	SAMEA110193934	ZJN559_WGS	ZJN559	Oryza sativa						ILLUMINA	PAIRED	34349168100
ERR9887805	SAMEA110193935	ZJN561_WGS	ZJN561	Oryza sativa						ILLUMINA	PAIRED	30898042500
ERR9887819	SAMEA110193948	ZJN582_WGS	ZJN582	Oryza sativa						ILLUMINA	PAIRED	33253582200
ERR9887821	SAMEA110193950	ZJN584_WGS	ZJN584	Oryza sativa						ILLUMINA	PAIRED	28569184800
ERR9887826	SAMEA110193960	ZJN609_WGS	ZJN609	Oryza sativa						ILLUMINA	PAIRED	15115633800
ERR9887829	SAMEA110193524	ZJN69_WGS	ZJN69	Oryza sativa						ILLUMINA	PAIRED	12175916700
ERR9887830	SAMEA110193479	ZJN7_WGS	ZJN7	Oryza sativa						ILLUMINA	PAIRED	12750106800
ERR9887832	SAMEA110193480	ZJN8_WGS	ZJN8	Oryza sativa						ILLUMINA	PAIRED	14378509500
ERR9887834	SAMEA110193534	ZJN82_WGS	ZJN82	Oryza sativa						ILLUMINA	PAIRED	19000096500
ERR9887836	SAMEA110193538	ZJN86_WGS	ZJN86	Oryza sativa						ILLUMINA	PAIRED	13074526800
ERR9887837	SAMEA110194194	ZJN884_WGS	ZJN884	Oryza sativa						ILLUMINA	PAIRED	18344801100
ERR9887845	SAMEA110193550	ZJN98_WGS	ZJN98	Oryza sativa						ILLUMINA	PAIRED	6214804800
ERR9928588	SAMEA110321376	1F1_2	E-MTAB-11931:1F1_2	Oryza sativa	indica					ILLUMINA	PAIRED	5908199163
ERR9928594	SAMEA110321382	F2_1y24_2	E-MTAB-11931:F2_1y24_2	Oryza sativa	indica/japonica					ILLUMINA	PAIRED	964993682
ERR9928598	SAMEA110321386	F2_1y24_6	E-MTAB-11931:F2_1y24_6	Oryza sativa	indica/japonica					ILLUMINA	PAIRED	1013974477
ERR9928599	SAMEA110321387	T0_15_1	E-MTAB-11931:T0_15_1	Oryza sativa	indica/japonica					ILLUMINA	PAIRED	1001171454
ERR9928601	SAMEA110321389	T1_15_1_10	E-MTAB-11931:T1_15_1_10	Oryza sativa	indica/japonica					ILLUMINA	PAIRED	633045883
ERR9928606	SAMEA110321394	T1_37_7_20	E-MTAB-11931:T1_37_7_20	Oryza sativa	indica/japonica					ILLUMINA	PAIRED	967879252
ERR9928618	SAMEA110321406	T2_37_7_15_3	E-MTAB-11931:T2_37_7_15_3	Oryza sativa	indica/japonica					ILLUMINA	PAIRED	937476947
SRR063593	SAMN00027421	Oryza sativa	IRGC9148	Oryza sativa						ILLUMINA	PAIRED	4456970800
SRR063599	SAMN00027417	Oryza sativa	IRGC8555	Oryza sativa						ILLUMINA	PAIRED	6680966200
SRR063601	SAMN00027415	Oryza sativa	IRGC8231	Oryza sativa						ILLUMINA	PAIRED	6485157200
SRR063602	SAMN00027425	Oryza sativa	RA4952	Oryza sativa						ILLUMINA	PAIRED	6811836400
SRR063607	SAMN00027405	Oryza sativa	IRGC50448	Oryza sativa						ILLUMINA	PAIRED	7079537400
SRR063616	SAMN00027393	Oryza sativa	IRGC30416	Oryza sativa						ILLUMINA	PAIRED	6789805200
SRR063621	SAMN00027381	Oryza sativa	IRGC106105	Oryza sativa						ILLUMINA	PAIRED	6382074800
SRR063623	SAMN00027424	Oryza sativa	P46	Oryza sativa						ILLUMINA	PAIRED	5473082000
SRR063630	SAMN00027414	Oryza sativa	IRGC8191	Oryza sativa						ILLUMINA	PAIRED	6750379000
SRR063635	SAMN00027401	Oryza sativa	IRGC43397	Oryza sativa						ILLUMINA	PAIRED	6296740800
SRR063636	SAMN00027403	Oryza sativa	IRGC43675	Oryza sativa						ILLUMINA	PAIRED	6245397000
SRR063637	SAMN00027384	Oryza sativa	IRGC1107	Oryza sativa						ILLUMINA	PAIRED	6225017800
SRR063640	SAMN00027413	Oryza sativa	IRGC80470	Oryza sativa						ILLUMINA	PAIRED	687122656
SRR063645	SAMN00027394	Oryza sativa	IRGC31856	Oryza sativa						ILLUMINA	PAIRED	926821456
SRR063647	SAMN00027386	Oryza sativa	IRGC12883	Oryza sativa						ILLUMINA	PAIRED	658598248
SRR063653	SAMN00027388	Oryza sativa	IRGC2540	Oryza sativa						ILLUMINA	PAIRED	982473800
SRR063655	SAMN00027426	Oryza sativa	VOC4	Oryza sativa						ILLUMINA	PAIRED	874299800
SRR063658	SAMN00027381	Oryza sativa	IRGC106105	Oryza sativa						ILLUMINA	PAIRED	998659464
SRR10083943	SAMN12714225	Plant sample from Oryza sativa	RWG-209	Oryza sativa			indica		South Korea	ILLUMINA	PAIRED	4803614000
SRR10083944	SAMN12714224	Plant sample from Oryza sativa	RWG-208	Oryza sativa			indica		South Korea	ILLUMINA	PAIRED	3816721000
SRR10083949	SAMN12714219	Plant sample from Oryza sativa	RWG-167	Oryza sativa			Tropical japonica		South Korea	ILLUMINA	PAIRED	4498714600
SRR10083950	SAMN12714218	Plant sample from Oryza sativa	RWG-163	Oryza sativa			indica		South Korea	ILLUMINA	PAIRED	3651303200
SRR10083952	SAMN12714216	Plant sample from Oryza sativa	RWG-153	Oryza sativa			Temperate japonica		South Korea	ILLUMINA	PAIRED	14195184600
SRR10083953	SAMN12714207	Plant sample from Oryza sativa	RWG-005	Oryza sativa			indica		South Korea	ILLUMINA	PAIRED	4211601020
SRR1019124	SAMN02384028	Sample from Oryza sativa	BGI-YVB	Oryza sativa						ILLUMINA	PAIRED	1411179700
SRR10302206	SAMN13021815	Plant sample from IRGC 125827 O. sativa type indica variety "LIU XU::IRGC 109232-1"	IRGC 125827	Oryza sativa	LIU XU::IRGC 109232-1				China	PACBIO_SMRT	SINGLE	232213541
SRR10302208	SAMN13021815	Plant sample from IRGC 125827 O. sativa type indica variety "LIU XU::IRGC 109232-1"	IRGC 125827	Oryza sativa	LIU XU::IRGC 109232-1				China	PACBIO_SMRT	SINGLE	9334306016
SRR10307282	SAMN12924120	H1	Y09	Oryza sativa					China: Guangzhou	ILLUMINA	PAIRED	25153365849
SRR10379860	SAMN12812472	Oryza sativa cv. Kitaake FN2283 Resequencing	SAMN12812472	Oryza sativa	Kitaake FN2283				missing	ILLUMINA	PAIRED	33913495586
SRR10380539	SAMN12812588	Oryza sativa cv. Kitaake FN2295 Resequencing	SAMN12812588	Oryza sativa	Kitaake FN2295				missing	ILLUMINA	PAIRED	29385965342
SRR10386435	SAMN12812498	Oryza sativa cv. Kitaake FN2320 Resequencing	SAMN12812498	Oryza sativa	Kitaake FN2320				missing	ILLUMINA	PAIRED	18897633692
SRR10387476	SAMN12812320	Oryza sativa cv. Kitaake FN2332 Resequencing	SAMN12812320	Oryza sativa	Kitaake FN2332				missing	ILLUMINA	PAIRED	30704054308
SRR10387974	SAMN12812577	Oryza sativa cv. Kitaake FN2347 Resequencing	SAMN12812577	Oryza sativa	Kitaake FN2347				missing	ILLUMINA	PAIRED	28778486604
SRR10388002	SAMN12812681	Oryza sativa cv. Kitaake FN2348 Resequencing	SAMN12812681	Oryza sativa	Kitaake FN2348				missing	ILLUMINA	PAIRED	23413220440
SRR10388023	SAMN12812415	Oryza sativa cv. Kitaake FN2356 Resequencing	SAMN12812415	Oryza sativa	Kitaake FN2356				missing	ILLUMINA	PAIRED	29014812476
SRR10388028	SAMN12812315	Oryza sativa cv. Kitaake FN2362 Resequencing	SAMN12812315	Oryza sativa	Kitaake FN2362				missing	ILLUMINA	PAIRED	18890695846
SRR10388030	SAMN12812401	Oryza sativa cv. Kitaake FN2370 Resequencing	SAMN12812401	Oryza sativa	Kitaake FN2370				missing	ILLUMINA	PAIRED	17849777648
SRR10388042	SAMN12812416	Oryza sativa cv. Kitaake FN2374 Resequencing	SAMN12812416	Oryza sativa	Kitaake FN2374				missing	ILLUMINA	PAIRED	18819327206
SRR10388045	SAMN12812579	Oryza sativa cv. Kitaake FN2373 Resequencing	SAMN12812579	Oryza sativa	Kitaake FN2373				missing	ILLUMINA	PAIRED	26387805680
SRR10388293	SAMN12812418	Oryza sativa cv. Kitaake FN2383 Resequencing	SAMN12812418	Oryza sativa	Kitaake FN2383				missing	ILLUMINA	PAIRED	17792844608
SRR10388302	SAMN12812537	Oryza sativa cv. Kitaake FN2386 Resequencing	SAMN12812537	Oryza sativa	Kitaake FN2386				missing	ILLUMINA	PAIRED	26312666268
SRR10389228	SAMN11087582	neo-tetraploid rice leaf	Huaduo110	Oryza sativa					China: Guangzhou	ILLUMINA	PAIRED	18676952376
SRR10389233	SAMN11087620	autotetraploid rice leaf	4001-4x	Oryza sativa					China: Guangzhou	ILLUMINA	PAIRED	21546146586
SRR10389241	SAMN11087577	neo-tetraploid rice leaf	Huaduo1-v	Oryza sativa					China: Guangzhou	ILLUMINA	PAIRED	25153365849
SRR10389256	SAMN11087599	common wild rice leaf	Huaye2	Oryza sativa					China: Guangzhou	ILLUMINA	PAIRED	20434385568
SRR10389268	SAMN11087588	neo-tetraploid rice leaf	Huaduo25129	Oryza sativa					China: Guangzhou	ILLUMINA	PAIRED	15865788596
SRR10389274	SAMN11087574	neo-tetraploid rice leaf	Huaduo3-v	Oryza sativa					China: Guangzhou	ILLUMINA	PAIRED	23731800840
SRR11047459	SAMN13870997	Plant sample from Oryza sativa	indica rice	Oryza sativa			Early-season rice		China:Southern China	ILLUMINA	PAIRED	4728578500
SRR11047461	SAMN13870997	Plant sample from Oryza sativa	indica rice	Oryza sativa			Early-season rice		China:Southern China	ILLUMINA	PAIRED	17692023300
SRR11047465	SAMN13870997	Plant sample from Oryza sativa	indica rice	Oryza sativa			Early-season rice		China:Southern China	ILLUMINA	PAIRED	14865890400
SRR11047467	SAMN13870997	Plant sample from Oryza sativa	indica rice	Oryza sativa			Early-season rice		China:Southern China	ILLUMINA	PAIRED	13296656700
SRR11047470	SAMN13870997	Plant sample from Oryza sativa	indica rice	Oryza sativa			Early-season rice		China:Southern China	ILLUMINA	PAIRED	9553945500
SRR11047471	SAMN13870997	Plant sample from Oryza sativa	indica rice	Oryza sativa			Early-season rice		China:Southern China	ILLUMINA	PAIRED	13198026000
SRR11047478	SAMN13870997	Plant sample from Oryza sativa	indica rice	Oryza sativa			Early-season rice		China:Southern China	ILLUMINA	PAIRED	13663590000
SRR11047483	SAMN13870997	Plant sample from Oryza sativa	indica rice	Oryza sativa			Early-season rice		China:Southern China	ILLUMINA	PAIRED	15868857000
SRR11047493	SAMN13870997	Plant sample from Oryza sativa	indica rice	Oryza sativa			Early-season rice		China:Southern China	ILLUMINA	PAIRED	11530374750
SRR11131251	SAMN14152887	US_Niquen	US_3421	Oryza sativa	US_Niquen				Chile:Bio-Bio	ILLUMINA	PAIRED	18647354514
SRR11131252	SAMN14152886	US_Manzano	US_3410	Oryza sativa	US_Manzano				Zaire	ILLUMINA	PAIRED	19256126416
SRR11131253	SAMN14152885	US_LAC23	US_3397	Oryza sativa	US_LAC23				Liberia	ILLUMINA	PAIRED	18254132092
SRR11131257	SAMN14152881	US_TTEP	US_3458	Oryza sativa	US_TTEP				Viet Nam	ILLUMINA	PAIRED	17050820038
SRR11131260	SAMN14152878	US_BritishHondurasCreole	US_0353	Oryza sativa	US_BritishHondurasCreole				Belize	ILLUMINA	PAIRED	14996362056
SRR11131269	SAMN14152870	US_TAINAN_IKU_487	US_0017	Oryza sativa	US_TAINAN_IKU_487				Taiwan	ILLUMINA	PAIRED	8186957216
SRR11131271	SAMN14152868	US_Honduras	US_0074	Oryza sativa	US_Honduras				Honduras	ILLUMINA	PAIRED	8252383532
SRR11131282	SAMN14152831	US_Palmyra	US_0023	Oryza sativa	US_Palmyra				USA:Missouri	ILLUMINA	PAIRED	18485426400
SRR11131283	SAMN14152830	US_CI9695	US_0370	Oryza sativa	US_CI9695				USA:Arkansas	ILLUMINA	PAIRED	19162198980
SRR11131285	SAMN14152828	US_Nortai	US_3423	Oryza sativa	US_Nortai				USA:Arkansas	ILLUMINA	PAIRED	18214982322
SRR11131295	SAMN14152819	US_Skybonnet	US_0064	Oryza sativa	US_Skybonnet				USA:Texas	ILLUMINA	PAIRED	16941070500
SRR11131296	SAMN14152818	US_Rexmont	US_0061	Oryza sativa	US_Rexmont				USA:Texas	ILLUMINA	PAIRED	18494175900
SRR11131298	SAMN14152817	US_Magnolia	US_3407	Oryza sativa	US_Magnolia				USA:Louisiana	ILLUMINA	PAIRED	16970958252
SRR11131299	SAMN14152816	US_Lafitte	US_0048	Oryza sativa	US_Lafitte				USA:Louisiana	ILLUMINA	PAIRED	16592858100
SRR11131300	SAMN14152815	US_Jefferson	US_3381	Oryza sativa	US_Jefferson				USA:Texas	ILLUMINA	PAIRED	17999704642
SRR11131306	SAMN14152809	US_Fortuna_	US_0076	Oryza sativa	US_Fortuna_				USA:Louisiana	ILLUMINA	PAIRED	12052291537
SRR11131312	SAMN14152804	US_T007	US_3450	Oryza sativa	US_T007				USA:Texas	ILLUMINA	PAIRED	15209725056
SRR11131317	SAMN14152799	US_Belle_Patna	US_0345	Oryza sativa	US_Belle_Patna				USA:Texas	ILLUMINA	PAIRED	15355300532
SRR11131319	SAMN14152744	US_M-204	US_0018	Oryza sativa	US_M-204				USA:California	ILLUMINA	PAIRED	15160340100
SRR11131324	SAMN14152793	US_Antonio	US_0032	Oryza sativa	US_Antonio				USA:Texas	ILLUMINA	PAIRED	14725846800
SRR11131340	SAMN14152778	US_BOND	US_0035	Oryza sativa	US_BOND				USA:Arkansas	ILLUMINA	PAIRED	13356756300
SRR11131346	SAMN14152773	US_HILL_LONG_GRAIN	US_0045	Oryza sativa	US_HILL_LONG_GRAIN				USA:Texas	ILLUMINA	PAIRED	8738642455
SRR11131351	SAMN14152768	US_Lady_Wright_Selection	US_0084	Oryza sativa	US_Lady_Wright_Selection				USA:Louisiana	ILLUMINA	PAIRED	8122613968
SRR11131358	SAMN14152762	US_Adair	US_0011	Oryza sativa	US_Adair				USA:Arkansas	ILLUMINA	PAIRED	9222276000
SRR11131361	SAMN14152759	US_Terso	US_3456	Oryza sativa	US_Terso				USA:California	ILLUMINA	PAIRED	21734485188
SRR11131364	SAMN14152757	US_Earlirose	US_0705	Oryza sativa	US_Earlirose				USA:California	ILLUMINA	PAIRED	21381971158
SRR11131368	SAMN14152902	US_TeQing	US_3454	Oryza sativa	US_TeQing				China:Zhejiang	ILLUMINA	PAIRED	26640253822
SRR11131370	SAMN14152900	US_Rondo	US_0077	Oryza sativa	US_Rondo				China	ILLUMINA	PAIRED	23852749500
SRR11131374	SAMN14152897	US_Taichung_Native_1	US_3452	Oryza sativa	US_Taichung_Native_1				Taiwan	ILLUMINA	PAIRED	21962137922
SRR11131382	SAMN14152860	US_Northrose	US_3424	Oryza sativa	US_Northrose				USA:Arkansas	ILLUMINA	PAIRED	25381323636
SRR11131400	SAMN14152844	US_Jackson	US_0046	Oryza sativa	US_Jackson				USA:Mississippi	ILLUMINA	PAIRED	19520896800
SRR11131402	SAMN14152842	US_CI9701	US_0371	Oryza sativa	US_CI9701				USA:Arkansas	ILLUMINA	PAIRED	20654846664
SRR11131403	SAMN14152841	US_CI9515	US_0366	Oryza sativa	US_CI9515				USA:Texas	ILLUMINA	PAIRED	20593132058
SRR11131405	SAMN14152839	US_Saturn	US_3446	Oryza sativa	US_Saturn				USA:Louisiana	ILLUMINA	PAIRED	18637355596
SRR11446343	SAMN14484504	Plant sample from Oryza sativa	Cheongcheong	Oryza sativa	Cheongcheong				South Korea: Suwon	ILLUMINA	PAIRED	9991040272
SRR11447168	SAMN14484671	Plant sample from Oryza sativa	Hanareum	Oryza sativa	Hanareum				South Korea: Suwon	ILLUMINA	PAIRED	8701463207
SRR11447183	SAMN14484803	Plant sample from Oryza sativa	Takanari	Oryza sativa	Takanari				South Korea: Suwon	ILLUMINA	PAIRED	9372371998
SRR11593232	SAMN14548294	Plant sample from Oryza sativa	RIL-92-GZ	Oryza sativa	RIL-92-GZ		Guangzhou		China: Guangzhou	ILLUMINA	PAIRED	5191722000
SRR11593234	SAMN14548292	Plant sample from Oryza sativa	RIL-90-GZ	Oryza sativa	RIL-90-GZ		Guangzhou		China: Guangzhou	ILLUMINA	PAIRED	5036376900
SRR11593235	SAMN14548291	Plant sample from Oryza sativa	RIL-89-GZ	Oryza sativa	RIL-89-GZ		Guangzhou		China: Guangzhou	ILLUMINA	PAIRED	5246193600
SRR11593237	SAMN14548289	Plant sample from Oryza sativa	RIL-87-GZ	Oryza sativa	RIL-87-GZ		Guangzhou		China: Guangzhou	ILLUMINA	PAIRED	5126328900
SRR11593244	SAMN14548283	Plant sample from Oryza sativa	RIL-81-GZ	Oryza sativa	RIL-81-GZ		Guangzhou		China: Guangzhou	ILLUMINA	PAIRED	5220351900
SRR11593246	SAMN14548281	Plant sample from Oryza sativa	RIL-79-GZ	Oryza sativa	RIL-79-GZ		Guangzhou		China: Guangzhou	ILLUMINA	PAIRED	5036336100
SRR11593251	SAMN14548277	Plant sample from Oryza sativa	RIL-75-GZ	Oryza sativa	RIL-75-GZ		Guangzhou		China: Guangzhou	ILLUMINA	PAIRED	5082355800
SRR11593252	SAMN14548276	Plant sample from Oryza sativa	RIL-74-GZ	Oryza sativa	RIL-74-GZ		Guangzhou		China: Guangzhou	ILLUMINA	PAIRED	5032566000
SRR11593258	SAMN14548270	Plant sample from Oryza sativa	RIL-68-GZ	Oryza sativa	RIL-68-GZ		Guangzhou		China: Guangzhou	ILLUMINA	PAIRED	5077414200
SRR11593259	SAMN14548269	Plant sample from Oryza sativa	RIL-67-GZ	Oryza sativa	RIL-67-GZ		Guangzhou		China: Guangzhou	ILLUMINA	PAIRED	5010196200
SRR11593264	SAMN14548265	Plant sample from Oryza sativa	RIL-63-GZ	Oryza sativa	RIL-63-GZ		Guangzhou		China: Guangzhou	ILLUMINA	PAIRED	5195684700
SRR11593266	SAMN14548263	Plant sample from Oryza sativa	RIL-61-GZ	Oryza sativa	RIL-61-GZ		Guangzhou		China: Guangzhou	ILLUMINA	PAIRED	5167392600
SRR11593277	SAMN14548253	Plant sample from Oryza sativa	RIL-51-GZ	Oryza sativa	RIL-51-GZ		Guangzhou		China: Guangzhou	ILLUMINA	PAIRED	5039586900
SRR11593282	SAMN14548248	Plant sample from Oryza sativa	RIL-46-GZ	Oryza sativa	RIL-46-GZ		Guangzhou		China: Guangzhou	ILLUMINA	PAIRED	5220703500
SRR11593289	SAMN14548242	Plant sample from Oryza sativa	RIL-40-GZ	Oryza sativa	RIL-40-GZ		Guangzhou		China: Guangzhou	ILLUMINA	PAIRED	5126018100
SRR11593290	SAMN14548241	Plant sample from Oryza sativa	RIL-39-GZ	Oryza sativa	RIL-39-GZ		Guangzhou		China: Guangzhou	ILLUMINA	PAIRED	5208314100
SRR11593292	SAMN14548239	Plant sample from Oryza sativa	RIL-37-GZ	Oryza sativa	RIL-37-GZ		Guangzhou		China: Guangzhou	ILLUMINA	PAIRED	5056454100
SRR11593298	SAMN14548234	Plant sample from Oryza sativa	RIL-32-GZ	Oryza sativa	RIL-32-GZ		Guangzhou		China: Guangzhou	ILLUMINA	PAIRED	5076540600
SRR11593307	SAMN14548226	Plant sample from Oryza sativa	RIL-24-GZ	Oryza sativa	RIL-24-GZ		Guangzhou		China: Guangzhou	ILLUMINA	PAIRED	5100784500
SRR11593311	SAMN14548222	Plant sample from Oryza sativa	RIL-20-GZ	Oryza sativa	RIL-20-GZ		Guangzhou		China: Guangzhou	ILLUMINA	PAIRED	5045364000
SRR11593315	SAMN14548218	Plant sample from Oryza sativa	RIL-16-GZ	Oryza sativa	RIL-16-GZ		Guangzhou		China: Guangzhou	ILLUMINA	PAIRED	5013504900
SRR11593330	SAMN14548309	Plant sample from Oryza sativa	RIL-107-GZ	Oryza sativa	RIL-107-GZ		Guangzhou		China: Guangzhou	ILLUMINA	PAIRED	5138638500
SRR11593332	SAMN14548209	Plant sample from Oryza sativa	RIL-7-GZ	Oryza sativa	RIL-7-GZ		Guangzhou		China: Guangzhou	ILLUMINA	PAIRED	5132458500
SRR11593340	SAMN14548300	Plant sample from Oryza sativa	RIL-98-GZ	Oryza sativa	RIL-98-GZ		Guangzhou		China: Guangzhou	ILLUMINA	PAIRED	5234499000
SRR11593344	SAMN14548199	Plant sample from Oryza sativa	B2	Oryza sativa	B2		Guangzhou		China: Guangzhou	ILLUMINA	PAIRED	17177737800
SRR11661745	SAMN14785570	Plant sample from Oryza sativa	Rice_E164-I-A-215	Oryza sativa	Hongquegu					ILLUMINA	PAIRED	475435296
SRR11661755	SAMN14785722	Plant sample from Oryza sativa	Rice_E164-I-A-364	Oryza sativa	Wandao-43					ILLUMINA	PAIRED	476907984
SRR11661756	SAMN14785723	Plant sample from Oryza sativa	Rice_E164-I-A-365	Oryza sativa	Wenxuanqing					ILLUMINA	PAIRED	452126052
SRR11661757	SAMN14785724	Plant sample from Oryza sativa	Rice_E164-I-A-366	Oryza sativa	Xiyangzhan					ILLUMINA	PAIRED	436532292
SRR11661758	SAMN14785727	Plant sample from Oryza sativa	Rice_E164-I-A-369	Oryza sativa	Xiangzaoxian-15					ILLUMINA	PAIRED	451460016
SRR11661759	SAMN14785728	Plant sample from Oryza sativa	Rice_E164-I-A-37	Oryza sativa	Ir 1529-680-3					ILLUMINA	PAIRED	500849244
SRR11661761	SAMN14785732	Plant sample from Oryza sativa	Rice_E164-I-A-373	Oryza sativa	Xiangzaoxian-29					ILLUMINA	PAIRED	544637268
SRR11661764	SAMN14785737	Plant sample from Oryza sativa	Rice_E164-I-A-378	Oryza sativa	Zaomake					ILLUMINA	PAIRED	388245312
SRR11661768	SAMN14785743	Plant sample from Oryza sativa	Rice_E164-I-A-383	Oryza sativa	Zhongyouzao-19					ILLUMINA	PAIRED	760114404
SRR11661769	SAMN14785744	Plant sample from Oryza sativa	Rice_E164-I-A-384	Oryza sativa	Zhongzao-22					ILLUMINA	PAIRED	552863556
SRR11661770	SAMN14785747	Plant sample from Oryza sativa	Rice_E164-I-A-387	Oryza sativa	Liushizao					ILLUMINA	PAIRED	363109824
SRR11661771	SAMN14785748	Plant sample from Oryza sativa	Rice_E164-I-A-389	Oryza sativa	Vniir 8572					ILLUMINA	PAIRED	384323436
SRR11661772	SAMN14785749	Plant sample from Oryza sativa	Rice_E164-I-A-39	Oryza sativa	Ir 19746-26-2-3					ILLUMINA	PAIRED	622451088
SRR11661777	SAMN14785758	Plant sample from Oryza sativa	Rice_E164-I-A-4	Oryza sativa	Adron 117					ILLUMINA	PAIRED	590520420
SRR11661779	SAMN14785762	Plant sample from Oryza sativa	Rice_E164-I-A-43	Oryza sativa	Irat 109					ILLUMINA	PAIRED	565449948
SRR11661782	SAMN14785767	Plant sample from Oryza sativa	Rice_E164-I-A-5	Oryza sativa	Ag 7					ILLUMINA	PAIRED	666485568
SRR11661787	SAMN14785773	Plant sample from Oryza sativa	Rice_E164-I-A-56	Oryza sativa	Mack Hing-2					ILLUMINA	PAIRED	632663892
SRR11661807	SAMN14785523	Plant sample from Oryza sativa	Rice_E164-I-A-164	Oryza sativa	Baikenuo					ILLUMINA	PAIRED	599263812
SRR11661813	SAMN14785533	Plant sample from Oryza sativa	Rice_E164-I-A-176	Oryza sativa	Chenwan-3					ILLUMINA	PAIRED	750756384
SRR11661821	SAMN14785558	Plant sample from Oryza sativa	Rice_E164-I-A-204	Oryza sativa	Guichao-2					ILLUMINA	PAIRED	548752680
SRR11661835	SAMN14785545	Plant sample from Oryza sativa	Rice_E164-I-A-188	Oryza sativa	Ezhong-5					ILLUMINA	PAIRED	685596996
SRR11661837	SAMN14785543	Plant sample from Oryza sativa	Rice_E164-I-A-186	Oryza sativa	Dongtingwanxian					ILLUMINA	PAIRED	655488288
SRR11661856	SAMN14785515	Plant sample from Oryza sativa	Rice_E164-I-A-155	Oryza sativa	Aizihonggu					ILLUMINA	PAIRED	828120636
SRR11661862	SAMN14785808	Plant sample from Oryza sativa	Rice_E164-I-A-99	Oryza sativa	Was 169-B-B-4-2-9					ILLUMINA	PAIRED	779749236
SRR11661864	SAMN14785806	Plant sample from Oryza sativa	Rice_E164-I-A-95	Oryza sativa	Uchuti					ILLUMINA	PAIRED	951795684
SRR11661866	SAMN14785801	Plant sample from Oryza sativa	Rice_E164-I-A-87	Oryza sativa	U418					ILLUMINA	PAIRED	528176376
SRR11661869	SAMN14785796	Plant sample from Oryza sativa	Rice_E164-I-A-81	Oryza sativa	U298					ILLUMINA	PAIRED	740337192
SRR11661882	SAMN14785784	Plant sample from Oryza sativa	Rice_E164-I-A-66	Oryza sativa	Oryzica Sabana 6					ILLUMINA	PAIRED	675783360
SRR11661886	SAMN14785502	Plant sample from Oryza sativa	Rice_E164-I-A-14	Oryza sativa	Br-161-2B-58					ILLUMINA	PAIRED	568901592
SRR11661888	SAMN14785779	Plant sample from Oryza sativa	Rice_E164-I-A-61	Oryza sativa	Nakabawa					ILLUMINA	PAIRED	511300944
SRR11661891	SAMN14785501	Plant sample from Oryza sativa	Rice_E164-I-A-138	Oryza sativa	Ir 77542-345-1-1-1-1-2					ILLUMINA	PAIRED	545238792
SRR11661915	SAMN14785725	Plant sample from Oryza sativa	Rice_E164-I-A-367	Oryza sativa	Xiyesu					ILLUMINA	PAIRED	419928516
SRR11661917	SAMN14785496	Plant sample from Oryza sativa	Rice_E164-I-A-132	Oryza sativa	Bs114					ILLUMINA	PAIRED	648036648
SRR11661920	SAMN14785715	Plant sample from Oryza sativa	Rice_E164-I-A-357	Oryza sativa	Mayuzhan					ILLUMINA	PAIRED	526693860
SRR11661922	SAMN14785713	Plant sample from Oryza sativa	Rice_E164-I-A-355	Oryza sativa	Maguzinuo					ILLUMINA	PAIRED	468526212
SRR11661923	SAMN14785712	Plant sample from Oryza sativa	Rice_E164-I-A-353	Oryza sativa	Louzaoxian-5					ILLUMINA	PAIRED	477761508
SRR11661926	SAMN14785710	Plant sample from Oryza sativa	Rice_E164-I-A-351	Oryza sativa	Jiayu-948					ILLUMINA	PAIRED	478451232
SRR11661928	SAMN14785708	Plant sample from Oryza sativa	Rice_E164-I-A-35	Oryza sativa	In 79-2-1-3-3-M					ILLUMINA	PAIRED	539021700
SRR11661929	SAMN14785707	Plant sample from Oryza sativa	Rice_E164-I-A-349	Oryza sativa	Houjiaozao					ILLUMINA	PAIRED	472550652
SRR11661935	SAMN14785701	Plant sample from Oryza sativa	Rice_E164-I-A-343	Oryza sativa	Guangluai-15					ILLUMINA	PAIRED	460185012
SRR11661937	SAMN14785700	Plant sample from Oryza sativa	Rice_E164-I-A-342	Oryza sativa	Ganzaoxian-7					ILLUMINA	PAIRED	431156880
SRR11661941	SAMN14785696	Plant sample from Oryza sativa	Rice_E164-I-A-339	Oryza sativa	Ganzaoxian-24					ILLUMINA	PAIRED	492955596
SRR11661945	SAMN14785692	Plant sample from Oryza sativa	Rice_E164-I-A-334	Oryza sativa	Baimimozhan					ILLUMINA	PAIRED	388907064
SRR11661950	SAMN14785688	Plant sample from Oryza sativa	Rice_E164-I-A-330	Oryza sativa	Bashizao					ILLUMINA	PAIRED	470687364
SRR11661954	SAMN14785684	Plant sample from Oryza sativa	Rice_E164-I-A-327	Oryza sativa	Zhuzainuo					ILLUMINA	PAIRED	496019160
SRR11661961	SAMN14785678	Plant sample from Oryza sativa	Rice_E164-I-A-321	Oryza sativa	Zaodanuo					ILLUMINA	PAIRED	741729996
SRR11661964	SAMN14785675	Plant sample from Oryza sativa	Rice_E164-I-A-319	Oryza sativa	Yuehang-1					ILLUMINA	PAIRED	718681572
SRR11661969	SAMN14785491	Plant sample from Oryza sativa	Rice_E164-I-A-125	Oryza sativa	5Bs43					ILLUMINA	PAIRED	561989988
SRR11661971	SAMN14785670	Plant sample from Oryza sativa	Rice_E164-I-A-314	Oryza sativa	Yiyangzhong					ILLUMINA	PAIRED	1294316604
SRR11661973	SAMN14785668	Plant sample from Oryza sativa	Rice_E164-I-A-312	Oryza sativa	Yaozhandahe					ILLUMINA	PAIRED	502561332
SRR11661985	SAMN14785657	Plant sample from Oryza sativa	Rice_E164-I-A-301	Oryza sativa	Xiangzhongxian-3					ILLUMINA	PAIRED	604403352
SRR11661987	SAMN14785655	Plant sample from Oryza sativa	Rice_E164-I-A-30	Oryza sativa	H014-1-1-B2					ILLUMINA	PAIRED	529995816
SRR11661996	SAMN14785647	Plant sample from Oryza sativa	Rice_E164-I-A-292	Oryza sativa	Xiangzi					ILLUMINA	PAIRED	578098080
SRR11662001	SAMN14785642	Plant sample from Oryza sativa	Rice_E164-I-A-288	Oryza sativa	Wukenuo					ILLUMINA	PAIRED	558895428
SRR11662010	SAMN14785634	Plant sample from Oryza sativa	Rice_E164-I-A-279	Oryza sativa	Sichuandagu					ILLUMINA	PAIRED	767098836
SRR11662028	SAMN14785618	Plant sample from Oryza sativa	Rice_E164-I-A-262	Oryza sativa	Nantezhen					ILLUMINA	PAIRED	718537428
SRR11662031	SAMN14785615	Plant sample from Oryza sativa	Rice_E164-I-A-26	Oryza sativa	Gobo					ILLUMINA	PAIRED	626823288
SRR11662033	SAMN14785613	Plant sample from Oryza sativa	Rice_E164-I-A-257	Oryza sativa	Meiguodao					ILLUMINA	PAIRED	619611300
SRR11662034	SAMN14785612	Plant sample from Oryza sativa	Rice_E164-I-A-256	Oryza sativa	Maozizhan					ILLUMINA	PAIRED	586686744
SRR11662041	SAMN14785606	Plant sample from Oryza sativa	Rice_E164-I-A-25	Oryza sativa	Ghaiya					ILLUMINA	PAIRED	542426724
SRR11662043	SAMN14785604	Plant sample from Oryza sativa	Rice_E164-I-A-248	Oryza sativa	Liusha-1					ILLUMINA	PAIRED	654926328
SRR11662047	SAMN14785484	Plant sample from Oryza sativa	Rice_E164-I-A-113	Oryza sativa	1A62					ILLUMINA	PAIRED	571521888
SRR11662057	SAMN14785591	Plant sample from Oryza sativa	Rice_E164-I-A-235	Oryza sativa	Geng87-304					ILLUMINA	PAIRED	635448744
SRR11662078	SAMN14785572	Plant sample from Oryza sativa	Rice_E164-I-A-217	Oryza sativa	Hongtaonuo					ILLUMINA	PAIRED	593497296
SRR11662079	SAMN14785571	Plant sample from Oryza sativa	Rice_E164-I-A-216	Oryza sativa	Hongsanlicun					ILLUMINA	PAIRED	442564416
SRR11662080	SAMN14785481	Plant sample from Oryza sativa	Rice_E164-I-A-110	Oryza sativa	Bangbangnuo					ILLUMINA	PAIRED	533874852
SRR11743439	SAMN14859350	7_AMPD2-OE1	7 AD gene OE 1	Oryza sativa	NPB		TEJ		China:Beijing	ILLUMINA	PAIRED	2442225298
SRR11743441	SAMN14859348	5_AMPD2-RNAi2	5 AD gene RNAi 2	Oryza sativa	NPB		TEJ		China:Beijing	ILLUMINA	PAIRED	2095123776
SRR11743445	SAMN14859344	1_NPB1	1 AD gene wilde type1	Oryza sativa	NPB		TEJ		China:Beijing	ILLUMINA	PAIRED	2154726874
SRR1182443	SAMN02671721	Plant sample for Oryza sativa	Oryza sativa cv. Tongil	Oryza sativa	Tongil				missing	ILLUMINA	PAIRED	26725340330
SRR1182871	SAMN02673292	Plant sample for Oryza sativa cv. TN1	Oryza sativa cv. TN1	Oryza sativa	TN1				missing	ILLUMINA	PAIRED	16674495750
SRR12042575	SAMN15293909	X209	X209	Oryza sativa					China	ILLUMINA	PAIRED	5173818300
SRR12042578	SAMN15293906	X199	X199	Oryza sativa					China	ILLUMINA	PAIRED	3922475700
SRR12042583	SAMN15293902	X184	X184	Oryza sativa					China	ILLUMINA	PAIRED	6185152800
SRR12042585	SAMN15293900	X173	X173	Oryza sativa					China	ILLUMINA	PAIRED	4578790500
SRR12042587	SAMN15293898	X170	X170	Oryza sativa					China	ILLUMINA	PAIRED	4324936500
SRR12042601	SAMN15293850	W211	W211	Oryza sativa					China	ILLUMINA	PAIRED	9549935100
SRR12042607	SAMN15293880	W379	W379	Oryza sativa					China	ILLUMINA	PAIRED	8158317900
SRR12042613	SAMN15293875	W370	W370	Oryza sativa					China	ILLUMINA	PAIRED	7096558200
SRR12042621	SAMN15293867	W356	W356	Oryza sativa					China	ILLUMINA	PAIRED	5541542400
SRR12042631	SAMN15293858	W222	W222	Oryza sativa					China	ILLUMINA	PAIRED	8587956900
SRR12042635	SAMN15293846	W183	W183	Oryza sativa					China	ILLUMINA	PAIRED	7174573500
SRR12283955	SAMN15595087	Plant sample from Oryza sativa	Wild-type_9311	Oryza sativa	9311				China: Hubei	ILLUMINA	PAIRED	10936385100
SRR12283959	SAMN15595083	Plant sample from Oryza sativa	EMS-ZH11	Oryza sativa	ZH11				China: Hubei	ILLUMINA	PAIRED	14353424400
SRR12315148	SAMN15615520	Plant sample from Oryza sativa	LLY4	Oryza sativa	Longliangyou1353		LLY4		China: Nanjing, Jiangsu	BGISEQ	PAIRED	9245708100
SRR12315151	SAMN15615517	Plant sample from Oryza sativa	LLY1	Oryza sativa	Longliangyou1353		LLY1		China: Nanjing, Jiangsu	BGISEQ	PAIRED	9599219400
SRR1239607	SAMN02714239	Genomic DNA of Oryza sativa L. cv. Shan-Huang Zhan-2-2	C007	Oryza sativa	Shan-Huang Zhan-2-2				missing	ILLUMINA	PAIRED	1141728587
SRR1239610	SAMN02714242	Genomic DNA of Oryza sativa L. cv. CYPRESS	C010	Oryza sativa	Cypress				missing	ILLUMINA	PAIRED	1121846902
SRR1239617	SAMN02714249	Genomic DNA of Oryza sativa L. cv. AnnongwangengB-1	C017	Oryza sativa	AnnongwangengB-1				missing	ILLUMINA	PAIRED	1104317850
SRR1239620	SAMN02714252	Genomic DNA of Oryza sativa L. cv. Guangluai-4-1	C020	Oryza sativa	Guangluai-4-1				missing	ILLUMINA	PAIRED	1114272682
SRR1239625	SAMN02714257	Genomic DNA of Oryza sativa L. cv. Qingsiai16B	C025	Oryza sativa	Qingsiai16B				missing	ILLUMINA	PAIRED	1117618843
SRR1239628	SAMN02714260	Genomic DNA of Oryza sativa L. cv. Liaogeng287	C028	Oryza sativa	Liaogeng287				missing	ILLUMINA	PAIRED	1148609851
SRR1239630	SAMN02714262	Genomic DNA of Oryza sativa L. cv. 88B-1	C030	Oryza sativa	88B-1				missing	ILLUMINA	PAIRED	1114843345
SRR1239639	SAMN02714271	Genomic DNA of Oryza sativa L. cv. Gongju73	C039	Oryza sativa	Gongju73				missing	ILLUMINA	PAIRED	1111039647
SRR1239645	SAMN02714277	Genomic DNA of Oryza sativa L. cv. Huangsiguizhan	C045	Oryza sativa	Huangsiguizhan				missing	ILLUMINA	PAIRED	1115165587
SRR1239648	SAMN02714280	Genomic DNA of Oryza sativa L. cv. Zaoshunonghu6	C048	Oryza sativa	Zaoshunonghu6				missing	ILLUMINA	PAIRED	1101142124
SRR1239657	SAMN02714289	Genomic DNA of Oryza sativa L. cv. Liusha1hao	C057	Oryza sativa	Liusha1hao				missing	ILLUMINA	PAIRED	1115343431
SRR1239664	SAMN02714296	Genomic DNA of Oryza sativa L. cv. Sugeng2hao	C064	Oryza sativa	Sugeng2hao				missing	ILLUMINA	PAIRED	1116684871
SRR1239665	SAMN02714297	Genomic DNA of Oryza sativa L. cv. Hongwan1hao	C065	Oryza sativa	Hongwan1hao				missing	ILLUMINA	PAIRED	1113775454
SRR1239667	SAMN02714299	Genomic DNA of Oryza sativa L. cv. Muxiqiu	C067	Oryza sativa	Muxiqiu				missing	ILLUMINA	PAIRED	1116901903
SRR1239674	SAMN02714306	Genomic DNA of Oryza sativa L. cv. cunsanli	C074	Oryza sativa	Cunsanli				missing	ILLUMINA	PAIRED	1114378137
SRR1239684	SAMN02714316	Genomic DNA of Oryza sativa L. cv. Haobuka	C084	Oryza sativa	Haobuka				missing	ILLUMINA	PAIRED	1130311836
SRR1239686	SAMN02714318	Genomic DNA of Oryza sativa L. cv. Fanhaopi	C086	Oryza sativa	Fanhaopi				missing	ILLUMINA	PAIRED	1133326256
SRR1239692	SAMN02714324	Genomic DNA of Oryza sativa L. cv. Meihuanuo-2	C092	Oryza sativa	Meihuanuo-2				missing	ILLUMINA	PAIRED	1133576492
SRR1239700	SAMN02714332	Genomic DNA of Oryza sativa L. cv. WH100	C100	Oryza sativa	WH100				missing	ILLUMINA	PAIRED	1141457625
SRR1239716	SAMN02714348	Genomic DNA of Oryza sativa L. cv. LimingB	C116	Oryza sativa	LimingB				missing	ILLUMINA	PAIRED	1127734297
SRR1239717	SAMN02714349	Genomic DNA of Oryza sativa L. cv. Jiangnongzao1hao	C117	Oryza sativa	Jiangnongzao1hao				missing	ILLUMINA	PAIRED	1131429727
SRR1239722	SAMN02714354	Genomic DNA of Oryza sativa L. cv. Aituogu151	C122	Oryza sativa	Aituogu151				missing	ILLUMINA	PAIRED	1128841363
SRR1239724	SAMN02714356	Genomic DNA of Oryza sativa L. cv. menjiading2	C124	Oryza sativa	menjiading2				missing	ILLUMINA	PAIRED	1124777556
SRR1239725	SAMN02714357	Genomic DNA of Oryza sativa L. cv. Jiefangxian	C125	Oryza sativa	Jiefangxian				missing	ILLUMINA	PAIRED	1125659768
SRR1239729	SAMN02714361	Genomic DNA of Oryza sativa L. cv. Aihechi	C129	Oryza sativa	Aihechi				missing	ILLUMINA	PAIRED	1118065222
SRR1239732	SAMN02714364	Genomic DNA of Oryza sativa L. cv. Jinzhinuo	C132	Oryza sativa	Jinzhinuo				missing	ILLUMINA	PAIRED	1116654958
SRR1239750	SAMN02714382	Genomic DNA of Oryza sativa L. cv. Balilla	C150	Oryza sativa	Balilla				missing	ILLUMINA	PAIRED	1105753809
SRR1239751	SAMN02714383	Genomic DNA of Oryza sativa L. cv. Nanjing11	C151	Oryza sativa	Nanjing11				missing	ILLUMINA	PAIRED	1110018188
SRR1239752	SAMN02714384	Genomic DNA of Oryza sativa L. cv. 2428	C152	Oryza sativa	2428				missing	ILLUMINA	PAIRED	1121152449
SRR1239756	SAMN02714388	Genomic DNA of Oryza sativa L. cv. ChaoyangyihaoB	C156	Oryza sativa	ChaoyangyihaoB				missing	ILLUMINA	PAIRED	1128201220
SRR1239759	SAMN02714391	Genomic DNA of Oryza sativa L. cv. ZhuzhenB	C159	Oryza sativa	ZhuzhenB				missing	ILLUMINA	PAIRED	1155329261
SRR1239762	SAMN02714394	Genomic DNA of Oryza sativa L. cv. Nanxiongzaoyou	C162	Oryza sativa	Nanxiongzaoyou				missing	ILLUMINA	PAIRED	1128545148
SRR1239764	SAMN02714396	Genomic DNA of Oryza sativa L. cv. IR661-1	C164	Oryza sativa	IR661-1				missing	ILLUMINA	PAIRED	1123038509
SRR1239766	SAMN02714398	Genomic DNA of Oryza sativa L. cv. Gui630	C166	Oryza sativa	Gui630				missing	ILLUMINA	PAIRED	1130035213
SRR1239767	SAMN02714399	Genomic DNA of Oryza sativa L. cv. 76--1	C167	Oryza sativa	76--1				missing	ILLUMINA	PAIRED	1126448992
SRR1239768	SAMN02714400	Genomic DNA of Oryza sativa L. cv. Xugunuo	C168	Oryza sativa	Xugunuo				missing	ILLUMINA	PAIRED	1116117344
SRR1239770	SAMN02714402	Genomic DNA of Oryza sativa L. cv. Xiangwanxian1hao	C170	Oryza sativa	Xiangwanxian1hao				missing	ILLUMINA	PAIRED	1118750621
SRR1239773	SAMN02714405	Genomic DNA of Oryza sativa L. cv. Aimakang	C173	Oryza sativa	Aimakang				missing	ILLUMINA	PAIRED	1120474830
SRR1239777	SAMN02714409	Genomic DNA of Oryza sativa L. cv. Maguzi	C177	Oryza sativa	Maguzi				missing	ILLUMINA	PAIRED	1115862725
SRR1239780	SAMN02714412	Genomic DNA of Oryza sativa L. cv. Wanlixian	C180	Oryza sativa	Wanlixian				missing	ILLUMINA	PAIRED	1067504563
SRR1239784	SAMN02714416	Genomic DNA of Oryza sativa L. cv. Baikezaohe	C184	Oryza sativa	Baikezaohe				missing	ILLUMINA	PAIRED	1102536457
SRR1239790	SAMN02714422	Genomic DNA of Oryza sativa L. cv. Xiangdao	C190	Oryza sativa	Xiangdao				missing	ILLUMINA	PAIRED	1181502230
SRR1239798	SAMN02714430	Genomic DNA of Oryza sativa L. cv. Zinuo	C198	Oryza sativa	Zinuo				missing	ILLUMINA	PAIRED	1134483754
SRR1239806	SAMN02714438	Genomic DNA of Oryza sativa L. cv. C 5560	W003	Oryza sativa	C 5560				missing	ILLUMINA	PAIRED	1159214040
SRR1239820	SAMN02714452	Genomic DNA of Oryza sativa L. cv. R 75	W017	Oryza sativa	R 75				missing	ILLUMINA	PAIRED	1160466480
SRR1239821	SAMN02714453	Genomic DNA of Oryza sativa L. cv. UZ ROSZ M38	W018	Oryza sativa	UZ ROSZ M38				missing	ILLUMINA	PAIRED	1159863300
SRR1239828	SAMN02714460	Genomic DNA of Oryza sativa L. cv. NC 1/536	W025	Oryza sativa	NC 1/536				missing	ILLUMINA	PAIRED	1203913080
SRR1239829	SAMN02714461	Genomic DNA of Oryza sativa L. cv. Won Son Zo No. 11	W026	Oryza sativa	Won Son Zo No. 11				missing	ILLUMINA	PAIRED	1130198220
SRR1239838	SAMN02714470	Genomic DNA of Oryza sativa L. cv. K8C-263-3	W035	Oryza sativa	K8C-263-3				missing	ILLUMINA	PAIRED	1155828420
SRR1239842	SAMN02714474	Genomic DNA of Oryza sativa L. cv. Nam Dawk Mai	W039	Oryza sativa	Nam Dawk Mai				missing	ILLUMINA	PAIRED	1156651380
SRR1239849	SAMN02714481	Genomic DNA of Oryza sativa L. cv. IR 9660-48-1-1-2	W046	Oryza sativa	IR 9660-48-1-1-2				missing	ILLUMINA	PAIRED	1153636920
SRR1239851	SAMN02714483	Genomic DNA of Oryza sativa L. cv. N-2703	W048	Oryza sativa	N-2703				missing	ILLUMINA	PAIRED	1155872340
SRR1239852	SAMN02714484	Genomic DNA of Oryza sativa L. cv. PHUDUGEY	W049	Oryza sativa	PHUDUGEY				missing	ILLUMINA	PAIRED	1120864320
SRR1239864	SAMN02714496	Genomic DNA of Oryza sativa L. cv. Ardito	W061	Oryza sativa	Ardito				missing	ILLUMINA	PAIRED	1157637420
SRR1239866	SAMN02714498	Genomic DNA of Oryza sativa L. cv. Vary Tarva Osla	W063	Oryza sativa	Vary Tarva Osla				missing	ILLUMINA	PAIRED	1144959120
SRR1239871	SAMN02714503	Genomic DNA of Oryza sativa L. cv. Gazan	W068	Oryza sativa	Gazan				missing	ILLUMINA	PAIRED	1143897300
SRR1239876	SAMN02714508	Genomic DNA of Oryza sativa L. cv. IR 2061-214-2-3	W073	Oryza sativa	IR 2061-214-2-3				missing	ILLUMINA	PAIRED	1175576220
SRR1239883	SAMN02714515	Genomic DNA of Oryza sativa L. cv. UZ ROS 59	W080	Oryza sativa	UZ ROS 59				missing	ILLUMINA	PAIRED	1123449480
SRR1239885	SAMN02714517	Genomic DNA of Oryza sativa L. cv. Celiaj	W082	Oryza sativa	Celiaj				missing	ILLUMINA	PAIRED	1026102600
SRR1239898	SAMN02714530	Genomic DNA of Oryza sativa L. cv. DJ 24	W095	Oryza sativa	DJ 24				missing	ILLUMINA	PAIRED	1142329500
SRR1239902	SAMN02714534	Genomic DNA of Oryza sativa L. cv. SL 22-620	W099	Oryza sativa	SL 22-620				missing	ILLUMINA	PAIRED	1150357680
SRR1239905	SAMN02714537	Genomic DNA of Oryza sativa L. cv. Padi Tarab Arab	W102	Oryza sativa	Padi Tarab Arab				missing	ILLUMINA	PAIRED	1132455600
SRR1239909	SAMN02714541	Genomic DNA of Oryza sativa L. cv. Daudzai Field Mix	W106	Oryza sativa	Daudzai Field Mix				missing	ILLUMINA	PAIRED	1136404620
SRR1239919	SAMN02714551	Genomic DNA of Oryza sativa L. cv. WC 10253	W116	Oryza sativa	WC 10253				missing	ILLUMINA	PAIRED	1137760920
SRR1239922	SAMN02714554	Genomic DNA of Oryza sativa L. cv. WAB462-10-3-1	W119	Oryza sativa	WAB462-10-3-1				missing	ILLUMINA	PAIRED	1134485280
SRR1239924	SAMN02714556	Genomic DNA of Oryza sativa L. cv. TCHAMPA	W121	Oryza sativa	TCHAMPA				missing	ILLUMINA	PAIRED	1132304400
SRR1239931	SAMN02714563	Genomic DNA of Oryza sativa L. cv. TAINO 38	W128	Oryza sativa	TAINO 38				missing	ILLUMINA	PAIRED	1145021580
SRR1239935	SAMN02714567	Genomic DNA of Oryza sativa L. cv. Hsin Hsing Pai Ku	W132	Oryza sativa	Hsin Hsing Pai Ku				missing	ILLUMINA	PAIRED	1152648900
SRR1239936	SAMN02714568	Genomic DNA of Oryza sativa L. cv. TD 70	W133	Oryza sativa	TD 70				missing	ILLUMINA	PAIRED	1148187060
SRR1239946	SAMN02714578	Genomic DNA of Oryza sativa L. cv. Jyanak	W143	Oryza sativa	Jyanak				missing	ILLUMINA	PAIRED	1163384460
SRR1239950	SAMN02714582	Genomic DNA of Oryza sativa L. cv. BR11	W147	Oryza sativa	Br11				missing	ILLUMINA	PAIRED	1162557360
SRR1239954	SAMN02714586	Genomic DNA of Oryza sativa L. cv. C418	W151	Oryza sativa	C418				missing	ILLUMINA	PAIRED	1159966080
SRR1239958	SAMN02714590	Genomic DNA of Oryza sativa L. cv. Gang46B	W155	Oryza sativa	Gang46B				missing	ILLUMINA	PAIRED	1159622100
SRR1239960	SAMN02714592	Genomic DNA of Oryza sativa L. cv. Huajingxian74	W157	Oryza sativa	Huajingxian74				missing	ILLUMINA	PAIRED	1164735540
SRR1239964	SAMN02714596	Genomic DNA of Oryza sativa L. cv. Y134	W161	Oryza sativa	Y134				missing	ILLUMINA	PAIRED	1164823740
SRR1239972	SAMN02714604	Genomic DNA of Oryza sativa L. cv. IR72	W169	Oryza sativa	IR72				missing	ILLUMINA	PAIRED	1134598860
SRR1239981	SAMN02714613	Genomic DNA of Oryza sativa L. cv. Manawthukha	W178	Oryza sativa	Manawthukha				missing	ILLUMINA	PAIRED	1170247320
SRR1239982	SAMN02714614	Genomic DNA of Oryza sativa L. cv. Shwe Thwe Yin Hyv	W179	Oryza sativa	Shwe Thwe Yin Hyv				missing	ILLUMINA	PAIRED	1172535480
SRR1239983	SAMN02714615	Genomic DNA of Oryza sativa L. cv. Bg300	W180	Oryza sativa	Bg300				missing	ILLUMINA	PAIRED	1170417060
SRR1239995	SAMN02714627	Genomic DNA of Oryza sativa L. cv. ASD16	W192	Oryza sativa	ASD16				missing	ILLUMINA	PAIRED	1167934680
SRR1239997	SAMN02714629	Genomic DNA of Oryza sativa L. cv. F6	W194	Oryza sativa	F6				missing	ILLUMINA	PAIRED	1167538860
SRR1239999	SAMN02714631	Genomic DNA of Oryza sativa L. cv. NAN-29-2	W196	Oryza sativa	NAN-29-2				missing	ILLUMINA	PAIRED	1164869640
SRR1240012	SAMN02714644	Genomic DNA of Oryza sativa L. cv. Gizal159	W209	Oryza sativa	Gizal159				missing	ILLUMINA	PAIRED	1131622200
SRR1240017	SAMN02714649	Genomic DNA of Oryza sativa L. cv. Jhona349	W214	Oryza sativa	Jhona349				missing	ILLUMINA	PAIRED	1123639020
SRR1240020	SAMN02714652	Genomic DNA of Oryza sativa L. cv. IRAT352	W217	Oryza sativa	IRAT352				missing	ILLUMINA	PAIRED	1130866200
SRR1240031	SAMN02714663	Genomic DNA of Oryza sativa L. cv. OM1723	W228	Oryza sativa	OM1723				missing	ILLUMINA	PAIRED	1149919560
SRR1240041	SAMN02714673	Genomic DNA of Oryza sativa L. cv. UPR191-66	W238	Oryza sativa	UPR191-66				missing	ILLUMINA	PAIRED	1155517020
SRR1240047	SAMN02714679	Genomic DNA of Oryza sativa L. cv. Palung 2	W244	Oryza sativa	Palung 2				missing	ILLUMINA	PAIRED	1152349200
SRR1240053	SAMN02714685	Genomic DNA of Oryza sativa L. cv. Eiko	W250	Oryza sativa	Eiko				missing	ILLUMINA	PAIRED	1159633980
SRR1240055	SAMN02714687	Genomic DNA of Oryza sativa L. cv. SADRI RICE 1	W252	Oryza sativa	SADRI RICE 1				missing	ILLUMINA	PAIRED	1157951520
SRR1240060	SAMN02714692	Genomic DNA of Oryza sativa L. cv. Latisai1	W257	Oryza sativa	Latisai1				missing	ILLUMINA	PAIRED	1152267120
SRR1240076	SAMN02714708	Genomic DNA of Oryza sativa L. cv. Anambae ndanggalasi	W273	Oryza sativa	ANAMBAE NDANGGALASI				missing	ILLUMINA	PAIRED	1147468680
SRR1240077	SAMN02714709	Genomic DNA of Oryza sativa L. cv. Er chiu ching	W274	Oryza sativa	Er chiu ching				missing	ILLUMINA	PAIRED	1148634900
SRR1240083	SAMN02714715	Genomic DNA of Oryza sativa L. cv. Sada solay	W280	Oryza sativa	SADA SOLAY				missing	ILLUMINA	PAIRED	1145270160
SRR1240086	SAMN02714718	Genomic DNA of Oryza sativa L. cv. Daegujo	W283	Oryza sativa	DAEGUJO				missing	ILLUMINA	PAIRED	1146765600
SRR1240089	SAMN02714721	Genomic DNA of Oryza sativa L. cv. Garia	W286	Oryza sativa	Garia				missing	ILLUMINA	PAIRED	1135001340
SRR1240091	SAMN02714723	Genomic DNA of Oryza sativa L. cv. Dourado Precoce	W288	Oryza sativa	Dourado Precoce				missing	ILLUMINA	PAIRED	1152483480
SRR1240100	SAMN02714732	Genomic DNA of Oryza sativa L. cv. AUS 373	W297	Oryza sativa	AUS 373				missing	ILLUMINA	PAIRED	1142946180
SRR1240115	SAMN02714747	Genomic DNA of Oryza sativa L. cv. CIGEULIS	W312	Oryza sativa	CIGEULIS				missing	ILLUMINA	PAIRED	1141875180
SRR1240117	SAMN02714749	Genomic DNA of Oryza sativa L. cv. BRRI DHAN 28	W314	Oryza sativa	BRRI DHAN 28				missing	ILLUMINA	PAIRED	1146024000
SRR1240120	SAMN02714752	Genomic DNA of Oryza sativa L. cv. CIHERANG	W317	Oryza sativa	Ciherang				missing	ILLUMINA	PAIRED	1138296780
SRR1240122	SAMN02714754	Genomic DNA of Oryza sativa L. cv. Guangkexiangnuo	W319	Oryza sativa	Guangkexiangnuo				missing	ILLUMINA	PAIRED	1135824300
SRR1240128	SAMN02714760	Genomic DNA of Oryza sativa L. cv. Guantuibaihe	W325	Oryza sativa	Guantuibaihe				missing	ILLUMINA	PAIRED	1141633980
SRR1240131	SAMN02714763	Genomic DNA of Oryza sativa L. cv. Sibeitichao6	W328	Oryza sativa	Sibeitichao6				missing	ILLUMINA	PAIRED	1138231620
SRR12452010	SAMN15816223	Zhenqian1hao	Zhenqian1hao	Oryza sativa	Zhenqian1hao				China:Hunan	ILLUMINA	PAIRED	8059992600
SRR12452015	SAMN15816218	Zhenhui42	Zhenhui42	Oryza sativa	Zhenhui42				China:Jiangsu	ILLUMINA	PAIRED	8116725300
SRR12452031	SAMN15816132	Xiuhui2hao	Xiuhui2hao	Oryza sativa	Xiuhui2hao				China:Jiangxi	ILLUMINA	PAIRED	7825882800
SRR12452046	SAMN15816190	Yuexiangzhan	Yuexiangzhan	Oryza sativa	Yuexiangzhan				China:Guangdong	ILLUMINA	PAIRED	6193447500
SRR12452050	SAMN15816186	Yuekang102	Yuekang102	Oryza sativa	Yuekang102				China:Guangdong	ILLUMINA	PAIRED	7121528400
SRR12452056	SAMN15816181	Yueaizao1hao	Yueaizao1hao	Oryza sativa	Yueaizao1hao				China:Hunan	ILLUMINA	PAIRED	7197378300
SRR12452063	SAMN15816174	YuA	YuA	Oryza sativa	YuA				China:Guangdong	ILLUMINA	PAIRED	8814585600
SRR12452066	SAMN15816172	Yu03S	Yu03S	Oryza sativa	Yu03S				China:Zhejiang	ILLUMINA	PAIRED	9216581700
SRR12452068	SAMN15816170	YouIA	YouIA	Oryza sativa	YouIA				China:Hunan	ILLUMINA	PAIRED	7825938300
SRR12452078	SAMN15816161	Yihui2084	Yihui2084	Oryza sativa	Yihui2084				China:Sichuan	ILLUMINA	PAIRED	7136183400
SRR12452080	SAMN15816159	Yihui1313	Yihui1313	Oryza sativa	Yihui1313				China:Sichuan	ILLUMINA	PAIRED	6727383600
SRR12452081	SAMN15816158	Yihui10hao	Yihui10hao	Oryza sativa	Yihui10hao				China:Sichuan	ILLUMINA	PAIRED	6793793400
SRR12452091	SAMN15816149	Yangxian2A	Yangxian2A	Oryza sativa	Yangxian2A				China:Jiangsu	ILLUMINA	PAIRED	10428902700
SRR12452092	SAMN15816148	Yanghui542	Yanghui542	Oryza sativa	Yanghui542				China:Jiangsu	ILLUMINA	PAIRED	6706263900
SRR12452102	SAMN15816139	Yan220S	Yan220S	Oryza sativa	Yan220S				China:Jiangsu	ILLUMINA	PAIRED	7791332400
SRR12452110	SAMN15816260	Zhu1S	Zhu1S	Oryza sativa	Zhu1S				China:Hunan	ILLUMINA	PAIRED	7886071200
SRR12452115	SAMN15816255	Zhongzao25	Zhongzao25	Oryza sativa	Zhongzao25				China:Zhejiang	ILLUMINA	PAIRED	7159351500
SRR12452129	SAMN15816243	Zhongjia3hao	Zhongjia3hao	Oryza sativa	Zhongjia3hao				China:Zhejiang	ILLUMINA	PAIRED	6952768200
SRR12452133	SAMN15816239	Zhonghan209	Zhonghan209	Oryza sativa	Zhonghan209				China:Zhejiang	ILLUMINA	PAIRED	6942073800
SRR12452142	SAMN15816231	Zhi10	Zhi10	Oryza sativa	Zhi10				China:Hunan	ILLUMINA	PAIRED	7049148900
SRR12452144	SAMN15816229	Zhi1	Zhi1	Oryza sativa	Zhi1				China:Hunan	ILLUMINA	PAIRED	8313884100
SRR12452145	SAMN15816228	Zhenzhuzao	Zhenzhuzao	Oryza sativa	Zhenzhuzao				China:Zhejiang	ILLUMINA	PAIRED	6039221700
SRR12452147	SAMN15816226	Zhenzhuai	Zhenzhuai	Oryza sativa	Zhenzhuai				China:Guangdong	ILLUMINA	PAIRED	6788595900
SRR12496072	SAMN15887499	SM93	A93_1_DSW34972_HJMNWALXX_L7	Oryza sativa	Samba Mahsuri				India: Hyderabad	ILLUMINA	PAIRED	15978291852
SRR12496075	SAMN15887496	SM50	A50_1_DSW34974_HGY3GALXX_L2	Oryza sativa	Samba Mahsuri				India: Hyderabad	ILLUMINA	PAIRED	16488678900
SRR12496076	SAMN15887495	SM38	A38_1_DSW34975_HGY3GALXX_L2	Oryza sativa	Samba Mahsuri				India: Hyderabad	ILLUMINA	PAIRED	16968053880
SRR12496081	SAMN15887506	SM17	SB17-1_L3_135135	Oryza sativa	Samba Mahsuri				India: Hyderabad	ILLUMINA	PAIRED	27461811900
SRR12496083	SAMN15887504	SM170B	A170B_DSW34981_HGY3GALXX_L3	Oryza sativa	Samba Mahsuri				India: Hyderabad	ILLUMINA	PAIRED	16790819100
SRR12523334	SAMN15806296	IR24609-134-3-3	IR24609-134-3-3	Oryza sativa	IR24609-134-3-3				China:IRRI	ILLUMINA	PAIRED	8282873400
SRR12523341	SAMN15806290	IR21840-186-3	IR21840-186-3	Oryza sativa	IR21840-186-3				China:IRRI	ILLUMINA	PAIRED	9383728800
SRR12523346	SAMN15806285	IR19660-187-2-2-3-2	IR19660-187-2-2-3-2	Oryza sativa	IR19660-187-2-2-3-2				China:IRRI	ILLUMINA	PAIRED	6907304100
SRR12523348	SAMN15806283	IR19228-83-1-3	IR19228-83-1-3	Oryza sativa	IR19228-83-1-3				China:IRRI	ILLUMINA	PAIRED	8148986400
SRR12523350	SAMN15805887	15-88A	15-88A	Oryza sativa	15-88A				China:Chongqing	ILLUMINA	PAIRED	6423344100
SRR12523351	SAMN15806282	IR19225-289-3-1-4	IR19225-289-3-1-4	Oryza sativa	IR19225-289-3-1-4				China:IRRI	ILLUMINA	PAIRED	6296808900
SRR12523357	SAMN15806276	IR15975-232-3-3-3-2	IR15975-232-3-3-3-2	Oryza sativa	IR15975-232-3-3-3-2				China:IRRI	ILLUMINA	PAIRED	6803980800
SRR12523358	SAMN15806275	IR15847-135-1-1	IR15847-135-1-1	Oryza sativa	IR15847-135-1-1				China:IRRI	ILLUMINA	PAIRED	7917807600
SRR12523375	SAMN15806260	IR2153-43-2-5-4	IR2153-43-2-5-4	Oryza sativa	IR2153-43-2-5-4				China:IRRI	ILLUMINA	PAIRED	6527468700
SRR12523376	SAMN15806259	IR2153-26-3-5-6	IR2153-26-3-5-6	Oryza sativa	IR2153-26-3-5-6				China:IRRI	ILLUMINA	PAIRED	9396656100
SRR12523382	SAMN15806253	IR1112-116	IR1112-116	Oryza sativa	IR1112-116				China:IRRI	ILLUMINA	PAIRED	7562689200
SRR12523396	SAMN15806241	IR28-2	IR28-2	Oryza sativa	IR28-2				China:IRRI	ILLUMINA	PAIRED	6779683200
SRR12523399	SAMN15806238	IR26-1	IR26-1	Oryza sativa	IR26-1				China:IRRI	ILLUMINA	PAIRED	8176116900
SRR12523403	SAMN15806234	II-32A	II-32A	Oryza sativa	II-32A				China:Hunan	ILLUMINA	PAIRED	7675560000
SRR12523406	SAMN15806232	Hui2	Hui2	Oryza sativa	Hui2				China:Hunan	ILLUMINA	PAIRED	7721316600
SRR12523411	SAMN15806227	HuangxiuzHan	HuangxiuzHan	Oryza sativa	HuangxiuzHan				China:Guangdong	ILLUMINA	PAIRED	6589651800
SRR12523414	SAMN15806224	Huanghuazhan-1	Huanghuazhan-1	Oryza sativa	Huanghuazhan-1				China:Guangdong	ILLUMINA	PAIRED	6722047500
SRR12523418	SAMN15806221	Huahui352	Huahui352	Oryza sativa	Huahui352				China:Hubei	ILLUMINA	PAIRED	6646877100
SRR12523426	SAMN15806213	Hua1165S	Hua1165S	Oryza sativa	Hua1165S				China:Hubei	ILLUMINA	PAIRED	8065845000
SRR12523428	SAMN15806212	Hua1037S	Hua1037S	Oryza sativa	Hua1037S				China:Hubei	ILLUMINA	PAIRED	8368170000
SRR12523429	SAMN15806211	Hua1015S	Hua1015S	Oryza sativa	Hua1015S				China:Hubei	ILLUMINA	PAIRED	7609766700
SRR12523431	SAMN15806209	Hua2A	Hua2A	Oryza sativa	Hua2A				China:Fujian	ILLUMINA	PAIRED	7348026900
SRR12523432	SAMN15806208	Hua1A	Hua1A	Oryza sativa	Hua1A				China:Fujian	ILLUMINA	PAIRED	8010899700
SRR12523437	SAMN15806203	Honghua15A	Honghua15A	Oryza sativa	Honghua15A				China:Guangdong	ILLUMINA	PAIRED	7019694900
SRR12523443	SAMN15806198	HengfengA	HengfengA	Oryza sativa	HengfengA				China:Guangdong	ILLUMINA	PAIRED	6192705000
SRR12523450	SAMN15806192	Hang1hao	Hang1hao	Oryza sativa	Hang1hao				China:Fujian	ILLUMINA	PAIRED	7545069900
SRR12523451	SAMN15806191	HaiyeA	HaiyeA	Oryza sativa	HaiyeA				China:Hainan	ILLUMINA	PAIRED	6692564700
SRR12523452	SAMN15806190	Haixiuzhan9hao	Haixiuzhan9hao	Oryza sativa	Haixiuzhan9hao				China:Hainan	ILLUMINA	PAIRED	6714072300
SRR12523455	SAMN15806187	H611	H611	Oryza sativa	H611				China:Hunan	ILLUMINA	PAIRED	9694996800
SRR12523456	SAMN15806186	H396	H396	Oryza sativa	H396				China:Hunan	ILLUMINA	PAIRED	7112476800
SRR12523457	SAMN15806185	H282	H282	Oryza sativa	H282				China:Hunan	ILLUMINA	PAIRED	8016891900
SRR12523458	SAMN15806184	H175S	H175S	Oryza sativa	H175S				China:Anhui	ILLUMINA	PAIRED	9308398500
SRR12523459	SAMN15806183	H78	H78	Oryza sativa	H78				China:Hunan	ILLUMINA	PAIRED	7876324800
SRR12523465	SAMN15806179	Guiluai3hao	Guiluai3hao	Oryza sativa	Guiluai3hao				China:Zhejiang	ILLUMINA	PAIRED	9168132300
SRR12523467	SAMN15806177	Guihui985	Guihui985	Oryza sativa	Guihui985				China:Shanghai	ILLUMINA	PAIRED	6924434400
SRR12523472	SAMN15805912	367B	367B	Oryza sativa	367B				China:Hunan	ILLUMINA	PAIRED	7844791500
SRR12523479	SAMN15806166	Gui99	Gui99	Oryza sativa	Gui99				China:Guangxi	ILLUMINA	PAIRED	6715440300
SRR12523481	SAMN15806164	Gugui1563	Gugui1563	Oryza sativa	Gugui1563				China:Hunan	ILLUMINA	PAIRED	6792901800
SRR12523482	SAMN15806163	GufengA	GufengA	Oryza sativa	GufengA				China:Fujian	ILLUMINA	PAIRED	7192964700
SRR12523485	SAMN15806161	Guangyuanzhan5hao	Guangyuanzhan5hao	Oryza sativa	Guangyuanzhan5hao				China:Guangdong	ILLUMINA	PAIRED	6728204700
SRR12523487	SAMN15806159	Guangxiang24S	Guangxiang24S	Oryza sativa	Guangxiang24S				China:Hunan	ILLUMINA	PAIRED	7604033100
SRR12523498	SAMN15806149	Guanghui998	Guanghui998	Oryza sativa	Guanghui998				China:Guangdong	ILLUMINA	PAIRED	7790181000
SRR12523499	SAMN15806148	Guanghui368	Guanghui368	Oryza sativa	Guanghui368				China:Guangdong	ILLUMINA	PAIRED	7554177000
SRR12523500	SAMN15806147	Guanghui312	Guanghui312	Oryza sativa	Guanghui312				China:Guangdong	ILLUMINA	PAIRED	6265524900
SRR12523512	SAMN15806136	Gu223	Gu223	Oryza sativa	Gu223				China:IRRI	ILLUMINA	PAIRED	8517526800
SRR12523513	SAMN15806135	Gu154	Gu154	Oryza sativa	Gu154				China:IRRI	ILLUMINA	PAIRED	6264417000
SRR12523517	SAMN15806132	GD-7S	GD-7S	Oryza sativa	GD-7S				China:Guangdong	ILLUMINA	PAIRED	8428410300
SRR12523521	SAMN15806128	Ganzaoxian51hao	Ganzaoxian51hao	Oryza sativa	Ganzaoxian51hao				China:Jiangxi	ILLUMINA	PAIRED	6624834000
SRR12523523	SAMN15806126	Ganzaoxian48hao	Ganzaoxian48hao	Oryza sativa	Ganzaoxian48hao				China:Jiangxi	ILLUMINA	PAIRED	7363221300
SRR12523528	SAMN15806122	Ganwanxian37hao	Ganwanxian37hao	Oryza sativa	Ganwanxian37hao				China:Jiangxi	ILLUMINA	PAIRED	7418538900
SRR12523536	SAMN15806114	Gang48A	Gang48A	Oryza sativa	Gang48A				China:Sichuan	ILLUMINA	PAIRED	6236925900
SRR12523540	SAMN15806111	G201A	G201A	Oryza sativa	G201A				China:Sichuan	ILLUMINA	PAIRED	7346296200
SRR12523549	SAMN15805905	203A	203A	Oryza sativa	203A				China:Hubei	ILLUMINA	PAIRED	6797859300
SRR12523554	SAMN15806098	Fuhui838	Fuhui838	Oryza sativa	Fuhui838				China:Sichuan	ILLUMINA	PAIRED	6880198500
SRR12523557	SAMN15806095	Fuhui673	Fuhui673	Oryza sativa	Fuhui673				China:Fujian	ILLUMINA	PAIRED	8444211600
SRR12523564	SAMN15806089	FengS	FengS	Oryza sativa	FengS				China:Hunan	ILLUMINA	PAIRED	8951002200
SRR12523566	SAMN15806087	Fengmeizhan	Fengmeizhan	Oryza sativa	Fengmeizhan				China:Guangdong	ILLUMINA	PAIRED	6966243000
SRR12523573	SAMN15806082	F32A	F32A	Oryza sativa	F32A				China:Sichuan	ILLUMINA	PAIRED	6699681900
SRR12523599	SAMN15806058	DeS	DeS	Oryza sativa	DeS				China:Hunan	ILLUMINA	PAIRED	8050068000
SRR12523602	SAMN15806055	Dehui381	Dehui381	Oryza sativa	Dehui381				China:Sichuan	ILLUMINA	PAIRED	7975102800
SRR12523604	SAMN15806053	DazhulhaoA	DazhulhaoA	Oryza sativa	DazhulhaoA				China:Hunan	ILLUMINA	PAIRED	6919825800
SRR12523607	SAMN15806051	D308	D308	Oryza sativa	D308				China:Sichuan	ILLUMINA	PAIRED	7890995400
SRR12523612	SAMN15806046	Chuanzuo891A	Chuanzuo891A	Oryza sativa	Chuanzuo891A				China:Sichuan	ILLUMINA	PAIRED	6632923800
SRR12523618	SAMN15806041	Chuannong422	Chuannong422	Oryza sativa	Chuannong422				China:Sichuan	ILLUMINA	PAIRED	9001323600
SRR12523647	SAMN15806014	Changhui891	Changhui891	Oryza sativa	Changhui891				China:Jiangxi	ILLUMINA	PAIRED	7224687600
SRR12523658	SAMN15806004	Chang-3	Chang-3	Oryza sativa	Chang-3				China:Guangdong	ILLUMINA	PAIRED	6232137000
SRR12523674	SAMN15805990	Bph68S	Bph68S	Oryza sativa	Bph68S				China:Hubei	ILLUMINA	PAIRED	8948016000
SRR12523689	SAMN15806615	R187	R187	Oryza sativa	R187				China:Hunan	ILLUMINA	PAIRED	6956869500
SRR12523691	SAMN15806613	R171	R171	Oryza sativa	R171				China:Hubei	ILLUMINA	PAIRED	6760387800
SRR12523692	SAMN15805956	Aihong11hao	Aihong11hao	Oryza sativa	Aihong11hao				China:Jiangxi	ILLUMINA	PAIRED	7599798000
SRR12523693	SAMN15806612	R163	R163	Oryza sativa	R163				China:Hunan	ILLUMINA	PAIRED	6391815600
SRR12523701	SAMN15806604	R93-11	R93-11	Oryza sativa	R93-11				China:Jiangsu	ILLUMINA	PAIRED	7057603800
SRR12523707	SAMN15806599	R78	R78	Oryza sativa	R78				China:Chongqing	ILLUMINA	PAIRED	9767607900
SRR12523716	SAMN15806591	R-7	R-7	Oryza sativa	R-7				China:Guangdong	ILLUMINA	PAIRED	6649053600
SRR12523720	SAMN15806587	R-4	R-4	Oryza sativa	R-4				China:Guangdong	ILLUMINA	PAIRED	6970738200
SRR12523721	SAMN15806586	R-3	R-3	Oryza sativa	R-3				China:Guangdong	ILLUMINA	PAIRED	8151441900
SRR12523722	SAMN15806585	R-2	R-2	Oryza sativa	R-2				China:Guangdong	ILLUMINA	PAIRED	7604170200
SRR12523727	SAMN15806582	Quanzhen10hao	Quanzhen10hao	Oryza sativa	Quanzhen10hao				China:Fujian	ILLUMINA	PAIRED	9104832600
SRR12523731	SAMN15806578	Quan9311A	Quan9311A	Oryza sativa	Quan9311A				China:Anhui	ILLUMINA	PAIRED	9106769100
SRR12523737	SAMN15805952	85661-10	85661-10	Oryza sativa	85661-10				China:Hubei	ILLUMINA	PAIRED	7088779800
SRR12523738	SAMN15806572	Qingerai	Qingerai	Oryza sativa	Qingerai				China:Guangdong	ILLUMINA	PAIRED	7073326500
SRR12523739	SAMN15806571	QingA	QingA	Oryza sativa	QingA				China:Guangxi	ILLUMINA	PAIRED	7064265900
SRR12523745	SAMN15806565	Qianhui1385	Qianhui1385	Oryza sativa	Qianhui1385				China:Shanghai	ILLUMINA	PAIRED	7075532400
SRR12523746	SAMN15806564	Qianhui785	Qianhui785	Oryza sativa	Qianhui785				China:Shanghai	ILLUMINA	PAIRED	8739377100
SRR12523747	SAMN15806563	Qianhui489	Qianhui489	Oryza sativa	Qianhui489				China:Shanghai	ILLUMINA	PAIRED	7696141500
SRR12523751	SAMN15806560	Qian209A	Qian209A	Oryza sativa	Qian209A				China:Shanghai	ILLUMINA	PAIRED	6500401200
SRR12523758	SAMN15806553	Q2A	Q2A	Oryza sativa	Q2A				China:Chongqing	ILLUMINA	PAIRED	5933271300
SRR12523765	SAMN15806547	Peiai64	Peiai64	Oryza sativa	Peiai64				China:Hunan	ILLUMINA	PAIRED	8108371500
SRR12523772	SAMN15806541	Nongxiang32	Nongxiang32	Oryza sativa	Nongxiang32				China:Hunan	ILLUMINA	PAIRED	7238479500
SRR12523773	SAMN15806540	Nongxiang24	Nongxiang24	Oryza sativa	Nongxiang24				China:Hunan	ILLUMINA	PAIRED	6912306600
SRR12523774	SAMN15806539	Nonge661A	Nonge661A	Oryza sativa	Nonge661A				China:Hunan	ILLUMINA	PAIRED	8138304300
SRR12523783	SAMN15806531	Neihui2539	Neihui2539	Oryza sativa	Neihui2539				China:Sichuan	ILLUMINA	PAIRED	6478966200
SRR12523797	SAMN15806518	Nanhui180	Nanhui180	Oryza sativa	Nanhui180				China:Fujian	ILLUMINA	PAIRED	7592222400
SRR12523799	SAMN15806516	Nanhui115	Nanhui115	Oryza sativa	Nanhui115				China:Fujian	ILLUMINA	PAIRED	8787757500
SRR12523801	SAMN15806514	Nanfengnuo	Nanfengnuo	Oryza sativa	Nanfengnuo				China:Guangdong	ILLUMINA	PAIRED	6074948100
SRR12523813	SAMN15806503	Miyang46	Miyang46	Oryza sativa	Miyang46				China:Korea	ILLUMINA	PAIRED	6638847900
SRR12523814	SAMN15805945	7944	7944	Oryza sativa	7944				China:Fujian	ILLUMINA	PAIRED	7105330200
SRR12523816	SAMN15806501	Minyannuo	Minyannuo	Oryza sativa	Minyannuo				China:Fujian	ILLUMINA	PAIRED	7093261500
SRR12523823	SAMN15806494	Minghui2155	Minghui2155	Oryza sativa	Minghui2155				China:Fujian	ILLUMINA	PAIRED	6227557500
SRR12523825	SAMN15805944	7625	7625	Oryza sativa	7625				China:Hunan	ILLUMINA	PAIRED	7807050600
SRR12523827	SAMN15806491	Minghui100	Minghui100	Oryza sativa	Minghui100				China:Fujian	ILLUMINA	PAIRED	6665745300
SRR12523830	SAMN15806488	Minghui78	Minghui78	Oryza sativa	Minghui78				China:Fujian	ILLUMINA	PAIRED	6608497200
SRR12523834	SAMN15806484	Minghui67	Minghui67	Oryza sativa	Minghui67				China:Fujian	ILLUMINA	PAIRED	6168153000
SRR12523835	SAMN15806483	Minghui63	Minghui63	Oryza sativa	Minghui63				China:Fujian	ILLUMINA	PAIRED	7335225000
SRR12523836	SAMN15805943	7055	7055	Oryza sativa	7055				China:Jiangxi	ILLUMINA	PAIRED	7222555500
SRR12523842	SAMN15806478	Mianhui3724	Mianhui3724	Oryza sativa	Mianhui3724				China:Sichuan	ILLUMINA	PAIRED	6429792000
SRR12523845	SAMN15806475	Mianhui725	Mianhui725	Oryza sativa	Mianhui725				China:Sichuan	ILLUMINA	PAIRED	6584696100
SRR12523853	SAMN15806468	MengS-2	MengS-2	Oryza sativa	MengS-2				China:Hunan	ILLUMINA	PAIRED	6972581400
SRR12523865	SAMN15806457	Luxiang618A-2	Luxiang618A-2	Oryza sativa	Luxiang618A-2				China:Sichuan	ILLUMINA	PAIRED	6761388600
SRR12523866	SAMN15806456	Luxiang618A-1	Luxiang618A-1	Oryza sativa	Luxiang618A-1				China:Sichuan	ILLUMINA	PAIRED	6973132200
SRR12523873	SAMN15806450	Lunhui422	Lunhui422	Oryza sativa	Lunhui422				China:Hunan	ILLUMINA	PAIRED	7253204100
SRR12523894	SAMN15806431	LT14	LT14	Oryza sativa	LT14				China:Vietnam	ILLUMINA	PAIRED	8734362300
SRR12523903	SAMN15805937	5350	5350	Oryza sativa	5350				China:Hubei	ILLUMINA	PAIRED	8103890100
SRR12523904	SAMN15806422	LT4	LT4	Oryza sativa	LT4				China:Vietnam	ILLUMINA	PAIRED	7507211700
SRR12523905	SAMN15806421	LT3	LT3	Oryza sativa	LT3				China:Vietnam	ILLUMINA	PAIRED	7457507100
SRR12523906	SAMN15806420	LT2	LT2	Oryza sativa	LT2				China:Vietnam	ILLUMINA	PAIRED	7537113000
SRR12523908	SAMN15806418	LongyangA	LongyangA	Oryza sativa	LongyangA				China:Hunan	ILLUMINA	PAIRED	7734527700
SRR12523923	SAMN15806404	Liangyuan1hao	Liangyuan1hao	Oryza sativa	Liangyuan1hao				China:Hunan	ILLUMINA	PAIRED	10838715900
SRR12523925	SAMN15805935	5207	5207	Oryza sativa	5207				China:Hunan	ILLUMINA	PAIRED	6791918700
SRR12523926	SAMN15806402	LiA	LiA	Oryza sativa	LiA				China:Guangxi	ILLUMINA	PAIRED	6505026900
SRR12523929	SAMN15806399	LefengA	LefengA	Oryza sativa	LefengA				China:Fujian	ILLUMINA	PAIRED	8225852100
SRR12523931	SAMN15806397	L301A	L301A	Oryza sativa	L301A				China:Hunan	ILLUMINA	PAIRED	6662228100
SRR12523932	SAMN15806396	KT27S	KT27S	Oryza sativa	KT27S				China:Hunan	ILLUMINA	PAIRED	7530452400
SRR12523933	SAMN15806395	Kezhen145	Kezhen145	Oryza sativa	Kezhen145				China:Hunan	ILLUMINA	PAIRED	6966230100
SRR12523935	SAMN15806393	KejinA	KejinA	Oryza sativa	KejinA				China:Hainan	ILLUMINA	PAIRED	7002053700
SRR12523942	SAMN15806387	Ke20A	Ke20A	Oryza sativa	Ke20A				China:Hunan	ILLUMINA	PAIRED	7333279800
SRR12523952	SAMN15806379	Jinzao47	Jinzao47	Oryza sativa	Jinzao47				China:Zhejiang	ILLUMINA	PAIRED	6473094000
SRR12523956	SAMN15806375	Jinsui128	Jinsui128	Oryza sativa	Jinsui128				China:Hunan	ILLUMINA	PAIRED	7089078300
SRR12523960	SAMN15806372	Jinnanwan	Jinnanwan	Oryza sativa	Jinnanwan				China:Fujian	ILLUMINA	PAIRED	9117749700
SRR12523967	SAMN15806365	Jingfu2A	Jingfu2A	Oryza sativa	Jingfu2A				China:Fujian	ILLUMINA	PAIRED	8247127200
SRR12523971	SAMN15806362	Jing7A	Jing7A	Oryza sativa	Jing7A				China:Sichuan	ILLUMINA	PAIRED	6650785800
SRR12523974	SAMN15806359	Jinfeng1hao	Jinfeng1hao	Oryza sativa	Jinfeng1hao				China:Hunan	ILLUMINA	PAIRED	7745342400
SRR12523999	SAMN15806336	Jian645B	Jian645B	Oryza sativa	Jian645B				China:Hunan	ILLUMINA	PAIRED	6547272900
SRR12524000	SAMN15806335	Jiahezaozhan	Jiahezaozhan	Oryza sativa	Jiahezaozhan				China:Fujian	ILLUMINA	PAIRED	10211360700
SRR12524005	SAMN15806331	IR46830A	IR46830A	Oryza sativa	IR46830A				China:IRRI	ILLUMINA	PAIRED	6047415600
SRR12524007	SAMN15806329	IR35286-18-3-3-2-3	IR35286-18-3-3-2-3	Oryza sativa	IR35286-18-3-3-2-3				China:IRRI	ILLUMINA	PAIRED	7179656100
SRR12524008	SAMN15806328	IR34681-107-3-3-3	IR34681-107-3-3-3	Oryza sativa	IR34681-107-3-3-3				China:IRRI	ILLUMINA	PAIRED	8336101200
SRR12524009	SAMN15806327	IR34638-57-1-2	IR34638-57-1-2	Oryza sativa	IR34638-57-1-2				China:IRRI	ILLUMINA	PAIRED	8818024200
SRR12524014	SAMN15805927	1144	1144	Oryza sativa	1144				China:Hunan	ILLUMINA	PAIRED	7455725100
SRR12524024	SAMN15806313	IR31775-30-3-2-2-2	IR31775-30-3-2-2-2	Oryza sativa	IR31775-30-3-2-2-2				China:IRRI	ILLUMINA	PAIRED	9329087700
SRR12524027	SAMN15806311	IR29725-109-1-2-1	IR29725-109-1-2-1	Oryza sativa	IR29725-109-1-2-1				China:IRRI	ILLUMINA	PAIRED	8359511700
SRR12524041	SAMN15806298	IR25588-7-3-1	IR25588-7-3-1	Oryza sativa	IR25588-7-3-1				China:IRRI	ILLUMINA	PAIRED	7038176100
SRR12524051	SAMN15806874	Xianhui207	Xianhui207	Oryza sativa	Xianhui207				China:Hunan	ILLUMINA	PAIRED	6821795700
SRR12524054	SAMN15806872	Xiangzaoxian45hao	Xiangzaoxian45hao	Oryza sativa	Xiangzaoxian45hao				China:Hunan	ILLUMINA	PAIRED	7747744500
SRR12524055	SAMN15806871	Xiangzaoxian45	Xiangzaoxian45	Oryza sativa	Xiangzaoxian45				China:Hunan	ILLUMINA	PAIRED	7109242500
SRR12524064	SAMN15805981	BG367-4	BG367-4	Oryza sativa	BG367-4				China:Hunan	ILLUMINA	PAIRED	7627789800
SRR12524067	SAMN15806860	Xiangzaoxian7hao	Xiangzaoxian7hao	Oryza sativa	Xiangzaoxian7hao				China:Hunan	ILLUMINA	PAIRED	7712187000
SRR12524069	SAMN15806858	Xiangzaoxian3hao	Xiangzaoxian3hao	Oryza sativa	Xiangzaoxian3hao				China:Hunan	ILLUMINA	PAIRED	9708204300
SRR12524077	SAMN15806851	Xiangwanxian17hao	Xiangwanxian17hao	Oryza sativa	Xiangwanxian17hao				China:Hunan	ILLUMINA	PAIRED	8413796400
SRR12524086	SAMN15805979	Basimati370	Basimati370	Oryza sativa	Basimati370				China:Pakistan	ILLUMINA	PAIRED	6255887700
SRR12524097	SAMN15805978	Basiai63	Basiai63	Oryza sativa	Basiai63				China:Sichuan	ILLUMINA	PAIRED	8177862000
SRR12524100	SAMN15806830	Xiang8B	Xiang8B	Oryza sativa	Xiang8B				China:Hunan	ILLUMINA	PAIRED	6330216000
SRR12524107	SAMN15806823	WW004	WW004	Oryza sativa	WW004				China:Jiangxi	ILLUMINA	PAIRED	6907276500
SRR12524112	SAMN15806819	Wushansimiao	Wushansimiao	Oryza sativa	Wushansimiao				China:Guangdong	ILLUMINA	PAIRED	6928733400
SRR12524114	SAMN15806817	WR002	WR002	Oryza sativa	WR002				China:Jiangxi	ILLUMINA	PAIRED	7772753400
SRR12524117	SAMN15806814	Wenhui689	Wenhui689	Oryza sativa	Wenhui689				China:Zhejiang	ILLUMINA	PAIRED	7698180000
SRR12524119	SAMN15805976	Baixiangzhan	Baixiangzhan	Oryza sativa	Baixiangzhan				China:Guangxi	ILLUMINA	PAIRED	7311841800
SRR12524129	SAMN15806803	Wan9A	Wan9A	Oryza sativa	Wan9A				China:Chongqing	ILLUMINA	PAIRED	7381282500
SRR12524130	SAMN15805975	Baimidongzhan	Baimidongzhan	Oryza sativa	Baimidongzhan				China:Hunan	ILLUMINA	PAIRED	7348666500
SRR12524133	SAMN15806800	W515	W515	Oryza sativa	W515				China:Hunan	ILLUMINA	PAIRED	10280433600
SRR12524134	SAMN15806799	V28-399	V28-399	Oryza sativa	V28-399				China:Hunan	ILLUMINA	PAIRED	7364087700
SRR12524141	SAMN15805974	B138	B138	Oryza sativa	B138				China:Hunan	ILLUMINA	PAIRED	6864275400
SRR12524149	SAMN15806785	TN1480	TN1480	Oryza sativa	TN1480				China:Hunan	ILLUMINA	PAIRED	6424697400
SRR12524153	SAMN15805892	33S	33S	Oryza sativa	33S				China:Hunan	ILLUMINA	PAIRED	7328404200
SRR12524156	SAMN15806780	TN1408	TN1408	Oryza sativa	TN1408				China:Hunan	ILLUMINA	PAIRED	6885183300
SRR12524169	SAMN15806768	Teyou2035	Teyou2035	Oryza sativa	Teyou2035				China:Henan	ILLUMINA	PAIRED	7138804800
SRR12524179	SAMN15806759	Taihui973	Taihui973	Oryza sativa	Taihui973				China:Sichuan	ILLUMINA	PAIRED	7575111000
SRR12524182	SAMN15806756	Taihui187	Taihui187	Oryza sativa	Taihui187				China:Sichuan	ILLUMINA	PAIRED	7848575700
SRR12524184	SAMN15806754	TaifengA	TaifengA	Oryza sativa	TaifengA				China:Guangdong	ILLUMINA	PAIRED	7178227200
SRR12524186	SAMN15805970	AoR15	AoR15	Oryza sativa	AoR15				China:Hunan	ILLUMINA	PAIRED	7771952100
SRR12524189	SAMN15806750	T315	T315	Oryza sativa	T315				China:Guangxi	ILLUMINA	PAIRED	6479826300
SRR12524192	SAMN15806747	T91S	T91S	Oryza sativa	T91S				China:Hunan	ILLUMINA	PAIRED	7490881200
SRR12524197	SAMN15805969	Aolong1S	Aolong1S	Oryza sativa	Aolong1S				China:Hunan	ILLUMINA	PAIRED	7831029900
SRR12524198	SAMN15806742	T31A	T31A	Oryza sativa	T31A				China:Fujian	ILLUMINA	PAIRED	7309518000
SRR12524203	SAMN15806737	Shuiyuan317	Shuiyuan317	Oryza sativa	Shuiyuan317				China:Korea	ILLUMINA	PAIRED	8601946200
SRR12524207	SAMN15806733	Shuhui538	Shuhui538	Oryza sativa	Shuhui538				China:Sichuan	ILLUMINA	PAIRED	7344516600
SRR12524213	SAMN15806728	Shuhui257	Shuhui257	Oryza sativa	Shuhui257				China:Sichuan	ILLUMINA	PAIRED	9969350400
SRR12524214	SAMN15806727	Shuhui204	Shuhui204	Oryza sativa	Shuhui204				China:Sichuan	ILLUMINA	PAIRED	6189760500
SRR12524219	SAMN15805967	Anyuzao1hao	Anyuzao1hao	Oryza sativa	Anyuzao1hao				China:Anhui	ILLUMINA	PAIRED	6264970200
SRR12524243	SAMN15806701	Ronghui906	Ronghui906	Oryza sativa	Ronghui906				China:Sichuan	ILLUMINA	PAIRED	7483206300
SRR12524244	SAMN15806700	RongfengA	RongfengA	Oryza sativa	RongfengA				China:Guangdong	ILLUMINA	PAIRED	6977685900
SRR12524246	SAMN15806698	Ribenzhong	Ribenzhong	Oryza sativa	Ribenzhong				China:Japan	ILLUMINA	PAIRED	6243093000
SRR12524249	SAMN15806695	RGD-7S	RGD-7S	Oryza sativa	RGD-7S				China:Guangdong	ILLUMINA	PAIRED	9234957600
SRR12524257	SAMN15806688	R6547	R6547	Oryza sativa	R6547				China:Jiangsu	ILLUMINA	PAIRED	7008338400
SRR12524258	SAMN15806687	R6135	R6135	Oryza sativa	R6135				China:Hunan	ILLUMINA	PAIRED	8206891500
SRR12524266	SAMN15806681	R2618	R2618	Oryza sativa	R2618				China:Hubei	ILLUMINA	PAIRED	9206335500
SRR12524268	SAMN15806679	R2122	R2122	Oryza sativa	R2122				China:Hunan	ILLUMINA	PAIRED	9174081900
SRR12524273	SAMN15806674	R1586	R1586	Oryza sativa	R1586				China:Hainan	ILLUMINA	PAIRED	7792063800
SRR12524275	SAMN15805962	Aizhan43S	Aizhan43S	Oryza sativa	Aizhan43S				China:Anhui	ILLUMINA	PAIRED	8464452300
SRR12524277	SAMN15806671	R1468	R1468	Oryza sativa	R1468				China:Hubei	ILLUMINA	PAIRED	8596869000
SRR12524278	SAMN15806670	R1288	R1288	Oryza sativa	R1288				China:Hainan	ILLUMINA	PAIRED	8507020500
SRR12524280	SAMN15806668	R1202	R1202	Oryza sativa	R1202				China:Guangxi	ILLUMINA	PAIRED	7016014500
SRR12524283	SAMN15806665	R1141	R1141	Oryza sativa	R1141				China:Hunan	ILLUMINA	PAIRED	8320923300
SRR12524284	SAMN15806664	R1106	R1106	Oryza sativa	R1106				China:Hubei	ILLUMINA	PAIRED	7049628000
SRR12524292	SAMN15806657	R991	R991	Oryza sativa	R991				China:Guangxi	ILLUMINA	PAIRED	6275375100
SRR12524294	SAMN15806655	R980	R980	Oryza sativa	R980				China:Hunan	ILLUMINA	PAIRED	8184303600
SRR12524301	SAMN15806649	R865	R865	Oryza sativa	R865				China:Hainan	ILLUMINA	PAIRED	9375541200
SRR12524302	SAMN15806648	R776	R776	Oryza sativa	R776				China:Hunan	ILLUMINA	PAIRED	7111106700
SRR12524310	SAMN15806641	R583	R583	Oryza sativa	R583				China:Hunan	ILLUMINA	PAIRED	6779954400
SRR12524317	SAMN15806634	R476	R476	Oryza sativa	R476				China:Hubei	ILLUMINA	PAIRED	6409758900
SRR12524320	SAMN15806632	R363	R363	Oryza sativa	R363				China:Sichuan	ILLUMINA	PAIRED	7468814700
SRR12524324	SAMN15806628	R325	R325	Oryza sativa	R325				China:Jiangxi	ILLUMINA	PAIRED	6686946000
SRR12524330	SAMN15805957	Aihuangmi	Aihuangmi	Oryza sativa	Aihuangmi				China:Hunan	ILLUMINA	PAIRED	7950703200
SRR12525009	SAMN15892217	Plant sample from Oryza sativa	Inbred-F2-277	Oryza sativa	Inbred-F2-277				China: Hunan	ILLUMINA	SINGLE	18097199
SRR12525013	SAMN15892213	Plant sample from Oryza sativa	Inbred-F2-272	Oryza sativa	Inbred-F2-272				China: Hunan	ILLUMINA	SINGLE	33027750
SRR12525020	SAMN15892207	Plant sample from Oryza sativa	Inbred-F2-261	Oryza sativa	Inbred-F2-261				China: Hunan	ILLUMINA	SINGLE	171813140
SRR12525024	SAMN15892203	Plant sample from Oryza sativa	Inbred-F2-251	Oryza sativa	Inbred-F2-251				China: Hunan	ILLUMINA	SINGLE	20619500
SRR12525031	SAMN15892197	Plant sample from Oryza sativa	Inbred-F2-230	Oryza sativa	Inbred-F2-230				China: Hunan	ILLUMINA	SINGLE	91004388
SRR12525034	SAMN15892194	Plant sample from Oryza sativa	Inbred-F2-224	Oryza sativa	Inbred-F2-224				China: Hunan	ILLUMINA	SINGLE	106311447
SRR12525036	SAMN15892192	Plant sample from Oryza sativa	Inbred-F2-205	Oryza sativa	Inbred-F2-205				China: Hunan	ILLUMINA	SINGLE	76856500
SRR12525037	SAMN15892191	Plant sample from Oryza sativa	Inbred-F2-201	Oryza sativa	Inbred-F2-201				China: Hunan	ILLUMINA	SINGLE	51664769
SRR12525040	SAMN15892188	Plant sample from Oryza sativa	Inbred-F2-196	Oryza sativa	Inbred-F2-196				China: Hunan	ILLUMINA	SINGLE	30930250
SRR12525042	SAMN15892186	Plant sample from Oryza sativa	Inbred-F2-187	Oryza sativa	Inbred-F2-187				China: Hunan	ILLUMINA	SINGLE	36152375
SRR12525043	SAMN15892185	Plant sample from Oryza sativa	Inbred-F2-176	Oryza sativa	Inbred-F2-176				China: Hunan	ILLUMINA	SINGLE	151165300
SRR12525048	SAMN15892180	Plant sample from Oryza sativa	Inbred-F2-157	Oryza sativa	Inbred-F2-157				China: Hunan	ILLUMINA	SINGLE	27511771
SRR12525052	SAMN15892177	Plant sample from Oryza sativa	Inbred-F2-152	Oryza sativa	Inbred-F2-152				China: Hunan	ILLUMINA	SINGLE	164786750
SRR12525056	SAMN15892173	Plant sample from Oryza sativa	Inbred-F2-137	Oryza sativa	Inbred-F2-137				China: Hunan	ILLUMINA	SINGLE	34616125
SRR12525067	SAMN15892162	Plant sample from Oryza sativa	Inbred-F2-99	Oryza sativa	Inbred-F2-99				China: Hunan	ILLUMINA	SINGLE	74945000
SRR12525069	SAMN15892160	Plant sample from Oryza sativa	Inbred-F2-93	Oryza sativa	Inbred-F2-93				China: Hunan	ILLUMINA	SINGLE	52642125
SRR12525071	SAMN15892159	Plant sample from Oryza sativa	Inbred-F2-92	Oryza sativa	Inbred-F2-92				China: Hunan	ILLUMINA	SINGLE	16986000
SRR12525075	SAMN15892155	Plant sample from Oryza sativa	Inbred-F2-82	Oryza sativa	Inbred-F2-82				China: Hunan	ILLUMINA	SINGLE	27573375
SRR12525080	SAMN15892150	Plant sample from Oryza sativa	Inbred-F2-64	Oryza sativa	Inbred-F2-64				China: Hunan	ILLUMINA	SINGLE	109956500
SRR12525084	SAMN15892146	Plant sample from Oryza sativa	Inbred-F2-55	Oryza sativa	Inbred-F2-55				China: Hunan	ILLUMINA	SINGLE	24170098
SRR12525090	SAMN15892341	Plant sample from Oryza sativa	Inbred-F2-619	Oryza sativa	Inbred-F2-619				China: Hunan	ILLUMINA	SINGLE	26322000
SRR12525093	SAMN15892339	Plant sample from Oryza sativa	Inbred-F2-614	Oryza sativa	Inbred-F2-614				China: Hunan	ILLUMINA	SINGLE	23955625
SRR12525097	SAMN15892335	Plant sample from Oryza sativa	Inbred-F2-606	Oryza sativa	Inbred-F2-606				China: Hunan	ILLUMINA	SINGLE	36094750
SRR12525103	SAMN15892141	Plant sample from Oryza sativa	Inbred-F2-43	Oryza sativa	Inbred-F2-43				China: Hunan	ILLUMINA	SINGLE	40243375
SRR12525107	SAMN15892326	Plant sample from Oryza sativa	Inbred-F2-584	Oryza sativa	Inbred-F2-584				China: Hunan	ILLUMINA	SINGLE	101249101
SRR12525111	SAMN15892322	Plant sample from Oryza sativa	Inbred-F2-577	Oryza sativa	Inbred-F2-577				China: Hunan	ILLUMINA	SINGLE	37661625
SRR12525114	SAMN15892140	Plant sample from Oryza sativa	Inbred-F2-40	Oryza sativa	Inbred-F2-40				China: Hunan	ILLUMINA	SINGLE	69785661
SRR12525129	SAMN15892307	Plant sample from Oryza sativa	Inbred-F2-542	Oryza sativa	Inbred-F2-542				China: Hunan	ILLUMINA	SINGLE	49543500
SRR12525130	SAMN15892306	Plant sample from Oryza sativa	Inbred-F2-541	Oryza sativa	Inbred-F2-541				China: Hunan	ILLUMINA	SINGLE	67084450
SRR12525131	SAMN15892305	Plant sample from Oryza sativa	Inbred-F2-538	Oryza sativa	Inbred-F2-538				China: Hunan	ILLUMINA	SINGLE	40512375
SRR12525143	SAMN15892294	Plant sample from Oryza sativa	Inbred-F2-492	Oryza sativa	Inbred-F2-492				China: Hunan	ILLUMINA	SINGLE	16728150
SRR12525145	SAMN15892292	Plant sample from Oryza sativa	Inbred-F2-484	Oryza sativa	Inbred-F2-484				China: Hunan	ILLUMINA	SINGLE	101278654
SRR12525149	SAMN15892289	Plant sample from Oryza sativa	Inbred-F2-477	Oryza sativa	Inbred-F2-477				China: Hunan	ILLUMINA	SINGLE	102764874
SRR12525150	SAMN15892288	Plant sample from Oryza sativa	Inbred-F2-475	Oryza sativa	Inbred-F2-475				China: Hunan	ILLUMINA	SINGLE	65739473
SRR12525151	SAMN15892287	Plant sample from Oryza sativa	Inbred-F2-473	Oryza sativa	Inbred-F2-473				China: Hunan	ILLUMINA	SINGLE	100134413
SRR12525155	SAMN15892283	Plant sample from Oryza sativa	Inbred-F2-468	Oryza sativa	Inbred-F2-468				China: Hunan	ILLUMINA	SINGLE	77749375
SRR12525160	SAMN15892278	Plant sample from Oryza sativa	Inbred-F2-456	Oryza sativa	Inbred-F2-456				China: Hunan	ILLUMINA	SINGLE	45634817
SRR12525168	SAMN15892270	Plant sample from Oryza sativa	Inbred-F2-422	Oryza sativa	Inbred-F2-422				China: Hunan	ILLUMINA	PAIRED	60270013
SRR12525179	SAMN15892260	Plant sample from Oryza sativa	Inbred-F2-398	Oryza sativa	Inbred-F2-398				China: Hunan	ILLUMINA	SINGLE	51148896
SRR12525184	SAMN15892256	Plant sample from Oryza sativa	Inbred-F2-392	Oryza sativa	Inbred-F2-392				China: Hunan	ILLUMINA	SINGLE	20318692
SRR12525186	SAMN15892254	Plant sample from Oryza sativa	Inbred-F2-389	Oryza sativa	Inbred-F2-389				China: Hunan	ILLUMINA	SINGLE	63980750
SRR12525188	SAMN15892252	Plant sample from Oryza sativa	Inbred-F2-387	Oryza sativa	Inbred-F2-387				China: Hunan	ILLUMINA	SINGLE	70810750
SRR12525199	SAMN15892242	Plant sample from Oryza sativa	Inbred-F2-358	Oryza sativa	Inbred-F2-358				China: Hunan	ILLUMINA	SINGLE	64042875
SRR12525201	SAMN15892240	Plant sample from Oryza sativa	Inbred-F2-346	Oryza sativa	Inbred-F2-346				China: Hunan	ILLUMINA	SINGLE	10075748
SRR12525202	SAMN15892132	Plant sample from Oryza sativa	Inbred-F2-16	Oryza sativa	Inbred-F2-16				China: Hunan	ILLUMINA	SINGLE	43265625
SRR12525209	SAMN15892233	Plant sample from Oryza sativa	Inbred-F2-331	Oryza sativa	Inbred-F2-331				China: Hunan	ILLUMINA	SINGLE	48440473
SRR12525216	SAMN15892227	Plant sample from Oryza sativa	Inbred-F2-309	Oryza sativa	Inbred-F2-309				China: Hunan	ILLUMINA	SINGLE	70872500
SRR12525221	SAMN15892222	Plant sample from Oryza sativa	Inbred-F2-296	Oryza sativa	Inbred-F2-296				China: Hunan	ILLUMINA	SINGLE	85341625
SRR12545188	SAMN15929517	Plant sample from Oryza sativa	Oryza sativa cB 117425 leaf	Oryza sativa	IRGC 117425				India: 25 N 34m s, 91 E 53m s, unknown uncertainty (diameter in m)	ILLUMINA	PAIRED	5670134200
SRR12545229	SAMN15929538	Plant sample from Oryza sativa	Oryza sativa XI-2A 132424 root	Oryza sativa	IRGC 132424				Bangladesh: 23 N 36m 42s, 90 E 20m 23s, 391450 uncertainty (diameter in m)	ILLUMINA	PAIRED	6868020334
SRR12575797	SAMN15951860	Plant sample from Oryza sativa	Inbred-F2-580	Oryza sativa	Inbred-F2-580				China: Hunan	ILLUMINA	SINGLE	111554625
SRR12575798	SAMN15951859	Plant sample from Oryza sativa	Inbred-F2-579	Oryza sativa	Inbred-F2-579				China: Hunan	ILLUMINA	SINGLE	99787500
SRR12575803	SAMN15951658	Plant sample from Oryza sativa	P-RH78-3	Oryza sativa	P-RH78-3				China: Hunan	ILLUMINA	SINGLE	2856234750
SRR12575810	SAMN15951849	Plant sample from Oryza sativa	Inbred-F2-555	Oryza sativa	Inbred-F2-555				China: Hunan	ILLUMINA	SINGLE	55139000
SRR12575812	SAMN15951847	Plant sample from Oryza sativa	Inbred-F2-553	Oryza sativa	Inbred-F2-553				China: Hunan	ILLUMINA	SINGLE	47645875
SRR12575815	SAMN15951845	Plant sample from Oryza sativa	Inbred-F2-547	Oryza sativa	Inbred-F2-547				China: Hunan	ILLUMINA	SINGLE	60143750
SRR12575816	SAMN15951844	Plant sample from Oryza sativa	Inbred-F2-545	Oryza sativa	Inbred-F2-545				China: Hunan	ILLUMINA	SINGLE	99947750
SRR12575820	SAMN15951840	Plant sample from Oryza sativa	Inbred-F2-533	Oryza sativa	Inbred-F2-533				China: Hunan	ILLUMINA	SINGLE	44431000
SRR12575829	SAMN15951832	Plant sample from Oryza sativa	Inbred-F2-503	Oryza sativa	Inbred-F2-503				China: Hunan	ILLUMINA	SINGLE	18144750
SRR12575832	SAMN15951829	Plant sample from Oryza sativa	Inbred-F2-489	Oryza sativa	Inbred-F2-489				China: Hunan	ILLUMINA	SINGLE	45428750
SRR12575836	SAMN15951673	Plant sample from Oryza sativa	Inbred-F2-28	Oryza sativa	Inbred-F2-28				China: Hunan	ILLUMINA	SINGLE	16714050
SRR12575840	SAMN15951822	Plant sample from Oryza sativa	Inbred-F2-472	Oryza sativa	Inbred-F2-472				China: Hunan	ILLUMINA	SINGLE	93738000
SRR12575850	SAMN15951813	Plant sample from Oryza sativa	Inbred-F2-452	Oryza sativa	Inbred-F2-452				China: Hunan	ILLUMINA	SINGLE	68779500
SRR12575858	SAMN15951671	Plant sample from Oryza sativa	Inbred-F2-22	Oryza sativa	Inbred-F2-22				China: Hunan	ILLUMINA	SINGLE	87385124
SRR12575865	SAMN15951799	Plant sample from Oryza sativa	Inbred-F2-405	Oryza sativa	Inbred-F2-405				China: Hunan	ILLUMINA	SINGLE	85526375
SRR12575868	SAMN15951796	Plant sample from Oryza sativa	Inbred-F2-398	Oryza sativa	Inbred-F2-398				China: Hunan	ILLUMINA	SINGLE	51148875
SRR12575871	SAMN15951794	Plant sample from Oryza sativa	Inbred-F2-395	Oryza sativa	Inbred-F2-395				China: Hunan	ILLUMINA	SINGLE	7074900
SRR12575873	SAMN15951792	Plant sample from Oryza sativa	Inbred-F2-392	Oryza sativa	Inbred-F2-392				China: Hunan	ILLUMINA	SINGLE	20318625
SRR12575882	SAMN15951784	Plant sample from Oryza sativa	Inbred-F2-380	Oryza sativa	Inbred-F2-380				China: Hunan	ILLUMINA	SINGLE	112273500
SRR12575885	SAMN15951781	Plant sample from Oryza sativa	Inbred-F2-372	Oryza sativa	Inbred-F2-372				China: Hunan	ILLUMINA	SINGLE	73983750
SRR12575894	SAMN15951773	Plant sample from Oryza sativa	Inbred-F2-343	Oryza sativa	Inbred-F2-343				China: Hunan	ILLUMINA	SINGLE	64867125
SRR12575897	SAMN15951770	Plant sample from Oryza sativa	Inbred-F2-332	Oryza sativa	Inbred-F2-332				China: Hunan	ILLUMINA	SINGLE	44616375
SRR12575898	SAMN15951769	Plant sample from Oryza sativa	Inbred-F2-331	Oryza sativa	Inbred-F2-331				China: Hunan	ILLUMINA	SINGLE	48440375
SRR12575899	SAMN15951768	Plant sample from Oryza sativa	Inbred-F2-328	Oryza sativa	Inbred-F2-328				China: Hunan	ILLUMINA	SINGLE	87222125
SRR12575903	SAMN15951765	Plant sample from Oryza sativa	Inbred-F2-311	Oryza sativa	Inbred-F2-311				China: Hunan	ILLUMINA	SINGLE	36664250
SRR12575905	SAMN15951763	Plant sample from Oryza sativa	Inbred-F2-309	Oryza sativa	Inbred-F2-309				China: Hunan	ILLUMINA	SINGLE	70872375
SRR12575912	SAMN15951754	Plant sample from Oryza sativa	Inbred-F2-278	Oryza sativa	Inbred-F2-278				China: Hunan	ILLUMINA	SINGLE	1852950
SRR12575924	SAMN15951743	Plant sample from Oryza sativa	Inbred-F2-261	Oryza sativa	Inbred-F2-261				China: Hunan	ILLUMINA	SINGLE	171813125
SRR12575925	SAMN15951742	Plant sample from Oryza sativa	Inbred-F2-258	Oryza sativa	Inbred-F2-258				China: Hunan	ILLUMINA	SINGLE	19439100
SRR12575935	SAMN15951733	Plant sample from Oryza sativa	Inbred-F2-230	Oryza sativa	Inbred-F2-230				China: Hunan	ILLUMINA	SINGLE	91004270
SRR12575939	SAMN15951729	Plant sample from Oryza sativa	Inbred-F2-209	Oryza sativa	Inbred-F2-209				China: Hunan	ILLUMINA	SINGLE	49611625
SRR12575941	SAMN15951727	Plant sample from Oryza sativa	Inbred-F2-201	Oryza sativa	Inbred-F2-201				China: Hunan	ILLUMINA	SINGLE	51664750
SRR12575946	SAMN15951723	Plant sample from Oryza sativa	Inbred-F2-194	Oryza sativa	Inbred-F2-194				China: Hunan	ILLUMINA	SINGLE	125205750
SRR12575950	SAMN15951719	Plant sample from Oryza sativa	Inbred-F2-171	Oryza sativa	Inbred-F2-171				China: Hunan	ILLUMINA	SINGLE	120013125
SRR12575951	SAMN15951718	Plant sample from Oryza sativa	Inbred-F2-168	Oryza sativa	Inbred-F2-168				China: Hunan	ILLUMINA	SINGLE	3234900
SRR12575957	SAMN15951713	Plant sample from Oryza sativa	Inbred-F2-152	Oryza sativa	Inbred-F2-152				China: Hunan	ILLUMINA	SINGLE	164786750
SRR12575960	SAMN15951710	Plant sample from Oryza sativa	Inbred-F2-140	Oryza sativa	Inbred-F2-140				China: Hunan	ILLUMINA	SINGLE	102399750
SRR12575963	SAMN15951707	Plant sample from Oryza sativa	Inbred-F2-127	Oryza sativa	Inbred-F2-127				China: Hunan	ILLUMINA	SINGLE	31933875
SRR12575972	SAMN15951699	Plant sample from Oryza sativa	Inbred-F2-102	Oryza sativa	Inbred-F2-102				China: Hunan	ILLUMINA	SINGLE	79641500
SRR12575981	SAMN15951691	Plant sample from Oryza sativa	Inbred-F2-82	Oryza sativa	Inbred-F2-82				China: Hunan	ILLUMINA	SINGLE	27573250
SRR12575984	SAMN15951688	Plant sample from Oryza sativa	Inbred-F2-67	Oryza sativa	Inbred-F2-67				China: Hunan	ILLUMINA	SINGLE	94973875
SRR12575985	SAMN15951687	Plant sample from Oryza sativa	Inbred-F2-66	Oryza sativa	Inbred-F2-66				China: Hunan	ILLUMINA	SINGLE	81497375
SRR12575989	SAMN15951684	Plant sample from Oryza sativa	Inbred-F2-58	Oryza sativa	Inbred-F2-58				China: Hunan	ILLUMINA	SINGLE	26285625
SRR12575999	SAMN15951678	Plant sample from Oryza sativa	Inbred-F2-50	Oryza sativa	Inbred-F2-50				China: Hunan	ILLUMINA	SINGLE	32494750
SRR12576002	SAMN15951873	Plant sample from Oryza sativa	Inbred-F2-610	Oryza sativa	Inbred-F2-610				China: Hunan	ILLUMINA	SINGLE	1164450
SRR12576004	SAMN15951871	Plant sample from Oryza sativa	Inbred-F2-606	Oryza sativa	Inbred-F2-606				China: Hunan	ILLUMINA	SINGLE	36094750
SRR12576007	SAMN15951868	Plant sample from Oryza sativa	Inbred-F2-597	Oryza sativa	Inbred-F2-597				China: Hunan	ILLUMINA	SINGLE	71610375
SRR12576010	SAMN15951757	Plant sample from Oryza sativa	Inbred-F2-285	Oryza sativa	Inbred-F2-285				China: Hunan	ILLUMINA	SINGLE	26240625
SRR12576012	SAMN15951666	Plant sample from Oryza sativa	Inbred-F2-3	Oryza sativa	Inbred-F2-3				China: Hunan	ILLUMINA	SINGLE	5528850
SRR12576013	SAMN15951657	Plant sample from Oryza sativa	P-RH78-2	Oryza sativa	P-RH78-2				China: Hunan	ILLUMINA	SINGLE	2968769250
SRR12643977	SAMN16115968	Taichung Native 1 (TN1) rice genome assembly	Taichung Native 1 (TN1) rice genome	Oryza sativa	Taichung Native 1 (TN1)					PACBIO_SMRT	SINGLE	3724323708
SRR12643980	SAMN16115968	Taichung Native 1 (TN1) rice genome assembly	Taichung Native 1 (TN1) rice genome	Oryza sativa	Taichung Native 1 (TN1)					ILLUMINA	PAIRED	1889249002
SRR12643993	SAMN16115968	Taichung Native 1 (TN1) rice genome assembly	Taichung Native 1 (TN1) rice genome	Oryza sativa	Taichung Native 1 (TN1)					PACBIO_SMRT	SINGLE	2836959459
SRR1269686	SAMN02743536	Plant sample from Oryza sativa	X9	Oryza sativa	X9				missing	ILLUMINA	PAIRED	3765241600
SRR12701903	SAMN16203617	Plant sample from Oryza sativa	RWG-396	Oryza sativa			indica		South Korea	ILLUMINA	PAIRED	7759985734
SRR12701905	SAMN16203615	Plant sample from Oryza sativa	RWG-394	Oryza sativa			indica		South Korea	ILLUMINA	PAIRED	7457214426
SRR12701906	SAMN16203614	Plant sample from Oryza sativa	RWG-393	Oryza sativa			indica		South Korea	ILLUMINA	PAIRED	9242677988
SRR12701914	SAMN16203607	Plant sample from Oryza sativa	RWG-386	Oryza sativa			indica		South Korea	ILLUMINA	PAIRED	9229807956
SRR12701918	SAMN16203603	Plant sample from Oryza sativa	RWG-382	Oryza sativa			Temperate japonica		Japan	ILLUMINA	PAIRED	7795439930
SRR12701923	SAMN16203599	Plant sample from Oryza sativa	RWG-378	Oryza sativa			Temperate japonica		South Korea	ILLUMINA	PAIRED	6997289566
SRR12701932	SAMN16203590	Plant sample from Oryza sativa	RWG-369	Oryza sativa			Temperate japonica		South Korea	ILLUMINA	PAIRED	7791442960
SRR12701939	SAMN16203584	Plant sample from Oryza sativa	RWG-363	Oryza sativa			Temperate japonica		South Korea	ILLUMINA	PAIRED	7390264650
SRR12701943	SAMN16203580	Plant sample from Oryza sativa	RWG-359	Oryza sativa			Temperate japonica		South Korea	ILLUMINA	PAIRED	6731296120
SRR12701951	SAMN16203573	Plant sample from Oryza sativa	RWG-352	Oryza sativa			Temperate japonica		South Korea	ILLUMINA	PAIRED	10154491488
SRR12701959	SAMN16203566	Plant sample from Oryza sativa	RWG-345	Oryza sativa			Temperate japonica		South Korea	ILLUMINA	PAIRED	6864011228
SRR12701973	SAMN16203553	Plant sample from Oryza sativa	RWG-332	Oryza sativa			indica		South Korea	ILLUMINA	PAIRED	8058893858
SRR12701982	SAMN16203545	Plant sample from Oryza sativa	RWG-324	Oryza sativa			Temperate japonica		South Korea	ILLUMINA	PAIRED	8489458882
SRR12701989	SAMN16203712	Plant sample from Oryza sativa	DNA-A4	Oryza sativa			indica		missing	ILLUMINA	PAIRED	47146598630
SRR12701992	SAMN16203539	Plant sample from Oryza sativa	RWG-318	Oryza sativa			Temperate japonica		South Korea	ILLUMINA	PAIRED	18269539528
SRR12702056	SAMN16203651	Plant sample from Oryza sativa	RWG-430	Oryza sativa			Temperate japonica		missing	ILLUMINA	PAIRED	7975508638
SRR12702059	SAMN16203649	Plant sample from Oryza sativa	RWG-428	Oryza sativa			Temperate japonica		missing	ILLUMINA	PAIRED	7252585870
SRR12702061	SAMN16203647	Plant sample from Oryza sativa	RWG-426	Oryza sativa			indica		missing	ILLUMINA	PAIRED	6944375240
SRR12702062	SAMN16203646	Plant sample from Oryza sativa	RWG-425	Oryza sativa			Temperate japonica		missing	ILLUMINA	PAIRED	6849988160
SRR12702065	SAMN16203643	Plant sample from Oryza sativa	RWG-422	Oryza sativa			Temperate japonica		South Korea	ILLUMINA	PAIRED	8901161590
SRR12702074	SAMN16203635	Plant sample from Oryza sativa	RWG-414	Oryza sativa			Temperate japonica		Japan	ILLUMINA	PAIRED	7411420656
SRR12702089	SAMN16203621	Plant sample from Oryza sativa	RWG-400	Oryza sativa			indica		South Korea	ILLUMINA	PAIRED	8536846306
SRR12771855	SAMN15829688	Plant sample from Oryza sativa	261	Oryza sativa	261				China: Hunan	ILLUMINA	SINGLE	171813140
SRR12771882	SAMN15829662	Plant sample from Oryza sativa	157	Oryza sativa	157				China: Hunan	ILLUMINA	SINGLE	27511771
SRR12771887	SAMN15829657	Plant sample from Oryza sativa	146	Oryza sativa	146				China: Hunan	ILLUMINA	SINGLE	114328361
SRR12771889	SAMN15829655	Plant sample from Oryza sativa	137	Oryza sativa	137				China: Hunan	ILLUMINA	SINGLE	34151750
SRR12771894	SAMN15829650	Plant sample from Oryza sativa	119	Oryza sativa	119				China: Hunan	ILLUMINA	SINGLE	3864600
SRR12771896	SAMN15829648	Plant sample from Oryza sativa	114	Oryza sativa	114				China: Hunan	ILLUMINA	SINGLE	41013000
SRR12771901	SAMN15829643	Plant sample from Oryza sativa	95	Oryza sativa	95				China: Hunan	ILLUMINA	SINGLE	46830250
SRR12771905	SAMN15829640	Plant sample from Oryza sativa	91	Oryza sativa	91				China: Hunan	ILLUMINA	SINGLE	19894660
SRR12771910	SAMN15829634	Plant sample from Oryza sativa	66	Oryza sativa	66				China: Hunan	ILLUMINA	SINGLE	81497500
SRR12771913	SAMN15829631	Plant sample from Oryza sativa	58	Oryza sativa	58				China: Hunan	ILLUMINA	SINGLE	26285750
SRR12771928	SAMN15829762	Plant sample from Oryza sativa	615	Oryza sativa	615				China: Hunan	ILLUMINA	SINGLE	7845450
SRR12771929	SAMN15829761	Plant sample from Oryza sativa	614	Oryza sativa	614				China: Hunan	ILLUMINA	SINGLE	23955625
SRR12771930	SAMN15829760	Plant sample from Oryza sativa	612	Oryza sativa	612				China: Hunan	ILLUMINA	SINGLE	41238875
SRR12771939	SAMN15829752	Plant sample from Oryza sativa	567	Oryza sativa	567				China: Hunan	ILLUMINA	SINGLE	29565745
SRR12771940	SAMN15829751	Plant sample from Oryza sativa	566	Oryza sativa	566				China: Hunan	ILLUMINA	SINGLE	131557625
SRR12771942	SAMN15829749	Plant sample from Oryza sativa	560	Oryza sativa	560				China: Hunan	ILLUMINA	SINGLE	44254122
SRR12771950	SAMN15829742	Plant sample from Oryza sativa	538	Oryza sativa	538				China: Hunan	ILLUMINA	SINGLE	40512375
SRR12771963	SAMN15829730	Plant sample from Oryza sativa	464	Oryza sativa	464				China: Hunan	ILLUMINA	SINGLE	20163638
SRR12771966	SAMN15829727	Plant sample from Oryza sativa	441	Oryza sativa	441				China: Hunan	ILLUMINA	SINGLE	140786625
SRR12771973	SAMN15829721	Plant sample from Oryza sativa	405	Oryza sativa	405				China: Hunan	ILLUMINA	SINGLE	85526500
SRR12771977	SAMN15829717	Plant sample from Oryza sativa	392	Oryza sativa	392				China: Hunan	ILLUMINA	SINGLE	22347119
SRR12771980	SAMN15829714	Plant sample from Oryza sativa	380	Oryza sativa	380				China: Hunan	ILLUMINA	SINGLE	112273620
SRR12777939	SAMN16288134	Plant leaf sample from Oryza sativa	ADT43	Oryza sativa	ADT43				India	ILLUMINA	PAIRED	20347498312
SRR12998567	SAMN16686048	Plant sample from Oryza sativa	T-pool	Oryza sativa	Gao		Paddyfield		China:Nanning	ILLUMINA	PAIRED	26010226929
SRR12998569	SAMN16686046	Plant sample from Oryza sativa	Huanghuazhan	Oryza sativa	V1		Paddyfield		China:Nanning	ILLUMINA	PAIRED	16767887218
SRR13014064	SAMN16685959	Plant sample from Oryza sativa	GMS097	Oryza sativa	HOHAI				Japan	ILLUMINA	PAIRED	1290045900
SRR13014066	SAMN16685957	Plant sample from Oryza sativa	GMS095	Oryza sativa	MIZUKAGAMI				Japan	ILLUMINA	PAIRED	1479981300
SRR13014068	SAMN16685955	Plant sample from Oryza sativa	GMS093	Oryza sativa	YUKISAYAKA				Japan	ILLUMINA	PAIRED	1436957400
SRR13014069	SAMN16685954	Plant sample from Oryza sativa	GMS092	Oryza sativa	SAINOKIZUNA				Japan	ILLUMINA	PAIRED	1564225500
SRR13014075	SAMN16685949	Plant sample from Oryza sativa	GMS087	Oryza sativa	TSUYAHIME				Japan	ILLUMINA	PAIRED	1357941900
SRR13014082	SAMN16685871	Plant sample from Oryza sativa	GMS009	Oryza sativa	AKAGE_5				Japan	ILLUMINA	PAIRED	1892842800
SRR13014085	SAMN16685940	Plant sample from Oryza sativa	GMS078	Oryza sativa	NASUHIKARI				Japan	ILLUMINA	PAIRED	1409979300
SRR13014086	SAMN16685939	Plant sample from Oryza sativa	GMS077	Oryza sativa	KINUMUSUME				Japan	ILLUMINA	PAIRED	1173910800
SRR13014087	SAMN16685938	Plant sample from Oryza sativa	GMS076	Oryza sativa	IKUHIKARI				Japan	ILLUMINA	PAIRED	1218143400
SRR13014088	SAMN16685937	Plant sample from Oryza sativa	GMS075	Oryza sativa	FUKKURINKO				Japan	ILLUMINA	PAIRED	1233082500
SRR13014101	SAMN16685925	Plant sample from Oryza sativa	GMS063	Oryza sativa	MORINOKUMASAN				Japan	ILLUMINA	PAIRED	1385090400
SRR13014102	SAMN16685924	Plant sample from Oryza sativa	GMS062	Oryza sativa	HOSHINOYUME				Japan	ILLUMINA	PAIRED	3319505400
SRR13014106	SAMN16685921	Plant sample from Oryza sativa	GMS059	Oryza sativa	YUMETSUKUSHI				Japan	ILLUMINA	PAIRED	1290498900
SRR13014113	SAMN16685914	Plant sample from Oryza sativa	GMS052	Oryza sativa	OSETO				Japan	ILLUMINA	PAIRED	1721147100
SRR13014118	SAMN16685910	Plant sample from Oryza sativa	GMS048	Oryza sativa	SANEI				Japan	ILLUMINA	PAIRED	1778783200
SRR13014126	SAMN16685867	Plant sample from Oryza sativa	GMS005	Oryza sativa	AKAGE_1				Japan	ILLUMINA	PAIRED	1295819700
SRR13014133	SAMN16685896	Plant sample from Oryza sativa	GMS034	Oryza sativa	SHIROCHINKO				Japan	ILLUMINA	PAIRED	1176036300
SRR13014140	SAMN16685890	Plant sample from Oryza sativa	GMS028	Oryza sativa	SAKIGAKE				Japan	ILLUMINA	PAIRED	1723205700
SRR13014145	SAMN16685885	Plant sample from Oryza sativa	GMS023	Oryza sativa	TOGO				Japan	ILLUMINA	PAIRED	1686790200
SRR13014150	SAMN16685881	Plant sample from Oryza sativa	GMS019	Oryza sativa	MIKAWANISHIKI				Japan	ILLUMINA	PAIRED	4313396700
SRR13014161	SAMN16685863	Plant sample from Oryza sativa	GMS001	Oryza sativa	SHIRATAMA				Japan	ILLUMINA	PAIRED	1634018100
SRR13124155	SAMN16807869	Plant sample from Oryza sativa	W88_Re_seq	Oryza sativa	Allotetraploid derived from Nipponbare and 93-11				China	ILLUMINA	PAIRED	5022302500
SRR13124157	SAMN16807867	Plant sample from Oryza sativa	W86_Re_seq	Oryza sativa	Allotetraploid derived from Nipponbare and 93-11				China	ILLUMINA	PAIRED	4511151250
SRR13124162	SAMN16807862	Plant sample from Oryza sativa	W81_Re_seq	Oryza sativa	Allotetraploid derived from Nipponbare and 93-11				China	ILLUMINA	PAIRED	5501887750
SRR13124164	SAMN16807861	Plant sample from Oryza sativa	W80_Re_seq	Oryza sativa	Allotetraploid derived from Nipponbare and 93-11				China	ILLUMINA	PAIRED	4682935500
SRR13124174	SAMN16807789	Plant sample from Oryza sativa	W8_Re_seq	Oryza sativa	Allotetraploid derived from Nipponbare and 93-11				China	ILLUMINA	PAIRED	4114363000
SRR13124181	SAMN16807845	Plant sample from Oryza sativa	W64_Re_seq	Oryza sativa	Allotetraploid derived from Nipponbare and 93-11				China	ILLUMINA	PAIRED	5488760250
SRR13124196	SAMN16807787	Plant sample from Oryza sativa	W6_Re_seq	Oryza sativa	Allotetraploid derived from Nipponbare and 93-11				China	ILLUMINA	PAIRED	4362477750
SRR13124198	SAMN16807830	Plant sample from Oryza sativa	W49_Re_seq	Oryza sativa	Allotetraploid derived from Nipponbare and 93-11				China	ILLUMINA	PAIRED	4567177500
SRR13124199	SAMN16807829	Plant sample from Oryza sativa	W48_Re_seq	Oryza sativa	Allotetraploid derived from Nipponbare and 93-11				China	ILLUMINA	PAIRED	4232497250
SRR13124203	SAMN16807825	Plant sample from Oryza sativa	W44_Re_seq	Oryza sativa	Allotetraploid derived from Nipponbare and 93-11				China	ILLUMINA	PAIRED	5865913750
SRR13124205	SAMN16807823	Plant sample from Oryza sativa	W42_Re_seq	Oryza sativa	Allotetraploid derived from Nipponbare and 93-11				China	ILLUMINA	PAIRED	5409775000
SRR13124208	SAMN16807821	Plant sample from Oryza sativa	W40_Re_seq	Oryza sativa	Allotetraploid derived from Nipponbare and 93-11				China	ILLUMINA	PAIRED	4776368000
SRR13124214	SAMN16807815	Plant sample from Oryza sativa	W34_Re_seq	Oryza sativa	Allotetraploid derived from Nipponbare and 93-11				China	ILLUMINA	PAIRED	4478982340
SRR13124215	SAMN16807814	Plant sample from Oryza sativa	W33_Re_seq	Oryza sativa	Allotetraploid derived from Nipponbare and 93-11				China	ILLUMINA	PAIRED	3713104200
SRR13124225	SAMN16807805	Plant sample from Oryza sativa	W24_Re_seq	Oryza sativa	Allotetraploid derived from Nipponbare and 93-11				China	ILLUMINA	PAIRED	4210147250
SRR13124252	SAMN16807983	Plant sample from Oryza sativa	W202_Re_seq	Oryza sativa	Allotetraploid derived from Nipponbare and 93-11				China	ILLUMINA	PAIRED	5125304750
SRR13124254	SAMN16807802	Plant sample from Oryza sativa	W21_Re_seq	Oryza sativa	Allotetraploid derived from Nipponbare and 93-11				China	ILLUMINA	PAIRED	4798162250
SRR13124257	SAMN16807980	Plant sample from Oryza sativa	W199_Re_seq	Oryza sativa	Allotetraploid derived from Nipponbare and 93-11				China	ILLUMINA	PAIRED	5205441750
SRR13124260	SAMN16807977	Plant sample from Oryza sativa	W196_Re_seq	Oryza sativa	Allotetraploid derived from Nipponbare and 93-11				China	ILLUMINA	PAIRED	5795905000
SRR13124263	SAMN16807974	Plant sample from Oryza sativa	W193_Re_seq	Oryza sativa	Allotetraploid derived from Nipponbare and 93-11				China	ILLUMINA	PAIRED	4959684500
SRR13124267	SAMN16807971	Plant sample from Oryza sativa	W190_Re_seq	Oryza sativa	Allotetraploid derived from Nipponbare and 93-11				China	ILLUMINA	PAIRED	3904206300
SRR13124269	SAMN16807969	Plant sample from Oryza sativa	W188_Re_seq	Oryza sativa	Allotetraploid derived from Nipponbare and 93-11				China	ILLUMINA	PAIRED	4362682750
SRR13124271	SAMN16807967	Plant sample from Oryza sativa	W186_Re_seq	Oryza sativa	Allotetraploid derived from Nipponbare and 93-11				China	ILLUMINA	PAIRED	4820978500
SRR13124273	SAMN16807965	Plant sample from Oryza sativa	W184_Re_seq	Oryza sativa	Allotetraploid derived from Nipponbare and 93-11				China	ILLUMINA	PAIRED	4404902000
SRR13124276	SAMN16807962	Plant sample from Oryza sativa	W181_Re_seq	Oryza sativa	Allotetraploid derived from Nipponbare and 93-11				China	ILLUMINA	PAIRED	4077267250
SRR13124282	SAMN16807957	Plant sample from Oryza sativa	W176_Re_seq	Oryza sativa	Allotetraploid derived from Nipponbare and 93-11				China	ILLUMINA	PAIRED	3968149250
SRR13124286	SAMN16807953	Plant sample from Oryza sativa	W172_Re_seq	Oryza sativa	Allotetraploid derived from Nipponbare and 93-11				China	ILLUMINA	PAIRED	4513218750
SRR13124288	SAMN16807799	Plant sample from Oryza sativa	W18_Re_seq	Oryza sativa	Allotetraploid derived from Nipponbare and 93-11				China	ILLUMINA	PAIRED	5000897000
SRR13124294	SAMN16807946	Plant sample from Oryza sativa	W165_Re_seq	Oryza sativa	Allotetraploid derived from Nipponbare and 93-11				China	ILLUMINA	PAIRED	5277676750
SRR13124298	SAMN16807942	Plant sample from Oryza sativa	W161_Re_seq	Oryza sativa	Allotetraploid derived from Nipponbare and 93-11				China	ILLUMINA	PAIRED	5014010250
SRR13124307	SAMN16807934	Plant sample from Oryza sativa	W153_Re_seq	Oryza sativa	Allotetraploid derived from Nipponbare and 93-11				China	ILLUMINA	PAIRED	3207258000
SRR13124308	SAMN16807933	Plant sample from Oryza sativa	W152_Re_seq	Oryza sativa	Allotetraploid derived from Nipponbare and 93-11				China	ILLUMINA	PAIRED	4168714500
SRR13124313	SAMN16807929	Plant sample from Oryza sativa	W148_Re_seq	Oryza sativa	Allotetraploid derived from Nipponbare and 93-11				China	ILLUMINA	PAIRED	4467608000
SRR13124316	SAMN16807926	Plant sample from Oryza sativa	W145_Re_seq	Oryza sativa	Allotetraploid derived from Nipponbare and 93-11				China	ILLUMINA	PAIRED	4787748500
SRR13124320	SAMN16807922	Plant sample from Oryza sativa	W141_Re_seq	Oryza sativa	Allotetraploid derived from Nipponbare and 93-11				China	ILLUMINA	PAIRED	3420289000
SRR13124322	SAMN16807921	Plant sample from Oryza sativa	W140_Re_seq	Oryza sativa	Allotetraploid derived from Nipponbare and 93-11				China	ILLUMINA	PAIRED	5077724250
SRR13124332	SAMN16807795	Plant sample from Oryza sativa	W14_Re_seq	Oryza sativa	Allotetraploid derived from Nipponbare and 93-11				China	ILLUMINA	PAIRED	4013455250
SRR13124335	SAMN16807909	Plant sample from Oryza sativa	W128_Re_seq	Oryza sativa	Allotetraploid derived from Nipponbare and 93-11				China	ILLUMINA	PAIRED	4985270500
SRR13124339	SAMN16807905	Plant sample from Oryza sativa	W124_Re_seq	Oryza sativa	Allotetraploid derived from Nipponbare and 93-11				China	ILLUMINA	PAIRED	4497532750
SRR13124341	SAMN16807903	Plant sample from Oryza sativa	W122_Re_seq	Oryza sativa	Allotetraploid derived from Nipponbare and 93-11				China	ILLUMINA	PAIRED	4594863000
SRR13124347	SAMN16807898	Plant sample from Oryza sativa	W117_Re_seq	Oryza sativa	Allotetraploid derived from Nipponbare and 93-11				China	ILLUMINA	PAIRED	4320862000
SRR13124351	SAMN16807894	Plant sample from Oryza sativa	W113_Re_seq	Oryza sativa	Allotetraploid derived from Nipponbare and 93-11				China	ILLUMINA	PAIRED	4152333500
SRR13124352	SAMN16807893	Plant sample from Oryza sativa	W112_Re_seq	Oryza sativa	Allotetraploid derived from Nipponbare and 93-11				China	ILLUMINA	PAIRED	4256885250
SRR13124356	SAMN16807890	Plant sample from Oryza sativa	W109_Re_seq	Oryza sativa	Allotetraploid derived from Nipponbare and 93-11				China	ILLUMINA	PAIRED	4448023000
SRR13124358	SAMN16807888	Plant sample from Oryza sativa	W107_Re_seq	Oryza sativa	Allotetraploid derived from Nipponbare and 93-11				China	ILLUMINA	PAIRED	4598646750
SRR13124360	SAMN16807886	Plant sample from Oryza sativa	W105_Re_seq	Oryza sativa	Allotetraploid derived from Nipponbare and 93-11				China	ILLUMINA	PAIRED	4941185250
SRR13124363	SAMN16807883	Plant sample from Oryza sativa	W102_Re_seq	Oryza sativa	Allotetraploid derived from Nipponbare and 93-11				China	ILLUMINA	PAIRED	5197446000
SRR13124364	SAMN16807882	Plant sample from Oryza sativa	W101_Re_seq	Oryza sativa	Allotetraploid derived from Nipponbare and 93-11				China	ILLUMINA	PAIRED	4050940500
SRR13124365	SAMN16807792	Plant sample from Oryza sativa	W11_Re_seq	Oryza sativa	Allotetraploid derived from Nipponbare and 93-11				China	ILLUMINA	PAIRED	4687706250
SRR13124652	SAMN16872294	BR3	A467	Oryza sativa					China	ILLUMINA	PAIRED	13930043700
SRR13124660	SAMN16872287	2RBB721	A460	Oryza sativa					Philippines	ILLUMINA	PAIRED	13638189600
SRR13124671	SAMN16872277	IRBB23	A449	Oryza sativa					Philippines	ILLUMINA	PAIRED	13010456700
SRR13124676	SAMN16872272	Tetep	A443	Oryza sativa					Viet Nam	ILLUMINA	PAIRED	13564011600
SRR13124679	SAMN16872269	Nangeng	A440	Oryza sativa					China	ILLUMINA	PAIRED	9472757400
SRR13124683	SAMN16872266	Iran2	A436	Oryza sativa					Iran	ILLUMINA	PAIRED	16049820000
SRR13124687	SAMN16872262	India1	A430	Oryza sativa					India	ILLUMINA	PAIRED	13937670600
SRR13124693	SAMN16872257	IRBB3	A445	Oryza sativa					Philippines	ILLUMINA	PAIRED	20414110200
SRR13124700	SAMN16872250	TeQing	A476	Oryza sativa					China	ILLUMINA	PAIRED	14428217100
SRR13124702	SAMN16872248	Mengieig	A169	Oryza sativa					Philippines	ILLUMINA	PAIRED	5631228900
SRR13124703	SAMN16871933	Zhankenuo	A79	Oryza sativa					China	ILLUMINA	PAIRED	5198487600
SRR13124705	SAMN16872246	N_22	A147	Oryza sativa					India	ILLUMINA	PAIRED	8542964100
SRR13124717	SAMN16872235	BR_2070-15-6	A111	Oryza sativa					Bangladesh	ILLUMINA	PAIRED	5302142400
SRR13124724	SAMN16872228	Huachengnuodao	A121	Oryza sativa					South Korea	ILLUMINA	PAIRED	10450784400
SRR13124729	SAMN16872224	Libu	A126	Oryza sativa					Philippines	ILLUMINA	PAIRED	5139997500
SRR13124733	SAMN16872220	Khay_Do	A130	Oryza sativa					Laos	ILLUMINA	PAIRED	5386327800
SRR13124736	SAMN16871930	Yangkenuo	A84	Oryza sativa					China	ILLUMINA	PAIRED	4937230500
SRR13124737	SAMN16872217	Bena_Jhupi	A135	Oryza sativa					India	ILLUMINA	PAIRED	9048002100
SRR13124744	SAMN16872210	Kasinkan	A142	Oryza sativa					Philippines	ILLUMINA	PAIRED	5162919900
SRR13124752	SAMN16872203	ARC_7013	A157	Oryza sativa					India	ILLUMINA	PAIRED	6036123000
SRR13124757	SAMN16872198	BPI_76-2	A161	Oryza sativa					Philippines	ILLUMINA	PAIRED	7400302200
SRR13124776	SAMN16872182	Shuiyuan235	A181	Oryza sativa					Korea	ILLUMINA	PAIRED	5925645600
SRR13124777	SAMN16872181	Tebonnet1	A182	Oryza sativa					USA	ILLUMINA	PAIRED	6685792500
SRR13124793	SAMN16872167	C5794	A196	Oryza sativa					Thailand	ILLUMINA	PAIRED	10097756100
SRR13124799	SAMN16872161	GAJO	A200	Oryza sativa					Indonesia	ILLUMINA	PAIRED	15233214000
SRR13124800	SAMN16872160	GUNDUL	A201	Oryza sativa					Indonesia	ILLUMINA	PAIRED	6988333200
SRR13124801	SAMN16872159	DJAM_BUAN	A202	Oryza sativa					Indonesia	ILLUMINA	PAIRED	5868012000
SRR13124806	SAMN16872155	IRI_372	A206	Oryza sativa					Korea	ILLUMINA	PAIRED	13842317700
SRR13124814	SAMN16871923	TaizhongHR539	A90	Oryza sativa					China	ILLUMINA	PAIRED	6587866500
SRR13124827	SAMN16872136	JAVA_14	A231	Oryza sativa					Indonesia	ILLUMINA	PAIRED	7964262600
SRR13124831	SAMN16872132	UNBONG_9	A239	Oryza sativa					Korea	ILLUMINA	PAIRED	5049666000
SRR13124832	SAMN16872131	Leihuozhan	A23	Oryza sativa					China	ILLUMINA	PAIRED	9318992100
SRR13124841	SAMN16872123	Zhongbu72	A247	Oryza sativa					Japan	ILLUMINA	PAIRED	10562485800
SRR13124843	SAMN16872121	Kongyu116	A253	Oryza sativa					Japan	ILLUMINA	PAIRED	5263642800
SRR13124844	SAMN16872120	Tengban4	A254	Oryza sativa					Japan	ILLUMINA	PAIRED	5222296800
SRR13124848	SAMN16872117	DD_134	A259	Oryza sativa					India	ILLUMINA	PAIRED	6461364000
SRR13124853	SAMN16872112	AS_996-1K	A268	Oryza sativa					Viet Nam	ILLUMINA	PAIRED	4961252400
SRR13124861	SAMN16872105	PR_26679-PJ3-1	A274	Oryza sativa					Philippines	ILLUMINA	PAIRED	5274300900
SRR13124863	SAMN16872103	BM_9855	A276	Oryza sativa					Viet Nam	ILLUMINA	PAIRED	6728510700
SRR13124864	SAMN16872102	DASAN	A277	Oryza sativa					Korea	ILLUMINA	PAIRED	5201466900
SRR13124867	SAMN16872099	Taishannuo	A27	Oryza sativa					China	ILLUMINA	PAIRED	7477235400
SRR13124868	SAMN16872098	Kenteng	A280	Oryza sativa					Laos	ILLUMINA	PAIRED	6212830500
SRR13124869	SAMN16871918	RR_166-645	A96	Oryza sativa					India	ILLUMINA	PAIRED	5060098800
SRR13124876	SAMN16872092	T_480-67	A286	Oryza sativa					Cuba	ILLUMINA	PAIRED	10986945300
SRR13124877	SAMN16872091	12/53	A287	Oryza sativa					Cuba	ILLUMINA	PAIRED	4833105600
SRR13124879	SAMN16872089	Vietoria_F.A.	A289	Oryza sativa					Argentina	ILLUMINA	PAIRED	5099633400
SRR13124885	SAMN16872084	Saturn_CI_9540	A293	Oryza sativa					USA	ILLUMINA	PAIRED	5536389900
SRR13124888	SAMN16872081	PADDY/K.RS-142	A297	Oryza sativa					USA	ILLUMINA	PAIRED	8906951700
SRR13124889	SAMN16872080	CODY	A298	Oryza sativa					USA	ILLUMINA	PAIRED	6844233600
SRR13124899	SAMN16872071	ECIA_141-C9	A305	Oryza sativa					Cuba	ILLUMINA	PAIRED	4912286700
SRR13124906	SAMN16872065	Calmochi_202	A310	Oryza sativa					USA	ILLUMINA	PAIRED	6002924100
SRR13124921	SAMN16872051	Basmati_730	A324	Oryza sativa					Pakistan	ILLUMINA	PAIRED	7469793300
SRR13124934	SAMN16872039	DR_35-PD3-PD2-PD4	A337	Oryza sativa					Pakistan	ILLUMINA	PAIRED	8853462000
SRR13124942	SAMN16872032	GIZA_171	A344	Oryza sativa					Egypt	ILLUMINA	PAIRED	5388196500
SRR13124953	SAMN16872022	GIZA_181	A353	Oryza sativa					Egypt	ILLUMINA	PAIRED	7272738300
SRR13124955	SAMN16872020	MILYANG_108	A355	Oryza sativa					South Korea	ILLUMINA	PAIRED	5637280500
SRR13124959	SAMN16872017	ECIA_67-S64-4	A358	Oryza sativa					Cuba	ILLUMINA	PAIRED	5215805100
SRR13124964	SAMN16872012	IRAT_336	A363	Oryza sativa					Brazil	ILLUMINA	PAIRED	8018678100
SRR13124965	SAMN16872011	KHAO_PHOUA	A364	Oryza sativa					Laos	ILLUMINA	PAIRED	7761206700
SRR13124966	SAMN16872010	LAPAR_9	A365	Oryza sativa					Brazil	ILLUMINA	PAIRED	8697195900
SRR13124972	SAMN16872005	SUWEON_87	A371	Oryza sativa					South Korea	ILLUMINA	PAIRED	5203908000
SRR13124985	SAMN16871995	KSHINA	A383	Oryza sativa					Cambodia	ILLUMINA	PAIRED	8203411500
SRR13124987	SAMN16871993	Hwachcongbyeo	A385	Oryza sativa					South Korea	ILLUMINA	PAIRED	8168349000
SRR13124990	SAMN16871990	GIZA_178	A388	Oryza sativa					Egypt	ILLUMINA	PAIRED	6983188500
SRR13124991	SAMN16871989	H_274-27-2-1	A389	Oryza sativa					Argentina	ILLUMINA	PAIRED	7077678900
SRR13124995	SAMN16871986	Zhenfuzaodao	A391	Oryza sativa					South Korea	ILLUMINA	PAIRED	6616055400
SRR13125001	SAMN16871980	TX-90/970	A397	Oryza sativa					USA	ILLUMINA	PAIRED	7395050700
SRR13125002	SAMN16871979	Changtanqingzhan	A39	Oryza sativa					China	ILLUMINA	PAIRED	6414214200
SRR13125014	SAMN16871968	DV_1	A415	Oryza sativa					Bangladesh	ILLUMINA	PAIRED	5543244000
SRR13125018	SAMN16871965	IR_8-246/NC1626CN2-5-9-4	A420	Oryza sativa					India	ILLUMINA	PAIRED	15905524200
SRR13125027	SAMN16871957	Hongqi5	A43	Oryza sativa					China	ILLUMINA	PAIRED	5668427100
SRR13125030	SAMN16871954	Hanmadao	A46	Oryza sativa					China	ILLUMINA	PAIRED	4997144700
SRR13125031	SAMN16871953	Xibaixian	A47	Oryza sativa					China	ILLUMINA	PAIRED	4777670400
SRR13125032	SAMN16871952	Nantiangangjiugu	A49	Oryza sativa					China	ILLUMINA	PAIRED	7827966300
SRR13125034	SAMN16871950	Meihuanuo	A50	Oryza sativa					China	ILLUMINA	PAIRED	8049835800
SRR13125046	SAMN16871939	Shuiyuan300li	A6	Oryza sativa					China	ILLUMINA	PAIRED	5662265700
SRR13125047	SAMN16872301	AnnongS	A474	Oryza sativa					China	ILLUMINA	PAIRED	11884197900
SRR13125050	SAMN16872298	BR7	A471	Oryza sativa					China	ILLUMINA	PAIRED	21379933200
SRR13169762	SAMN16964111	Common wild rice chromosome segment substitution line	R195	Oryza sativa	D206		Paddyfield		China:Nanning	ILLUMINA	PAIRED	1629567602
SRR13169764	SAMN16964109	Common wild rice chromosome segment substitution line	R193	Oryza sativa	D204		Paddyfield		China:Nanning	ILLUMINA	PAIRED	1742575304
SRR13169768	SAMN16964106	Common wild rice chromosome segment substitution line	R190	Oryza sativa	D201		Paddyfield		China:Nanning	ILLUMINA	PAIRED	1997782990
SRR13169769	SAMN16964105	Common wild rice chromosome segment substitution line	R189	Oryza sativa	D200		Paddyfield		China:Nanning	ILLUMINA	PAIRED	2034704734
SRR13169771	SAMN16964103	Common wild rice chromosome segment substitution line	R187	Oryza sativa	D198		Paddyfield		China:Nanning	ILLUMINA	PAIRED	1642705042
SRR13169776	SAMN16964098	Common wild rice chromosome segment substitution line	R182	Oryza sativa	D193		Paddyfield		China:Nanning	ILLUMINA	PAIRED	1362051748
SRR13169781	SAMN16964094	Common wild rice chromosome segment substitution line	R178	Oryza sativa	D189		Paddyfield		China:Nanning	ILLUMINA	PAIRED	2637044650
SRR13169782	SAMN16964093	Common wild rice chromosome segment substitution line	R177	Oryza sativa	D188		Paddyfield		China:Nanning	ILLUMINA	PAIRED	1925169496
SRR13169785	SAMN16964090	Common wild rice chromosome segment substitution line	R174	Oryza sativa	D185		Paddyfield		China:Nanning	ILLUMINA	PAIRED	1692777278
SRR13169789	SAMN16963934	Common wild rice chromosome segment substitution line	R18	Oryza sativa	D19		Paddyfield		China:Nanning	ILLUMINA	PAIRED	1433614042
SRR13169793	SAMN16964083	Common wild rice chromosome segment substitution line	R167	Oryza sativa	D178		Paddyfield		China:Nanning	ILLUMINA	PAIRED	4260981300
SRR13169794	SAMN16964082	Common wild rice chromosome segment substitution line	R166	Oryza sativa	D177		Paddyfield		China:Nanning	ILLUMINA	PAIRED	1355316448
SRR13169796	SAMN16964080	Common wild rice chromosome segment substitution line	R164	Oryza sativa	D175		Paddyfield		China:Nanning	ILLUMINA	PAIRED	2292557028
SRR13169798	SAMN16964078	Common wild rice chromosome segment substitution line	R162	Oryza sativa	D173		Paddyfield		China:Nanning	ILLUMINA	PAIRED	1761996390
SRR13169804	SAMN16964073	Common wild rice chromosome segment substitution line	R157	Oryza sativa	D167		Paddyfield		China:Nanning	ILLUMINA	PAIRED	1671398906
SRR13169814	SAMN16964064	Common wild rice chromosome segment substitution line	R148	Oryza sativa	D155		Paddyfield		China:Nanning	ILLUMINA	PAIRED	1333581468
SRR13169817	SAMN16964061	Common wild rice chromosome segment substitution line	R145	Oryza sativa	D152		Paddyfield		China:Nanning	ILLUMINA	PAIRED	1461624738
SRR13169828	SAMN16964051	Common wild rice chromosome segment substitution line	R135	Oryza sativa	D140		Paddyfield		China:Nanning	ILLUMINA	PAIRED	1488497304
SRR13169835	SAMN16964014	Common wild rice chromosome segment substitution line	R98	Oryza sativa	D103		Paddyfield		China:Nanning	ILLUMINA	PAIRED	1053108614
SRR13169840	SAMN16964009	Common wild rice chromosome segment substitution line	R93	Oryza sativa	D98		Paddyfield		China:Nanning	ILLUMINA	PAIRED	1648924902
SRR13169846	SAMN16964004	Common wild rice chromosome segment substitution line	R88	Oryza sativa	D93		Paddyfield		China:Nanning	ILLUMINA	PAIRED	2215206852
SRR13169848	SAMN16964002	Common wild rice chromosome segment substitution line	R86	Oryza sativa	D91		Paddyfield		China:Nanning	ILLUMINA	PAIRED	1563157456
SRR13169853	SAMN16963997	Common wild rice chromosome segment substitution line	R81	Oryza sativa	D86		Paddyfield		China:Nanning	ILLUMINA	PAIRED	1458004512
SRR13169869	SAMN16963983	Common wild rice chromosome segment substitution line	R67	Oryza sativa	D71		Paddyfield		China:Nanning	ILLUMINA	PAIRED	1481675252
SRR13169870	SAMN16963982	Common wild rice chromosome segment substitution line	R66	Oryza sativa	D70		Paddyfield		China:Nanning	ILLUMINA	PAIRED	1409484356
SRR13169871	SAMN16963981	Common wild rice chromosome segment substitution line	R65	Oryza sativa	D69		Paddyfield		China:Nanning	ILLUMINA	PAIRED	1657801556
SRR13169880	SAMN16963973	Common wild rice chromosome segment substitution line	R57	Oryza sativa	D61		Paddyfield		China:Nanning	ILLUMINA	PAIRED	1585435382
SRR13169883	SAMN16963970	Common wild rice chromosome segment substitution line	R54	Oryza sativa	D58		Paddyfield		China:Nanning	ILLUMINA	PAIRED	1575786118
SRR13169887	SAMN16963922	Common wild rice chromosome segment substitution line	R06	Oryza sativa	D7		Paddyfield		China:Nanning	ILLUMINA	PAIRED	1699847340
SRR13169891	SAMN16963963	Common wild rice chromosome segment substitution line	R47	Oryza sativa	D51		Paddyfield		China:Nanning	ILLUMINA	PAIRED	1433920296
SRR13169895	SAMN16963959	Common wild rice chromosome segment substitution line	R43	Oryza sativa	D47		Paddyfield		China:Nanning	ILLUMINA	PAIRED	1571802228
SRR13169902	SAMN16963953	Common wild rice chromosome segment substitution line	R37	Oryza sativa	D40		Paddyfield		China:Nanning	ILLUMINA	PAIRED	1480144650
SRR13169909	SAMN16963920	Common wild rice chromosome segment substitution line	R04	Oryza sativa	D5		Paddyfield		China:Nanning	ILLUMINA	PAIRED	1553905892
SRR13169912	SAMN16964198	Common wild rice chromosome segment substitution line	R282	Oryza sativa	D170		Paddyfield		China:Nanning	ILLUMINA	PAIRED	1173415116
SRR13169917	SAMN16964194	Common wild rice chromosome segment substitution line	R278	Oryza sativa	D157		Paddyfield		China:Nanning	ILLUMINA	PAIRED	1344214024
SRR13169923	SAMN16964188	Common wild rice chromosome segment substitution line	R272	Oryza sativa	D4		Paddyfield		China:Nanning	ILLUMINA	PAIRED	1203034796
SRR13169932	SAMN16964180	Common wild rice chromosome segment substitution line	R264	Oryza sativa	D276		Paddyfield		China:Nanning	ILLUMINA	PAIRED	1463005598
SRR13169934	SAMN16964178	Common wild rice chromosome segment substitution line	R262	Oryza sativa	D274		Paddyfield		China:Nanning	ILLUMINA	PAIRED	1506389106
SRR13169936	SAMN16963943	Common wild rice chromosome segment substitution line	R27	Oryza sativa	D29		Paddyfield		China:Nanning	ILLUMINA	PAIRED	1464665864
SRR13169947	SAMN16963942	Common wild rice chromosome segment substitution line	R26	Oryza sativa	D28		Paddyfield		China:Nanning	ILLUMINA	PAIRED	1450967154
SRR13169954	SAMN16964160	Common wild rice chromosome segment substitution line	R244	Oryza sativa	D256		Paddyfield		China:Nanning	ILLUMINA	PAIRED	1676338726
SRR13169961	SAMN16964154	Common wild rice chromosome segment substitution line	R238	Oryza sativa	D250		Paddyfield		China:Nanning	ILLUMINA	PAIRED	1290051958
SRR13169962	SAMN16964153	Common wild rice chromosome segment substitution line	R237	Oryza sativa	D249		Paddyfield		China:Nanning	ILLUMINA	PAIRED	1927854022
SRR13169965	SAMN16964150	Common wild rice chromosome segment substitution line	R234	Oryza sativa	D246		Paddyfield		China:Nanning	ILLUMINA	PAIRED	1474890890
SRR13169966	SAMN16964149	Common wild rice chromosome segment substitution line	R233	Oryza sativa	D245		Paddyfield		China:Nanning	ILLUMINA	PAIRED	1575776020
SRR13169976	SAMN16964140	Common wild rice chromosome segment substitution line	R224	Oryza sativa	D236		Paddyfield		China:Nanning	ILLUMINA	PAIRED	1569261778
SRR13169978	SAMN16964138	Common wild rice chromosome segment substitution line	R222	Oryza sativa	D234		Paddyfield		China:Nanning	ILLUMINA	PAIRED	1396550134
SRR13169986	SAMN16964131	Common wild rice chromosome segment substitution line	R215	Oryza sativa	D227		Paddyfield		China:Nanning	ILLUMINA	PAIRED	1421959210
SRR13169995	SAMN16964123	Common wild rice chromosome segment substitution line	R207	Oryza sativa	D219		Paddyfield		China:Nanning	ILLUMINA	PAIRED	1701441324
SRR13170001	SAMN16964117	Common wild rice chromosome segment substitution line	R201	Oryza sativa	D212		Paddyfield		China:Nanning	ILLUMINA	PAIRED	1251859712
SRR13170012	SAMN16964043	Common wild rice chromosome segment substitution line	R127	Oryza sativa	D132		Paddyfield		China:Nanning	ILLUMINA	PAIRED	1886039684
SRR13170017	SAMN16964038	Common wild rice chromosome segment substitution line	R122	Oryza sativa	D127		Paddyfield		China:Nanning	ILLUMINA	PAIRED	1410793900
SRR13170023	SAMN16964033	Common wild rice chromosome segment substitution line	R117	Oryza sativa	D122		Paddyfield		China:Nanning	ILLUMINA	PAIRED	1292802416
SRR13170025	SAMN16964031	Common wild rice chromosome segment substitution line	R115	Oryza sativa	D120		Paddyfield		China:Nanning	ILLUMINA	PAIRED	1134184976
SRR13170028	SAMN16964028	Common wild rice chromosome segment substitution line	R112	Oryza sativa	D117		Paddyfield		China:Nanning	ILLUMINA	PAIRED	1119205114
SRR13170036	SAMN16964021	Common wild rice chromosome segment substitution line	R105	Oryza sativa	D110		Paddyfield		China:Nanning	ILLUMINA	PAIRED	1811226778
SRR13170042	SAMN16963918	Common wild rice chromosome segment substitution line	R02	Oryza sativa	D2		Paddyfield		China:Nanning	ILLUMINA	PAIRED	1837043318
SRR13189460	SAMN16793076	Genome sequencing of Black rice	Black Rice	Oryza sativa	Black Rice				India:Manipur	ILLUMINA	PAIRED	28290852000
SRR13189461	SAMN16793266	Whole genome sequencing of Kon Joha	Kon Joha	Oryza sativa	Kon Joha				India:Assam	ILLUMINA	PAIRED	25347644700
SRR13189462	SAMN16793110	Whole genome sequencing of Chakhao Poireition	Chakhao Poireition	Oryza sativa	Chakhao Poireition				India:Manipur	ILLUMINA	PAIRED	29445566100
SRR13280200	SAMN17125852	Plant sample from Oryza sativa	ZS97	Oryza sativa	ZS97		indica		China	PACBIO_SMRT	SINGLE	51954424741
SRR1328207	SAMN02821223	CarolinaGoldSelect	CarolinaGoldSelect	Oryza sativa	CarolinaGoldSelect				missing	ILLUMINA	PAIRED	24039744072
SRR1328242	SAMN02821258	Curinga	Curinga	Oryza sativa	Curinga				missing	ILLUMINA	PAIRED	5304588112
SRR1328250	SAMN02821266	IRGA427	IRGA427	Oryza sativa	IRGA427				missing	ILLUMINA	PAIRED	13319177876
SRR13306959	SAMN17155073	Plant sample from Oryza sativa	R04	Oryza sativa					China:Harbin	ILLUMINA	PAIRED	17528955600
SRR13306962	SAMN17155070	Plant sample from Oryza sativa	R01	Oryza sativa					China:Harbin	ILLUMINA	PAIRED	16768922100
SRR13307631	SAMN02142845	Generic sample from Oryza sativa	CarolinaGold	Oryza sativa						ILLUMINA	PAIRED	24039744072
SRR13307632	SAMN02142844	Generic sample from Oryza sativa	Canella_De_Ferro	Oryza sativa						ILLUMINA	PAIRED	7079537400
SRR13307637	SAMN02142839	Generic sample from Oryza sativa	Lemont	Oryza sativa						ILLUMINA	PAIRED	2038071348
SRR13307638	SAMN02142839	Generic sample from Oryza sativa	Lemont	Oryza sativa						ILLUMINA	PAIRED	5982742800
SRR13307639	SAMN02142741	Generic sample from Oryza sativa	Basmati_370	Oryza sativa						ILLUMINA	PAIRED	3128021584
SRR13307643	SAMN02142729	Generic sample from Oryza sativa	Darmali	Oryza sativa						ILLUMINA	PAIRED	4698352050
SRR13307666	SAMN02142747	Generic sample from Oryza sativa	Khao_Gaew	Oryza sativa						ILLUMINA	PAIRED	6147839800
SRR13307678	SAMN02142852	Generic sample from Oryza sativa	Caiapo	Oryza sativa						ILLUMINA	PAIRED	3447268892
SRR13307683	SAMN02142827	Generic sample from Oryza sativa	Vavilovi	Oryza sativa						ILLUMINA	PAIRED	24419375000
SRR13307688	SAMN02142823	Generic sample from Oryza sativa	Haginomae_Mochi	Oryza sativa						ILLUMINA	PAIRED	7072019200
SRR13307694	SAMN02142817	Generic sample from Oryza sativa	Caucasica	Oryza sativa						ILLUMINA	PAIRED	5461178880
SRR13307717	SAMN02142755	Generic sample from Oryza sativa	Chati_Kamma_Nangarhar	Oryza sativa						ILLUMINA	PAIRED	3917615448
SRR13307720	SAMN02142732	Generic sample from Oryza sativa	KUI_SALI	Oryza sativa						ILLUMINA	PAIRED	6361202400
SRR13307730	SAMN02142734	Generic sample from Oryza sativa	Bico_Branco	Oryza sativa						ILLUMINA	PAIRED	6690440600
SRR13307733	SAMN02142767	Generic sample from Oryza sativa	Minghui_63	Oryza sativa						ILLUMINA	PAIRED	9259823820
SRR13307736	SAMN02142764	Generic sample from Oryza sativa	JC91	Oryza sativa						ILLUMINA	PAIRED	6823568800
SRR13307740	SAMN02142760	Generic sample from Oryza sativa	Sigadis	Oryza sativa						ILLUMINA	PAIRED	2001494340
SRR13307742	SAMN02142759	Generic sample from Oryza sativa	TD2	Oryza sativa						ILLUMINA	PAIRED	4456970800
SRR13307749	SAMN02142834	Generic sample from Oryza sativa	Taikung9	Oryza sativa						ILLUMINA	PAIRED	2884198500
SRR13307754	SAMN02142740	Generic sample from Oryza sativa	Taraori_Basmati	Oryza sativa						ILLUMINA	SINGLE	2740519516
SRR13307761	SAMN02142827	Generic sample from Oryza sativa	Vavilovi	Oryza sativa						ILLUMINA	PAIRED	2039018892
SRR13307766	SAMN02142735	Generic sample from Oryza sativa	JC101	Oryza sativa						ILLUMINA	PAIRED	5895653200
SRR13307768	SAMN02142774	Generic sample from Oryza sativa	Mudgo	Oryza sativa						ILLUMINA	PAIRED	3511982344
SRR13307775	SAMN02142770	Generic sample from Oryza sativa	CO39	Oryza sativa						ILLUMINA	PAIRED	2720145600
SRR13319859	SAMN17174010	Plant sample from Oryza sativa	RI01	Oryza sativa					China:Harbin	ILLUMINA	PAIRED	25326276000
SRR13453466	SAMN17372547	Plant sample from Oryza sativa	NH105-I	Oryza sativa	NH105-1				China	ILLUMINA	PAIRED	22668777644
SRR13453468	SAMN17372545	Plant sample from Oryza sativa	NH103-I	Oryza sativa	NH103-1				China	ILLUMINA	PAIRED	22164616621
SRR13453474	SAMN17372540	Plant sample from Oryza sativa	NH097-I	Oryza sativa	NH097-1				China	ILLUMINA	PAIRED	19930601869
SRR13453476	SAMN17372538	Plant sample from Oryza sativa	NH095-I	Oryza sativa	NH095-1				China	ILLUMINA	PAIRED	19639660175
SRR13453485	SAMN17372530	Plant sample from Oryza sativa	NH087-I	Oryza sativa	NH087-1				China	ILLUMINA	PAIRED	18888366634
SRR13453487	SAMN17372528	Plant sample from Oryza sativa	NH085-I	Oryza sativa	NH085-1				China	ILLUMINA	PAIRED	23344548748
SRR13453489	SAMN17372526	Plant sample from Oryza sativa	NH083-I	Oryza sativa	NH083-1				China	ILLUMINA	PAIRED	25615943355
SRR13453493	SAMN17372522	Plant sample from Oryza sativa	NH079-I	Oryza sativa	NH079-1				China	ILLUMINA	PAIRED	27910523606
SRR13453509	SAMN17372508	Plant sample from Oryza sativa	NH064-I	Oryza sativa	NH064-1				China	ILLUMINA	PAIRED	25329698661
SRR13453518	SAMN17372500	Plant sample from Oryza sativa	NH056-I	Oryza sativa	NH056-1				China	ILLUMINA	PAIRED	27282612069
SRR13453521	SAMN17372497	Plant sample from Oryza sativa	NH053-I	Oryza sativa	NH053-1				China	ILLUMINA	PAIRED	31844018180
SRR13453530	SAMN17372489	Plant sample from Oryza sativa	NH045-I	Oryza sativa	NH045-1				Madagascar	ILLUMINA	PAIRED	23680258002
SRR13453535	SAMN17372484	Plant sample from Oryza sativa	NH039-I	Oryza sativa	NH039-1				Japan	ILLUMINA	PAIRED	25683078198
SRR13453537	SAMN17372482	Plant sample from Oryza sativa	NH036-I	Oryza sativa	NH036-1				Uganda	ILLUMINA	PAIRED	22231658996
SRR13453569	SAMN17372476	Plant sample from Oryza sativa	NH028-I	Oryza sativa	NH028-1				India	ILLUMINA	PAIRED	21111957770
SRR13453597	SAMN17372675	Plant sample from Oryza sativa	NH246-I	Oryza sativa	NH246-L				China	ILLUMINA	PAIRED	20665833665
SRR13453603	SAMN17372670	Plant sample from Oryza sativa	NH239-I	Oryza sativa	NH239-1				Philippines	ILLUMINA	PAIRED	16870151090
SRR13453622	SAMN17372652	Plant sample from Oryza sativa	NH218-I	Oryza sativa	NH218-1				Thailand	ILLUMINA	PAIRED	18779403043
SRR13453627	SAMN17372649	Plant sample from Oryza sativa	NH214-I	Oryza sativa	NH214-1				China	ILLUMINA	PAIRED	21037117862
SRR13453635	SAMN17372641	Plant sample from Oryza sativa	NH206-I	Oryza sativa	NH206-1				China	ILLUMINA	PAIRED	26112401800
SRR13453637	SAMN17372640	Plant sample from Oryza sativa	NH205-I	Oryza sativa	NH205-1				China	ILLUMINA	PAIRED	25716125985
SRR13453638	SAMN17372639	Plant sample from Oryza sativa	NH204-I	Oryza sativa	NH204-1				China	ILLUMINA	PAIRED	24346723491
SRR13453640	SAMN17372637	Plant sample from Oryza sativa	NH202-I	Oryza sativa	NH202-1				China	ILLUMINA	PAIRED	21827598559
SRR13453641	SAMN17372636	Plant sample from Oryza sativa	NH201-I	Oryza sativa	NH201-1				China	ILLUMINA	PAIRED	19785638643
SRR13453645	SAMN17372632	Plant sample from Oryza sativa	NH197-I	Oryza sativa	NH197-1				China	ILLUMINA	PAIRED	27224014745
SRR13453671	SAMN17372609	Plant sample from Oryza sativa	NH171-I	Oryza sativa	NH171-1				China	ILLUMINA	PAIRED	24031435503
SRR13453682	SAMN17372599	Plant sample from Oryza sativa	NH159-I	Oryza sativa	NH159-1				India	ILLUMINA	PAIRED	23838057451
SRR13453694	SAMN17372588	Plant sample from Oryza sativa	NH148-I	Oryza sativa	NH148-1				Russia	ILLUMINA	PAIRED	24841828432
SRR13453700	SAMN17372582	Plant sample from Oryza sativa	NH142-I	Oryza sativa	NH142-1				China	ILLUMINA	PAIRED	27323119246
SRR13453706	SAMN17372577	Plant sample from Oryza sativa	NH137-I	Oryza sativa	NH137-1				China	ILLUMINA	PAIRED	25641268555
SRR13453707	SAMN17372576	Plant sample from Oryza sativa	NH136-I	Oryza sativa	NH136-1				China	ILLUMINA	PAIRED	26727742258
SRR13453716	SAMN17372568	Plant sample from Oryza sativa	NH128-I	Oryza sativa	NH128-1				China	ILLUMINA	PAIRED	26531295380
SRR13453720	SAMN17372564	Plant sample from Oryza sativa	NH122-I	Oryza sativa	NH122-1				China	ILLUMINA	PAIRED	21025700002
SRR13453723	SAMN17372561	Plant sample from Oryza sativa	NH119-I	Oryza sativa	NH119-1				China	ILLUMINA	PAIRED	30153664709
SRR13453728	SAMN17372557	Plant sample from Oryza sativa	NH115-I	Oryza sativa	NH115-1				China	ILLUMINA	PAIRED	24196930237
SRR13453730	SAMN17372555	Plant sample from Oryza sativa	NH113-I	Oryza sativa	NH113-1				China	ILLUMINA	PAIRED	26493468262
SRR13453732	SAMN17372553	Plant sample from Oryza sativa	NH111-I	Oryza sativa	NH111-1				China	ILLUMINA	PAIRED	20592307631
SRR13823728	SAMN18104074	Oryza sativa Fertile-bulk	Fertile bulk	Oryza sativa					South Korea: Suwon	ILLUMINA	PAIRED	24119094704
SRR14077849	SAMN18509002	Plant sample from Oryza sativa	IRGC_60605	Oryza sativa	IRGC_60605				Philippines	ILLUMINA	PAIRED	6412633218
SRR14077851	SAMN18509000	Plant sample from Oryza sativa	IRGC_8172	Oryza sativa	IRGC_8172				Philippines	ILLUMINA	PAIRED	5966013440
SRR14077852	SAMN18508999	Plant sample from Oryza sativa	IRGC_8043	Oryza sativa	IRGC_8043				Philippines	ILLUMINA	PAIRED	6074915478
SRR14139042	SAMN18604611	Plant sample from Oryza sativa	LJ_WGS_data	Oryza sativa	Lijiang Xintuan Hei Gu				missing	BGISEQ	PAIRED	12129729600
SRR14139048	SAMN18604604	Plant sample from Oryza sativa	Y58S_WGS_data	Oryza sativa	Y58S				missing	BGISEQ	PAIRED	12814924800
SRR14139051	SAMN18604601	Plant sample from Oryza sativa	Y3551_WGS_data	Oryza sativa	Yihui3551				missing	BGISEQ	PAIRED	2912783400
SRR14139059	SAMN18604595	Plant sample from Oryza sativa	Tumba_WGS_data	Oryza sativa	Tumba				missing	BGISEQ	PAIRED	3524417436
SRR14139062	SAMN18604595	Plant sample from Oryza sativa	Tumba_WGS_data	Oryza sativa	Tumba				missing	BGISEQ	PAIRED	3523629264
SRR14139066	SAMN18604592	Plant sample from Oryza sativa	TM_WGS_data	Oryza sativa	Tsipala Menahar				missing	BGISEQ	PAIRED	3278048886
SRR14139072	SAMN18604584	Plant sample from Oryza sativa	NamRoo_WGS_data	Oryza sativa	Nam Roo				missing	BGISEQ	PAIRED	3239191278
SRR14139088	SAMN18604569	Plant sample from Oryza sativa	II32_WGS_data	Oryza sativa	II32				missing	BGISEQ	PAIRED	2664543400
SRR14139089	SAMN18604569	Plant sample from Oryza sativa	II32_WGS_data	Oryza sativa	II32				missing	BGISEQ	PAIRED	3637990800
SRR14139091	SAMN18604566	Plant sample from Oryza sativa	G8_WGS_data	Oryza sativa	Guang8				missing	BGISEQ	PAIRED	2911559400
SRR14139096	SAMN18604560	Plant sample from Oryza sativa	G46_WGS_data	Oryza sativa	Gang46				missing	BGISEQ	PAIRED	13756868700
SRR14139101	SAMN18604545	Plant sample from Oryza sativa	D62_WGS_data	Oryza sativa	D62				missing	BGISEQ	PAIRED	2890547800
SRR14139104	SAMN18604554	Plant sample from Oryza sativa	FH838_WGS_data	Oryza sativa	Fuhui838				missing	BGISEQ	PAIRED	3396582600
SRR14139113	SAMN18604548	Plant sample from Oryza sativa	DG_WGS_data	Oryza sativa	Digu				missing	BGISEQ	PAIRED	404717580
SRR14139127	SAMN18604548	Plant sample from Oryza sativa	DG_WGS_data	Oryza sativa	Digu				missing	BGISEQ	PAIRED	404717580
SRR14139133	SAMN18604548	Plant sample from Oryza sativa	DG_WGS_data	Oryza sativa	Digu				missing	BGISEQ	PAIRED	404717580
SRR14139137	SAMN18604548	Plant sample from Oryza sativa	DG_WGS_data	Oryza sativa	Digu				missing	BGISEQ	PAIRED	404717580
SRR14139138	SAMN18604548	Plant sample from Oryza sativa	DG_WGS_data	Oryza sativa	Digu				missing	BGISEQ	PAIRED	404717580
SRR14269746	SAMN18604551	Plant sample from Oryza sativa	DHX2_WGS_data	Oryza sativa	DHX2				missing	PACBIO_SMRT	SINGLE	26600904897
SRR14269756	SAMN18604601	Plant sample from Oryza sativa	Y3551_WGS_data	Oryza sativa	Yihui3551				missing	PACBIO_SMRT	SINGLE	21806929646
SRR14269758	SAMN18604595	Plant sample from Oryza sativa	Tumba_WGS_data	Oryza sativa	Tumba				missing	PACBIO_SMRT	SINGLE	21939134258
SRR14269773	SAMN18604530	Plant sample from Oryza sativa	02428_WGS_data	Oryza sativa	02428				missing	PACBIO_SMRT	SINGLE	25210733865
SRR14297819	SAMN18824686	Plant sample from Oryza sativa	JS503	Oryza sativa			weed		China	ILLUMINA	PAIRED	3471539100
SRR14297822	SAMN18824689	Plant sample from Oryza sativa	JS507	Oryza sativa			weed		China	ILLUMINA	PAIRED	3138553500
SRR14297824	SAMN18824691	Plant sample from Oryza sativa	JS512	Oryza sativa			weed		China	ILLUMINA	PAIRED	3442464600
SRR14297826	SAMN18824693	Plant sample from Oryza sativa	JS515	Oryza sativa			weed		China	ILLUMINA	PAIRED	3568893300
SRR14297829	SAMN18824697	Plant sample from Oryza sativa	JS521	Oryza sativa			weed		China	ILLUMINA	PAIRED	3110227800
SRR14297833	SAMN18824701	Plant sample from Oryza sativa	JS529	Oryza sativa			weed		China	ILLUMINA	PAIRED	3604085100
SRR14297842	SAMN18824636	Plant sample from Oryza sativa	JL220	Oryza sativa			weed		China	ILLUMINA	PAIRED	2986167000
SRR14297844	SAMN18824608	Plant sample from Oryza sativa	HLJ711	Oryza sativa			weed		China	ILLUMINA	PAIRED	2569937100
SRR14297850	SAMN18824629	Plant sample from Oryza sativa	JL212	Oryza sativa			weed		China	ILLUMINA	PAIRED	2448043800
SRR14297852	SAMN18824637	Plant sample from Oryza sativa	JL222	Oryza sativa			weed		China	ILLUMINA	PAIRED	3596014500
SRR14297853	SAMN18824638	Plant sample from Oryza sativa	JL223	Oryza sativa			weed		China	ILLUMINA	PAIRED	3583516200
SRR14297854	SAMN18824639	Plant sample from Oryza sativa	JL224	Oryza sativa			weed		China	ILLUMINA	PAIRED	3109625700
SRR14297857	SAMN18824642	Plant sample from Oryza sativa	JL228	Oryza sativa			weed		China	ILLUMINA	PAIRED	3293327700
SRR14297861	SAMN18824645	Plant sample from Oryza sativa	JL316	Oryza sativa			weed		China	ILLUMINA	PAIRED	2852650200
SRR14297866	SAMN18824650	Plant sample from Oryza sativa	JL336	Oryza sativa			weed		China	ILLUMINA	PAIRED	3592470900
SRR14297872	SAMN18824655	Plant sample from Oryza sativa	JL343	Oryza sativa			weed		China	ILLUMINA	PAIRED	2943252900
SRR14297878	SAMN18824664	Plant sample from Oryza sativa	JL358	Oryza sativa			weed		China	ILLUMINA	PAIRED	3628101000
SRR14297879	SAMN18824611	Plant sample from Oryza sativa	HLJ715	Oryza sativa			weed		China	ILLUMINA	PAIRED	3101447100
SRR14297880	SAMN18824665	Plant sample from Oryza sativa	LN301	Oryza sativa			weed		China	ILLUMINA	PAIRED	3681952200
SRR14297888	SAMN18824673	Plant sample from Oryza sativa	LN322	Oryza sativa			weed		China	ILLUMINA	PAIRED	3140181000
SRR14297890	SAMN18824612	Plant sample from Oryza sativa	HLJ716	Oryza sativa			weed		China	ILLUMINA	PAIRED	2640226800
SRR14297895	SAMN18824679	Plant sample from Oryza sativa	LN334	Oryza sativa			weed		China	ILLUMINA	PAIRED	16837934100
SRR14297904	SAMN18824624	Plant sample from Oryza sativa	HLJ738	Oryza sativa			weed		China	ILLUMINA	PAIRED	2418084600
SRR14297906	SAMN18824622	Plant sample from Oryza sativa	HLJ735	Oryza sativa			weed		China	ILLUMINA	PAIRED	3010009500
SRR14297914	SAMN18824722	Plant sample from Oryza sativa	JS836	Oryza sativa			weed		China	ILLUMINA	PAIRED	3479796600
SRR14297919	SAMN18824717	Plant sample from Oryza sativa	JS825	Oryza sativa			weed		China	ILLUMINA	PAIRED	14756082900
SRR14297926	SAMN18824711	Plant sample from Oryza sativa	JS813	Oryza sativa			weed		China	ILLUMINA	PAIRED	4055297700
SRR14297931	SAMN18824706	Plant sample from Oryza sativa	JS805	Oryza sativa			weed		China	ILLUMINA	PAIRED	3573910200
SRR14297933	SAMN18824615	Plant sample from Oryza sativa	HLJ722	Oryza sativa			weed		China	ILLUMINA	PAIRED	2340287400
SRR14297949	SAMN18604560	Plant sample from Oryza sativa	G46_WGS_data	Oryza sativa	Gang46				missing	PACBIO_SMRT	SINGLE	25126422627
SRR14297953	SAMN18604527	Plant sample from Oryza sativa	KY131_WGS_data	Oryza sativa	Kongyu131				missing	PACBIO_SMRT	SINGLE	18931825781
SRR14553098	SAMN19217577	Plant sample from Oryza sativa	MJ-006-Swarna	Oryza sativa	Swarna				India: New Delhi	ILLUMINA	PAIRED	21129995600
SRR14553101	SAMN19217574	Plant sample from Oryza sativa	MJ-003-SambaM	Oryza sativa	Samba Mahsuri				India: New Delhi	ILLUMINA	PAIRED	22040316200
SRR14637434	SAMN19321654	Plant sample from Oryza sativa	Ti-Chueh-Ko-Tzu	Oryza sativa	Ti-Chueh-Ko-Tzu				Taiwan	ILLUMINA	PAIRED	6462669600
SRR14637444	SAMN19321646	Plant sample from Oryza sativa	Liu-tou-tzu	Oryza sativa	Liu-tou-tzu				Taiwan	ILLUMINA	PAIRED	4678076400
SRR14776831	SAMN19609963	Plant sample from Oryza sativa	Yuejingsimaio	Oryza sativa	Yuejingsimaio					ILLUMINA	PAIRED	15001860376
SRR14776832	SAMN19609962	Plant sample from Oryza sativa	02428	Oryza sativa	02428					ILLUMINA	PAIRED	16991069692
SRR14776843	SAMN19609966	Plant sample from Oryza sativa	Huagengxian74	Oryza sativa	Huagengxian74					ILLUMINA	PAIRED	14834566496
SRR15040774	SAMN20058605	Plant sample from Oryza sativa	Rice_W982-R100	Oryza sativa	Fuhui683		Indica rice		China: Fuzhou	ILLUMINA	PAIRED	15006533968
SRR15040776	SAMN20058603	Plant sample from Oryza sativa	Rice_W982-R98	Oryza sativa	203A		Indica rice		China: Fuzhou	ILLUMINA	PAIRED	13106315836
SRR15040778	SAMN20058601	Plant sample from Oryza sativa	Rice_W982-R96	Oryza sativa	Fan3		Indica rice		China: Fuzhou	ILLUMINA	PAIRED	14179696770
SRR15040789	SAMN20058591	Plant sample from Oryza sativa	Rice_W982-R86	Oryza sativa	Kangwenqingzhan		Indica rice		China: Fuzhou	ILLUMINA	PAIRED	6914152614
SRR15040794	SAMN20058586	Plant sample from Oryza sativa	Rice_W982-R81	Oryza sativa	Shengbasimiao		Indica rice		China: Fuzhou	ILLUMINA	PAIRED	11216055534
SRR15040800	SAMN20058581	Plant sample from Oryza sativa	Rice_W982-R76	Oryza sativa	Xinyinzhan		Indica rice		China: Fuzhou	ILLUMINA	PAIRED	8978781952
SRR15040802	SAMN20058579	Plant sample from Oryza sativa	Rice_W982-R74	Oryza sativa	Yong1744		Indica rice		China: Fuzhou	ILLUMINA	PAIRED	6380105068
SRR15040805	SAMN20058576	Plant sample from Oryza sativa	Rice_W982-R71	Oryza sativa	19W82		Indica rice		China: Fuzhou	ILLUMINA	PAIRED	7775775690
SRR15040807	SAMN20058575	Plant sample from Oryza sativa	Rice_W982-R70	Oryza sativa	Huangxuan3R		Indica rice		China: Fuzhou	ILLUMINA	PAIRED	9197154866
SRR15040814	SAMN20058568	Plant sample from Oryza sativa	Rice_W982-R63	Oryza sativa	19W62		Indica rice		China: Fuzhou	ILLUMINA	PAIRED	7857838434
SRR15040822	SAMN20058561	Plant sample from Oryza sativa	Rice_W982-R56	Oryza sativa	19W49		Indica rice		China: Fuzhou	ILLUMINA	PAIRED	15670246556
SRR15040826	SAMN20058557	Plant sample from Oryza sativa	Rice_W982-R52	Oryza sativa	19W40		Indica rice		China: Fuzhou	ILLUMINA	PAIRED	10189143992
SRR15040839	SAMN20058510	Plant sample from Oryza sativa	Rice_W982-R05	Oryza sativa	Fan2		Indica rice		China: Fuzhou	ILLUMINA	PAIRED	8261323936
SRR15040846	SAMN20058539	Plant sample from Oryza sativa	Rice_W982-R34	Oryza sativa	Hehui6813		Indica rice		China: Fuzhou	ILLUMINA	PAIRED	7313138512
SRR15040856	SAMN20058530	Plant sample from Oryza sativa	Rice_W982-R25	Oryza sativa	IR80404-28-2-3-2		Indica rice		China: Fuzhou	ILLUMINA	PAIRED	9024425650
SRR15040859	SAMN20058527	Plant sample from Oryza sativa	Rice_W982-R22	Oryza sativa	CNG105M		Indica rice		China: Fuzhou	ILLUMINA	PAIRED	10639542114
SRR15040866	SAMN20058521	Plant sample from Oryza sativa	Rice_W982-R16	Oryza sativa	BG1		Japonica rice		China: Fuzhou	ILLUMINA	PAIRED	5910646794
SRR15040870	SAMN20058627	Plant sample from Oryza sativa	Rice_W982-R122	Oryza sativa	Fuxiangzhan		Indica rice		China: Fuzhou	ILLUMINA	PAIRED	9800646396
SRR15040872	SAMN20058518	Plant sample from Oryza sativa	Rice_W982-R13	Oryza sativa	IR30		Indica rice		China: Fuzhou	ILLUMINA	PAIRED	6443806380
SRR15040874	SAMN20058624	Plant sample from Oryza sativa	Rice_W982-R119	Oryza sativa	Xuenuo		Japonica rice		China: Fuzhou	ILLUMINA	PAIRED	10705233844
SRR15040879	SAMN20058619	Plant sample from Oryza sativa	Rice_W982-R114	Oryza sativa	Hanhui3		Japonica rice		China: Fuzhou	ILLUMINA	PAIRED	7206618890
SRR15040882	SAMN20058616	Plant sample from Oryza sativa	Rice_W982-R111	Oryza sativa	YR0822		Indica rice		China: Fuzhou	ILLUMINA	PAIRED	10903435110
SRR15040883	SAMN20058517	Plant sample from Oryza sativa	Rice_W982-R12	Oryza sativa	IR42		Indica rice		China: Fuzhou	ILLUMINA	PAIRED	5880957476
SRR15040889	SAMN20058610	Plant sample from Oryza sativa	Rice_W982-R105	Oryza sativa	Fuhui699_1		Indica rice		China: Fuzhou	ILLUMINA	PAIRED	9271756464
SRR15400932	SAMN20692580	Plant sample from Oryza sativa	THRGP00057	Oryza sativa	RD17				Thailand:Ubonratchatani,Ubon Ratchathani Rice Research Center (URRC)	ION_TORRENT	SINGLE	441751302
SRR15400935	SAMN20692577	Plant sample from Oryza sativa	THRGP00054	Oryza sativa	Niaw Kiaw Ngoo				Thailand:Ubonratchatani,Ubon Ratchathani Rice Research Center (URRC)	ION_TORRENT	SINGLE	688722692
SRR15400939	SAMN20692529	Plant sample from Oryza sativa	THRGP00006	Oryza sativa	Jek Chuey 1				Thailand:Ubonratchatani,Ubon Ratchathani Rice Research Center (URRC)	ION_TORRENT	SINGLE	579019266
SRR15400941	SAMN20692572	Plant sample from Oryza sativa	THRGP00049	Oryza sativa	RD18				Thailand:Ubonratchatani,Ubon Ratchathani Rice Research Center (URRC)	ION_TORRENT	SINGLE	600696129
SRR15400955	SAMN20692559	Plant sample from Oryza sativa	THRGP00036	Oryza sativa	Beu Pataw				Thailand:Ubonratchatani,Ubon Ratchathani Rice Research Center (URRC)	ION_TORRENT	SINGLE	912228421
SRR15400970	SAMN20692815	Plant sample from Oryza sativa	THRGP00292	Oryza sativa	Bow Hoi Sang				Thailand:Ubonratchatani,Ubon Ratchathani Rice Research Center (URRC)	ION_TORRENT	SINGLE	476506997
SRR15400976	SAMN20692810	Plant sample from Oryza sativa	THRGP00287	Oryza sativa	Sai Khao				Thailand:Ubonratchatani,Ubon Ratchathani Rice Research Center (URRC)	ION_TORRENT	SINGLE	255678156
SRR15400980	SAMN20692806	Plant sample from Oryza sativa	THRGP00283	Oryza sativa	Rahk Haeng				Thailand:Ubonratchatani,Ubon Ratchathani Rice Research Center (URRC)	ION_TORRENT	SINGLE	457346147
SRR15400981	SAMN20692805	Plant sample from Oryza sativa	THRGP00282	Oryza sativa	Ruang Yao Daeng				Thailand:Ubonratchatani,Ubon Ratchathani Rice Research Center (URRC)	ION_TORRENT	SINGLE	327905165
SRR15400982	SAMN20692804	Plant sample from Oryza sativa	THRGP00281	Oryza sativa	Niaw Dawk Pud				Thailand:Ubonratchatani,Ubon Ratchathani Rice Research Center (URRC)	ION_TORRENT	SINGLE	305592903
SRR15400988	SAMN20692799	Plant sample from Oryza sativa	THRGP00276	Oryza sativa	Khao Tud				Thailand:Ubonratchatani,Ubon Ratchathani Rice Research Center (URRC)	ION_TORRENT	SINGLE	317179533
SRR15400990	SAMN20692797	Plant sample from Oryza sativa	THRGP00274	Oryza sativa	Li Mah Mah				Thailand:Ubonratchatani,Ubon Ratchathani Rice Research Center (URRC)	ION_TORRENT	SINGLE	281206049
SRR15400993	SAMN20692794	Plant sample from Oryza sativa	THRGP00271	Oryza sativa	Niaw Nom Wau				Thailand:Ubonratchatani,Ubon Ratchathani Rice Research Center (URRC)	ION_TORRENT	SINGLE	270213784
SRR15400998	SAMN20692790	Plant sample from Oryza sativa	THRGP00267	Oryza sativa	Chaw Jang Vat				Thailand:Ubonratchatani,Ubon Ratchathani Rice Research Center (URRC)	ION_TORRENT	SINGLE	160505762
SRR15401003	SAMN20692785	Plant sample from Oryza sativa	THRGP00262	Oryza sativa	Niaw Nawn				Thailand:Ubonratchatani,Ubon Ratchathani Rice Research Center (URRC)	ION_TORRENT	SINGLE	151065767
SRR15401011	SAMN20692778	Plant sample from Oryza sativa	THRGP00255	Oryza sativa	Chaw Lung 97				Thailand:Ubonratchatani,Ubon Ratchathani Rice Research Center (URRC)	ION_TORRENT	SINGLE	514860730
SRR15401014	SAMN20692775	Plant sample from Oryza sativa	THRGP00252	Oryza sativa	Ah Ne Mah Gaw				Thailand:Ubonratchatani,Ubon Ratchathani Rice Research Center (URRC)	ION_TORRENT	SINGLE	342605574
SRR15401020	SAMN20692770	Plant sample from Oryza sativa	THRGP00247	Oryza sativa	Hahng Tawng				Thailand:Ubonratchatani,Ubon Ratchathani Rice Research Center (URRC)	ION_TORRENT	SINGLE	515789699
SRR15401023	SAMN20692767	Plant sample from Oryza sativa	THRGP00244	Oryza sativa	Dawk Mai Sai				Thailand:Ubonratchatani,Ubon Ratchathani Rice Research Center (URRC)	ION_TORRENT	SINGLE	334631462
SRR15401026	SAMN20692764	Plant sample from Oryza sativa	THRGP00241	Oryza sativa	Look Daeng				Thailand:Ubonratchatani,Ubon Ratchathani Rice Research Center (URRC)	ION_TORRENT	SINGLE	158901867
SRR15401030	SAMN20692761	Plant sample from Oryza sativa	THRGP00238	Oryza sativa	Lah Yawd				Thailand:Ubonratchatani,Ubon Ratchathani Rice Research Center (URRC)	ION_TORRENT	SINGLE	237251150
SRR15401031	SAMN20692760	Plant sample from Oryza sativa	THRGP00237	Oryza sativa	Khao Dawk Mai				Thailand:Ubonratchatani,Ubon Ratchathani Rice Research Center (URRC)	ION_TORRENT	SINGLE	756405846
SRR15401033	SAMN20692758	Plant sample from Oryza sativa	THRGP00235	Oryza sativa	Leu Baw Ming				Thailand:Ubonratchatani,Ubon Ratchathani Rice Research Center (URRC)	ION_TORRENT	SINGLE	265555304
SRR15401043	SAMN20692749	Plant sample from Oryza sativa	THRGP00226	Oryza sativa	Chaw Lahng Sahd				Thailand:Ubonratchatani,Ubon Ratchathani Rice Research Center (URRC)	ION_TORRENT	SINGLE	334128633
SRR15401044	SAMN20692748	Plant sample from Oryza sativa	THRGP00225	Oryza sativa	Nahng Gai				Thailand:Ubonratchatani,Ubon Ratchathani Rice Research Center (URRC)	ION_TORRENT	SINGLE	387237258
SRR15401049	SAMN20692546	Plant sample from Oryza sativa	THRGP00023	Oryza sativa	Leuang Yai 48				Thailand:Ubonratchatani,Ubon Ratchathani Rice Research Center (URRC)	ION_TORRENT	SINGLE	920484449
SRR15401051	SAMN20692742	Plant sample from Oryza sativa	THRGP00219	Oryza sativa	Niaw Dam				Thailand:Ubonratchatani,Ubon Ratchathani Rice Research Center (URRC)	ION_TORRENT	SINGLE	324603313
SRR15401053	SAMN20692740	Plant sample from Oryza sativa	THRGP00217	Oryza sativa	KDML 105				Thailand:Ubonratchatani,Ubon Ratchathani Rice Research Center (URRC)	ION_TORRENT	SINGLE	187428692
SRR15401066	SAMN20692728	Plant sample from Oryza sativa	THRGP00205	Oryza sativa	Zhenshan 97B				Thailand:Ubonratchatani,Ubon Ratchathani Rice Research Center (URRC)	ION_TORRENT	SINGLE	404940314
SRR15401076	SAMN20692720	Plant sample from Oryza sativa	THRGP00197	Oryza sativa	M 202				Thailand:Ubonratchatani,Ubon Ratchathani Rice Research Center (URRC)	ION_TORRENT	SINGLE	502618834
SRR15401078	SAMN20692718	Plant sample from Oryza sativa	THRGP00195	Oryza sativa	Cypress				Thailand:Ubonratchatani,Ubon Ratchathani Rice Research Center (URRC)	ION_TORRENT	SINGLE	250776088
SRR15401082	SAMN20692714	Plant sample from Oryza sativa	THRGP00191	Oryza sativa	Basmati				Thailand:Ubonratchatani,Ubon Ratchathani Rice Research Center (URRC)	ION_TORRENT	SINGLE	280986571
SRR15401089	SAMN20692708	Plant sample from Oryza sativa	THRGP00185	Oryza sativa	Tab Muey Dam				Thailand:Ubonratchatani,Ubon Ratchathani Rice Research Center (URRC)	ION_TORRENT	SINGLE	179882274
SRR15401091	SAMN20692706	Plant sample from Oryza sativa	THRGP00183	Oryza sativa	Khao Nok				Thailand:Ubonratchatani,Ubon Ratchathani Rice Research Center (URRC)	ION_TORRENT	SINGLE	145976632
SRR15401106	SAMN20692693	Plant sample from Oryza sativa	THRGP00170	Oryza sativa	Khao Parkmaw				Thailand:Ubonratchatani,Ubon Ratchathani Rice Research Center (URRC)	ION_TORRENT	SINGLE	131760341
SRR15401112	SAMN20692687	Plant sample from Oryza sativa	THRGP00164	Oryza sativa	RD12				Thailand:Ubonratchatani,Ubon Ratchathani Rice Research Center (URRC)	ION_TORRENT	SINGLE	161287280
SRR15401118	SAMN20692682	Plant sample from Oryza sativa	THRGP00159	Oryza sativa	RD3				Thailand:Ubonratchatani,Ubon Ratchathani Rice Research Center (URRC)	ION_TORRENT	SINGLE	272312329
SRR15401121	SAMN20692679	Plant sample from Oryza sativa	THRGP00156	Oryza sativa	IR93915-82-CMU-2-2-CMU-2-AJY-B				Thailand:Ubonratchatani,Ubon Ratchathani Rice Research Center (URRC)	ION_TORRENT	SINGLE	444069694
SRR15401122	SAMN20692678	Plant sample from Oryza sativa	THRGP00155	Oryza sativa	IR93915-82-CMU-2-2-CMU-1-AJY-B				Thailand:Ubonratchatani,Ubon Ratchathani Rice Research Center (URRC)	ION_TORRENT	SINGLE	679849362
SRR15401132	SAMN20692669	Plant sample from Oryza sativa	THRGP00146	Oryza sativa	Hawm Pimai				Thailand:Ubonratchatani,Ubon Ratchathani Rice Research Center (URRC)	ION_TORRENT	SINGLE	210065546
SRR15401144	SAMN20692658	Plant sample from Oryza sativa	THRGP00135	Oryza sativa	IR96529-1-PTT-2-2-1				Thailand:Ubonratchatani,Ubon Ratchathani Rice Research Center (URRC)	ION_TORRENT	SINGLE	246960350
SRR15401151	SAMN20692652	Plant sample from Oryza sativa	THRGP00129	Oryza sativa	IR98070-52-PTT-6-3				Thailand:Ubonratchatani,Ubon Ratchathani Rice Research Center (URRC)	ION_TORRENT	SINGLE	204981506
SRR15401157	SAMN20692646	Plant sample from Oryza sativa	THRGP00123	Oryza sativa	PSL13413-MAS-2-2				Thailand:Ubonratchatani,Ubon Ratchathani Rice Research Center (URRC)	ION_TORRENT	SINGLE	181664751
SRR15401166	SAMN20692638	Plant sample from Oryza sativa	THRGP00115	Oryza sativa	Hawm Dong				Thailand:Ubonratchatani,Ubon Ratchathani Rice Research Center (URRC)	ION_TORRENT	SINGLE	174258383
SRR15401169	SAMN20692635	Plant sample from Oryza sativa	THRGP00112	Oryza sativa	Sri Nuen				Thailand:Ubonratchatani,Ubon Ratchathani Rice Research Center (URRC)	ION_TORRENT	SINGLE	390636241
SRR15401171	SAMN20692535	Plant sample from Oryza sativa	THRGP00012	Oryza sativa	Khao Banna 432				Thailand:Ubonratchatani,Ubon Ratchathani Rice Research Center (URRC)	ION_TORRENT	SINGLE	919361061
SRR15401174	SAMN20692631	Plant sample from Oryza sativa	THRGP00108	Oryza sativa	La Oawng Ta Nong				Thailand:Ubonratchatani,Ubon Ratchathani Rice Research Center (URRC)	ION_TORRENT	SINGLE	562789524
SRR15401179	SAMN20692626	Plant sample from Oryza sativa	THRGP00103	Oryza sativa	Khao Man Huay Sahn Nai				Thailand:Ubonratchatani,Ubon Ratchathani Rice Research Center (URRC)	ION_TORRENT	SINGLE	392057294
SRR15401186	SAMN20692622	Plant sample from Oryza sativa	THRGP00099	Oryza sativa	Ja Pae Guy				Thailand:Ubonratchatani,Ubon Ratchathani Rice Research Center (URRC)	ION_TORRENT	SINGLE	364443761
SRR15401188	SAMN20692620	Plant sample from Oryza sativa	THRGP00097	Oryza sativa	Daeng Moo Ser				Thailand:Ubonratchatani,Ubon Ratchathani Rice Research Center (URRC)	ION_TORRENT	SINGLE	315572525
SRR15401195	SAMN20692533	Plant sample from Oryza sativa	THRGP00010	Oryza sativa	Khao Pong Krai				Thailand:Ubonratchatani,Ubon Ratchathani Rice Research Center (URRC)	ION_TORRENT	SINGLE	182414739
SRR15401196	SAMN20692613	Plant sample from Oryza sativa	THRGP00090	Oryza sativa	Jao Yai Lahn Sahn				Thailand:Ubonratchatani,Ubon Ratchathani Rice Research Center (URRC)	ION_TORRENT	SINGLE	663551764
SRR15401205	SAMN20692604	Plant sample from Oryza sativa	THRGP00081	Oryza sativa	Suphan Buri 60				Thailand:Ubonratchatani,Ubon Ratchathani Rice Research Center (URRC)	ION_TORRENT	SINGLE	615163140
SRR15401208	SAMN20692602	Plant sample from Oryza sativa	THRGP00079	Oryza sativa	RD15				Thailand:Ubonratchatani,Ubon Ratchathani Rice Research Center (URRC)	ION_TORRENT	SINGLE	670904530
SRR15401218	SAMN20692593	Plant sample from Oryza sativa	THRGP00070	Oryza sativa	Nok Yoong				Thailand:Ubonratchatani,Ubon Ratchathani Rice Research Center (URRC)	ION_TORRENT	SINGLE	322356624
SRR15401222	SAMN20692589	Plant sample from Oryza sativa	THRGP00066	Oryza sativa	Chum Phae				Thailand:Ubonratchatani,Ubon Ratchathani Rice Research Center (URRC)	ION_TORRENT	SINGLE	826978172
SRR16990562	SAMN19552481	Plant sample from Oryza sativa	Kehui746	Oryza sativa	Kehui746				China	ILLUMINA	PAIRED	6374778900
SRR16990565	SAMN19552478	Plant sample from Oryza sativa	Fuhui802	Oryza sativa	Fuhui802				China	ILLUMINA	PAIRED	5183245500
SRR16990566	SAMN19552477	Plant sample from Oryza sativa	Wanhui66	Oryza sativa	Wanhui66				China	ILLUMINA	PAIRED	5128796400
SRR16990571	SAMN19552473	Plant sample from Oryza sativa	Jinhui34	Oryza sativa	Jinhui34				China	ILLUMINA	PAIRED	5656039800
SRR16990574	SAMN19552525	Plant sample from Oryza sativa	1128	Oryza sativa	1128				China	ILLUMINA	PAIRED	5852522400
SRR16990580	SAMN19552520	Plant sample from Oryza sativa	R9519	Oryza sativa	R9519				China	ILLUMINA	PAIRED	7035357000
SRR16990582	SAMN19552518	Plant sample from Oryza sativa	Zaohui43	Oryza sativa	Zaohui43				China	ILLUMINA	PAIRED	5892928500
SRR16990594	SAMN19552507	Plant sample from Oryza sativa	DYlvdao	Oryza sativa	DYlvdao				China	ILLUMINA	PAIRED	6298235700
SRR16990607	SAMN19552440	Plant sample from Oryza sativa	158B	Oryza sativa	158B				China	ILLUMINA	PAIRED	5608840800
SRR16990621	SAMN19552504	Plant sample from Oryza sativa	Guoximomi	Oryza sativa	Guoximomi				China	ILLUMINA	PAIRED	6985073100
SRR16990627	SAMN19552499	Plant sample from Oryza sativa	Hongxiang2hao	Oryza sativa	Hongxiang2hao				China	ILLUMINA	PAIRED	6009811200
SRR16990628	SAMN19552498	Plant sample from Oryza sativa	Zixiang3hao	Oryza sativa	Zixiang3hao				China	ILLUMINA	PAIRED	6459534000
SRR16990634	SAMN19552493	Plant sample from Oryza sativa	E1573	Oryza sativa	E1573				China	ILLUMINA	PAIRED	7345397100
SRR16990637	SAMN19552490	Plant sample from Oryza sativa	Ganghui988	Oryza sativa	Ganghui988				China	ILLUMINA	PAIRED	8508102900
SRR16990646	SAMN19552384	Plant sample from Oryza sativa	Funonglvxiang	Oryza sativa	Funonglvxiang				China	ILLUMINA	PAIRED	5803512600
SRR16990648	SAMN19552427	Plant sample from Oryza sativa	Jianzhen2hao	Oryza sativa	Jianzhen2hao				China	ILLUMINA	PAIRED	7171983900
SRR16990649	SAMN19552426	Plant sample from Oryza sativa	Gaodanbaixiangdao	Oryza sativa	Gaodanbaixiangdao				China	ILLUMINA	PAIRED	6581508900
SRR16990651	SAMN19552424	Plant sample from Oryza sativa	Xiangdao	Oryza sativa	Xiangdao				China	ILLUMINA	PAIRED	6728038500
SRR16990654	SAMN19552422	Plant sample from Oryza sativa	Runzhu537	Oryza sativa	Runzhu537				China	ILLUMINA	PAIRED	6528213900
SRR16990657	SAMN19552419	Plant sample from Oryza sativa	EjinB	Oryza sativa	EjinB				China	ILLUMINA	PAIRED	7111923900
SRR16990661	SAMN19552415	Plant sample from Oryza sativa	MaxieB	Oryza sativa	MaxieB				China	ILLUMINA	PAIRED	9023861100
SRR16990669	SAMN19552408	Plant sample from Oryza sativa	Enhui69	Oryza sativa	Enhui69				China	ILLUMINA	PAIRED	8972293200
SRR16990670	SAMN19552407	Plant sample from Oryza sativa	Chenghui178	Oryza sativa	Chenghui178				China	ILLUMINA	PAIRED	9503839800
SRR16990672	SAMN19552471	Plant sample from Oryza sativa	Jinhui16	Oryza sativa	Jinhui16				China	ILLUMINA	PAIRED	5034920400
SRR16990682	SAMN19552462	Plant sample from Oryza sativa	CDR22	Oryza sativa	CDR22				China	ILLUMINA	PAIRED	5221393500
SRR16990683	SAMN19552461	Plant sample from Oryza sativa	Feng986	Oryza sativa	Feng986				China	ILLUMINA	PAIRED	6362851800
SRR16990686	SAMN19552458	Plant sample from Oryza sativa	75-1-127	Oryza sativa	75-1-127				China	ILLUMINA	PAIRED	7113603600
SRR16990689	SAMN19552455	Plant sample from Oryza sativa	Tetep	Oryza sativa	Tetep				China	ILLUMINA	PAIRED	6131967300
SRR16990691	SAMN19552391	Plant sample from Oryza sativa	IR72	Oryza sativa	IR72				China	ILLUMINA	PAIRED	11055569400
SRR16990692	SAMN19552453	Plant sample from Oryza sativa	ShijinB	Oryza sativa	ShijinB				China	ILLUMINA	PAIRED	8123986800
SRR16990694	SAMN19552451	Plant sample from Oryza sativa	Xiangzaoxian21hao	Oryza sativa	Xiangzaoxian21hao				China	ILLUMINA	PAIRED	6556147800
SRR16990713	SAMN19552554	Plant sample from Oryza sativa	CMS04_843A	Oryza sativa	CMS04_843A				China	ILLUMINA	PAIRED	10632262200
SRR16990722	SAMN19552546	Plant sample from Oryza sativa	Chenwan3hao	Oryza sativa	Chenwan3hao				China	ILLUMINA	PAIRED	5734635900
SRR16990723	SAMN19552545	Plant sample from Oryza sativa	N'YA NOFF	Oryza sativa	N'YA NOFF				China	ILLUMINA	PAIRED	5866204200
SRR16990724	SAMN19552544	Plant sample from Oryza sativa	93072	Oryza sativa	93072				China	ILLUMINA	PAIRED	6917043000
SRR16990727	SAMN19552542	Plant sample from Oryza sativa	BG304	Oryza sativa	BG304				China	ILLUMINA	PAIRED	5656799100
SRR16990730	SAMN19552539	Plant sample from Oryza sativa	Chenghui727	Oryza sativa	Chenghui727				China	ILLUMINA	PAIRED	5943921000
SRR17012886	SAMN23394490	A97	A97	Oryza sativa					India	ILLUMINA	PAIRED	204621912
SRR17012892	SAMN23394484	A91	A91	Oryza sativa					India	ILLUMINA	PAIRED	560968322
SRR17012894	SAMN23394482	A89	A89	Oryza sativa					India	ILLUMINA	PAIRED	299626582
SRR17012898	SAMN23394442	A49	A49	Oryza sativa					India	ILLUMINA	PAIRED	288903468
SRR17012903	SAMN23394438	A45	A45	Oryza sativa					India	ILLUMINA	PAIRED	413389378
SRR17012908	SAMN23394433	A40	A40	Oryza sativa					India	ILLUMINA	PAIRED	828978826
SRR17012914	SAMN23394428	A35	A35	Oryza sativa					India	ILLUMINA	PAIRED	1438007730
SRR17012920	SAMN23394422	A29	A29	Oryza sativa					India	ILLUMINA	PAIRED	909692554
SRR17012923	SAMN23394420	A27	A27	Oryza sativa					India	ILLUMINA	PAIRED	206332742
SRR17012928	SAMN23394415	A22	A22	Oryza sativa					India	ILLUMINA	PAIRED	724381126
SRR17012929	SAMN23394414	A21	A21	Oryza sativa					India	ILLUMINA	PAIRED	209348816
SRR17012930	SAMN23394413	A20	A20	Oryza sativa					India	ILLUMINA	PAIRED	200921204
SRR17012934	SAMN23394590	B118	B118	Oryza sativa					India	ILLUMINA	PAIRED	635081538
SRR17012941	SAMN23394476	A83	A83	Oryza sativa					India	ILLUMINA	PAIRED	233072426
SRR17012944	SAMN23394473	A80	A80	Oryza sativa					India	ILLUMINA	PAIRED	660809824
SRR17012951	SAMN23394467	A74	A74	Oryza sativa					India	ILLUMINA	PAIRED	202938262
SRR17012952	SAMN23394466	A73	A73	Oryza sativa					India	ILLUMINA	PAIRED	206429986
SRR17012953	SAMN23394465	A72	A72	Oryza sativa					India	ILLUMINA	PAIRED	1264631644
SRR17012955	SAMN23394463	A70	A70	Oryza sativa					India	ILLUMINA	PAIRED	779672494
SRR17012960	SAMN23394459	A66	A66	Oryza sativa					India	ILLUMINA	PAIRED	374778376
SRR17012964	SAMN23394455	A62	A62	Oryza sativa					India	ILLUMINA	PAIRED	227925440
SRR17012971	SAMN23394449	A56	A56	Oryza sativa					India	ILLUMINA	PAIRED	538221380
SRR17012973	SAMN23394447	A54	A54	Oryza sativa					India	ILLUMINA	PAIRED	329422808
SRR17012977	SAMN23394587	B113	B113	Oryza sativa					India	ILLUMINA	PAIRED	348686784
SRR17012978	SAMN23394586	B112	B112	Oryza sativa					India	ILLUMINA	PAIRED	484513700
SRR17012985	SAMN23394580	B91	B91	Oryza sativa					India	ILLUMINA	PAIRED	745195872
SRR17012987	SAMN23394578	B65	B65	Oryza sativa					India	ILLUMINA	PAIRED	440337442
SRR17012989	SAMN23394576	B60	B60	Oryza sativa					India	ILLUMINA	PAIRED	427994400
SRR17013004	SAMN23394562	A169	A169	Oryza sativa					India	ILLUMINA	PAIRED	204300886
SRR17013012	SAMN23394555	A162	A162	Oryza sativa					India	ILLUMINA	PAIRED	409663906
SRR17013019	SAMN23394516	A123	A123	Oryza sativa					India	ILLUMINA	PAIRED	239984300
SRR17013020	SAMN23394515	A122	A122	Oryza sativa					India	ILLUMINA	PAIRED	427191382
SRR17013026	SAMN23394510	A117	A117	Oryza sativa					India	ILLUMINA	PAIRED	1046822298
SRR17013045	SAMN23394492	A99	A99	Oryza sativa					India	ILLUMINA	PAIRED	360151006
SRR17013046	SAMN23394402	A9	A9	Oryza sativa					India	ILLUMINA	PAIRED	253251764
SRR17013047	SAMN23394393	PARENT B	PARENT B	Oryza sativa					India	ILLUMINA	PAIRED	317432804
SRR17013048	SAMN23394392	PARENT A	PARENT A	Oryza sativa					India	ILLUMINA	PAIRED	376039830
SRR17013052	SAMN23394408	A15	A15	Oryza sativa					India	ILLUMINA	PAIRED	331874444
SRR17013056	SAMN23394548	A155	A155	Oryza sativa					India	ILLUMINA	PAIRED	1116383468
SRR17013057	SAMN23394547	A154	A154	Oryza sativa					India	ILLUMINA	PAIRED	372560488
SRR17013058	SAMN23394546	A153	A153	Oryza sativa					India	ILLUMINA	PAIRED	306324640
SRR17013061	SAMN23394543	A150	A150	Oryza sativa					India	ILLUMINA	PAIRED	208410804
SRR17013065	SAMN23394540	A147	A147	Oryza sativa					India	ILLUMINA	PAIRED	322800552
SRR17013066	SAMN23394539	A146	A146	Oryza sativa					India	ILLUMINA	PAIRED	1522253046
SRR17013073	SAMN23394532	A139	A139	Oryza sativa					India	ILLUMINA	PAIRED	355758114
SRR17013074	SAMN23394406	A13	A13	Oryza sativa					India	ILLUMINA	PAIRED	240410422
SRR17246834	SAMN24114691	Plant sample from Oryza sativa	RC10	Oryza sativa	F10 RIL		F10 RIL		Iran	ILLUMINA	PAIRED	13806581700
SRR17344128	SAMN24449342	Plant sample from Oryza sativa	GSOR310757	Oryza sativa	RP2151-173-1-8		IND		India	ILLUMINA	PAIRED	8155496700
SRR17344131	SAMN24449423	Plant sample from Oryza sativa	GSOR310080	Oryza sativa	TAICHU MOCHI 59		TRJ		Taiwan	ILLUMINA	PAIRED	8079203520
SRR17344135	SAMN24449284	Plant sample from Oryza sativa	GSOR310703	Oryza sativa	N-2703		AUS		Nepal	ILLUMINA	PAIRED	8164198620
SRR17344145	SAMN24449434	Plant sample from Oryza sativa	GSOR310588	Oryza sativa	Onu B		TRJ		Zaire	ILLUMINA	PAIRED	8022572100
SRR17344148	SAMN24449334	Plant sample from Oryza sativa	GSOR310519	Oryza sativa	GUYANE 1		IND		Chad	ILLUMINA	PAIRED	8122378500
SRR17344154	SAMN24449332	Plant sample from Oryza sativa	GSOR310489	Oryza sativa	Chun 118-33		IND		China	ILLUMINA	PAIRED	8098973640
SRR17344156	SAMN24449330	Plant sample from Oryza sativa	GSOR310480	Oryza sativa	Djimoron		IND		Guinea	ILLUMINA	PAIRED	8170845480
SRR17344170	SAMN24449432	Plant sample from Oryza sativa	GSOR310354	Oryza sativa	Padi Pohon Batu		TRJ		Malaysia	ILLUMINA	PAIRED	8218925820
SRR17344171	SAMN24449322	Plant sample from Oryza sativa	GSOR310351	Oryza sativa	Warrangal Culture 1252		IND		India	ILLUMINA	PAIRED	8146835460
SRR17344181	SAMN24449272	Plant sample from Oryza sativa	GSOR310910	Oryza sativa	TAINO 38		Admix(TRJ-AUS-IND-TEJ)		Taiwan	ILLUMINA	PAIRED	8067799620
SRR17344185	SAMN24449318	Plant sample from Oryza sativa	GSOR310100	Oryza sativa	Ao Chiu 2 Hao		IND		China	ILLUMINA	PAIRED	8034718680
SRR17344189	SAMN24449280	Plant sample from Oryza sativa	GSOR310317	Oryza sativa	IARI 6626		AUS		India	ILLUMINA	PAIRED	8040565080
SRR17344194	SAMN24449279	Plant sample from Oryza sativa	GSOR310220	Oryza sativa	Safut Khosha		AUS		Afghanistan	ILLUMINA	PAIRED	8008336800
SRR17344213	SAMN24449382	Plant sample from Oryza sativa	GSOR311745	Oryza sativa	WONG CHIM		IND		Hong Kong	ILLUMINA	PAIRED	8325665640
SRR17344229	SAMN24449313	Plant sample from Oryza sativa	GSOR311668	Oryza sativa	Daudzai Field Mix		AUS		Pakistan	ILLUMINA	PAIRED	8090775900
SRR17344230	SAMN24449312	Plant sample from Oryza sativa	GSOR311667	Oryza sativa	HKG 98		AUS		Mali	ILLUMINA	PAIRED	8210005560
SRR17344231	SAMN24449311	Plant sample from Oryza sativa	GSOR311656	Oryza sativa	ASWINA 330		AUS		Bangladesh	ILLUMINA	PAIRED	8118590220
SRR17344234	SAMN24449309	Plant sample from Oryza sativa	GSOR311644	Oryza sativa	P 35		AUS		India	ILLUMINA	PAIRED	8109853380
SRR17344249	SAMN24449302	Plant sample from Oryza sativa	GSOR311563	Oryza sativa	DNJ 179		AUS		Bangladesh	ILLUMINA	PAIRED	8129297340
SRR17344260	SAMN24449371	Plant sample from Oryza sativa	GSOR311491	Oryza sativa	YOU-I B		IND		China	ILLUMINA	PAIRED	8046581040
SRR17344261	SAMN24449370	Plant sample from Oryza sativa	GSOR311484	Oryza sativa	4595		IND		China	ILLUMINA	PAIRED	8275916160
SRR17344270	SAMN24449270	Plant sample from Oryza sativa	GSOR311383	Oryza sativa	DARMALI		Admix(TEJ-TRJ-AUS-ARO)		Nepal	ILLUMINA	PAIRED	8128310040
SRR17344271	SAMN24449277	Plant sample from Oryza sativa	GSOR311327	Oryza sativa	Gasym Hany		ARO		Azerbaijan	ILLUMINA	PAIRED	8222058000
SRR17344273	SAMN24449296	Plant sample from Oryza sativa	GSOR311284	Oryza sativa	LA PLATA GENA F.A.		AUS		Argentina	ILLUMINA	PAIRED	8126807580
SRR17344274	SAMN24449268	Plant sample from Oryza sativa	GSOR311281	Oryza sativa	A 152		Admix(TEJ-TRJ)		Bangladesh	ILLUMINA	PAIRED	8139881520
SRR17344275	SAMN24449295	Plant sample from Oryza sativa	GSOR311278	Oryza sativa	Montakcl		AUS		Egypt	ILLUMINA	PAIRED	8028249480
SRR17344276	SAMN24449319	Plant sample from Oryza sativa	GSOR310134	Oryza sativa	BERLIN		IND		Costa Rica	ILLUMINA	PAIRED	7651814760
SRR17344279	SAMN24449444	Plant sample from Oryza sativa	GSOR311258	Oryza sativa	Botika S/R		TRJ		Zaire	ILLUMINA	PAIRED	8111081520
SRR17344282	SAMN24449361	Plant sample from Oryza sativa	GSOR311236	Oryza sativa	B805D-MR-16-8-3		IND		Indonesia	ILLUMINA	PAIRED	8165377080
SRR17344283	SAMN24449276	Plant sample from Oryza sativa	GSOR311206	Oryza sativa	79		ARO		Guyana	ILLUMINA	PAIRED	8146000620
SRR17344285	SAMN24449408	Plant sample from Oryza sativa	GSOR311185	Oryza sativa	Bombon		TEJ		Spain	ILLUMINA	PAIRED	8077541220
SRR17344295	SAMN24449354	Plant sample from Oryza sativa	GSOR311123	Oryza sativa	10340		IND		Italy	ILLUMINA	PAIRED	8142118560
SRR17344300	SAMN24449351	Plant sample from Oryza sativa	GSOR311105	Oryza sativa	Hsin Hsing Pai Ku		IND		Taiwan	ILLUMINA	PAIRED	6606832500
SRR17344301	SAMN24449289	Plant sample from Oryza sativa	GSOR311100	Oryza sativa	ARC 6578		AUS		India	ILLUMINA	PAIRED	8223658200
SRR17344302	SAMN24449407	Plant sample from Oryza sativa	GSOR311078	Oryza sativa	Gazan		TEJ		Afghanistan	ILLUMINA	PAIRED	8097778080
SRR17344311	SAMN24449418	Plant sample from Oryza sativa	GSOR310007	Oryza sativa	Karang Serang		TRJ		Indonesia	ILLUMINA	PAIRED	16541170560
SRR17344693	SAMN24450668	AAU TTB-95	Kolamaghi	Oryza sativa					India	ILLUMINA	PAIRED	219139656
SRR17344694	SAMN24450667	AAU TTB-94	Bongal ahu-1	Oryza sativa					India	ILLUMINA	PAIRED	253419072
SRR17344700	SAMN24450662	AAU TTB-89	Rongadoria	Oryza sativa					India	ILLUMINA	PAIRED	711091314
SRR17344701	SAMN24450661	AAU TTB-88	Bengonbisi	Oryza sativa					India	ILLUMINA	PAIRED	301521632
SRR17344702	SAMN24450660	AAU TTB-87	Malbhog	Oryza sativa					India	ILLUMINA	PAIRED	529708604
SRR17344708	SAMN24450655	AAU TTB-81	Chenga ahu	Oryza sativa					India	ILLUMINA	PAIRED	223409936
SRR17344714	SAMN24450649	AAU TTB-75	Maibi-1	Oryza sativa					India	ILLUMINA	PAIRED	386843578
SRR17344717	SAMN24450646	AAU TTB-72	Bijor-3	Oryza sativa					India	ILLUMINA	PAIRED	592360618
SRR17344721	SAMN24450643	AAU TTB-69	Koni ahu	Oryza sativa					India	ILLUMINA	PAIRED	447521418
SRR17344722	SAMN24450642	AAU TTB-68	Majenichambi	Oryza sativa					India	ILLUMINA	PAIRED	323482770
SRR17344726	SAMN24450638	AAU TTB-64	AS64-65(AHU-5)	Oryza sativa					India	ILLUMINA	PAIRED	325339768
SRR17344729	SAMN24450582	AAU TTB-7	AS-39/13-1	Oryza sativa					India	ILLUMINA	PAIRED	223689286
SRR17344734	SAMN24450631	AAU TTB-56	AS156	Oryza sativa					India	ILLUMINA	PAIRED	221130440
SRR17344736	SAMN24450629	AAU TTB-54	AS229	Oryza sativa					India	ILLUMINA	PAIRED	234901036
SRR17344737	SAMN24450628	AAU TTB-53	AS195	Oryza sativa					India	ILLUMINA	PAIRED	387327080
SRR17344738	SAMN24450627	AAU TTB-52	AS-46	Oryza sativa					India	ILLUMINA	PAIRED	333783084
SRR17344743	SAMN24450623	AAU TTB-48	as180/4	Oryza sativa					India	ILLUMINA	PAIRED	426833512
SRR17344744	SAMN24450622	AAU TTB-47	AS-39/13	Oryza sativa					India	ILLUMINA	PAIRED	207208844
SRR17344752	SAMN24450615	AAU TTB-40	AS-321	Oryza sativa					India	ILLUMINA	PAIRED	274836308
SRR17344764	SAMN24450837	AAU-TTB-266	Taraboli-5-E	Oryza sativa					India	ILLUMINA	PAIRED	214898368
SRR17344783	SAMN24450820	AAU-TTB-248	Pusa-515	Oryza sativa					India	ILLUMINA	PAIRED	633264102
SRR17344787	SAMN24450816	AAU-TTB-244	Ajay	Oryza sativa					India	ILLUMINA	PAIRED	475285486
SRR17344794	SAMN24450810	AAU-TTB-238	Sonamukhi	Oryza sativa					India	ILLUMINA	PAIRED	360704270
SRR17344795	SAMN24450809	AAU-TTB-237	N22	Oryza sativa					India	ILLUMINA	PAIRED	313733002
SRR17344805	SAMN24450768	AAU TTB-195	SD-194	Oryza sativa					India	ILLUMINA	PAIRED	221276004
SRR17344806	SAMN24450767	AAU TTB-194	SD-186	Oryza sativa					India	ILLUMINA	PAIRED	512907740
SRR17344807	SAMN24450766	AAU TTB-193	SD-142	Oryza sativa					India	ILLUMINA	PAIRED	202343624
SRR17344816	SAMN24450758	AAU TTB-185	SD-55	Oryza sativa					India	ILLUMINA	PAIRED	217889074
SRR17344817	SAMN24450757	AAU TTB-184	SD-52	Oryza sativa					India	ILLUMINA	PAIRED	362141186
SRR17344822	SAMN24450753	AAU TTB-180	SD-28	Oryza sativa					India	ILLUMINA	PAIRED	611019084
SRR17344829	SAMN24450746	AAU TTB-173	SD13-1	Oryza sativa					India	ILLUMINA	PAIRED	223075924
SRR17344830	SAMN24450593	AAU TTB-18	AS1196	Oryza sativa					India	ILLUMINA	PAIRED	233745886
SRR17344835	SAMN24450871	AAU-TTB-300	Beni bhog-2	Oryza sativa					India	ILLUMINA	PAIRED	261514182
SRR17344836	SAMN24450870	AAU-TTB-299	Beni bhog-1	Oryza sativa					India	ILLUMINA	PAIRED	251346748
SRR17344838	SAMN24450868	AAU-TTB-297	Basanta Bahar-7	Oryza sativa					India	ILLUMINA	PAIRED	225940696
SRR17344852	SAMN24450604	AAU TTB-29	AS315	Oryza sativa					India	ILLUMINA	PAIRED	229324908
SRR17344862	SAMN24450846	AAU-TTB-275	Mayamati-2	Oryza sativa					India	ILLUMINA	PAIRED	364922908
SRR17344865	SAMN24450844	AAU-TTB-273	Taraboli-7 -G	Oryza sativa					India	ILLUMINA	PAIRED	241246660
SRR17344870	SAMN24450806	AAU-TTB-234	Maibong	Oryza sativa					India	ILLUMINA	PAIRED	474727390
SRR17344874	SAMN24450803	AAU-TTB-231	Bet guti Ahu	Oryza sativa					India	ILLUMINA	PAIRED	521015232
SRR17344880	SAMN24450797	AAU-TTB-225	Guni Ahu	Oryza sativa					India	ILLUMINA	PAIRED	795077514
SRR17344889	SAMN24450789	AAU-TTB-217	Tulsi	Oryza sativa					India	ILLUMINA	PAIRED	222194084
SRR17344904	SAMN24450596	AAU TTB-21	Harin Kajoli	Oryza sativa					India	ILLUMINA	PAIRED	217859176
SRR17344918	SAMN24450698	AAU TTB-125	Krishna	Oryza sativa					India	ILLUMINA	PAIRED	409653638
SRR17344919	SAMN24450697	AAU TTB-124	Pusa 2-21	Oryza sativa					India	ILLUMINA	PAIRED	233189904
SRR17344924	SAMN24450693	AAU TTB-120	Ch-63	Oryza sativa					India	ILLUMINA	PAIRED	362795016
SRR17344939	SAMN24450679	AAU TTB-106	Soraituni	Oryza sativa					India	ILLUMINA	PAIRED	738769010
SRR17344946	SAMN24450675	AAU TTB-102	Bor kola ahu	Oryza sativa					India	ILLUMINA	PAIRED	518733018
SRR17344957	SAMN24450592	AAU TTB-17	AS66-69(AHU2)	Oryza sativa					India	ILLUMINA	PAIRED	229941592
SRR17344959	SAMN24450734	AAU TTB-161	PUSA677	Oryza sativa					India	ILLUMINA	PAIRED	322935848
SRR17344962	SAMN24450731	AAU TTB-158	Jubali	Oryza sativa					India	ILLUMINA	PAIRED	227613776
SRR17344976	SAMN24450718	AAU TTB-145	IET-7566	Oryza sativa					India	ILLUMINA	PAIRED	309160118
SRR17344983	SAMN24450712	AAU TTB-139	Gunidhan	Oryza sativa					India	ILLUMINA	PAIRED	433909070
SRR1743103	SAMN03273437	Plant sample from Oryza sativa	Fuhui838	Oryza sativa	Fuhui838					ILLUMINA	PAIRED	8321954600
SRR1743107	SAMN03273440	Plant sample from Oryza sativa	Mianhui725	Oryza sativa	Mianhui725					ILLUMINA	PAIRED	9107738200
SRR1743115	SAMN03273449	Plant sample from Oryza sativa	Nante	Oryza sativa	Nante					ILLUMINA	PAIRED	8536672200
SRR17493735	SAMN24704210	Plant sample from Oryza sativa	Mix_S	Oryza sativa					China:Guizhou	ILLUMINA	PAIRED	16993464319
SRR17709774	SAMN25084359	Plant sample from Oryza sativa	S706	Oryza sativa	cultivar				China:HLJ,WFZ15-17	ILLUMINA	PAIRED	5048997900
SRR17709776	SAMN25084438	Plant sample from Oryza sativa	S790	Oryza sativa	cultivar				China:LN,Y23	ILLUMINA	PAIRED	7050193800
SRR17709780	SAMN25084434	Plant sample from Oryza sativa	S786	Oryza sativa	cultivar				China:LN,Y11	ILLUMINA	PAIRED	5001525600
SRR17709785	SAMN25084358	Plant sample from Oryza sativa	S705	Oryza sativa	cultivar				China:HLJ,WFZ15-16	ILLUMINA	PAIRED	5313271500
SRR17709795	SAMN25084420	Plant sample from Oryza sativa	S771	Oryza sativa	cultivar				China:JL,Jingou	ILLUMINA	PAIRED	5823298800
SRR17709804	SAMN25084412	Plant sample from Oryza sativa	S763	Oryza sativa	cultivar				China:JL,Dahongmao.Gailiangbeihaidao	ILLUMINA	PAIRED	5952844800
SRR17709805	SAMN25084411	Plant sample from Oryza sativa	S762	Oryza sativa	cultivar				China:JL,Zaoxiaohongmao. Jingyuezaosheng	ILLUMINA	PAIRED	5589392100
SRR17709812	SAMN25084405	Plant sample from Oryza sativa	S753	Oryza sativa	cultivar				China:JL,h46	ILLUMINA	PAIRED	6827667300
SRR17709819	SAMN25084399	Plant sample from Oryza sativa	S747	Oryza sativa	cultivar				China:JL,h3	ILLUMINA	PAIRED	9726425700
SRR17709827	SAMN25084391	Plant sample from Oryza sativa	S738	Oryza sativa	cultivar				China:HLJ,Hejiang3	ILLUMINA	PAIRED	6549074400
SRR17709828	SAMN25084390	Plant sample from Oryza sativa	S737	Oryza sativa	cultivar				China:HLJ,Heimangdao	ILLUMINA	PAIRED	6163248300
SRR17709837	SAMN25084449	Plant sample from Oryza sativa	S803	Oryza sativa	cultivar				China:LN,Xinbin1	ILLUMINA	PAIRED	6516867900
SRR17709850	SAMN25084379	Plant sample from Oryza sativa	S726	Oryza sativa	cultivar				China:HLJ,Laotoudao	ILLUMINA	PAIRED	5627239200
SRR17709853	SAMN25084376	Plant sample from Oryza sativa	S723	Oryza sativa	cultivar				China:HLJ,Qingshansong	ILLUMINA	PAIRED	6052358700
SRR17709857	SAMN25084372	Plant sample from Oryza sativa	S719	Oryza sativa	cultivar				China:HLJ,Gailiangguozhu	ILLUMINA	PAIRED	6450893700
SRR17709858	SAMN25084371	Plant sample from Oryza sativa	S718	Oryza sativa	cultivar				China:HLJ,Xiaobaimang	ILLUMINA	PAIRED	8607854400
SRR17709861	SAMN25084369	Plant sample from Oryza sativa	S716	Oryza sativa	cultivar				China:HLJ,WTL15-31	ILLUMINA	PAIRED	6927902100
SRR17709862	SAMN25084368	Plant sample from Oryza sativa	S715	Oryza sativa	cultivar				China:HLJ,WTL15-30	ILLUMINA	PAIRED	6365652600
SRR17709865	SAMN25084365	Plant sample from Oryza sativa	S712	Oryza sativa	cultivar				China:HLJ,WLB15-26	ILLUMINA	PAIRED	7771134300
SRR17709867	SAMN25084486	Plant sample from Oryza sativa	S840	Oryza sativa	cultivar				China:NX,2014WR-130	ILLUMINA	PAIRED	5803834200
SRR17709868	SAMN25084485	Plant sample from Oryza sativa	S839	Oryza sativa	cultivar				China:NX,2014WR-122	ILLUMINA	PAIRED	5393875500
SRR17709871	SAMN25084482	Plant sample from Oryza sativa	S836	Oryza sativa	cultivar				China:NX,2014WR-38	ILLUMINA	PAIRED	6177318000
SRR17709873	SAMN25084480	Plant sample from Oryza sativa	S834	Oryza sativa	cultivar				China:NX,2014WR-31	ILLUMINA	PAIRED	5265230700
